==========================================================================
  version   : v5 (untested)
  fixes     : saturation-latch, rail-threshold, runaway-baseline, auto-disable, fast-refault
  channels  : 4 on of 4 -- [True, True, True, True]
  coil map  : [1, 3, 5, 7]
  Kp        : steady [np.float64(-0.03), np.float64(-0.03), np.float64(0.01), np.float64(-0.03)]
  Ki / Kd   : -0.04 / -0.0015
  calib     : 20 s     run length: 200 s
  kicks at  : [55.0, 105.0, 155.0]
==========================================================================
Connected on /dev/cu.usbserial-1120
    OK ch=1 v=0.2500
    OK ch=3 v=0.2500
    OK ch=5 v=0.2500
    OK ch=7 v=0.2500
DAC biases set. Press Enter to start fast-lock damping (Ctrl+C to stop)...     STREAMING
Logging to data/20260804_112355_fast_lock.csv

[CALIBRATING] measuring baseline noise for 20s (outputs held at bias, no damping yet)...

    OK ch=1 v=0.2500
    OK ch=3 v=0.2500
    OK ch=5 v=0.2500
    OK ch=7 v=0.2500
[    0.0s] CALIBRATING ch0:.... g=+0.0000 bp=+0.000V ratio=0.00  ch1:.... g=+0.0000 bp=+0.000V ratio=0.00  ch2:.... g=+0.0000 bp=+0.000V ratio=0.00  ch3:.... g=+0.0000 bp=+0.000V ratio=0.00
[    5.0s] CALIBRATING ch0:.... g=+0.0000 bp=-0.423V ratio=0.00  ch1:.... g=+0.0000 bp=+0.204V ratio=0.00  ch2:.... g=+0.0000 bp=-0.747V ratio=0.00  ch3:.... g=+0.0000 bp=+0.111V ratio=0.00
[   10.0s] CALIBRATING ch0:.... g=+0.0000 bp=-0.139V ratio=0.00  ch1:.... g=+0.0000 bp=-0.103V ratio=0.00  ch2:.... g=+0.0000 bp=+0.161V ratio=0.00  ch3:.... g=+0.0000 bp=-0.021V ratio=0.00
[   15.0s] CALIBRATING ch0:.... g=+0.0000 bp=+0.503V ratio=0.00  ch1:.... g=+0.0000 bp=-0.173V ratio=0.00  ch2:.... g=+0.0000 bp=+0.312V ratio=0.00  ch3:.... g=+0.0000 bp=-0.201V ratio=0.00
    OK ch=1 v=0.2483
    OK ch=5 v=0.2513

[DAMPING] baseline set (ch0=0.4530V, ch1=0.2161V, ch2=0.6152V, ch3=0.1919V). Gain schedules -0.035 -> -0.030...

    OK ch=1 v=0.2142
    OK ch=3 v=0.2568
    OK ch=5 v=0.2769
    OK ch=7 v=0.2552
[   20.1s] DAMPING     ch0:.... g=-0.0009 bp=-0.377V ratio=0.83  ch1:.... g=-0.0009 bp=-0.017V ratio=0.08  ch2:.... g=+0.0009 bp=+0.022V ratio=0.04  ch3:.... g=-0.0009 bp=+0.065V ratio=0.34
    OK ch=3 v=0.2563
    OK ch=5 v=0.2936
    OK ch=7 v=0.2568
    OK ch=1 v=0.2187
    OK ch=3 v=0.2493
    OK ch=5 v=0.3064
    OK ch=7 v=0.2549
    OK ch=1 v=0.2629
    OK ch=3 v=0.2451
    OK ch=5 v=0.3023
    OK ch=7 v=0.2481
    OK ch=1 v=0.2840
    OK ch=3 v=0.2369
    OK ch=5 v=0.2644
    OK ch=7 v=0.2404
    OK ch=1 v=0.2948
    OK ch=3 v=0.2310
    OK ch=5 v=0.2331
    OK ch=7 v=0.2345
    OK ch=1 v=0.2720
    OK ch=3 v=0.2225
    OK ch=5 v=0.2138
    OK ch=7 v=0.2269
    OK ch=1 v=0.2689
    OK ch=3 v=0.2261
    OK ch=5 v=0.2096
    OK ch=7 v=0.2279
    OK ch=1 v=0.2651
    OK ch=3 v=0.2357
    OK ch=5 v=0.2078
    OK ch=7 v=0.2320
    OK ch=1 v=0.2473
    OK ch=3 v=0.2482
    OK ch=5 v=0.2104
    OK ch=7 v=0.2398
    OK ch=1 v=0.2442
    OK ch=3 v=0.2607
    OK ch=5 v=0.2224
    OK ch=7 v=0.2522
    OK ch=1 v=0.2571
    OK ch=3 v=0.2754
    OK ch=5 v=0.2421
    OK ch=7 v=0.2646
    OK ch=1 v=0.2628
    OK ch=3 v=0.2888
    OK ch=5 v=0.2677
    OK ch=7 v=0.2807
    OK ch=1 v=0.2440
    OK ch=3 v=0.2975
    OK ch=5 v=0.2884
    OK ch=7 v=0.2873
    OK ch=1 v=0.2470
    OK ch=3 v=0.3090
    OK ch=5 v=0.2994
    OK ch=1 v=0.2491
    OK ch=7 v=0.2851
    OK ch=1 v=0.2504
    OK ch=3 v=0.3030
    OK ch=5 v=0.2960
    OK ch=7 v=0.2808
    OK ch=1 v=0.2363
    OK ch=3 v=0.2855
    OK ch=5 v=0.2828
    OK ch=7 v=0.2705
    OK ch=1 v=0.2517
    OK ch=3 v=0.2603
    OK ch=5 v=0.2688
    OK ch=7 v=0.2531
    OK ch=1 v=0.2767
    OK ch=3 v=0.2431
    OK ch=5 v=0.2565
    OK ch=7 v=0.2359
    OK ch=3 v=0.2249
    OK ch=5 v=0.2524
    OK ch=7 v=0.2193
    OK ch=1 v=0.2866
    OK ch=3 v=0.2108
    OK ch=5 v=0.2578
    OK ch=7 v=0.2087
    OK ch=1 v=0.2509
    OK ch=3 v=0.1978
    OK ch=5 v=0.2722
    OK ch=7 v=0.1986
    OK ch=1 v=0.2251
    OK ch=3 v=0.1988
    OK ch=5 v=0.2876
    OK ch=7 v=0.1993
    OK ch=1 v=0.1657
    OK ch=3 v=0.2042
    OK ch=5 v=0.3056
    OK ch=7 v=0.2148
    OK ch=1 v=0.1333
    OK ch=3 v=0.2177
    OK ch=5 v=0.3247
    OK ch=7 v=0.2271
    OK ch=1 v=0.1182
    OK ch=3 v=0.2428
    OK ch=5 v=0.3411
    OK ch=7 v=0.2442
    OK ch=1 v=0.0977
    OK ch=3 v=0.2597
    OK ch=5 v=0.3518
    OK ch=7 v=0.2633
    OK ch=1 v=0.1150
    OK ch=3 v=0.2694
    OK ch=5 v=0.3460
    OK ch=7 v=0.2798
    OK ch=1 v=0.1889
    OK ch=3 v=0.2814
    OK ch=5 v=0.3147
    OK ch=7 v=0.2863
    OK ch=1 v=0.2426
    OK ch=3 v=0.2846
    OK ch=5 v=0.2790
    OK ch=7 v=0.2878
    OK ch=3 v=0.2701
    OK ch=5 v=0.2522
    OK ch=7 v=0.2838
    OK ch=1 v=0.2612
    OK ch=3 v=0.2588
    OK ch=5 v=0.2365
    OK ch=7 v=0.2739
    OK ch=1 v=0.3029
    OK ch=3 v=0.2504
    OK ch=5 v=0.2208
    OK ch=7 v=0.2611
    OK ch=1 v=0.2942
    OK ch=3 v=0.2402
    OK ch=5 v=0.2140
    OK ch=7 v=0.2491
    OK ch=1 v=0.3200
    OK ch=3 v=0.2354
    OK ch=5 v=0.2043
    OK ch=7 v=0.2437
    OK ch=1 v=0.3134
    OK ch=3 v=0.2291
    OK ch=5 v=0.1963
    OK ch=7 v=0.2405
    OK ch=1 v=0.2951
    OK ch=5 v=0.1900
    OK ch=7 v=0.2454
    OK ch=1 v=0.3005
    OK ch=3 v=0.2421
    OK ch=5 v=0.1954
    OK ch=7 v=0.2514
    OK ch=1 v=0.3010
    OK ch=3 v=0.2574
    OK ch=5 v=0.2264
    OK ch=7 v=0.2549
    OK ch=1 v=0.2451
    OK ch=3 v=0.2684
    OK ch=5 v=0.2656
    OK ch=7 v=0.2680
    OK ch=1 v=0.2233
    OK ch=3 v=0.2839
    OK ch=5 v=0.2923
    OK ch=7 v=0.2747
    OK ch=1 v=0.2274
    OK ch=3 v=0.2884
    OK ch=5 v=0.3070
    OK ch=7 v=0.2788
    OK ch=1 v=0.2110
    OK ch=3 v=0.2934
    OK ch=5 v=0.3143
    OK ch=1 v=0.1772
    OK ch=3 v=0.2783
    OK ch=5 v=0.3167
    OK ch=7 v=0.2657
    OK ch=1 v=0.2081
    OK ch=3 v=0.2725
    OK ch=5 v=0.3121
    OK ch=7 v=0.2550
    OK ch=1 v=0.1982
    OK ch=3 v=0.2451
    OK ch=5 v=0.3072
    OK ch=7 v=0.2387
    OK ch=1 v=0.2232
    OK ch=3 v=0.2401
    OK ch=5 v=0.3023
    OK ch=7 v=0.2218
    OK ch=1 v=0.2342
    OK ch=3 v=0.2267
    OK ch=5 v=0.2944
    OK ch=7 v=0.2088
    OK ch=1 v=0.2350
    OK ch=3 v=0.2243
    OK ch=5 v=0.2925
    OK ch=7 v=0.2043
    OK ch=1 v=0.2359
    OK ch=3 v=0.2226
    OK ch=5 v=0.2933
    OK ch=7 v=0.2094
    OK ch=1 v=0.2238
    OK ch=3 v=0.2259
    OK ch=5 v=0.2946
    OK ch=7 v=0.2172
    OK ch=1 v=0.2165
    OK ch=3 v=0.2353
    OK ch=5 v=0.2932
    OK ch=7 v=0.2282
    OK ch=1 v=0.2267
    OK ch=3 v=0.2573
    OK ch=5 v=0.2919
    OK ch=7 v=0.2389
    OK ch=1 v=0.2256
    OK ch=3 v=0.2579
    OK ch=5 v=0.2896
    OK ch=7 v=0.2494
    OK ch=3 v=0.2757
    OK ch=5 v=0.2823
    OK ch=7 v=0.2649
    OK ch=1 v=0.2533
    OK ch=3 v=0.2854
    OK ch=5 v=0.2759
    OK ch=7 v=0.2722
    OK ch=1 v=0.2644
    OK ch=3 v=0.2846
    OK ch=5 v=0.2691
    OK ch=7 v=0.2794
    OK ch=1 v=0.2434
    OK ch=3 v=0.2809
    OK ch=5 v=0.2624
    OK ch=1 v=0.2549
    OK ch=3 v=0.2765
    OK ch=5 v=0.2547
    OK ch=7 v=0.2780
    OK ch=1 v=0.2433
    OK ch=3 v=0.2667
    OK ch=5 v=0.2474
    OK ch=7 v=0.2703
    OK ch=1 v=0.2717
    OK ch=3 v=0.2613
    OK ch=5 v=0.2407
    OK ch=7 v=0.2633
    OK ch=1 v=0.2505
    OK ch=3 v=0.2448
    OK ch=5 v=0.2343
    OK ch=7 v=0.2554
    OK ch=1 v=0.2787
    OK ch=3 v=0.2456
    OK ch=5 v=0.2308
    OK ch=7 v=0.2526
    OK ch=1 v=0.2741
    OK ch=3 v=0.2424
    OK ch=5 v=0.2334
    OK ch=7 v=0.2506
    OK ch=1 v=0.2541
    OK ch=3 v=0.2321
    OK ch=5 v=0.2433
    OK ch=7 v=0.2483
    OK ch=1 v=0.2300
    OK ch=3 v=0.2364
    OK ch=5 v=0.2622
    OK ch=7 v=0.2507
    OK ch=1 v=0.2023
    OK ch=5 v=0.2773
    OK ch=7 v=0.2494
    OK ch=1 v=0.2008
    OK ch=3 v=0.2476
    OK ch=5 v=0.2858
    OK ch=7 v=0.2544
    OK ch=1 v=0.1674
    OK ch=3 v=0.2483
    OK ch=5 v=0.2925
    OK ch=7 v=0.2576
    OK ch=1 v=0.1974
    OK ch=3 v=0.2521
    OK ch=5 v=0.2959
    OK ch=1 v=0.1940
    OK ch=3 v=0.2513
    OK ch=5 v=0.2985
    OK ch=7 v=0.2552
    OK ch=1 v=0.2042
    OK ch=3 v=0.2536
    OK ch=5 v=0.2978
    OK ch=1 v=0.1998
    OK ch=3 v=0.2507
    OK ch=5 v=0.2963
    OK ch=7 v=0.2493
    OK ch=1 v=0.2119
    OK ch=3 v=0.2479
    OK ch=5 v=0.2933
    OK ch=7 v=0.2466
    OK ch=1 v=0.2233
    OK ch=3 v=0.2416
    OK ch=5 v=0.2911
    OK ch=7 v=0.2423
    OK ch=1 v=0.2448
    OK ch=3 v=0.2466
    OK ch=5 v=0.2831
    OK ch=7 v=0.2384
    OK ch=1 v=0.2398
    OK ch=3 v=0.2437
    OK ch=5 v=0.2768
    OK ch=1 v=0.2297
    OK ch=5 v=0.2724
    OK ch=7 v=0.2401
    OK ch=1 v=0.2535
    OK ch=3 v=0.2451
    OK ch=5 v=0.2696
    OK ch=1 v=0.2546
    OK ch=3 v=0.2511
    OK ch=5 v=0.2678
    OK ch=7 v=0.2415
    OK ch=1 v=0.2573
    OK ch=3 v=0.2569
    OK ch=5 v=0.2671
    OK ch=7 v=0.2449
    OK ch=1 v=0.2665
    OK ch=3 v=0.2612
    OK ch=5 v=0.2665
    OK ch=7 v=0.2496
    OK ch=1 v=0.2452
    OK ch=3 v=0.2623
    OK ch=5 v=0.2674
    OK ch=7 v=0.2530
    OK ch=1 v=0.2538
    OK ch=3 v=0.2680
    OK ch=5 v=0.2692
    OK ch=7 v=0.2571
    OK ch=1 v=0.2759
    OK ch=3 v=0.2747
    OK ch=1 v=0.2547
    OK ch=3 v=0.2727
    OK ch=5 v=0.2712
    OK ch=7 v=0.2599
    OK ch=1 v=0.2762
    OK ch=3 v=0.2765
    OK ch=1 v=0.2471
    OK ch=3 v=0.2722
    OK ch=5 v=0.2698
    OK ch=7 v=0.2584
    OK ch=1 v=0.2426
    OK ch=3 v=0.2677
    OK ch=7 v=0.2598
    OK ch=1 v=0.2437
    OK ch=3 v=0.2663
    OK ch=7 v=0.2585
    OK ch=1 v=0.2313
    OK ch=3 v=0.2577
    OK ch=5 v=0.2672
    OK ch=7 v=0.2558
    OK ch=1 v=0.2599
    OK ch=3 v=0.2544
    OK ch=7 v=0.2494
    OK ch=1 v=0.2456
    OK ch=3 v=0.2475
    OK ch=5 v=0.2689
    OK ch=7 v=0.2483
    OK ch=1 v=0.2428
    OK ch=3 v=0.2512
    OK ch=5 v=0.2718
    OK ch=7 v=0.2451
    OK ch=1 v=0.2062
    OK ch=3 v=0.2360
    OK ch=5 v=0.2774
    OK ch=7 v=0.2440
    OK ch=1 v=0.2419
    OK ch=3 v=0.2456
    OK ch=5 v=0.2759
    OK ch=7 v=0.2452
    OK ch=1 v=0.2089
    OK ch=3 v=0.2403
    OK ch=5 v=0.2793
    OK ch=7 v=0.2441
    OK ch=1 v=0.1935
    OK ch=3 v=0.2392
    OK ch=5 v=0.2837
    OK ch=7 v=0.2467
    OK ch=1 v=0.1800
    OK ch=3 v=0.2455
    OK ch=5 v=0.2844
    OK ch=7 v=0.2480
    OK ch=1 v=0.2286
    OK ch=3 v=0.2523
    OK ch=5 v=0.2857
    OK ch=7 v=0.2509
    OK ch=1 v=0.2078
    OK ch=3 v=0.2483
    OK ch=5 v=0.2850
    OK ch=7 v=0.2530
    OK ch=1 v=0.2142
    OK ch=3 v=0.2450
    OK ch=5 v=0.2819
    OK ch=7 v=0.2542
    OK ch=1 v=0.2262
    OK ch=3 v=0.2562
    OK ch=5 v=0.2790
    OK ch=7 v=0.2535
    OK ch=1 v=0.2170
    OK ch=3 v=0.2483
    OK ch=5 v=0.2750
    OK ch=1 v=0.2122
    OK ch=3 v=0.2472
    OK ch=5 v=0.2712
    OK ch=7 v=0.2555
    OK ch=1 v=0.2346
    OK ch=3 v=0.2509
    OK ch=5 v=0.2658
    OK ch=7 v=0.2543
    OK ch=1 v=0.2237
    OK ch=5 v=0.2628
    OK ch=7 v=0.2528
    OK ch=1 v=0.2545
    OK ch=3 v=0.2518
    OK ch=7 v=0.2495
    OK ch=1 v=0.2692
    OK ch=3 v=0.2530
    OK ch=5 v=0.2608
    OK ch=1 v=0.2805
    OK ch=3 v=0.2562
    OK ch=5 v=0.2601
    OK ch=7 v=0.2530
    OK ch=1 v=0.2612
    OK ch=5 v=0.2594
    OK ch=7 v=0.2555
    OK ch=1 v=0.2511
    OK ch=3 v=0.2606
    OK ch=5 v=0.2614
    OK ch=7 v=0.2570
    OK ch=1 v=0.2256
    OK ch=3 v=0.2522
    OK ch=5 v=0.2654
    OK ch=7 v=0.2550
    OK ch=1 v=0.2621
    OK ch=3 v=0.2569
    OK ch=5 v=0.2683
    OK ch=1 v=0.2194
    OK ch=3 v=0.2554
    OK ch=5 v=0.2692
    OK ch=7 v=0.2533
    OK ch=1 v=0.2127
    OK ch=3 v=0.2566
    OK ch=5 v=0.2732
    OK ch=7 v=0.2551
    OK ch=1 v=0.2301
    OK ch=5 v=0.2752
    OK ch=7 v=0.2523
    OK ch=1 v=0.2600
    OK ch=3 v=0.2593
    OK ch=5 v=0.2779
    OK ch=7 v=0.2511
    OK ch=1 v=0.2646
    OK ch=3 v=0.2574
    OK ch=5 v=0.2785
    OK ch=7 v=0.2491
    OK ch=1 v=0.2522
    OK ch=5 v=0.2799
    OK ch=7 v=0.2480
[   25.1s] DAMPING     ch0:.... g=-0.0300 bp=+0.073V ratio=0.18  ch1:.... g=-0.0300 bp=+0.019V ratio=0.10  ch2:.... g=+0.0100 bp=+0.058V ratio=0.15  ch3:.... g=-0.0300 bp=+0.019V ratio=0.10
    OK ch=1 v=0.2057
    OK ch=3 v=0.2559
    OK ch=5 v=0.2821
    OK ch=7 v=0.2497
    OK ch=1 v=0.2349
    OK ch=3 v=0.2519
    OK ch=5 v=0.2828
    OK ch=7 v=0.2446
    OK ch=1 v=0.2445
    OK ch=3 v=0.2525
    OK ch=1 v=0.2361
    OK ch=3 v=0.2549
    OK ch=5 v=0.2809
    OK ch=7 v=0.2436
    OK ch=1 v=0.2436
    OK ch=3 v=0.2503
    OK ch=7 v=0.2426
    OK ch=1 v=0.2194
    OK ch=3 v=0.2453
    OK ch=5 v=0.2814
    OK ch=7 v=0.2438
    OK ch=1 v=0.2277
    OK ch=3 v=0.2561
    OK ch=5 v=0.2804
    OK ch=7 v=0.2460
    OK ch=1 v=0.2478
    OK ch=3 v=0.2536
    OK ch=7 v=0.2476
    OK ch=1 v=0.2250
    OK ch=3 v=0.2529
    OK ch=5 v=0.2794
    OK ch=7 v=0.2493
    OK ch=1 v=0.2145
    OK ch=3 v=0.2505
    OK ch=5 v=0.2780
    OK ch=7 v=0.2486
    OK ch=1 v=0.2130
    OK ch=3 v=0.2510
    OK ch=5 v=0.2748
    OK ch=7 v=0.2522
    OK ch=1 v=0.2201
    OK ch=3 v=0.2496
    OK ch=5 v=0.2727
    OK ch=7 v=0.2529
    OK ch=1 v=0.2405
    OK ch=3 v=0.2520
    OK ch=5 v=0.2700
    OK ch=7 v=0.2539
    OK ch=1 v=0.2591
    OK ch=3 v=0.2656
    OK ch=5 v=0.2686
    OK ch=7 v=0.2545
    OK ch=1 v=0.2674
    OK ch=3 v=0.2633
    OK ch=5 v=0.2671
    OK ch=7 v=0.2535
    OK ch=1 v=0.2139
    OK ch=3 v=0.2508
    OK ch=5 v=0.2661
    OK ch=7 v=0.2548
    OK ch=1 v=0.2317
    OK ch=3 v=0.2536
    OK ch=7 v=0.2561
    OK ch=1 v=0.2217
    OK ch=3 v=0.2490
    OK ch=1 v=0.2292
    OK ch=3 v=0.2498
    OK ch=5 v=0.2649
    OK ch=7 v=0.2548
    OK ch=1 v=0.2340
    OK ch=3 v=0.2454
    OK ch=5 v=0.2634
    OK ch=7 v=0.2540
    OK ch=1 v=0.2239
    OK ch=5 v=0.2663
    OK ch=1 v=0.2633
    OK ch=3 v=0.2562
    OK ch=7 v=0.2529
    OK ch=1 v=0.2562
    OK ch=3 v=0.2594
    OK ch=5 v=0.2696
    OK ch=7 v=0.2543
    OK ch=1 v=0.2300
    OK ch=3 v=0.2533
    OK ch=5 v=0.2729
    OK ch=1 v=0.2269
    OK ch=3 v=0.2464
    OK ch=7 v=0.2528
    OK ch=1 v=0.2321
    OK ch=3 v=0.2481
    OK ch=5 v=0.2748
    OK ch=1 v=0.2367
    OK ch=3 v=0.2551
    OK ch=5 v=0.2769
    OK ch=7 v=0.2496
    OK ch=1 v=0.2359
    OK ch=5 v=0.2785
    OK ch=7 v=0.2490
    OK ch=1 v=0.2176
    OK ch=3 v=0.2510
    OK ch=1 v=0.2331
    OK ch=3 v=0.2553
    OK ch=5 v=0.2777
    OK ch=7 v=0.2519
    OK ch=1 v=0.2311
    OK ch=3 v=0.2561
    OK ch=5 v=0.2785
    OK ch=7 v=0.2488
    OK ch=1 v=0.2187
    OK ch=3 v=0.2472
    OK ch=5 v=0.2779
    OK ch=7 v=0.2477
    OK ch=1 v=0.2194
    OK ch=3 v=0.2490
    OK ch=1 v=0.2292
    OK ch=5 v=0.2772
    OK ch=7 v=0.2505
    OK ch=1 v=0.2553
    OK ch=3 v=0.2554
    OK ch=5 v=0.2779
    OK ch=1 v=0.2295
    OK ch=3 v=0.2542
    OK ch=5 v=0.2748
    OK ch=7 v=0.2483
    OK ch=1 v=0.2524
    OK ch=3 v=0.2584
    OK ch=7 v=0.2465
    OK ch=1 v=0.2448
    OK ch=3 v=0.2506
    OK ch=7 v=0.2476
    OK ch=1 v=0.2282
    OK ch=3 v=0.2544
    OK ch=5 v=0.2738
    OK ch=7 v=0.2491
    OK ch=1 v=0.2235
    OK ch=3 v=0.2538
    OK ch=1 v=0.2451
    OK ch=3 v=0.2560
    OK ch=7 v=0.2521
    OK ch=1 v=0.2554
    OK ch=3 v=0.2582
    OK ch=5 v=0.2720
    OK ch=1 v=0.2647
    OK ch=3 v=0.2596
    OK ch=5 v=0.2728
    OK ch=7 v=0.2505
    OK ch=1 v=0.2411
    OK ch=3 v=0.2550
    OK ch=7 v=0.2529
    OK ch=1 v=0.2439
    OK ch=3 v=0.2595
    OK ch=5 v=0.2737
    OK ch=7 v=0.2517
    OK ch=1 v=0.2184
    OK ch=3 v=0.2498
    OK ch=5 v=0.2721
    OK ch=7 v=0.2489
    OK ch=1 v=0.2446
    OK ch=3 v=0.2595
    OK ch=7 v=0.2528
    OK ch=1 v=0.2490
    OK ch=5 v=0.2713
    OK ch=7 v=0.2519
    OK ch=1 v=0.2537
    OK ch=3 v=0.2560
    OK ch=7 v=0.2539
    OK ch=1 v=0.2285
    OK ch=3 v=0.2517
    OK ch=5 v=0.2723
    OK ch=1 v=0.2243
    OK ch=3 v=0.2495
    OK ch=5 v=0.2738
    OK ch=7 v=0.2528
    OK ch=1 v=0.2461
    OK ch=3 v=0.2535
    OK ch=5 v=0.2724
    OK ch=7 v=0.2495
    OK ch=1 v=0.2505
    OK ch=3 v=0.2550
    OK ch=5 v=0.2735
    OK ch=1 v=0.2267
    OK ch=3 v=0.2474
    OK ch=5 v=0.2745
    OK ch=7 v=0.2512
    OK ch=1 v=0.2211
    OK ch=3 v=0.2522
    OK ch=1 v=0.2088
    OK ch=3 v=0.2509
    OK ch=5 v=0.2756
    OK ch=1 v=0.2130
    OK ch=5 v=0.2739
    OK ch=7 v=0.2489
    OK ch=1 v=0.2208
    OK ch=7 v=0.2514
    OK ch=1 v=0.2011
    OK ch=3 v=0.2428
    OK ch=5 v=0.2746
    OK ch=7 v=0.2507
    OK ch=1 v=0.2414
    OK ch=3 v=0.2499
    OK ch=5 v=0.2752
    OK ch=1 v=0.2206
    OK ch=3 v=0.2465
    OK ch=1 v=0.2476
    OK ch=3 v=0.2520
    OK ch=5 v=0.2743
    OK ch=7 v=0.2532
    OK ch=1 v=0.2343
    OK ch=3 v=0.2569
    OK ch=5 v=0.2738
    OK ch=1 v=0.2457
    OK ch=3 v=0.2498
    OK ch=7 v=0.2514
    OK ch=1 v=0.2254
    OK ch=3 v=0.2482
    OK ch=7 v=0.2508
    OK ch=1 v=0.2296
    OK ch=3 v=0.2506
    OK ch=5 v=0.2724
    OK ch=7 v=0.2519
    OK ch=1 v=0.2344
    OK ch=3 v=0.2525
    OK ch=5 v=0.2719
    OK ch=7 v=0.2506
    OK ch=1 v=0.2234
    OK ch=7 v=0.2517
    OK ch=1 v=0.2550
    OK ch=3 v=0.2561
    OK ch=5 v=0.2696
    OK ch=1 v=0.2454
    OK ch=5 v=0.2707
    OK ch=7 v=0.2503
    OK ch=1 v=0.2294
    OK ch=3 v=0.2528
    OK ch=5 v=0.2714
    OK ch=7 v=0.2525
    OK ch=1 v=0.2676
    OK ch=3 v=0.2594
    OK ch=5 v=0.2707
    OK ch=1 v=0.2431
    OK ch=5 v=0.2716
    OK ch=7 v=0.2520
    OK ch=1 v=0.2402
    OK ch=3 v=0.2549
    OK ch=5 v=0.2726
    OK ch=1 v=0.2304
    OK ch=3 v=0.2521
    OK ch=5 v=0.2733
    OK ch=7 v=0.2512
    OK ch=1 v=0.2326
    OK ch=3 v=0.2494
    OK ch=1 v=0.2170
    OK ch=3 v=0.2519
    OK ch=5 v=0.2738
    OK ch=1 v=0.2267
    OK ch=3 v=0.2545
    OK ch=1 v=0.2294
    OK ch=1 v=0.2494
    OK ch=5 v=0.2732
    OK ch=7 v=0.2498
    OK ch=1 v=0.2572
    OK ch=3 v=0.2592
    OK ch=5 v=0.2742
    OK ch=1 v=0.2238
    OK ch=3 v=0.2513
    OK ch=5 v=0.2755
    OK ch=1 v=0.2310
    OK ch=3 v=0.2500
    OK ch=5 v=0.2744
    OK ch=7 v=0.2526
    OK ch=1 v=0.2181
    OK ch=7 v=0.2515
    OK ch=1 v=0.2241
    OK ch=3 v=0.2493
    OK ch=5 v=0.2752
    OK ch=7 v=0.2500
    OK ch=1 v=0.2676
    OK ch=3 v=0.2657
    OK ch=7 v=0.2487
    OK ch=1 v=0.2574
    OK ch=3 v=0.2558
    OK ch=5 v=0.2763
    OK ch=7 v=0.2503
    OK ch=1 v=0.2265
    OK ch=3 v=0.2511
    OK ch=5 v=0.2751
    OK ch=7 v=0.2487
    OK ch=1 v=0.2305
    OK ch=3 v=0.2566
    OK ch=7 v=0.2494
    OK ch=1 v=0.2394
    OK ch=3 v=0.2529
    OK ch=5 v=0.2765
    OK ch=7 v=0.2465
    OK ch=1 v=0.2512
    OK ch=5 v=0.2753
    OK ch=7 v=0.2500
    OK ch=1 v=0.2390
    OK ch=3 v=0.2543
    OK ch=1 v=0.1912
    OK ch=3 v=0.2484
    OK ch=5 v=0.2758
    OK ch=7 v=0.2526
    OK ch=1 v=0.2205
    OK ch=3 v=0.2470
    OK ch=5 v=0.2743
    OK ch=7 v=0.2519
    OK ch=1 v=0.2256
    OK ch=3 v=0.2504
    OK ch=5 v=0.2724
    OK ch=1 v=0.2355
    OK ch=3 v=0.2531
    OK ch=7 v=0.2491
    OK ch=1 v=0.2264
    OK ch=3 v=0.2539
    OK ch=7 v=0.2503
    OK ch=1 v=0.2283
    OK ch=5 v=0.2738
    OK ch=7 v=0.2533
    OK ch=1 v=0.2587
    OK ch=3 v=0.2587
    OK ch=7 v=0.2498
    OK ch=1 v=0.2453
    OK ch=5 v=0.2708
    OK ch=7 v=0.2542
    OK ch=7 v=0.2533
    OK ch=1 v=0.2521
    OK ch=3 v=0.2577
    OK ch=5 v=0.2727
    OK ch=7 v=0.2549
    OK ch=1 v=0.2266
    OK ch=3 v=0.2457
    OK ch=5 v=0.2735
    OK ch=7 v=0.2521
    OK ch=1 v=0.2202
    OK ch=3 v=0.2474
    OK ch=5 v=0.2726
    OK ch=7 v=0.2534
    OK ch=1 v=0.2546
    OK ch=3 v=0.2557
    OK ch=7 v=0.2526
    OK ch=1 v=0.2297
    OK ch=3 v=0.2529
    OK ch=5 v=0.2703
    OK ch=1 v=0.2276
    OK ch=3 v=0.2536
    OK ch=5 v=0.2692
    OK ch=7 v=0.2536
    OK ch=1 v=0.2368
    OK ch=5 v=0.2709
    OK ch=7 v=0.2503
    OK ch=1 v=0.2488
    OK ch=3 v=0.2524
    OK ch=5 v=0.2716
    OK ch=7 v=0.2509
    OK ch=1 v=0.2142
    OK ch=3 v=0.2501
    OK ch=5 v=0.2728
    OK ch=7 v=0.2498
    OK ch=1 v=0.2386
    OK ch=3 v=0.2543
    OK ch=5 v=0.2722
    OK ch=7 v=0.2511
    OK ch=1 v=0.2202
    OK ch=3 v=0.2514
    OK ch=5 v=0.2741
    OK ch=7 v=0.2523
    OK ch=1 v=0.2300
    OK ch=7 v=0.2497
    OK ch=1 v=0.2448
    OK ch=7 v=0.2506
    OK ch=1 v=0.2564
    OK ch=3 v=0.2596
    OK ch=1 v=0.2299
    OK ch=3 v=0.2528
    OK ch=5 v=0.2751
    OK ch=1 v=0.2066
    OK ch=3 v=0.2506
    OK ch=5 v=0.2762
    OK ch=7 v=0.2522
    OK ch=1 v=0.2282
    OK ch=3 v=0.2546
    OK ch=7 v=0.2497
    OK ch=1 v=0.2513
    OK ch=5 v=0.2749
    OK ch=7 v=0.2508
    OK ch=1 v=0.2493
    OK ch=3 v=0.2522
    OK ch=5 v=0.2760
    OK ch=7 v=0.2487
    OK ch=1 v=0.2333
    OK ch=3 v=0.2543
    OK ch=5 v=0.2749
    OK ch=7 v=0.2503
    OK ch=1 v=0.2573
    OK ch=3 v=0.2565
    OK ch=7 v=0.2509
    OK ch=1 v=0.2401
    OK ch=3 v=0.2570
    OK ch=5 v=0.2759
    OK ch=7 v=0.2499
    OK ch=1 v=0.2257
    OK ch=3 v=0.2499
    OK ch=5 v=0.2737
    OK ch=1 v=0.2061
    OK ch=3 v=0.2470
    OK ch=5 v=0.2745
    OK ch=7 v=0.2504
    OK ch=1 v=0.2431
    OK ch=3 v=0.2555
    OK ch=5 v=0.2735
    OK ch=7 v=0.2520
    OK ch=1 v=0.2345
    OK ch=3 v=0.2528
    OK ch=5 v=0.2726
    OK ch=7 v=0.2485
    OK ch=1 v=0.2310
    OK ch=3 v=0.2491
    OK ch=5 v=0.2740
    OK ch=7 v=0.2477
    OK ch=1 v=0.2320
    OK ch=3 v=0.2570
    OK ch=5 v=0.2728
    OK ch=7 v=0.2513
    OK ch=1 v=0.2602
    OK ch=3 v=0.2606
    OK ch=1 v=0.2616
    OK ch=3 v=0.2586
    OK ch=7 v=0.2520
    OK ch=1 v=0.2519
    OK ch=3 v=0.2563
    OK ch=5 v=0.2740
    OK ch=7 v=0.2511
    OK ch=1 v=0.2367
    OK ch=3 v=0.2497
    OK ch=7 v=0.2532
    OK ch=1 v=0.2242
    OK ch=3 v=0.2541
    OK ch=5 v=0.2755
    OK ch=7 v=0.2518
[   30.1s] DAMPING     ch0:.... g=-0.0300 bp=+0.031V ratio=0.06  ch1:.... g=-0.0300 bp=+0.010V ratio=0.03  ch2:.... g=+0.0100 bp=-0.014V ratio=0.03  ch3:.... g=-0.0300 bp=-0.003V ratio=0.03
    OK ch=1 v=0.2210
    OK ch=3 v=0.2547
    OK ch=5 v=0.2731
    OK ch=7 v=0.2536
    OK ch=1 v=0.2286
    OK ch=3 v=0.2506
    OK ch=5 v=0.2723
    OK ch=7 v=0.2541
    OK ch=1 v=0.2381
    OK ch=3 v=0.2484
    OK ch=7 v=0.2507
    OK ch=1 v=0.2330
    OK ch=3 v=0.2517
    OK ch=7 v=0.2500
    OK ch=1 v=0.2466
    OK ch=3 v=0.2554
    OK ch=5 v=0.2715
    OK ch=1 v=0.2515
    OK ch=3 v=0.2570
    OK ch=5 v=0.2702
    OK ch=7 v=0.2515
    OK ch=1 v=0.2185
    OK ch=3 v=0.2490
    OK ch=5 v=0.2733
    OK ch=1 v=0.2256
    OK ch=3 v=0.2513
    OK ch=7 v=0.2502
    OK ch=1 v=0.2190
    OK ch=3 v=0.2476
    OK ch=7 v=0.2513
    OK ch=1 v=0.2124
    OK ch=3 v=0.2507
    OK ch=5 v=0.2724
    OK ch=1 v=0.2481
    OK ch=3 v=0.2608
    OK ch=1 v=0.2340
    OK ch=3 v=0.2501
    OK ch=5 v=0.2716
    OK ch=7 v=0.2501
    OK ch=1 v=0.2238
    OK ch=5 v=0.2740
    OK ch=7 v=0.2488
    OK ch=3 v=0.2520
    OK ch=5 v=0.2769
    OK ch=7 v=0.2528
    OK ch=1 v=0.2437
    OK ch=3 v=0.2554
    OK ch=5 v=0.2748
    OK ch=7 v=0.2507
    OK ch=1 v=0.2450
    OK ch=3 v=0.2601
    OK ch=5 v=0.2739
    OK ch=7 v=0.2515
    OK ch=1 v=0.2223
    OK ch=3 v=0.2480
    OK ch=5 v=0.2747
    OK ch=7 v=0.2527
    OK ch=1 v=0.2231
    OK ch=3 v=0.2534
    OK ch=7 v=0.2534
    OK ch=1 v=0.2522
    OK ch=3 v=0.2581
    OK ch=5 v=0.2732
    OK ch=7 v=0.2516
    OK ch=1 v=0.2549
    OK ch=3 v=0.2551
    OK ch=5 v=0.2749
    OK ch=7 v=0.2497
    OK ch=1 v=0.2250
    OK ch=3 v=0.2504
    OK ch=5 v=0.2732
    OK ch=1 v=0.2631
    OK ch=3 v=0.2551
    OK ch=5 v=0.2723
    OK ch=7 v=0.2489
    OK ch=1 v=0.2348
    OK ch=3 v=0.2532
    OK ch=7 v=0.2507
    OK ch=1 v=0.2458
    OK ch=3 v=0.2492
    OK ch=5 v=0.2736
    OK ch=7 v=0.2487
    OK ch=1 v=0.2574
    OK ch=3 v=0.2590
    OK ch=7 v=0.2481
    OK ch=1 v=0.2032
    OK ch=3 v=0.2483
    OK ch=5 v=0.2744
    OK ch=7 v=0.2513
    OK ch=1 v=0.2173
    OK ch=3 v=0.2489
    OK ch=5 v=0.2735
    OK ch=7 v=0.2532
    OK ch=1 v=0.2367
    OK ch=3 v=0.2541
    OK ch=5 v=0.2721
    OK ch=7 v=0.2517
    OK ch=1 v=0.2619
    OK ch=3 v=0.2584
    OK ch=5 v=0.2731
    OK ch=7 v=0.2535
    OK ch=1 v=0.2276
    OK ch=3 v=0.2527
    OK ch=7 v=0.2518
    OK ch=1 v=0.2123
    OK ch=3 v=0.2493
    OK ch=7 v=0.2500
    OK ch=1 v=0.2345
    OK ch=3 v=0.2581
    OK ch=1 v=0.2423
    OK ch=3 v=0.2556
    OK ch=7 v=0.2512

*** LOCKED -- 11.4s after gain was applied (t=31.4s total) ***

    OK ch=1 v=0.2526
    OK ch=7 v=0.2528
    OK ch=1 v=0.2458
    OK ch=3 v=0.2582
    OK ch=5 v=0.2742
    OK ch=7 v=0.2482
    OK ch=1 v=0.2485
    OK ch=3 v=0.2550
    OK ch=7 v=0.2522
    OK ch=1 v=0.2088
    OK ch=3 v=0.2489
    OK ch=5 v=0.2735
    OK ch=7 v=0.2515
    OK ch=1 v=0.2447
    OK ch=3 v=0.2582
    OK ch=7 v=0.2523
    OK ch=1 v=0.2320
    OK ch=3 v=0.2549
    OK ch=5 v=0.2740
    OK ch=7 v=0.2496
    OK ch=1 v=0.2275
    OK ch=3 v=0.2464
    OK ch=7 v=0.2483
    OK ch=1 v=0.2360
    OK ch=3 v=0.2516
    OK ch=5 v=0.2725
    OK ch=7 v=0.2501
    OK ch=1 v=0.2204
    OK ch=3 v=0.2523
    OK ch=5 v=0.2757
    OK ch=7 v=0.2521
    OK ch=1 v=0.2441
    OK ch=3 v=0.2585
    OK ch=5 v=0.2728
    OK ch=7 v=0.2509
    OK ch=1 v=0.2393
    OK ch=3 v=0.2530
    OK ch=5 v=0.2745
    OK ch=7 v=0.2496
    OK ch=1 v=0.2459
    OK ch=3 v=0.2543
    OK ch=7 v=0.2511
    OK ch=1 v=0.2210
    OK ch=3 v=0.2458
    OK ch=5 v=0.2753
    OK ch=7 v=0.2502
    OK ch=1 v=0.2411
    OK ch=3 v=0.2535
    OK ch=5 v=0.2741
    OK ch=7 v=0.2527
    OK ch=1 v=0.2124
    OK ch=3 v=0.2479
    OK ch=5 v=0.2736
    OK ch=1 v=0.2516
    OK ch=3 v=0.2556
    OK ch=5 v=0.2728
    OK ch=7 v=0.2521
    OK ch=1 v=0.2555
    OK ch=3 v=0.2591
    OK ch=5 v=0.2722
    OK ch=7 v=0.2504
    OK ch=1 v=0.2392
    OK ch=3 v=0.2518
    OK ch=5 v=0.2739
    OK ch=7 v=0.2491
    OK ch=1 v=0.1936
    OK ch=3 v=0.2486
    OK ch=7 v=0.2484
    OK ch=1 v=0.2481
    OK ch=3 v=0.2543
    OK ch=5 v=0.2714
    OK ch=7 v=0.2515
    OK ch=1 v=0.2515
    OK ch=3 v=0.2529
    OK ch=7 v=0.2532
    OK ch=1 v=0.2150
    OK ch=3 v=0.2552
    OK ch=7 v=0.2493
    OK ch=1 v=0.2275
    OK ch=3 v=0.2516
    OK ch=5 v=0.2728
    OK ch=7 v=0.2513
    OK ch=1 v=0.2347
    OK ch=7 v=0.2540
    OK ch=1 v=0.2280
    OK ch=3 v=0.2494
    OK ch=7 v=0.2527
    OK ch=1 v=0.2521
    OK ch=3 v=0.2571
    OK ch=1 v=0.2502
    OK ch=3 v=0.2560
    OK ch=5 v=0.2721
    OK ch=7 v=0.2538
    OK ch=1 v=0.2288
    OK ch=3 v=0.2501
    OK ch=5 v=0.2737
    OK ch=7 v=0.2517
    OK ch=1 v=0.2254
    OK ch=5 v=0.2746
    OK ch=7 v=0.2498
    OK ch=1 v=0.2312
    OK ch=3 v=0.2586
    OK ch=5 v=0.2757
    OK ch=7 v=0.2485
    OK ch=1 v=0.2238
    OK ch=3 v=0.2564
    OK ch=5 v=0.2751
    OK ch=7 v=0.2514
    OK ch=1 v=0.2582
    OK ch=3 v=0.2594
    OK ch=5 v=0.2736
    OK ch=1 v=0.2301
    OK ch=3 v=0.2496
    OK ch=7 v=0.2492
    OK ch=3 v=0.2566
    OK ch=5 v=0.2744
    OK ch=7 v=0.2503
    OK ch=1 v=0.2253
    OK ch=3 v=0.2500
    OK ch=7 v=0.2520
    OK ch=1 v=0.2166
    OK ch=3 v=0.2470
    OK ch=5 v=0.2751
    OK ch=7 v=0.2509
    OK ch=1 v=0.2266
    OK ch=3 v=0.2486
    OK ch=5 v=0.2739
    OK ch=7 v=0.2495
    OK ch=1 v=0.2542
    OK ch=3 v=0.2565
    OK ch=1 v=0.2366
    OK ch=3 v=0.2540
    OK ch=5 v=0.2727
    OK ch=7 v=0.2513
    OK ch=1 v=0.2425
    OK ch=3 v=0.2575
    OK ch=1 v=0.2505
    OK ch=3 v=0.2562
    OK ch=5 v=0.2742
    OK ch=7 v=0.2483
    OK ch=1 v=0.2454
    OK ch=3 v=0.2523
    OK ch=5 v=0.2750
    OK ch=1 v=0.2389
    OK ch=3 v=0.2553
    OK ch=7 v=0.2513
    OK ch=1 v=0.2406
    OK ch=3 v=0.2531
    OK ch=5 v=0.2736
    OK ch=7 v=0.2533
    OK ch=1 v=0.2385
    OK ch=3 v=0.2525
    OK ch=7 v=0.2507
    OK ch=1 v=0.1997
    OK ch=3 v=0.2466
    OK ch=5 v=0.2764
    OK ch=7 v=0.2528
    OK ch=1 v=0.2240
    OK ch=3 v=0.2547
    OK ch=5 v=0.2732
    OK ch=7 v=0.2514
    OK ch=1 v=0.2430
    OK ch=3 v=0.2555
    OK ch=5 v=0.2704
    OK ch=1 v=0.2514
    OK ch=5 v=0.2697
    OK ch=7 v=0.2522
    OK ch=1 v=0.2228
    OK ch=3 v=0.2531
    OK ch=5 v=0.2721
    OK ch=1 v=0.2475
    OK ch=3 v=0.2514
    OK ch=5 v=0.2733
    OK ch=7 v=0.2482
    OK ch=1 v=0.2155
    OK ch=3 v=0.2458
    OK ch=5 v=0.2744
    OK ch=7 v=0.2517
    OK ch=1 v=0.2504
    OK ch=3 v=0.2580
    OK ch=5 v=0.2725
    OK ch=1 v=0.2287
    OK ch=3 v=0.2554
    OK ch=1 v=0.2497
    OK ch=3 v=0.2614
    OK ch=1 v=0.2529
    OK ch=3 v=0.2573
    OK ch=5 v=0.2731
    OK ch=1 v=0.2562
    OK ch=3 v=0.2557
    OK ch=5 v=0.2743
    OK ch=7 v=0.2512
    OK ch=1 v=0.2175
    OK ch=3 v=0.2484
    OK ch=5 v=0.2768
    OK ch=1 v=0.2457
    OK ch=3 v=0.2566
    OK ch=5 v=0.2750
    OK ch=7 v=0.2522
    OK ch=1 v=0.2482
    OK ch=3 v=0.2572
    OK ch=5 v=0.2739
    OK ch=7 v=0.2531
    OK ch=1 v=0.2416
    OK ch=3 v=0.2499
    OK ch=5 v=0.2728
    OK ch=7 v=0.2512
    OK ch=1 v=0.2041
    OK ch=3 v=0.2430
    OK ch=1 v=0.2306
    OK ch=3 v=0.2521
    OK ch=7 v=0.2495
    OK ch=1 v=0.2220
    OK ch=3 v=0.2569
    OK ch=1 v=0.2465
    OK ch=3 v=0.2597
    OK ch=5 v=0.2740
    OK ch=7 v=0.2509
    OK ch=1 v=0.2137
    OK ch=3 v=0.2468
    OK ch=5 v=0.2728
    OK ch=7 v=0.2503
    OK ch=1 v=0.2498
    OK ch=3 v=0.2516
    OK ch=5 v=0.2735
    OK ch=1 v=0.2638
    OK ch=3 v=0.2626
    OK ch=5 v=0.2723
    OK ch=1 v=0.2462
    OK ch=3 v=0.2581
    OK ch=5 v=0.2738
    OK ch=7 v=0.2520
    OK ch=1 v=0.2224
    OK ch=3 v=0.2552
    OK ch=5 v=0.2746
    OK ch=7 v=0.2485
    OK ch=1 v=0.2512
    OK ch=3 v=0.2526
    OK ch=7 v=0.2511
    OK ch=1 v=0.2468
    OK ch=5 v=0.2740
    OK ch=7 v=0.2528
    OK ch=1 v=0.2501
    OK ch=3 v=0.2559
    OK ch=5 v=0.2731
    OK ch=7 v=0.2515
    OK ch=1 v=0.2133
    OK ch=3 v=0.2464
    OK ch=5 v=0.2724
    OK ch=7 v=0.2522
    OK ch=1 v=0.2407
    OK ch=3 v=0.2576
    OK ch=5 v=0.2740
    OK ch=1 v=0.2197
    OK ch=3 v=0.2547
    OK ch=1 v=0.2259
    OK ch=3 v=0.2560
    OK ch=5 v=0.2727
    OK ch=7 v=0.2502
    OK ch=1 v=0.2176
    OK ch=3 v=0.2450
    OK ch=5 v=0.2732
    OK ch=7 v=0.2484
    OK ch=1 v=0.2393
    OK ch=3 v=0.2520
    OK ch=7 v=0.2491
    OK ch=1 v=0.2339
    OK ch=3 v=0.2537
    OK ch=5 v=0.2724
    OK ch=7 v=0.2510
    OK ch=1 v=0.2578
    OK ch=3 v=0.2610
    OK ch=5 v=0.2734
    OK ch=7 v=0.2504
    OK ch=1 v=0.2411
    OK ch=3 v=0.2560
    OK ch=1 v=0.2319
    OK ch=3 v=0.2545
    OK ch=5 v=0.2750
    OK ch=7 v=0.2519
    OK ch=1 v=0.1959
    OK ch=3 v=0.2452
    OK ch=5 v=0.2761
    OK ch=1 v=0.2321
    OK ch=3 v=0.2566
    OK ch=7 v=0.2494
    OK ch=1 v=0.2634
    OK ch=3 v=0.2547
    OK ch=5 v=0.2739
    OK ch=1 v=0.2520
    OK ch=5 v=0.2751
    OK ch=7 v=0.2510
    OK ch=1 v=0.2288
    OK ch=3 v=0.2534
    OK ch=7 v=0.2515
    OK ch=1 v=0.2448
    OK ch=3 v=0.2469
    OK ch=1 v=0.2205
    OK ch=3 v=0.2490
    OK ch=5 v=0.2743
    OK ch=1 v=0.2235
    OK ch=3 v=0.2499
    OK ch=5 v=0.2738
    OK ch=7 v=0.2525
    OK ch=1 v=0.2342
    OK ch=3 v=0.2561
    OK ch=1 v=0.2271
    OK ch=3 v=0.2556
    OK ch=5 v=0.2727
    OK ch=7 v=0.2508
    OK ch=1 v=0.2279
    OK ch=3 v=0.2511
    OK ch=5 v=0.2706
    OK ch=1 v=0.2470
    OK ch=3 v=0.2521
    OK ch=5 v=0.2712
    OK ch=7 v=0.2480
    OK ch=1 v=0.2129
    OK ch=3 v=0.2494
    OK ch=7 v=0.2509
    OK ch=1 v=0.2285
    OK ch=3 v=0.2525
    OK ch=5 v=0.2726
    OK ch=7 v=0.2503
[   35.1s] DAMPING     ch0:LOCK g=-0.0300 bp=-0.044V ratio=0.06  ch1:LOCK g=-0.0300 bp=-0.011V ratio=0.03  ch2:LOCK g=+0.0100 bp=+0.005V ratio=0.02  ch3:LOCK g=-0.0300 bp=-0.004V ratio=0.02
    OK ch=1 v=0.2702
    OK ch=3 v=0.2583
    OK ch=7 v=0.2528
    OK ch=1 v=0.2424
    OK ch=3 v=0.2545
    OK ch=5 v=0.2720
    OK ch=1 v=0.2543
    OK ch=3 v=0.2556
    OK ch=7 v=0.2523
    OK ch=1 v=0.2232
    OK ch=3 v=0.2527
    OK ch=5 v=0.2738
    OK ch=7 v=0.2517
    OK ch=1 v=0.2333
    OK ch=3 v=0.2557
    OK ch=5 v=0.2724
    OK ch=7 v=0.2536
    OK ch=1 v=0.2493
    OK ch=3 v=0.2588
    OK ch=5 v=0.2746
    OK ch=7 v=0.2529
    OK ch=1 v=0.2119
    OK ch=3 v=0.2456
    OK ch=7 v=0.2508
    OK ch=1 v=0.2330
    OK ch=3 v=0.2441
    OK ch=5 v=0.2723
    OK ch=7 v=0.2515
    OK ch=1 v=0.2237
    OK ch=3 v=0.2588
    OK ch=7 v=0.2502
    OK ch=1 v=0.2591
    OK ch=3 v=0.2611
    OK ch=5 v=0.2734
    OK ch=7 v=0.2513
    OK ch=1 v=0.2493
    OK ch=3 v=0.2575
    OK ch=7 v=0.2502
    OK ch=1 v=0.2408
    OK ch=3 v=0.2495
    OK ch=5 v=0.2725
    OK ch=7 v=0.2490
    OK ch=1 v=0.2315
    OK ch=3 v=0.2522
    OK ch=5 v=0.2740
    OK ch=7 v=0.2482
    OK ch=1 v=0.2132
    OK ch=3 v=0.2472
    OK ch=5 v=0.2747
    OK ch=7 v=0.2514
    OK ch=1 v=0.2293
    OK ch=3 v=0.2508
    OK ch=7 v=0.2508
    OK ch=1 v=0.2461
    OK ch=3 v=0.2558
    OK ch=1 v=0.2435
    OK ch=3 v=0.2566
    OK ch=7 v=0.2520
    OK ch=1 v=0.2270
    OK ch=7 v=0.2486
    OK ch=1 v=0.2413
    OK ch=3 v=0.2588
    OK ch=7 v=0.2495
    OK ch=1 v=0.2194
    OK ch=3 v=0.2518
    OK ch=5 v=0.2765
    OK ch=7 v=0.2515
    OK ch=1 v=0.2523
    OK ch=3 v=0.2528
    OK ch=5 v=0.2749
    OK ch=7 v=0.2507
    OK ch=1 v=0.2280
    OK ch=3 v=0.2518
    OK ch=7 v=0.2496
    OK ch=1 v=0.2261
    OK ch=3 v=0.2532
    OK ch=7 v=0.2474
    OK ch=1 v=0.2497
    OK ch=3 v=0.2523
    OK ch=5 v=0.2740
    OK ch=7 v=0.2503
    OK ch=1 v=0.2294
    OK ch=3 v=0.2513
    OK ch=1 v=0.2385
    OK ch=3 v=0.2538
    OK ch=7 v=0.2517
    OK ch=1 v=0.2394
    OK ch=3 v=0.2522
    OK ch=5 v=0.2723
    OK ch=7 v=0.2545
    OK ch=1 v=0.2516
    OK ch=3 v=0.2568
    OK ch=5 v=0.2731
    OK ch=7 v=0.2539
    OK ch=1 v=0.2115
    OK ch=3 v=0.2482
    OK ch=1 v=0.2258
    OK ch=3 v=0.2501
    OK ch=7 v=0.2508
    OK ch=1 v=0.2199
    OK ch=3 v=0.2517
    OK ch=5 v=0.2717
    OK ch=1 v=0.2338
    OK ch=3 v=0.2550
    OK ch=5 v=0.2708
    OK ch=7 v=0.2498
    OK ch=1 v=0.2245
    OK ch=3 v=0.2564
    OK ch=5 v=0.2725
    OK ch=1 v=0.2434
    OK ch=3 v=0.2509
    OK ch=1 v=0.2498
    OK ch=3 v=0.2536
    OK ch=7 v=0.2505
    OK ch=1 v=0.2425
    OK ch=3 v=0.2570
    OK ch=5 v=0.2734
    OK ch=7 v=0.2519
    OK ch=1 v=0.2415
    OK ch=3 v=0.2541
    OK ch=7 v=0.2531
    OK ch=1 v=0.2371
    OK ch=5 v=0.2746
    OK ch=7 v=0.2539
    OK ch=1 v=0.2366
    OK ch=3 v=0.2566
    OK ch=7 v=0.2532
    OK ch=1 v=0.2156
    OK ch=3 v=0.2489
    OK ch=7 v=0.2512
    OK ch=1 v=0.2216
    OK ch=3 v=0.2457
    OK ch=5 v=0.2741
    OK ch=7 v=0.2493
    OK ch=1 v=0.2550
    OK ch=3 v=0.2546
    OK ch=5 v=0.2725
    OK ch=7 v=0.2505
    OK ch=1 v=0.2309
    OK ch=3 v=0.2559
    OK ch=5 v=0.2714
    OK ch=7 v=0.2520
    OK ch=1 v=0.2303
    OK ch=3 v=0.2494
    OK ch=5 v=0.2733
    OK ch=7 v=0.2507
    OK ch=1 v=0.2437
    OK ch=3 v=0.2508
    OK ch=7 v=0.2493
    OK ch=1 v=0.2234
    OK ch=3 v=0.2519
    OK ch=5 v=0.2739
    OK ch=1 v=0.2358
    OK ch=3 v=0.2551
    OK ch=5 v=0.2727
    OK ch=7 v=0.2501
    OK ch=1 v=0.2460
    OK ch=3 v=0.2540
    OK ch=5 v=0.2741
    OK ch=3 v=0.2548
    OK ch=5 v=0.2735
    OK ch=7 v=0.2520
    OK ch=1 v=0.2064
    OK ch=3 v=0.2498
    OK ch=5 v=0.2740
    OK ch=7 v=0.2509
    OK ch=1 v=0.2357
    OK ch=3 v=0.2523
    OK ch=5 v=0.2745
    OK ch=7 v=0.2495
    OK ch=1 v=0.2435
    OK ch=3 v=0.2544
    OK ch=5 v=0.2729
    OK ch=7 v=0.2522
    OK ch=1 v=0.2571
    OK ch=3 v=0.2591
    OK ch=5 v=0.2734
    OK ch=7 v=0.2511
    OK ch=1 v=0.2336
    OK ch=3 v=0.2577
    OK ch=5 v=0.2754
    OK ch=1 v=0.2402
    OK ch=3 v=0.2572
    OK ch=5 v=0.2744
    OK ch=7 v=0.2521
    OK ch=1 v=0.2220
    OK ch=3 v=0.2473
    OK ch=5 v=0.2750
    OK ch=1 v=0.2063
    OK ch=3 v=0.2481
    OK ch=7 v=0.2529
    OK ch=1 v=0.2165
    OK ch=3 v=0.2510
    OK ch=5 v=0.2733
    OK ch=7 v=0.2501
    OK ch=1 v=0.2358
    OK ch=3 v=0.2606
    OK ch=7 v=0.2486
    OK ch=1 v=0.2586
    OK ch=3 v=0.2588
    OK ch=5 v=0.2728
    OK ch=7 v=0.2503
    OK ch=1 v=0.2506
    OK ch=3 v=0.2527
    OK ch=5 v=0.2723
    OK ch=7 v=0.2498
    OK ch=1 v=0.2155
    OK ch=3 v=0.2481
    OK ch=7 v=0.2514
    OK ch=1 v=0.2393
    OK ch=3 v=0.2533
    OK ch=5 v=0.2737
    OK ch=7 v=0.2504
    OK ch=7 v=0.2516
    OK ch=1 v=0.2367
    OK ch=3 v=0.2484
    OK ch=5 v=0.2744
    OK ch=7 v=0.2507
    OK ch=1 v=0.2359
    OK ch=1 v=0.2247
    OK ch=3 v=0.2517
    OK ch=7 v=0.2514
    OK ch=1 v=0.2152
    OK ch=7 v=0.2519
    OK ch=1 v=0.2396
    OK ch=3 v=0.2549
    OK ch=5 v=0.2739
    OK ch=7 v=0.2495
    OK ch=1 v=0.2452
    OK ch=3 v=0.2529
    OK ch=7 v=0.2528
    OK ch=1 v=0.2245
    OK ch=3 v=0.2515
    OK ch=7 v=0.2506
    OK ch=1 v=0.2569
    OK ch=3 v=0.2541
    OK ch=1 v=0.2453
    OK ch=3 v=0.2558
    OK ch=7 v=0.2525
    OK ch=1 v=0.2180
    OK ch=3 v=0.2498
    OK ch=7 v=0.2518
    OK ch=1 v=0.2503
    OK ch=3 v=0.2552
    OK ch=5 v=0.2729
    OK ch=7 v=0.2525
    OK ch=1 v=0.2481
    OK ch=3 v=0.2606
    OK ch=7 v=0.2510
    OK ch=1 v=0.2413
    OK ch=3 v=0.2500
    OK ch=1 v=0.2192
    OK ch=3 v=0.2526
    OK ch=1 v=0.2287
    OK ch=3 v=0.2560
    OK ch=1 v=0.2165
    OK ch=3 v=0.2506
    OK ch=1 v=0.2435
    OK ch=1 v=0.2393
    OK ch=3 v=0.2486
    OK ch=7 v=0.2499
    OK ch=1 v=0.2129
    OK ch=5 v=0.2724
    OK ch=7 v=0.2484
    OK ch=1 v=0.2291
    OK ch=7 v=0.2512
    OK ch=1 v=0.2227
    OK ch=3 v=0.2475
    OK ch=7 v=0.2518
    OK ch=1 v=0.2312
    OK ch=3 v=0.2511
    OK ch=7 v=0.2507
    OK ch=1 v=0.2194
    OK ch=3 v=0.2528
    OK ch=5 v=0.2738
    OK ch=7 v=0.2529
    OK ch=1 v=0.2634
    OK ch=3 v=0.2618
    OK ch=1 v=0.2368
    OK ch=3 v=0.2551
    OK ch=5 v=0.2729
    OK ch=7 v=0.2513
    OK ch=1 v=0.2401
    OK ch=3 v=0.2566
    OK ch=1 v=0.2387
    OK ch=3 v=0.2551
    OK ch=1 v=0.2467
    OK ch=3 v=0.2576
    OK ch=5 v=0.2739
    OK ch=7 v=0.2468
    OK ch=1 v=0.2512
    OK ch=3 v=0.2554
    OK ch=5 v=0.2752
    OK ch=7 v=0.2514
    OK ch=1 v=0.2429
    OK ch=3 v=0.2518
    OK ch=7 v=0.2508
    OK ch=1 v=0.2348
    OK ch=3 v=0.2538
    OK ch=5 v=0.2740
    OK ch=1 v=0.2490
    OK ch=3 v=0.2516
    OK ch=5 v=0.2728
    OK ch=7 v=0.2520
    OK ch=1 v=0.2011
    OK ch=3 v=0.2435
    OK ch=5 v=0.2746
    OK ch=7 v=0.2496
    OK ch=1 v=0.2344
    OK ch=3 v=0.2560
    OK ch=5 v=0.2732
    OK ch=1 v=0.2159
    OK ch=3 v=0.2529
    OK ch=7 v=0.2513
    OK ch=1 v=0.2262
    OK ch=3 v=0.2571
    OK ch=1 v=0.2529
    OK ch=5 v=0.2725
    OK ch=1 v=0.2356
    OK ch=3 v=0.2508
    OK ch=7 v=0.2503
    OK ch=1 v=0.2327
    OK ch=3 v=0.2477
    OK ch=5 v=0.2748
    OK ch=1 v=0.2268
    OK ch=3 v=0.2485
    OK ch=7 v=0.2515
    OK ch=1 v=0.2421
    OK ch=3 v=0.2561
    OK ch=5 v=0.2740
    OK ch=7 v=0.2493
    OK ch=1 v=0.2517
    OK ch=3 v=0.2605
    OK ch=7 v=0.2506
    OK ch=1 v=0.2226
    OK ch=3 v=0.2557
    OK ch=5 v=0.2749
    OK ch=1 v=0.2292
    OK ch=3 v=0.2525
    OK ch=7 v=0.2512
    OK ch=1 v=0.2362
    OK ch=3 v=0.2518
    OK ch=5 v=0.2743
    OK ch=1 v=0.2581
    OK ch=3 v=0.2603
    OK ch=7 v=0.2536
    OK ch=1 v=0.2273
    OK ch=3 v=0.2568
    OK ch=1 v=0.2139
    OK ch=3 v=0.2504
    OK ch=5 v=0.2749
    OK ch=7 v=0.2530
    OK ch=1 v=0.2333
    OK ch=3 v=0.2514
    OK ch=5 v=0.2726
    OK ch=7 v=0.2520
    OK ch=5 v=0.2732
    OK ch=7 v=0.2502
    OK ch=3 v=0.2524
    OK ch=1 v=0.2448
    OK ch=3 v=0.2499
    OK ch=5 v=0.2721
    OK ch=7 v=0.2510
    OK ch=1 v=0.2721
    OK ch=3 v=0.2600
    OK ch=7 v=0.2481
    OK ch=1 v=0.2023
    OK ch=3 v=0.2466
    OK ch=7 v=0.2509
    OK ch=1 v=0.2168
    OK ch=5 v=0.2736
    OK ch=1 v=0.2322
    OK ch=3 v=0.2502
    OK ch=5 v=0.2720
    OK ch=1 v=0.2504
    OK ch=3 v=0.2549
    OK ch=5 v=0.2727
    OK ch=7 v=0.2483
    OK ch=1 v=0.2271
    OK ch=3 v=0.2473
    OK ch=5 v=0.2733
    OK ch=7 v=0.2512
    OK ch=1 v=0.2165
    OK ch=3 v=0.2483
    OK ch=5 v=0.2742
    OK ch=7 v=0.2529
    OK ch=1 v=0.2425
    OK ch=3 v=0.2609
    OK ch=5 v=0.2735
    OK ch=3 v=0.2566
    OK ch=5 v=0.2741
    OK ch=7 v=0.2521
    OK ch=1 v=0.2332
    OK ch=3 v=0.2522
    OK ch=5 v=0.2761
    OK ch=7 v=0.2505
    OK ch=1 v=0.2365
    OK ch=5 v=0.2729
    OK ch=7 v=0.2525
    OK ch=1 v=0.2523
    OK ch=3 v=0.2578
    OK ch=7 v=0.2512
    OK ch=1 v=0.2376
    OK ch=3 v=0.2588
    OK ch=1 v=0.2571
    OK ch=3 v=0.2555
    OK ch=1 v=0.2503
    OK ch=3 v=0.2516
    OK ch=1 v=0.2196
    OK ch=3 v=0.2457
    OK ch=5 v=0.2737
    OK ch=1 v=0.2140
    OK ch=3 v=0.2480
    OK ch=5 v=0.2751
    OK ch=7 v=0.2496
    OK ch=1 v=0.2291
    OK ch=3 v=0.2504
    OK ch=5 v=0.2729
    OK ch=7 v=0.2510
    OK ch=1 v=0.2447
    OK ch=3 v=0.2602
    OK ch=1 v=0.2343
    OK ch=3 v=0.2538
    OK ch=1 v=0.2376
    OK ch=7 v=0.2524
    OK ch=1 v=0.2208
    OK ch=3 v=0.2500
    OK ch=7 v=0.2514
    OK ch=1 v=0.2315
    OK ch=3 v=0.2483
    OK ch=5 v=0.2741
    OK ch=7 v=0.2485
    OK ch=1 v=0.2402
    OK ch=3 v=0.2544
    OK ch=5 v=0.2734
    OK ch=7 v=0.2510
    OK ch=1 v=0.2354
    OK ch=3 v=0.2563
    OK ch=7 v=0.2492
[   40.2s] DAMPING     ch0:LOCK g=-0.0300 bp=+0.002V ratio=0.04  ch1:LOCK g=-0.0300 bp=+0.003V ratio=0.03  ch2:LOCK g=+0.0100 bp=+0.004V ratio=0.01  ch3:LOCK g=-0.0300 bp=-0.004V ratio=0.01
    OK ch=1 v=0.2463
    OK ch=5 v=0.2741
    OK ch=7 v=0.2517
    OK ch=1 v=0.2315
    OK ch=3 v=0.2538
    OK ch=5 v=0.2754
    OK ch=7 v=0.2522
    OK ch=1 v=0.2462
    OK ch=3 v=0.2610
    OK ch=5 v=0.2742
    OK ch=7 v=0.2542
    OK ch=1 v=0.2189
    OK ch=3 v=0.2500
    OK ch=7 v=0.2510
    OK ch=1 v=0.2388
    OK ch=7 v=0.2492
    OK ch=1 v=0.2341
    OK ch=3 v=0.2493
    OK ch=7 v=0.2515
    OK ch=1 v=0.2232
    OK ch=5 v=0.2736
    OK ch=7 v=0.2521
    OK ch=1 v=0.2290
    OK ch=3 v=0.2527
    OK ch=1 v=0.2258
    OK ch=3 v=0.2548
    OK ch=1 v=0.2375
    OK ch=3 v=0.2541
    OK ch=5 v=0.2726
    OK ch=7 v=0.2490
    OK ch=1 v=0.2489
    OK ch=3 v=0.2548
    OK ch=5 v=0.2734
    OK ch=7 v=0.2500
    OK ch=1 v=0.2403
    OK ch=3 v=0.2532
    OK ch=7 v=0.2482
    OK ch=1 v=0.2228
    OK ch=5 v=0.2743
    OK ch=7 v=0.2511
    OK ch=1 v=0.2265
    OK ch=3 v=0.2481
    OK ch=5 v=0.2736
    OK ch=1 v=0.2299
    OK ch=3 v=0.2471
    OK ch=7 v=0.2495
    OK ch=1 v=0.2348
    OK ch=3 v=0.2511
    OK ch=7 v=0.2509
    OK ch=1 v=0.2388
    OK ch=3 v=0.2529
    OK ch=7 v=0.2489
    OK ch=1 v=0.2306
    OK ch=3 v=0.2548
    OK ch=7 v=0.2515
    OK ch=1 v=0.2455
    OK ch=3 v=0.2538
    OK ch=5 v=0.2742
    OK ch=7 v=0.2521
    OK ch=1 v=0.2444
    OK ch=3 v=0.2558
    OK ch=1 v=0.2328
    OK ch=5 v=0.2733
    OK ch=7 v=0.2529
    OK ch=1 v=0.2102
    OK ch=3 v=0.2479
    OK ch=7 v=0.2540
    OK ch=1 v=0.2353
    OK ch=3 v=0.2510
    OK ch=5 v=0.2725
    OK ch=7 v=0.2522
    OK ch=1 v=0.2545
    OK ch=3 v=0.2631
    OK ch=7 v=0.2513
    OK ch=1 v=0.2396
    OK ch=3 v=0.2567
    OK ch=5 v=0.2731
    OK ch=1 v=0.2404
    OK ch=3 v=0.2552
    OK ch=1 v=0.2268
    OK ch=3 v=0.2486
    OK ch=5 v=0.2750
    OK ch=1 v=0.2343
    OK ch=5 v=0.2725
    OK ch=1 v=0.2421
    OK ch=3 v=0.2517
    OK ch=1 v=0.2232
    OK ch=3 v=0.2495
    OK ch=5 v=0.2730
    OK ch=7 v=0.2521
    OK ch=1 v=0.2465
    OK ch=3 v=0.2537
    OK ch=5 v=0.2710
    OK ch=7 v=0.2509
    OK ch=1 v=0.2314
    OK ch=3 v=0.2544
    OK ch=5 v=0.2737
    OK ch=7 v=0.2530
    OK ch=1 v=0.2134
    OK ch=3 v=0.2483
    OK ch=7 v=0.2503
    OK ch=1 v=0.2352
    OK ch=3 v=0.2534
    OK ch=7 v=0.2475
    OK ch=1 v=0.2542
    OK ch=3 v=0.2607
    OK ch=7 v=0.2502
    OK ch=1 v=0.2251
    OK ch=3 v=0.2582
    OK ch=5 v=0.2749
    OK ch=7 v=0.2523
    OK ch=1 v=0.2435
    OK ch=3 v=0.2557
    OK ch=7 v=0.2512
    OK ch=1 v=0.2459
    OK ch=3 v=0.2532
    OK ch=5 v=0.2742
    OK ch=1 v=0.2478
    OK ch=3 v=0.2548
    OK ch=5 v=0.2732
    OK ch=7 v=0.2521
    OK ch=1 v=0.2200
    OK ch=3 v=0.2475
    OK ch=5 v=0.2743
    OK ch=1 v=0.2063
    OK ch=3 v=0.2439
    OK ch=5 v=0.2736
    OK ch=7 v=0.2505
    OK ch=1 v=0.2425
    OK ch=3 v=0.2523
    OK ch=5 v=0.2720
    OK ch=1 v=0.2536
    OK ch=3 v=0.2591
    OK ch=5 v=0.2735
    OK ch=1 v=0.2453
    OK ch=3 v=0.2569
    OK ch=5 v=0.2745
    OK ch=7 v=0.2494
    OK ch=1 v=0.2300
    OK ch=3 v=0.2527
    OK ch=7 v=0.2509
    OK ch=1 v=0.2403
    OK ch=3 v=0.2532
    OK ch=5 v=0.2740
    OK ch=7 v=0.2501
    OK ch=1 v=0.2492
    OK ch=3 v=0.2556
    OK ch=7 v=0.2514
    OK ch=1 v=0.2079
    OK ch=3 v=0.2457
    OK ch=5 v=0.2753
    OK ch=7 v=0.2504
    OK ch=1 v=0.2278
    OK ch=3 v=0.2508
    OK ch=5 v=0.2741
    OK ch=7 v=0.2527
    OK ch=1 v=0.2202
    OK ch=3 v=0.2551
    OK ch=5 v=0.2730
    OK ch=7 v=0.2514
    OK ch=1 v=0.2318
    OK ch=3 v=0.2564
    OK ch=5 v=0.2711
    OK ch=1 v=0.2472
    OK ch=3 v=0.2605
    OK ch=5 v=0.2729
    OK ch=7 v=0.2485
    OK ch=1 v=0.2304
    OK ch=3 v=0.2539
    OK ch=5 v=0.2742
    OK ch=7 v=0.2512
    OK ch=1 v=0.2480
    OK ch=3 v=0.2501
    OK ch=5 v=0.2736
    OK ch=7 v=0.2505
    OK ch=1 v=0.2464
    OK ch=3 v=0.2527
    OK ch=5 v=0.2741
    OK ch=7 v=0.2529
    OK ch=1 v=0.2312
    OK ch=3 v=0.2545
    OK ch=7 v=0.2514
    OK ch=1 v=0.2402
    OK ch=3 v=0.2562
    OK ch=1 v=0.2270
    OK ch=3 v=0.2526
    OK ch=7 v=0.2498
    OK ch=1 v=0.2509
    OK ch=3 v=0.2568
    OK ch=5 v=0.2729
    OK ch=7 v=0.2520
    OK ch=1 v=0.2166
    OK ch=3 v=0.2540
    OK ch=1 v=0.2172
    OK ch=3 v=0.2509
    OK ch=7 v=0.2495
    OK ch=1 v=0.2479
    OK ch=3 v=0.2528
    OK ch=7 v=0.2479
    OK ch=1 v=0.2241
    OK ch=3 v=0.2461
    OK ch=7 v=0.2496
    OK ch=1 v=0.2465
    OK ch=3 v=0.2514
    OK ch=5 v=0.2717
    OK ch=7 v=0.2505
    OK ch=1 v=0.2332
    OK ch=3 v=0.2464
    OK ch=5 v=0.2723
    OK ch=7 v=0.2498
    OK ch=1 v=0.2466
    OK ch=3 v=0.2575
    OK ch=5 v=0.2730
    OK ch=7 v=0.2525
    OK ch=1 v=0.2387
    OK ch=3 v=0.2592
    OK ch=5 v=0.2740
    OK ch=7 v=0.2548
    OK ch=1 v=0.2368
    OK ch=3 v=0.2504
    OK ch=5 v=0.2734
    OK ch=7 v=0.2492
    OK ch=1 v=0.2111
    OK ch=3 v=0.2486
    OK ch=5 v=0.2753
    OK ch=7 v=0.2523
    OK ch=1 v=0.2463
    OK ch=3 v=0.2570
    OK ch=5 v=0.2736
    OK ch=7 v=0.2512
    OK ch=1 v=0.2071
    OK ch=3 v=0.2503
    OK ch=7 v=0.2497
    OK ch=1 v=0.2435
    OK ch=3 v=0.2559
    OK ch=5 v=0.2731
    OK ch=7 v=0.2510
    OK ch=1 v=0.2512
    OK ch=3 v=0.2587
    OK ch=5 v=0.2743
    OK ch=1 v=0.2217
    OK ch=3 v=0.2504
    OK ch=7 v=0.2501
    OK ch=1 v=0.2260
    OK ch=5 v=0.2726
    OK ch=7 v=0.2513
    OK ch=1 v=0.2443
    OK ch=3 v=0.2560
    OK ch=1 v=0.2375
    OK ch=3 v=0.2509
    OK ch=5 v=0.2740
    OK ch=7 v=0.2491
    OK ch=1 v=0.2436
    OK ch=5 v=0.2749
    OK ch=7 v=0.2513
    OK ch=1 v=0.2555
    OK ch=3 v=0.2543
    OK ch=7 v=0.2505
    OK ch=1 v=0.2502
    OK ch=3 v=0.2560
    OK ch=5 v=0.2734
    OK ch=1 v=0.2343
    OK ch=3 v=0.2568
    OK ch=7 v=0.2518
    OK ch=1 v=0.2076
    OK ch=3 v=0.2487
    OK ch=5 v=0.2750
    OK ch=7 v=0.2507
    OK ch=3 v=0.2473
    OK ch=7 v=0.2518
    OK ch=1 v=0.2393
    OK ch=3 v=0.2518
    OK ch=5 v=0.2731
    OK ch=7 v=0.2530
    OK ch=1 v=0.2373
    OK ch=3 v=0.2563
    OK ch=7 v=0.2492
    OK ch=1 v=0.2546
    OK ch=3 v=0.2552
    OK ch=5 v=0.2716
    OK ch=7 v=0.2502
    OK ch=1 v=0.2312
    OK ch=3 v=0.2507
    OK ch=5 v=0.2734
    OK ch=7 v=0.2508
    OK ch=1 v=0.2538
    OK ch=3 v=0.2613
    OK ch=1 v=0.2070
    OK ch=3 v=0.2499
    OK ch=5 v=0.2745
    OK ch=7 v=0.2523
    OK ch=1 v=0.2423
    OK ch=7 v=0.2511
    OK ch=1 v=0.2329
    OK ch=3 v=0.2526
    OK ch=1 v=0.2408
    OK ch=3 v=0.2514
    OK ch=5 v=0.2733
    OK ch=1 v=0.2250
    OK ch=3 v=0.2540
    OK ch=7 v=0.2485
    OK ch=1 v=0.2443
    OK ch=3 v=0.2568
    OK ch=5 v=0.2752
    OK ch=7 v=0.2499
    OK ch=1 v=0.2222
    OK ch=3 v=0.2538
    OK ch=5 v=0.2731
    OK ch=7 v=0.2518
    OK ch=1 v=0.2337
    OK ch=1 v=0.2283
    OK ch=5 v=0.2724
    OK ch=7 v=0.2529
    OK ch=1 v=0.2385
    OK ch=5 v=0.2712
    OK ch=7 v=0.2505
    OK ch=1 v=0.2329
    OK ch=3 v=0.2547
    OK ch=5 v=0.2731
    OK ch=7 v=0.2525
    OK ch=1 v=0.2534
    OK ch=3 v=0.2555
    OK ch=7 v=0.2536
    OK ch=1 v=0.2303
    OK ch=3 v=0.2525
    OK ch=5 v=0.2740
    OK ch=7 v=0.2506
    OK ch=1 v=0.2095
    OK ch=3 v=0.2485
    OK ch=7 v=0.2500
    OK ch=1 v=0.2185
    OK ch=3 v=0.2504
    OK ch=5 v=0.2720
    OK ch=7 v=0.2514
    OK ch=1 v=0.2562
    OK ch=3 v=0.2520
    OK ch=5 v=0.2728
    OK ch=7 v=0.2527
    OK ch=1 v=0.2428
    OK ch=3 v=0.2528
    OK ch=5 v=0.2739
    OK ch=7 v=0.2499
    OK ch=1 v=0.2376
    OK ch=3 v=0.2567
    OK ch=5 v=0.2746
    OK ch=7 v=0.2509
    OK ch=1 v=0.2345
    OK ch=3 v=0.2527
    OK ch=7 v=0.2500
    OK ch=1 v=0.2519
    OK ch=3 v=0.2581
    OK ch=5 v=0.2740
    OK ch=7 v=0.2525
    OK ch=1 v=0.2078
    OK ch=3 v=0.2506
    OK ch=5 v=0.2730
    OK ch=7 v=0.2513
    OK ch=1 v=0.2212
    OK ch=3 v=0.2478
    OK ch=1 v=0.2445
    OK ch=3 v=0.2496
    OK ch=1 v=0.2590
    OK ch=3 v=0.2557
    OK ch=1 v=0.2440
    OK ch=3 v=0.2586
    OK ch=5 v=0.2740
    OK ch=7 v=0.2485
    OK ch=1 v=0.2532
    OK ch=3 v=0.2553
    OK ch=5 v=0.2747
    OK ch=1 v=0.2457
    OK ch=3 v=0.2529
    OK ch=5 v=0.2737
    OK ch=7 v=0.2518
    OK ch=1 v=0.2268
    OK ch=3 v=0.2559
    OK ch=7 v=0.2511
    OK ch=1 v=0.2251
    OK ch=3 v=0.2521
    OK ch=5 v=0.2753
    OK ch=7 v=0.2522
    OK ch=1 v=0.2199
    OK ch=3 v=0.2504
    OK ch=5 v=0.2738
    OK ch=7 v=0.2509
    OK ch=1 v=0.2477
    OK ch=3 v=0.2546
    OK ch=5 v=0.2727
    OK ch=7 v=0.2496
    OK ch=1 v=0.2379
    OK ch=3 v=0.2560
    OK ch=5 v=0.2722
    OK ch=7 v=0.2522
    OK ch=1 v=0.2395
    OK ch=3 v=0.2506
    OK ch=1 v=0.2388
    OK ch=3 v=0.2572
    OK ch=5 v=0.2737
    OK ch=1 v=0.2289
    OK ch=3 v=0.2523
    OK ch=5 v=0.2742
    OK ch=7 v=0.2504
    OK ch=1 v=0.2277
    OK ch=3 v=0.2503
    OK ch=7 v=0.2514
    OK ch=1 v=0.2452
    OK ch=3 v=0.2557
    OK ch=1 v=0.2222
    OK ch=3 v=0.2517
    OK ch=5 v=0.2731
    OK ch=7 v=0.2502
    OK ch=1 v=0.2238
    OK ch=7 v=0.2489
    OK ch=1 v=0.2511
    OK ch=3 v=0.2571
    OK ch=5 v=0.2738
    OK ch=7 v=0.2514
    OK ch=1 v=0.2489
    OK ch=3 v=0.2620
    OK ch=7 v=0.2522
    OK ch=1 v=0.2397
    OK ch=3 v=0.2533
    OK ch=7 v=0.2508
    OK ch=1 v=0.2323
    OK ch=3 v=0.2520
    OK ch=7 v=0.2517
    OK ch=1 v=0.2214
    OK ch=3 v=0.2483
    OK ch=7 v=0.2505
    OK ch=1 v=0.2240
    OK ch=3 v=0.2477
    OK ch=5 v=0.2752
    OK ch=7 v=0.2516
    OK ch=1 v=0.2382
    OK ch=3 v=0.2543
    OK ch=5 v=0.2741
    OK ch=1 v=0.2459
    OK ch=3 v=0.2551
[   45.2s] DAMPING     ch0:LOCK g=-0.0300 bp=+0.012V ratio=0.04  ch1:LOCK g=-0.0300 bp=+0.003V ratio=0.02  ch2:LOCK g=+0.0100 bp=-0.006V ratio=0.00  ch3:LOCK g=-0.0300 bp=+0.002V ratio=0.01
    OK ch=1 v=0.2316
    OK ch=3 v=0.2515
    OK ch=5 v=0.2736
    OK ch=7 v=0.2489
    OK ch=1 v=0.2303
    OK ch=3 v=0.2532
    OK ch=5 v=0.2720
    OK ch=7 v=0.2511
    OK ch=1 v=0.2249
    OK ch=3 v=0.2524
    OK ch=5 v=0.2736
    OK ch=1 v=0.2545
    OK ch=3 v=0.2549
    OK ch=7 v=0.2490
    OK ch=1 v=0.2538
    OK ch=3 v=0.2562
    OK ch=5 v=0.2752
    OK ch=7 v=0.2502
    OK ch=1 v=0.2293
    OK ch=3 v=0.2532
    OK ch=7 v=0.2520
    OK ch=1 v=0.2115
    OK ch=3 v=0.2465
    OK ch=5 v=0.2738
    OK ch=7 v=0.2509
    OK ch=1 v=0.2345
    OK ch=3 v=0.2544
    OK ch=5 v=0.2728
    OK ch=7 v=0.2518
    OK ch=1 v=0.2496
    OK ch=3 v=0.2578
    OK ch=7 v=0.2506
    OK ch=3 v=0.2548
    OK ch=5 v=0.2744
    OK ch=1 v=0.2168
    OK ch=3 v=0.2491
    OK ch=7 v=0.2517
    OK ch=1 v=0.2294
    OK ch=3 v=0.2540
    OK ch=5 v=0.2730
    OK ch=7 v=0.2532
    OK ch=1 v=0.2460
    OK ch=3 v=0.2549
    OK ch=5 v=0.2718
    OK ch=7 v=0.2516
    OK ch=1 v=0.2285
    OK ch=3 v=0.2474
    OK ch=5 v=0.2730
    OK ch=7 v=0.2499
    OK ch=1 v=0.2238
    OK ch=3 v=0.2515
    OK ch=5 v=0.2722
    OK ch=7 v=0.2534
    OK ch=1 v=0.2212
    OK ch=3 v=0.2496
    OK ch=5 v=0.2733
    OK ch=7 v=0.2509
    OK ch=1 v=0.2423
    OK ch=3 v=0.2542
    OK ch=7 v=0.2516
    OK ch=1 v=0.2349
    OK ch=3 v=0.2573
    OK ch=5 v=0.2726
    OK ch=1 v=0.2310
    OK ch=3 v=0.2558
    OK ch=5 v=0.2741
    OK ch=7 v=0.2489
    OK ch=1 v=0.2184
    OK ch=3 v=0.2487
    OK ch=7 v=0.2513
    OK ch=1 v=0.2550
    OK ch=3 v=0.2585
    OK ch=5 v=0.2729
    OK ch=7 v=0.2504
    OK ch=1 v=0.2378
    OK ch=3 v=0.2553
    OK ch=5 v=0.2737
    OK ch=1 v=0.2389
    OK ch=5 v=0.2731
    OK ch=7 v=0.2518
    OK ch=1 v=0.2142
    OK ch=3 v=0.2499
    OK ch=5 v=0.2757
    OK ch=7 v=0.2495
    OK ch=1 v=0.2259
    OK ch=5 v=0.2747
    OK ch=7 v=0.2519
    OK ch=1 v=0.2587
    OK ch=3 v=0.2581
    OK ch=5 v=0.2741
    OK ch=7 v=0.2485
    OK ch=1 v=0.2620
    OK ch=7 v=0.2498
    OK ch=1 v=0.2311
    OK ch=3 v=0.2465
    OK ch=7 v=0.2515
    OK ch=1 v=0.2020
    OK ch=3 v=0.2455
    OK ch=7 v=0.2532
    OK ch=1 v=0.2275
    OK ch=3 v=0.2546
    OK ch=7 v=0.2507
    OK ch=1 v=0.2219
    OK ch=3 v=0.2506
    OK ch=5 v=0.2729
    OK ch=7 v=0.2501
    OK ch=1 v=0.2443
    OK ch=3 v=0.2530
    OK ch=7 v=0.2515
    OK ch=1 v=0.2390
    OK ch=3 v=0.2512
    OK ch=5 v=0.2735
    OK ch=7 v=0.2504
    OK ch=3 v=0.2523
    OK ch=1 v=0.2486
    OK ch=3 v=0.2584
    OK ch=5 v=0.2741
    OK ch=7 v=0.2525
    OK ch=1 v=0.2454
    OK ch=3 v=0.2544
    OK ch=5 v=0.2735
    OK ch=1 v=0.2285
    OK ch=3 v=0.2510
    OK ch=5 v=0.2748
    OK ch=1 v=0.2179
    OK ch=7 v=0.2501
    OK ch=1 v=0.2370
    OK ch=3 v=0.2618
    OK ch=5 v=0.2737
    OK ch=7 v=0.2485
    OK ch=1 v=0.2389
    OK ch=3 v=0.2559
    OK ch=5 v=0.2727
    OK ch=7 v=0.2499
    OK ch=1 v=0.2612
    OK ch=3 v=0.2538
    OK ch=5 v=0.2747
    OK ch=7 v=0.2518
    OK ch=1 v=0.2427
    OK ch=3 v=0.2543
    OK ch=5 v=0.2721
    OK ch=7 v=0.2530
    OK ch=1 v=0.2357
    OK ch=7 v=0.2513
    OK ch=1 v=0.2202
    OK ch=3 v=0.2479
    OK ch=7 v=0.2521
    OK ch=1 v=0.2286
    OK ch=3 v=0.2519
    OK ch=5 v=0.2727
    OK ch=7 v=0.2485
    OK ch=1 v=0.2119
    OK ch=3 v=0.2487
    OK ch=5 v=0.2739
    OK ch=7 v=0.2497
    OK ch=1 v=0.2474
    OK ch=3 v=0.2568
    OK ch=5 v=0.2722
    OK ch=7 v=0.2515
    OK ch=1 v=0.2404
    OK ch=3 v=0.2559
    OK ch=5 v=0.2712
    OK ch=7 v=0.2529
    OK ch=1 v=0.2370
    OK ch=3 v=0.2536
    OK ch=5 v=0.2728
    OK ch=7 v=0.2513
    OK ch=1 v=0.2389
    OK ch=3 v=0.2576
    OK ch=5 v=0.2735
    OK ch=7 v=0.2520
    OK ch=1 v=0.2087
    OK ch=3 v=0.2473
    OK ch=5 v=0.2749
    OK ch=7 v=0.2506
    OK ch=1 v=0.2499
    OK ch=3 v=0.2556
    OK ch=5 v=0.2734
    OK ch=7 v=0.2527
    OK ch=1 v=0.2117
    OK ch=3 v=0.2517
    OK ch=5 v=0.2751
    OK ch=7 v=0.2501
    OK ch=1 v=0.2692
    OK ch=3 v=0.2608
    OK ch=7 v=0.2511
    OK ch=1 v=0.2390
    OK ch=3 v=0.2545
    OK ch=5 v=0.2735
    OK ch=7 v=0.2500
    OK ch=1 v=0.2346
    OK ch=3 v=0.2512
    OK ch=5 v=0.2742
    OK ch=7 v=0.2489
    OK ch=1 v=0.2302
    OK ch=3 v=0.2500
    OK ch=7 v=0.2507
    OK ch=1 v=0.2390
    OK ch=3 v=0.2519
    OK ch=7 v=0.2523
    OK ch=1 v=0.2457
    OK ch=3 v=0.2575
    OK ch=7 v=0.2511
    OK ch=1 v=0.2200
    OK ch=3 v=0.2516
    OK ch=5 v=0.2754
    OK ch=1 v=0.2175
    OK ch=1 v=0.2276
    OK ch=3 v=0.2510
    OK ch=5 v=0.2736
    OK ch=7 v=0.2498
    OK ch=1 v=0.2506
    OK ch=3 v=0.2548
    OK ch=5 v=0.2723
    OK ch=7 v=0.2485
    OK ch=1 v=0.2604
    OK ch=3 v=0.2537
    OK ch=7 v=0.2516
    OK ch=1 v=0.2309
    OK ch=3 v=0.2522
    OK ch=7 v=0.2508
    OK ch=1 v=0.2027
    OK ch=3 v=0.2485
    OK ch=5 v=0.2739
    OK ch=7 v=0.2519
    OK ch=1 v=0.2199
    OK ch=3 v=0.2518
    OK ch=5 v=0.2723
    OK ch=7 v=0.2484
    OK ch=1 v=0.2624
    OK ch=3 v=0.2553
    OK ch=7 v=0.2511
    OK ch=1 v=0.2349
    OK ch=3 v=0.2542
    OK ch=5 v=0.2744
    OK ch=7 v=0.2505
    OK ch=1 v=0.2308
    OK ch=3 v=0.2606
    OK ch=5 v=0.2732
    OK ch=7 v=0.2529
    OK ch=1 v=0.2418
    OK ch=3 v=0.2567
    OK ch=5 v=0.2720
    OK ch=1 v=0.2251
    OK ch=3 v=0.2500
    OK ch=5 v=0.2736
    OK ch=1 v=0.2444
    OK ch=3 v=0.2517
    OK ch=7 v=0.2503
    OK ch=1 v=0.2397
    OK ch=3 v=0.2560
    OK ch=7 v=0.2523
    OK ch=1 v=0.2274
    OK ch=3 v=0.2514
    OK ch=7 v=0.2512
    OK ch=1 v=0.2262
    OK ch=3 v=0.2531
    OK ch=5 v=0.2727
    OK ch=7 v=0.2520
    OK ch=1 v=0.2301
    OK ch=3 v=0.2546
    OK ch=5 v=0.2715
    OK ch=1 v=0.2227
    OK ch=3 v=0.2521
    OK ch=5 v=0.2732
    OK ch=7 v=0.2503
    OK ch=1 v=0.2291
    OK ch=3 v=0.2483
    OK ch=5 v=0.2726
    OK ch=7 v=0.2513
    OK ch=1 v=0.2410
    OK ch=3 v=0.2494
    OK ch=7 v=0.2478
    OK ch=1 v=0.2155
    OK ch=3 v=0.2461
    OK ch=5 v=0.2732
    OK ch=7 v=0.2493
    OK ch=1 v=0.2419
    OK ch=3 v=0.2541
    OK ch=5 v=0.2741
    OK ch=7 v=0.2504
    OK ch=1 v=0.2326
    OK ch=5 v=0.2765
    OK ch=7 v=0.2497
    OK ch=1 v=0.2320
    OK ch=3 v=0.2505
    OK ch=5 v=0.2758
    OK ch=7 v=0.2524
    OK ch=1 v=0.2312
    OK ch=3 v=0.2555
    OK ch=5 v=0.2740
    OK ch=1 v=0.2396
    OK ch=3 v=0.2535
    OK ch=7 v=0.2510
    OK ch=1 v=0.2455
    OK ch=3 v=0.2578
    OK ch=7 v=0.2518
    OK ch=1 v=0.2466
    OK ch=3 v=0.2552
    OK ch=7 v=0.2506
    OK ch=1 v=0.2293
    OK ch=3 v=0.2540
    OK ch=5 v=0.2747
    OK ch=7 v=0.2492
    OK ch=1 v=0.2375
    OK ch=3 v=0.2569
    OK ch=7 v=0.2507
    OK ch=1 v=0.2359
    OK ch=3 v=0.2503
    OK ch=5 v=0.2732
    OK ch=7 v=0.2523
    OK ch=1 v=0.2225
    OK ch=3 v=0.2533
    OK ch=7 v=0.2511
    OK ch=1 v=0.2175
    OK ch=3 v=0.2478
    OK ch=5 v=0.2718
    OK ch=1 v=0.2597
    OK ch=3 v=0.2503
    OK ch=5 v=0.2727
    OK ch=7 v=0.2496
    OK ch=1 v=0.2499
    OK ch=3 v=0.2509
    OK ch=7 v=0.2522
    OK ch=1 v=0.2438
    OK ch=3 v=0.2530
    OK ch=5 v=0.2736
    OK ch=7 v=0.2512
    OK ch=1 v=0.2226
    OK ch=7 v=0.2520
    OK ch=1 v=0.2365
    OK ch=3 v=0.2575
    OK ch=5 v=0.2746
    OK ch=1 v=0.2276
    OK ch=3 v=0.2521
    OK ch=5 v=0.2725
    OK ch=7 v=0.2505
    OK ch=1 v=0.2374
    OK ch=3 v=0.2547
    OK ch=5 v=0.2731
    OK ch=7 v=0.2514
    OK ch=1 v=0.2315
    OK ch=3 v=0.2536
    OK ch=1 v=0.2121
    OK ch=3 v=0.2545
    OK ch=7 v=0.2525
    OK ch=1 v=0.2233
    OK ch=7 v=0.2500
    OK ch=1 v=0.2638
    OK ch=3 v=0.2600
    OK ch=5 v=0.2715
    OK ch=7 v=0.2508
    OK ch=1 v=0.2504
    OK ch=3 v=0.2558
    OK ch=5 v=0.2727
    OK ch=1 v=0.2375
    OK ch=3 v=0.2506
    OK ch=5 v=0.2733
    OK ch=7 v=0.2499
    OK ch=1 v=0.2425
    OK ch=3 v=0.2560
    OK ch=5 v=0.2742
    OK ch=1 v=0.2290
    OK ch=3 v=0.2501
    OK ch=7 v=0.2528
    OK ch=1 v=0.2226
    OK ch=3 v=0.2484
    OK ch=1 v=0.2507
    OK ch=3 v=0.2560
    OK ch=5 v=0.2725
    OK ch=7 v=0.2502
    OK ch=1 v=0.2264
    OK ch=3 v=0.2517
    OK ch=5 v=0.2750
    OK ch=7 v=0.2507
    OK ch=1 v=0.2307
    OK ch=7 v=0.2474
    OK ch=1 v=0.2501
    OK ch=3 v=0.2577
    OK ch=5 v=0.2744
    OK ch=7 v=0.2522
    OK ch=1 v=0.2351
    OK ch=3 v=0.2536
    OK ch=7 v=0.2512
    OK ch=1 v=0.2488
    OK ch=3 v=0.2575
    OK ch=5 v=0.2735
    OK ch=1 v=0.2363
    OK ch=3 v=0.2513
    OK ch=7 v=0.2521
    OK ch=1 v=0.2170
    OK ch=3 v=0.2478
    OK ch=5 v=0.2744
    OK ch=7 v=0.2497
    OK ch=1 v=0.2314
    OK ch=3 v=0.2524
    OK ch=5 v=0.2735
    OK ch=7 v=0.2520
    OK ch=1 v=0.2494
    OK ch=3 v=0.2583
    OK ch=7 v=0.2509
    OK ch=1 v=0.2151
    OK ch=3 v=0.2484
    OK ch=5 v=0.2725
    OK ch=1 v=0.2392
    OK ch=3 v=0.2558
    OK ch=7 v=0.2532
    OK ch=1 v=0.2283
    OK ch=3 v=0.2545
    OK ch=5 v=0.2742
    OK ch=7 v=0.2520
    OK ch=1 v=0.2597
    OK ch=3 v=0.2561
    OK ch=7 v=0.2501
    OK ch=1 v=0.2268
    OK ch=3 v=0.2555
    OK ch=7 v=0.2524
    OK ch=1 v=0.2145
    OK ch=3 v=0.2487
    OK ch=5 v=0.2728
    OK ch=7 v=0.2502
    OK ch=1 v=0.2432
    OK ch=3 v=0.2544
    OK ch=1 v=0.2553
    OK ch=3 v=0.2517
    OK ch=5 v=0.2736
    OK ch=1 v=0.2685
    OK ch=3 v=0.2595
    OK ch=5 v=0.2726
    OK ch=7 v=0.2516
    OK ch=1 v=0.2081
    OK ch=3 v=0.2509
    OK ch=5 v=0.2734
    OK ch=7 v=0.2506
    OK ch=1 v=0.2317
    OK ch=3 v=0.2547
    OK ch=7 v=0.2529
    OK ch=1 v=0.2515
    OK ch=7 v=0.2516
    OK ch=1 v=0.2400
    OK ch=3 v=0.2475
    OK ch=5 v=0.2727
[   50.2s] DAMPING     ch0:LOCK g=-0.0300 bp=+0.027V ratio=0.04  ch1:LOCK g=-0.0300 bp=+0.001V ratio=0.02  ch2:LOCK g=+0.0100 bp=+0.006V ratio=0.01  ch3:LOCK g=-0.0300 bp=+0.002V ratio=0.01
    OK ch=1 v=0.2417
    OK ch=3 v=0.2513
    OK ch=5 v=0.2735
    OK ch=7 v=0.2497
    OK ch=1 v=0.2207
    OK ch=3 v=0.2506
    OK ch=7 v=0.2487
    OK ch=1 v=0.2377
    OK ch=3 v=0.2561
    OK ch=7 v=0.2516
    OK ch=1 v=0.2238
    OK ch=3 v=0.2481
    OK ch=5 v=0.2741
    OK ch=1 v=0.2265
    OK ch=3 v=0.2503
    OK ch=5 v=0.2728
    OK ch=7 v=0.2531
    OK ch=1 v=0.2408
    OK ch=3 v=0.2531
    OK ch=7 v=0.2514
    OK ch=1 v=0.2491
    OK ch=3 v=0.2586
    OK ch=5 v=0.2738
    OK ch=7 v=0.2497
    OK ch=1 v=0.2389
    OK ch=3 v=0.2568
    OK ch=7 v=0.2486
    OK ch=1 v=0.2297
    OK ch=3 v=0.2554
    OK ch=5 v=0.2751
    OK ch=7 v=0.2527
    OK ch=1 v=0.2384
    OK ch=3 v=0.2507
    OK ch=7 v=0.2508
    OK ch=1 v=0.2294
    OK ch=3 v=0.2529
    OK ch=1 v=0.2282
    OK ch=3 v=0.2511
    OK ch=5 v=0.2746
    OK ch=7 v=0.2529
    OK ch=1 v=0.2210
    OK ch=3 v=0.2490
    OK ch=5 v=0.2731
    OK ch=7 v=0.2519
    OK ch=1 v=0.2539
    OK ch=3 v=0.2595
    OK ch=7 v=0.2514
    OK ch=1 v=0.2368
    OK ch=3 v=0.2513
    OK ch=5 v=0.2742
    OK ch=7 v=0.2499
    OK ch=1 v=0.2147
    OK ch=3 v=0.2536
    OK ch=7 v=0.2523
    OK ch=1 v=0.2353
    OK ch=3 v=0.2515
    OK ch=5 v=0.2725
    OK ch=7 v=0.2512
    OK ch=1 v=0.2465
    OK ch=3 v=0.2563
    OK ch=1 v=0.2455
    OK ch=3 v=0.2554
    OK ch=7 v=0.2496
    OK ch=1 v=0.2290
    OK ch=3 v=0.2533
    OK ch=5 v=0.2717
    OK ch=1 v=0.2204
    OK ch=3 v=0.2467
    OK ch=7 v=0.2523
    OK ch=1 v=0.2355
    OK ch=3 v=0.2492
    OK ch=5 v=0.2734
    OK ch=7 v=0.2515
    OK ch=1 v=0.2312
    OK ch=3 v=0.2514
    OK ch=1 v=0.2671
    OK ch=3 v=0.2614
    OK ch=5 v=0.2739
    OK ch=7 v=0.2522
    OK ch=1 v=0.2492
    OK ch=3 v=0.2577
    OK ch=5 v=0.2732
    OK ch=7 v=0.2498
    OK ch=1 v=0.2462
    OK ch=3 v=0.2565
    OK ch=5 v=0.2739
    OK ch=7 v=0.2510
    OK ch=1 v=0.2271
    OK ch=3 v=0.2550
    OK ch=5 v=0.2745
    OK ch=7 v=0.2524
    OK ch=1 v=0.2178
    OK ch=3 v=0.2504
    OK ch=5 v=0.2736
    OK ch=1 v=0.2159
    OK ch=3 v=0.2454
    OK ch=7 v=0.2505
    OK ch=1 v=0.2317
    OK ch=3 v=0.2523
    OK ch=7 v=0.2466
    OK ch=1 v=0.2513
    OK ch=7 v=0.2504
    OK ch=1 v=0.2408
    OK ch=3 v=0.2533
    OK ch=7 v=0.2527
    OK ch=1 v=0.2220
    OK ch=3 v=0.2515
    OK ch=5 v=0.2727
    OK ch=7 v=0.2507
    OK ch=1 v=0.2327
    OK ch=3 v=0.2553
    OK ch=7 v=0.2538
    OK ch=1 v=0.2440
    OK ch=3 v=0.2531
    OK ch=5 v=0.2738
    OK ch=7 v=0.2525
    OK ch=1 v=0.2321
    OK ch=5 v=0.2746
    OK ch=7 v=0.2492
    OK ch=1 v=0.2273
    OK ch=3 v=0.2492
    OK ch=5 v=0.2737
    OK ch=1 v=0.2406
    OK ch=3 v=0.2545
    OK ch=7 v=0.2509
    OK ch=1 v=0.2196
    OK ch=3 v=0.2578
    OK ch=5 v=0.2727
    OK ch=1 v=0.2287
    OK ch=3 v=0.2514
    OK ch=5 v=0.2746
    OK ch=7 v=0.2502
    OK ch=1 v=0.2313
    OK ch=3 v=0.2551
    OK ch=5 v=0.2740
    OK ch=7 v=0.2514
    OK ch=1 v=0.2372
    OK ch=3 v=0.2494
    OK ch=7 v=0.2503
    OK ch=1 v=0.2537
    OK ch=3 v=0.2542
    OK ch=7 v=0.2480
    OK ch=1 v=0.2362
    OK ch=3 v=0.2600
    OK ch=7 v=0.2506
    OK ch=3 v=0.2572
    OK ch=7 v=0.2539
    OK ch=1 v=0.2268
    OK ch=3 v=0.2534
    OK ch=5 v=0.2746
    OK ch=5 v=0.2738
    OK ch=1 v=0.2166
    OK ch=3 v=0.2480
    OK ch=7 v=0.2511
    OK ch=1 v=0.2395
    OK ch=3 v=0.2498
    OK ch=1 v=0.2800
    OK ch=3 v=0.2591
    OK ch=5 v=0.2747
    OK ch=1 v=0.2470
    OK ch=3 v=0.2498
    OK ch=5 v=0.2734
    OK ch=7 v=0.2495
    OK ch=1 v=0.2505
    OK ch=3 v=0.2558
    OK ch=7 v=0.2487
    OK ch=1 v=0.2315
    OK ch=3 v=0.2573
    OK ch=5 v=0.2739
    OK ch=7 v=0.2528
    OK ch=1 v=0.2056
    OK ch=3 v=0.2479
    OK ch=7 v=0.2520
    OK ch=1 v=0.2122
    OK ch=3 v=0.2428
    OK ch=5 v=0.2732
    OK ch=1 v=0.2293
    OK ch=3 v=0.2566
    OK ch=5 v=0.2718
    OK ch=1 v=0.2282
    OK ch=3 v=0.2531
    OK ch=7 v=0.2511
    OK ch=1 v=0.2424
    OK ch=3 v=0.2559
    OK ch=7 v=0.2518
    OK ch=1 v=0.2358
    OK ch=3 v=0.2475
    OK ch=5 v=0.2726
    OK ch=7 v=0.2494
    OK ch=1 v=0.2343
    OK ch=3 v=0.2545
    OK ch=7 v=0.2516
    OK ch=1 v=0.2501
    OK ch=3 v=0.2592
    OK ch=7 v=0.2507
    OK ch=1 v=0.2447
    OK ch=3 v=0.2537
    OK ch=5 v=0.2742
    OK ch=7 v=0.2517
    OK ch=1 v=0.2514
    OK ch=3 v=0.2558
    OK ch=7 v=0.2505
    OK ch=1 v=0.2347
    OK ch=3 v=0.2542
    OK ch=7 v=0.2492
    OK ch=1 v=0.2181
    OK ch=3 v=0.2522
    OK ch=5 v=0.2753
    OK ch=7 v=0.2518
    OK ch=1 v=0.2198
    OK ch=1 v=0.2276
    OK ch=3 v=0.2511
    OK ch=5 v=0.2746
    OK ch=7 v=0.2511
    OK ch=1 v=0.2455
    OK ch=3 v=0.2501
    OK ch=7 v=0.2504
    OK ch=1 v=0.2440
    OK ch=3 v=0.2557

>>> KICK 1/3 REQUESTED at t=55.0s <<<

    OK ch=5 v=0.2722
    OK ch=3 v=0.2569
    OK ch=5 v=0.2729
    OK ch=1 v=0.2356
    OK ch=3 v=0.2563
    OK ch=1 v=0.2392
    OK ch=3 v=0.2508
    OK ch=7 v=0.2497
    OK ch=1 v=0.2423
    OK ch=3 v=0.2542
    OK ch=5 v=0.2736
    OK ch=7 v=0.2509
    OK ch=1 v=0.2260
    OK ch=3 v=0.2523
    OK ch=5 v=0.2749
    OK ch=1 v=0.2466
    OK ch=3 v=0.2545
    OK ch=7 v=0.2501
    OK ch=1 v=0.2388
    OK ch=3 v=0.2534
    OK ch=1 v=0.2158
    OK ch=3 v=0.2519
    OK ch=7 v=0.2515
    OK ch=1 v=0.2082
    OK ch=5 v=0.2726
    OK ch=1 v=0.2334
    OK ch=3 v=0.2542
    OK ch=5 v=0.2736
    OK ch=7 v=0.2530
    OK ch=1 v=0.2180
    OK ch=3 v=0.2467
    OK ch=7 v=0.2504
    OK ch=1 v=0.2529
    OK ch=3 v=0.2533
    OK ch=5 v=0.2731
    OK ch=1 v=0.2435
    OK ch=3 v=0.2573
    OK ch=7 v=0.2515
    OK ch=1 v=0.2497
    OK ch=3 v=0.2537
    OK ch=5 v=0.2719
    OK ch=1 v=0.2388
    OK ch=3 v=0.2503
    OK ch=5 v=0.2741
    OK ch=1 v=0.2396
    OK ch=3 v=0.2538
    OK ch=7 v=0.2502
    OK ch=1 v=0.2620
    OK ch=3 v=0.2594
    OK ch=1 v=0.2309
    OK ch=3 v=0.2526
    OK ch=5 v=0.2734
    OK ch=7 v=0.2514
    OK ch=1 v=0.2502
    OK ch=3 v=0.2595
    OK ch=5 v=0.2722
    OK ch=7 v=0.2541
    OK ch=1 v=0.2079
    OK ch=3 v=0.2468
    OK ch=7 v=0.2512
    OK ch=1 v=0.2135
    OK ch=3 v=0.2495
    OK ch=5 v=0.2749
    OK ch=7 v=0.2505
    OK ch=1 v=0.2284
    OK ch=3 v=0.2527
    OK ch=5 v=0.2731
    OK ch=1 v=0.2309
    OK ch=3 v=0.2511
    OK ch=5 v=0.2723
    OK ch=1 v=0.2259
    OK ch=3 v=0.2502
    OK ch=7 v=0.2495
    OK ch=1 v=0.2360
    OK ch=3 v=0.2533
    OK ch=5 v=0.2717
    OK ch=7 v=0.2509
    OK ch=1 v=0.2407
    OK ch=3 v=0.2542
    OK ch=5 v=0.2732
    OK ch=1 v=0.2294
    OK ch=3 v=0.2565
    OK ch=5 v=0.2743
    OK ch=7 v=0.2525
    OK ch=1 v=0.2269
    OK ch=3 v=0.2558
    OK ch=5 v=0.2755
    OK ch=7 v=0.2499
    OK ch=1 v=0.2218
    OK ch=3 v=0.2466
    OK ch=5 v=0.2762
    OK ch=1 v=0.2237
    OK ch=3 v=0.2527
    OK ch=5 v=0.2748
    OK ch=1 v=0.2460
    OK ch=3 v=0.2521
    OK ch=5 v=0.2739
    OK ch=7 v=0.2505
    OK ch=1 v=0.2471
    OK ch=3 v=0.2618
    OK ch=7 v=0.2520
    OK ch=1 v=0.2419
    OK ch=3 v=0.2529
    OK ch=5 v=0.2745
    OK ch=7 v=0.2532
    OK ch=1 v=0.2441
    OK ch=3 v=0.2565
    OK ch=7 v=0.2516
    OK ch=1 v=0.2513
    OK ch=5 v=0.2730
    OK ch=7 v=0.2523
    OK ch=1 v=0.2527
    OK ch=3 v=0.2550
    OK ch=7 v=0.2532
    OK ch=1 v=0.2126
    OK ch=3 v=0.2469
    OK ch=7 v=0.2515
    OK ch=1 v=0.2234
    OK ch=3 v=0.2490
    OK ch=5 v=0.2722
    OK ch=7 v=0.2485
    OK ch=1 v=0.2476
    OK ch=3 v=0.2522
    OK ch=1 v=0.2389
    OK ch=5 v=0.2717
    OK ch=7 v=0.2491
    OK ch=1 v=0.2275
    OK ch=3 v=0.2510
    OK ch=5 v=0.2735
    OK ch=7 v=0.2498
    OK ch=1 v=0.2095
    OK ch=3 v=0.2481
    OK ch=5 v=0.2728
    OK ch=7 v=0.2505
    OK ch=1 v=0.2305
    OK ch=3 v=0.2496
    OK ch=1 v=0.2575
    OK ch=3 v=0.2564
    OK ch=7 v=0.2533
    OK ch=1 v=0.2655
    OK ch=3 v=0.2619
    OK ch=5 v=0.2711
    OK ch=1 v=0.2579
    OK ch=3 v=0.2610
    OK ch=5 v=0.2742
    OK ch=7 v=0.2542
    OK ch=1 v=0.2216
    OK ch=3 v=0.2533
    OK ch=5 v=0.2735
    OK ch=7 v=0.2532
    OK ch=1 v=0.2273
    OK ch=3 v=0.2540
    OK ch=5 v=0.2728
    OK ch=7 v=0.2521
    OK ch=1 v=0.2321
    OK ch=3 v=0.2480
    OK ch=5 v=0.2756
    OK ch=7 v=0.2502
    OK ch=1 v=0.2213
    OK ch=3 v=0.2522
    OK ch=5 v=0.2746
    OK ch=1 v=0.2076
    OK ch=3 v=0.2509
    OK ch=5 v=0.2721
    OK ch=1 v=0.2492
    OK ch=3 v=0.2537
    OK ch=7 v=0.2469
    OK ch=1 v=0.2430
    OK ch=3 v=0.2508
    OK ch=5 v=0.2730
    OK ch=7 v=0.2508
    OK ch=1 v=0.2518
    OK ch=3 v=0.2569
    OK ch=7 v=0.2530
    OK ch=1 v=0.2437
    OK ch=3 v=0.2534
    OK ch=7 v=0.2493
    OK ch=1 v=0.2463
    OK ch=3 v=0.2574
    OK ch=5 v=0.2743
    OK ch=7 v=0.2513
    OK ch=1 v=0.2333
    OK ch=3 v=0.2522
    OK ch=5 v=0.2750
    OK ch=1 v=0.2415
    OK ch=3 v=0.2538
    OK ch=7 v=0.2504
    OK ch=1 v=0.2403
    OK ch=3 v=0.2564
    OK ch=1 v=0.2409
    OK ch=3 v=0.2517
    OK ch=5 v=0.2756
    OK ch=7 v=0.2480
    OK ch=1 v=0.2326
    OK ch=3 v=0.2552
    OK ch=5 v=0.2747
    OK ch=7 v=0.2507
    OK ch=1 v=0.2198
    OK ch=3 v=0.2504
    OK ch=7 v=0.2491
    OK ch=1 v=0.2313
    OK ch=5 v=0.2734
    OK ch=7 v=0.2506
    OK ch=1 v=0.2254
    OK ch=3 v=0.2511
    OK ch=7 v=0.2500
    OK ch=1 v=0.2339
    OK ch=3 v=0.2519
    OK ch=1 v=0.2412
    OK ch=3 v=0.2561
    OK ch=5 v=0.2745
    OK ch=7 v=0.2517
    OK ch=1 v=0.2307
    OK ch=3 v=0.2505
    OK ch=5 v=0.2736
    OK ch=7 v=0.2531
    OK ch=1 v=0.2284
    OK ch=3 v=0.2530
    OK ch=5 v=0.2722
    OK ch=7 v=0.2515
    OK ch=1 v=0.2366
    OK ch=3 v=0.2559
    OK ch=7 v=0.2522
[   55.2s] DAMPING     ch0:LOCK g=-0.0300 bp=-0.009V ratio=0.05  ch1:LOCK g=-0.0300 bp=-0.000V ratio=0.02  ch2:LOCK g=+0.0100 bp=-0.005V ratio=0.02  ch3:LOCK g=-0.0300 bp=-0.001V ratio=0.02
    OK ch=1 v=0.2235
    OK ch=3 v=0.2521
    OK ch=7 v=0.2508
    OK ch=1 v=0.2373
    OK ch=3 v=0.2551
    OK ch=5 v=0.2728
    OK ch=7 v=0.2529
    OK ch=1 v=0.2342
    OK ch=3 v=0.2540
    OK ch=5 v=0.2720
    OK ch=7 v=0.2515
    OK ch=1 v=0.2540
    OK ch=3 v=0.2547
    OK ch=5 v=0.2707
    OK ch=1 v=0.2418
    OK ch=5 v=0.2728
    OK ch=7 v=0.2497
    OK ch=3 v=0.2491
    OK ch=5 v=0.2743
    OK ch=7 v=0.2509
    OK ch=1 v=0.2465
    OK ch=3 v=0.2549
    OK ch=1 v=0.2200
    OK ch=5 v=0.2751
    OK ch=1 v=0.2140
    OK ch=3 v=0.2569
    OK ch=5 v=0.2743
    OK ch=7 v=0.2536
    OK ch=1 v=0.2403
    OK ch=3 v=0.2585
    OK ch=5 v=0.2732
    OK ch=7 v=0.2511
    OK ch=1 v=0.2374
    OK ch=3 v=0.2509
    OK ch=5 v=0.2737
    OK ch=7 v=0.2506
    OK ch=1 v=0.2174
    OK ch=3 v=0.2479
    OK ch=1 v=0.2265
    OK ch=3 v=0.2495
    OK ch=7 v=0.2518
    OK ch=1 v=0.2133
    OK ch=3 v=0.2536
    OK ch=5 v=0.2729
    OK ch=7 v=0.2532
    OK ch=1 v=0.2544
    OK ch=3 v=0.2556
    OK ch=5 v=0.2748
    OK ch=7 v=0.2493
    OK ch=1 v=0.2479
    OK ch=3 v=0.2572
    OK ch=1 v=0.2344
    OK ch=3 v=0.2494
    OK ch=1 v=0.2220
    OK ch=3 v=0.2489
    OK ch=5 v=0.2739
    OK ch=7 v=0.2501
    OK ch=1 v=0.2225
    OK ch=3 v=0.2468
    OK ch=5 v=0.2753
    OK ch=7 v=0.2506
    OK ch=1 v=0.2161
    OK ch=3 v=0.2513
    OK ch=5 v=0.2759
    OK ch=1 v=0.2243
    OK ch=5 v=0.2752
    OK ch=1 v=0.2586
    OK ch=3 v=0.2567
    OK ch=5 v=0.2746
    OK ch=1 v=0.2756
    OK ch=3 v=0.2590
    OK ch=7 v=0.2524
    OK ch=1 v=0.2497
    OK ch=5 v=0.2735
    OK ch=7 v=0.2499
    OK ch=1 v=0.2279
    OK ch=3 v=0.2577
    OK ch=5 v=0.2725
    OK ch=7 v=0.2532
    OK ch=1 v=0.2467
    OK ch=3 v=0.2532
    OK ch=5 v=0.2714
    OK ch=7 v=0.2509
    OK ch=1 v=0.2052
    OK ch=3 v=0.2488
    OK ch=7 v=0.2517
    OK ch=1 v=0.2185
    OK ch=7 v=0.2504
    OK ch=1 v=0.2405
    OK ch=3 v=0.2514
    OK ch=5 v=0.2709
    OK ch=7 v=0.2479
    OK ch=1 v=0.2591
    OK ch=3 v=0.2540
    OK ch=5 v=0.2719
    OK ch=7 v=0.2517
    OK ch=1 v=0.2388
    OK ch=1 v=0.2312
    OK ch=1 v=0.2405
    OK ch=3 v=0.2532
    OK ch=5 v=0.2711
    OK ch=7 v=0.2530
    OK ch=1 v=0.2230
    OK ch=3 v=0.2537
    OK ch=5 v=0.2718
    OK ch=1 v=0.2242
    OK ch=3 v=0.2525
    OK ch=5 v=0.2740
    OK ch=7 v=0.2522
    OK ch=1 v=0.2332
    OK ch=3 v=0.2571
    OK ch=7 v=0.2504
    OK ch=1 v=0.2549
    OK ch=3 v=0.2533
    OK ch=1 v=0.2395
    OK ch=3 v=0.2489
    OK ch=5 v=0.2751
    OK ch=1 v=0.2323
    OK ch=3 v=0.2495
    OK ch=7 v=0.2516
    OK ch=1 v=0.2419
    OK ch=3 v=0.2545
    OK ch=5 v=0.2743
    OK ch=1 v=0.2249
    OK ch=3 v=0.2576
    OK ch=7 v=0.2527
    OK ch=1 v=0.2644
    OK ch=3 v=0.2594
    OK ch=7 v=0.2488
    OK ch=1 v=0.2349
    OK ch=3 v=0.2495
    OK ch=5 v=0.2764
    OK ch=7 v=0.2509
    OK ch=1 v=0.2276
    OK ch=3 v=0.2520
    OK ch=5 v=0.2743
    OK ch=7 v=0.2502
    OK ch=1 v=0.2240
    OK ch=3 v=0.2528
    OK ch=5 v=0.2754
    OK ch=7 v=0.2515
    OK ch=1 v=0.2378
    OK ch=3 v=0.2486
    OK ch=5 v=0.2721
    OK ch=7 v=0.2504
    OK ch=1 v=0.2252
    OK ch=3 v=0.2543
    OK ch=5 v=0.2746
    OK ch=1 v=0.2282
    OK ch=3 v=0.2563
    OK ch=7 v=0.2494
    OK ch=1 v=0.2346
    OK ch=3 v=0.2500
    OK ch=5 v=0.2735
    OK ch=7 v=0.2508
    OK ch=1 v=0.2111
    OK ch=3 v=0.2531
    OK ch=5 v=0.2720
    OK ch=1 v=0.2401
    OK ch=3 v=0.2514
    OK ch=7 v=0.2501
    OK ch=1 v=0.2275
    OK ch=3 v=0.2539
    OK ch=5 v=0.2727
    OK ch=1 v=0.2473
    OK ch=3 v=0.2556
    OK ch=7 v=0.2516
    OK ch=1 v=0.2482
    OK ch=3 v=0.2590
    OK ch=5 v=0.2697
    OK ch=1 v=0.2630
    OK ch=5 v=0.2689
    OK ch=7 v=0.2541
    OK ch=1 v=0.2364
    OK ch=3 v=0.2539
    OK ch=5 v=0.2719
    OK ch=7 v=0.2525
    OK ch=1 v=0.2631
    OK ch=3 v=0.2706
    OK ch=5 v=0.2460
    OK ch=7 v=0.2664
    OK ch=1 v=0.3334
    OK ch=3 v=0.2963
    OK ch=5 v=0.1992
    OK ch=7 v=0.2925
    OK ch=1 v=0.4210
    OK ch=3 v=0.3839
    OK ch=5 v=0.1116
    OK ch=7 v=0.3801
    OK ch=1 v=0.5000
    OK ch=3 v=0.4295
    OK ch=5 v=0.1644
    OK ch=7 v=0.3173
    OK ch=1 v=0.4060
    OK ch=3 v=0.3356
    OK ch=5 v=0.2296
    OK ch=7 v=0.2283
    OK ch=1 v=0.3184
    OK ch=3 v=0.2480
    OK ch=5 v=0.3172
    OK ch=7 v=0.1407
    OK ch=1 v=0.2247
    OK ch=3 v=0.1542
    OK ch=5 v=0.4109
    OK ch=7 v=0.0469
    OK ch=1 v=0.3077
    OK ch=3 v=0.2251
    OK ch=5 v=0.3821
    OK ch=7 v=0.0000
    OK ch=1 v=0.3957
    OK ch=3 v=0.3130
    OK ch=5 v=0.2942
    OK ch=7 v=0.0879
    OK ch=1 v=0.4836
    OK ch=3 v=0.4009
    OK ch=5 v=0.2063
    OK ch=7 v=0.1758
    OK ch=1 v=0.4854
    OK ch=3 v=0.5000
    OK ch=5 v=0.1063
    OK ch=7 v=0.2758
    OK ch=1 v=0.4605
    OK ch=5 v=0.0127
    OK ch=7 v=0.3694
    OK ch=1 v=0.5000
    OK ch=5 v=0.0000
    OK ch=7 v=0.3089
    OK ch=3 v=0.4491
    OK ch=5 v=0.0211
    OK ch=7 v=0.2419
    OK ch=3 v=0.3781
    OK ch=5 v=0.0921
    OK ch=7 v=0.1709
    OK ch=1 v=0.4240
    OK ch=3 v=0.3013
    OK ch=5 v=0.1689
    OK ch=7 v=0.0941
    OK ch=1 v=0.3304
    OK ch=3 v=0.2076
    OK ch=5 v=0.2535
    OK ch=7 v=0.1181
    OK ch=1 v=0.3988
    OK ch=3 v=0.1140
    OK ch=5 v=0.2618
    OK ch=7 v=0.1371
    OK ch=1 v=0.4249
    OK ch=3 v=0.1679
    OK ch=5 v=0.2603
    OK ch=7 v=0.1708
    OK ch=1 v=0.3484
    OK ch=3 v=0.2610
    OK ch=5 v=0.2542
    OK ch=7 v=0.2298
    OK ch=1 v=0.2600
    OK ch=3 v=0.3494
    OK ch=5 v=0.2476
    OK ch=7 v=0.2367
    OK ch=1 v=0.1661
    OK ch=3 v=0.2555
    OK ch=5 v=0.2844
    OK ch=7 v=0.1791
    OK ch=1 v=0.0781
    OK ch=3 v=0.1795
    OK ch=5 v=0.3724
    OK ch=7 v=0.1295
    OK ch=1 v=0.0000
    OK ch=3 v=0.2732
    OK ch=5 v=0.4662
    OK ch=7 v=0.1899
    OK ch=1 v=0.0988
    OK ch=3 v=0.3352
    OK ch=5 v=0.5000
    OK ch=7 v=0.2398
    OK ch=1 v=0.1988
    OK ch=3 v=0.3061
    OK ch=5 v=0.4000
    OK ch=7 v=0.2484
    OK ch=1 v=0.2988
    OK ch=3 v=0.2359
    OK ch=5 v=0.3000
    OK ch=7 v=0.1844
    OK ch=1 v=0.3871
    OK ch=3 v=0.1544
    OK ch=5 v=0.2117
    OK ch=7 v=0.1346
    OK ch=1 v=0.4836
    OK ch=3 v=0.2021
    OK ch=5 v=0.1152
    OK ch=7 v=0.0666
    OK ch=1 v=0.4191
    OK ch=3 v=0.2435
    OK ch=5 v=0.1164
    OK ch=7 v=0.1060
    OK ch=1 v=0.4063
    OK ch=3 v=0.2776
    OK ch=5 v=0.1191
    OK ch=7 v=0.1888
    OK ch=1 v=0.4632
    OK ch=3 v=0.3036
    OK ch=5 v=0.1253
    OK ch=7 v=0.2719
    OK ch=1 v=0.5000
    OK ch=3 v=0.3456
    OK ch=5 v=0.1139
    OK ch=7 v=0.3508
    OK ch=3 v=0.3979
    OK ch=5 v=0.0857
    OK ch=7 v=0.4255
    OK ch=3 v=0.4366
    OK ch=5 v=0.0587
    OK ch=7 v=0.4566
    OK ch=3 v=0.4540
    OK ch=5 v=0.0782
    OK ch=7 v=0.4455
    OK ch=1 v=0.4466
    OK ch=3 v=0.4337
    OK ch=5 v=0.1499
    OK ch=7 v=0.3814
    OK ch=1 v=0.3511
    OK ch=3 v=0.3899
    OK ch=5 v=0.2453
    OK ch=7 v=0.3299
    OK ch=1 v=0.2620
    OK ch=3 v=0.3171
    OK ch=5 v=0.2384
    OK ch=7 v=0.2377
    OK ch=1 v=0.2470
    OK ch=3 v=0.2402
    OK ch=5 v=0.2348
    OK ch=7 v=0.1595
    OK ch=1 v=0.2062
    OK ch=3 v=0.1876
    OK ch=5 v=0.2310
    OK ch=7 v=0.1513
    OK ch=1 v=0.1887
    OK ch=3 v=0.1543
    OK ch=5 v=0.2362
    OK ch=7 v=0.1629
    OK ch=1 v=0.2068
    OK ch=3 v=0.1257
    OK ch=5 v=0.2373
    OK ch=7 v=0.1698
    OK ch=1 v=0.2269
    OK ch=3 v=0.1008
    OK ch=5 v=0.2413
    OK ch=7 v=0.1662
    OK ch=1 v=0.1746
    OK ch=5 v=0.2823
    OK ch=7 v=0.1210
    OK ch=1 v=0.1127
    OK ch=3 v=0.1217
    OK ch=5 v=0.3119
    OK ch=7 v=0.0862
    OK ch=1 v=0.1434
    OK ch=3 v=0.1909
    OK ch=5 v=0.3368
    OK ch=7 v=0.1249
    OK ch=1 v=0.2171
    OK ch=3 v=0.2795
    OK ch=5 v=0.3585
    OK ch=7 v=0.1786
    OK ch=1 v=0.2878
    OK ch=3 v=0.3135
    OK ch=5 v=0.3806
    OK ch=7 v=0.2288
    OK ch=1 v=0.3799
    OK ch=3 v=0.3376
    OK ch=5 v=0.3172
    OK ch=7 v=0.2712
    OK ch=1 v=0.4436
    OK ch=3 v=0.3560
    OK ch=5 v=0.2287
    OK ch=7 v=0.2966
    OK ch=1 v=0.4645
    OK ch=3 v=0.3450
    OK ch=5 v=0.1582
    OK ch=7 v=0.3090
    OK ch=1 v=0.4514
    OK ch=3 v=0.3366
    OK ch=5 v=0.1409
    OK ch=7 v=0.2990
    OK ch=1 v=0.3695
    OK ch=3 v=0.3033
    OK ch=5 v=0.1306
    OK ch=7 v=0.2574
    OK ch=1 v=0.3653
    OK ch=3 v=0.2909
    OK ch=5 v=0.1288
    OK ch=7 v=0.2117
    OK ch=1 v=0.3920
    OK ch=3 v=0.2740
    OK ch=5 v=0.1156
    OK ch=7 v=0.2110
    OK ch=1 v=0.4388
    OK ch=3 v=0.2678
    OK ch=5 v=0.0847
    OK ch=7 v=0.2034
    OK ch=1 v=0.5000
    OK ch=3 v=0.2728
    OK ch=5 v=0.0423
    OK ch=7 v=0.2141
    OK ch=3 v=0.2780
    OK ch=5 v=0.0737
    OK ch=7 v=0.2350
    OK ch=3 v=0.3062
    OK ch=5 v=0.1444
    OK ch=7 v=0.2485
    OK ch=3 v=0.3263
    OK ch=5 v=0.2140
    OK ch=7 v=0.2650
    OK ch=1 v=0.4284
    OK ch=3 v=0.3325
    OK ch=5 v=0.2513
    OK ch=7 v=0.2848
    OK ch=1 v=0.3405
    OK ch=3 v=0.3368
    OK ch=5 v=0.3004
    OK ch=7 v=0.2875
    OK ch=1 v=0.2463
    OK ch=3 v=0.3063
    OK ch=5 v=0.3074
    OK ch=7 v=0.2771
    OK ch=1 v=0.1585
    OK ch=3 v=0.2880
    OK ch=5 v=0.3089
    OK ch=7 v=0.2480
    OK ch=1 v=0.0835
    OK ch=3 v=0.2554
    OK ch=5 v=0.2996
    OK ch=7 v=0.2130
    OK ch=1 v=0.1175
    OK ch=3 v=0.2189
    OK ch=5 v=0.2810
    OK ch=7 v=0.1918
[   60.3s] DAMPING     ch0:.... g=-0.0350 bp=-0.334V ratio=1.26  ch1:.... g=-0.0350 bp=+0.172V ratio=1.16  ch2:.... g=+0.0120 bp=-0.197V ratio=1.31  ch3:.... g=-0.0350 bp=+0.143V ratio=0.86
    OK ch=1 v=0.1864
    OK ch=3 v=0.1914
    OK ch=5 v=0.2710
    OK ch=7 v=0.1666
    OK ch=1 v=0.2487
    OK ch=3 v=0.1758
    OK ch=5 v=0.2548
    OK ch=7 v=0.1460
    OK ch=1 v=0.3157
    OK ch=3 v=0.1703
    OK ch=5 v=0.2530
    OK ch=7 v=0.1326
    OK ch=1 v=0.3476
    OK ch=3 v=0.1849
    OK ch=5 v=0.2433
    OK ch=7 v=0.1507
    OK ch=1 v=0.3597
    OK ch=3 v=0.2085
    OK ch=5 v=0.2204
    OK ch=7 v=0.1732
    OK ch=1 v=0.3417
    OK ch=3 v=0.2543
    OK ch=5 v=0.2138
    OK ch=7 v=0.1982
    OK ch=1 v=0.3155
    OK ch=3 v=0.2764
    OK ch=5 v=0.2071
    OK ch=7 v=0.2344
    OK ch=1 v=0.3507
    OK ch=3 v=0.3037
    OK ch=7 v=0.2633
    OK ch=1 v=0.3413
    OK ch=3 v=0.3284
    OK ch=5 v=0.2047
    OK ch=7 v=0.2830
    OK ch=1 v=0.3155
    OK ch=3 v=0.3334
    OK ch=5 v=0.1901
    OK ch=7 v=0.3013
    OK ch=1 v=0.3538
    OK ch=3 v=0.3382
    OK ch=5 v=0.1858
    OK ch=7 v=0.2962
    OK ch=1 v=0.3562
    OK ch=3 v=0.3249
    OK ch=5 v=0.1738
    OK ch=7 v=0.2848
    OK ch=1 v=0.3772
    OK ch=3 v=0.3147
    OK ch=5 v=0.1534
    OK ch=7 v=0.2678
    OK ch=1 v=0.4045
    OK ch=3 v=0.3062
    OK ch=5 v=0.1431
    OK ch=7 v=0.2469
    OK ch=1 v=0.3994
    OK ch=3 v=0.2823
    OK ch=5 v=0.1234
    OK ch=7 v=0.2363
    OK ch=1 v=0.4581
    OK ch=3 v=0.2744
    OK ch=5 v=0.1136
    OK ch=7 v=0.2225
    OK ch=1 v=0.4087
    OK ch=3 v=0.2582
    OK ch=5 v=0.1484
    OK ch=7 v=0.2199
    OK ch=1 v=0.4022
    OK ch=3 v=0.2597
    OK ch=5 v=0.1908
    OK ch=7 v=0.2207
    OK ch=1 v=0.3799
    OK ch=3 v=0.2619
    OK ch=5 v=0.2319
    OK ch=7 v=0.2145
    OK ch=1 v=0.2992
    OK ch=3 v=0.2574
    OK ch=5 v=0.2436
    OK ch=7 v=0.2187
    OK ch=1 v=0.2497
    OK ch=3 v=0.2537
    OK ch=5 v=0.2616
    OK ch=1 v=0.1910
    OK ch=3 v=0.2574
    OK ch=5 v=0.2767
    OK ch=7 v=0.2148
    OK ch=1 v=0.1761
    OK ch=3 v=0.2600
    OK ch=7 v=0.2162
    OK ch=1 v=0.1716
    OK ch=3 v=0.2673
    OK ch=5 v=0.2819
    OK ch=7 v=0.2123
    OK ch=1 v=0.2116
    OK ch=3 v=0.2678
    OK ch=5 v=0.2813
    OK ch=7 v=0.2102
    OK ch=1 v=0.2233
    OK ch=3 v=0.2509
    OK ch=5 v=0.2762
    OK ch=7 v=0.2070
    OK ch=1 v=0.2704
    OK ch=3 v=0.2552
    OK ch=5 v=0.2846
    OK ch=7 v=0.1973
    OK ch=1 v=0.3090
    OK ch=3 v=0.2505
    OK ch=5 v=0.2566
    OK ch=7 v=0.2019
    OK ch=1 v=0.3271
    OK ch=3 v=0.2490
    OK ch=5 v=0.2229
    OK ch=7 v=0.2030
    OK ch=1 v=0.3215
    OK ch=3 v=0.2468
    OK ch=5 v=0.2036
    OK ch=7 v=0.2074
    OK ch=1 v=0.3459
    OK ch=3 v=0.2528
    OK ch=5 v=0.1865
    OK ch=7 v=0.2157
    OK ch=1 v=0.3779
    OK ch=3 v=0.2737
    OK ch=5 v=0.1840
    OK ch=7 v=0.2163
    OK ch=1 v=0.3894
    OK ch=3 v=0.2852
    OK ch=5 v=0.1797
    OK ch=7 v=0.2331
    OK ch=1 v=0.3457
    OK ch=3 v=0.2900
    OK ch=5 v=0.1875
    OK ch=7 v=0.2468
    OK ch=1 v=0.3469
    OK ch=3 v=0.2925
    OK ch=5 v=0.1839
    OK ch=7 v=0.2554
    OK ch=1 v=0.3296
    OK ch=3 v=0.2909
    OK ch=5 v=0.1799
    OK ch=7 v=0.2568
    OK ch=1 v=0.3651
    OK ch=3 v=0.3044
    OK ch=7 v=0.2595
    OK ch=1 v=0.3587
    OK ch=3 v=0.2944
    OK ch=5 v=0.1736
    OK ch=7 v=0.2571
    OK ch=1 v=0.3700
    OK ch=3 v=0.2950
    OK ch=5 v=0.1717
    OK ch=7 v=0.2513
    OK ch=1 v=0.3513
    OK ch=3 v=0.2807
    OK ch=5 v=0.1779
    OK ch=7 v=0.2446
    OK ch=1 v=0.3041
    OK ch=3 v=0.2663
    OK ch=5 v=0.1962
    OK ch=7 v=0.2372
    OK ch=1 v=0.3438
    OK ch=3 v=0.2657
    OK ch=5 v=0.2109
    OK ch=7 v=0.2261
    OK ch=1 v=0.2964
    OK ch=3 v=0.2550
    OK ch=5 v=0.2156
    OK ch=7 v=0.2222
    OK ch=1 v=0.2890
    OK ch=3 v=0.2498
    OK ch=5 v=0.2309
    OK ch=7 v=0.2117
    OK ch=1 v=0.2745
    OK ch=3 v=0.2440
    OK ch=5 v=0.2336
    OK ch=7 v=0.2066
    OK ch=1 v=0.2785
    OK ch=3 v=0.2490
    OK ch=5 v=0.2397
    OK ch=7 v=0.2060
    OK ch=1 v=0.2868
    OK ch=3 v=0.2608
    OK ch=5 v=0.2446
    OK ch=7 v=0.2082
    OK ch=1 v=0.2536
    OK ch=3 v=0.2507
    OK ch=5 v=0.2477
    OK ch=7 v=0.2107
    OK ch=1 v=0.2894
    OK ch=3 v=0.2644
    OK ch=5 v=0.2580
    OK ch=7 v=0.2139
    OK ch=1 v=0.2827
    OK ch=3 v=0.2649
    OK ch=5 v=0.2506
    OK ch=7 v=0.2182
    OK ch=1 v=0.2933
    OK ch=3 v=0.2708
    OK ch=5 v=0.2449
    OK ch=7 v=0.2218
    OK ch=1 v=0.3204
    OK ch=5 v=0.2359
    OK ch=1 v=0.3246
    OK ch=3 v=0.2663
    OK ch=5 v=0.2257
    OK ch=7 v=0.2243
    OK ch=1 v=0.3322
    OK ch=3 v=0.2709
    OK ch=5 v=0.2090
    OK ch=7 v=0.2260
    OK ch=1 v=0.3566
    OK ch=3 v=0.2797
    OK ch=5 v=0.2005
    OK ch=7 v=0.2276
    OK ch=3 v=0.2764
    OK ch=5 v=0.1940
    OK ch=7 v=0.2308
    OK ch=1 v=0.3453
    OK ch=3 v=0.2807
    OK ch=7 v=0.2284
    OK ch=1 v=0.3623
    OK ch=3 v=0.2853
    OK ch=5 v=0.1911
    OK ch=7 v=0.2290
    OK ch=1 v=0.3472
    OK ch=3 v=0.2771
    OK ch=5 v=0.1850
    OK ch=7 v=0.2312
    OK ch=1 v=0.3405
    OK ch=3 v=0.2780
    OK ch=5 v=0.1881
    OK ch=1 v=0.3477
    OK ch=3 v=0.2840
    OK ch=5 v=0.1846
    OK ch=7 v=0.2376
    OK ch=1 v=0.3327
    OK ch=3 v=0.2784
    OK ch=5 v=0.1820
    OK ch=1 v=0.3263
    OK ch=3 v=0.2854
    OK ch=5 v=0.1916
    OK ch=7 v=0.2362
    OK ch=1 v=0.3584
    OK ch=3 v=0.2839
    OK ch=5 v=0.1985
    OK ch=7 v=0.2390
    OK ch=1 v=0.3340
    OK ch=3 v=0.2871
    OK ch=5 v=0.2100
    OK ch=7 v=0.2356
    OK ch=1 v=0.3139
    OK ch=3 v=0.2745
    OK ch=5 v=0.2172
    OK ch=1 v=0.3165
    OK ch=3 v=0.2674
    OK ch=7 v=0.2346
    OK ch=1 v=0.2865
    OK ch=3 v=0.2668
    OK ch=5 v=0.2252
    OK ch=7 v=0.2276
    OK ch=1 v=0.2896
    OK ch=3 v=0.2646
    OK ch=5 v=0.2275
    OK ch=7 v=0.2225
    OK ch=1 v=0.2962
    OK ch=3 v=0.2608
    OK ch=5 v=0.2236
    OK ch=7 v=0.2200
    OK ch=1 v=0.2745
    OK ch=3 v=0.2572
    OK ch=5 v=0.2302
    OK ch=7 v=0.2133
    OK ch=1 v=0.2896
    OK ch=3 v=0.2518
    OK ch=5 v=0.2270
    OK ch=7 v=0.2167
    OK ch=1 v=0.2866
    OK ch=3 v=0.2578
    OK ch=5 v=0.2310
    OK ch=7 v=0.2141
    OK ch=1 v=0.3127
    OK ch=3 v=0.2535
    OK ch=5 v=0.2292
    OK ch=1 v=0.2885
    OK ch=3 v=0.2525
    OK ch=5 v=0.2245
    OK ch=7 v=0.2206
    OK ch=1 v=0.3182
    OK ch=3 v=0.2631
    OK ch=5 v=0.2278
    OK ch=1 v=0.2995
    OK ch=3 v=0.2659
    OK ch=5 v=0.2243
    OK ch=7 v=0.2239
    OK ch=1 v=0.2893
    OK ch=5 v=0.2139
    OK ch=7 v=0.2278
    OK ch=1 v=0.3381
    OK ch=3 v=0.2756
    OK ch=5 v=0.2153
    OK ch=7 v=0.2264
    OK ch=1 v=0.3393
    OK ch=3 v=0.2772
    OK ch=5 v=0.2130
    OK ch=7 v=0.2315
    OK ch=1 v=0.3058
    OK ch=3 v=0.2700
    OK ch=5 v=0.2071
    OK ch=7 v=0.2333
    OK ch=1 v=0.3526
    OK ch=3 v=0.2872
    OK ch=5 v=0.2021
    OK ch=7 v=0.2326
    OK ch=1 v=0.3341
    OK ch=3 v=0.2751
    OK ch=5 v=0.1973
    OK ch=7 v=0.2350
    OK ch=1 v=0.3639
    OK ch=3 v=0.2829
    OK ch=5 v=0.1996
    OK ch=7 v=0.2322
    OK ch=1 v=0.3385
    OK ch=3 v=0.2817
    OK ch=5 v=0.1911
    OK ch=7 v=0.2351
    OK ch=1 v=0.3306
    OK ch=3 v=0.2747
    OK ch=5 v=0.1916
    OK ch=7 v=0.2299
    OK ch=1 v=0.3388
    OK ch=3 v=0.2773
    OK ch=5 v=0.1988
    OK ch=1 v=0.3440
    OK ch=3 v=0.2753
    OK ch=5 v=0.1978
    OK ch=7 v=0.2320
    OK ch=1 v=0.3213
    OK ch=3 v=0.2736
    OK ch=5 v=0.2048
    OK ch=7 v=0.2278
    OK ch=1 v=0.3296
    OK ch=3 v=0.2774
    OK ch=5 v=0.2114
    OK ch=7 v=0.2296
    OK ch=1 v=0.2953
    OK ch=3 v=0.2645
    OK ch=5 v=0.2149
    OK ch=7 v=0.2261
    OK ch=1 v=0.3257
    OK ch=3 v=0.2743
    OK ch=5 v=0.2240
    OK ch=7 v=0.2253
    OK ch=1 v=0.3273
    OK ch=3 v=0.2695
    OK ch=5 v=0.2207
    OK ch=7 v=0.2242
    OK ch=1 v=0.2968
    OK ch=3 v=0.2686
    OK ch=5 v=0.2289
    OK ch=7 v=0.2224
    OK ch=1 v=0.3008
    OK ch=3 v=0.2677
    OK ch=5 v=0.2295
    OK ch=7 v=0.2215
    OK ch=3 v=0.2650
    OK ch=5 v=0.2280
    OK ch=1 v=0.3041
    OK ch=3 v=0.2644
    OK ch=5 v=0.2286
    OK ch=7 v=0.2199
    OK ch=1 v=0.3231
    OK ch=3 v=0.2654
    OK ch=5 v=0.2248
    OK ch=7 v=0.2212
    OK ch=1 v=0.3036
    OK ch=5 v=0.2237
    OK ch=7 v=0.2205
    OK ch=1 v=0.2904
    OK ch=3 v=0.2634
    OK ch=5 v=0.2215
    OK ch=1 v=0.3100
    OK ch=3 v=0.2615
    OK ch=5 v=0.2131
    OK ch=7 v=0.2210
    OK ch=1 v=0.3066
    OK ch=3 v=0.2648
    OK ch=5 v=0.2124
    OK ch=7 v=0.2240
    OK ch=1 v=0.3373
    OK ch=3 v=0.2716
    OK ch=5 v=0.2142
    OK ch=7 v=0.2251
    OK ch=1 v=0.3335
    OK ch=3 v=0.2683
    OK ch=5 v=0.2047
    OK ch=7 v=0.2277
    OK ch=1 v=0.2909
    OK ch=3 v=0.2643
    OK ch=5 v=0.2094
    OK ch=7 v=0.2284
    OK ch=1 v=0.3208
    OK ch=3 v=0.2723
    OK ch=5 v=0.2052
    OK ch=7 v=0.2318
    OK ch=1 v=0.3274
    OK ch=3 v=0.2759
    OK ch=7 v=0.2332
    OK ch=1 v=0.3327
    OK ch=3 v=0.2825
    OK ch=5 v=0.2043
    OK ch=7 v=0.2341
    OK ch=1 v=0.3512
    OK ch=3 v=0.2786
    OK ch=5 v=0.1984
    OK ch=7 v=0.2351
    OK ch=1 v=0.3472
    OK ch=3 v=0.2818
    OK ch=5 v=0.2025
    OK ch=7 v=0.2332
    OK ch=1 v=0.3271
    OK ch=3 v=0.2734
    OK ch=5 v=0.2048
    OK ch=7 v=0.2314
    OK ch=1 v=0.3156
    OK ch=3 v=0.2726
    OK ch=5 v=0.2005
    OK ch=7 v=0.2334
    OK ch=1 v=0.3207
    OK ch=3 v=0.2713
    OK ch=5 v=0.2066
    OK ch=7 v=0.2297
    OK ch=1 v=0.3305
    OK ch=3 v=0.2727
    OK ch=1 v=0.3112
    OK ch=3 v=0.2643
    OK ch=5 v=0.2086
    OK ch=7 v=0.2289
    OK ch=1 v=0.3070
    OK ch=5 v=0.2142
    OK ch=7 v=0.2238
[   65.3s] DAMPING     ch0:.... g=-0.0300 bp=+0.036V ratio=0.11  ch1:.... g=-0.0300 bp=+0.007V ratio=0.10  ch2:.... g=+0.0100 bp=+0.135V ratio=0.18  ch3:.... g=-0.0300 bp=+0.027V ratio=0.13
    OK ch=1 v=0.2899
    OK ch=3 v=0.2587
    OK ch=7 v=0.2245
    OK ch=1 v=0.2981
    OK ch=3 v=0.2666
    OK ch=5 v=0.2150
    OK ch=7 v=0.2238
    OK ch=1 v=0.3497
    OK ch=3 v=0.2748
    OK ch=5 v=0.2218
    OK ch=7 v=0.2221
    OK ch=1 v=0.2972
    OK ch=3 v=0.2645
    OK ch=5 v=0.2212
    OK ch=7 v=0.2209
    OK ch=1 v=0.3037
    OK ch=3 v=0.2730
    OK ch=5 v=0.2246
    OK ch=1 v=0.2970
    OK ch=3 v=0.2702
    OK ch=5 v=0.2260
    OK ch=7 v=0.2216
    OK ch=1 v=0.2956
    OK ch=3 v=0.2665
    OK ch=5 v=0.2220
    OK ch=7 v=0.2252
    OK ch=1 v=0.3132
    OK ch=3 v=0.2675
    OK ch=5 v=0.2234
    OK ch=7 v=0.2232
    OK ch=1 v=0.3211
    OK ch=5 v=0.2194
    OK ch=7 v=0.2267
    OK ch=1 v=0.3326
    OK ch=3 v=0.2725
    OK ch=7 v=0.2253
    OK ch=1 v=0.3490
    OK ch=3 v=0.2781
    OK ch=5 v=0.2178
    OK ch=1 v=0.3204
    OK ch=3 v=0.2678
    OK ch=5 v=0.2118
    OK ch=1 v=0.2968
    OK ch=3 v=0.2639
    OK ch=5 v=0.2076
    OK ch=7 v=0.2270
    OK ch=1 v=0.3315
    OK ch=3 v=0.2727
    OK ch=5 v=0.2129
    OK ch=7 v=0.2241
    OK ch=1 v=0.3361
    OK ch=5 v=0.2086
    OK ch=7 v=0.2283
    OK ch=1 v=0.3020
    OK ch=3 v=0.2685
    OK ch=5 v=0.2048
    OK ch=7 v=0.2277
    OK ch=1 v=0.3224
    OK ch=3 v=0.2754
    OK ch=7 v=0.2286
    OK ch=1 v=0.3354
    OK ch=3 v=0.2692
    OK ch=5 v=0.2057
    OK ch=7 v=0.2306
    OK ch=1 v=0.3556
    OK ch=3 v=0.2778
    OK ch=5 v=0.2064
    OK ch=7 v=0.2273
    OK ch=1 v=0.3075
    OK ch=3 v=0.2765
    OK ch=5 v=0.2046
    OK ch=7 v=0.2334
    OK ch=1 v=0.3177
    OK ch=3 v=0.2759
    OK ch=5 v=0.2076
    OK ch=7 v=0.2317
    OK ch=1 v=0.3574
    OK ch=3 v=0.2817
    OK ch=5 v=0.2104
    OK ch=7 v=0.2306
    OK ch=1 v=0.2975
    OK ch=3 v=0.2643
    OK ch=5 v=0.2094
    OK ch=7 v=0.2299
    OK ch=1 v=0.3197
    OK ch=3 v=0.2710
    OK ch=5 v=0.2118
    OK ch=7 v=0.2283
    OK ch=1 v=0.3263
    OK ch=5 v=0.2131
    OK ch=1 v=0.3114
    OK ch=3 v=0.2679
    OK ch=5 v=0.2121
    OK ch=7 v=0.2266
    OK ch=1 v=0.2981
    OK ch=3 v=0.2620
    OK ch=5 v=0.2180
    OK ch=7 v=0.2223
    OK ch=1 v=0.3110
    OK ch=3 v=0.2674
    OK ch=5 v=0.2144
    OK ch=7 v=0.2252
    OK ch=1 v=0.3038
    OK ch=3 v=0.2708
    OK ch=5 v=0.2172
    OK ch=7 v=0.2228
    OK ch=1 v=0.3119
    OK ch=3 v=0.2667
    OK ch=5 v=0.2219
    OK ch=7 v=0.2238
    OK ch=1 v=0.3084
    OK ch=3 v=0.2686
    OK ch=5 v=0.2160
    OK ch=7 v=0.2251
    OK ch=1 v=0.3145
    OK ch=3 v=0.2664
    OK ch=5 v=0.2194
    OK ch=7 v=0.2214
    OK ch=1 v=0.3296
    OK ch=5 v=0.2180
    OK ch=7 v=0.2240
    OK ch=1 v=0.3276
    OK ch=5 v=0.2169
    OK ch=7 v=0.2267
    OK ch=1 v=0.3154
    OK ch=3 v=0.2717
    OK ch=5 v=0.2175
    OK ch=7 v=0.2276
    OK ch=1 v=0.2953
    OK ch=3 v=0.2659
    OK ch=5 v=0.2139
    OK ch=7 v=0.2254
    OK ch=1 v=0.2904
    OK ch=3 v=0.2669
    OK ch=5 v=0.2130
    OK ch=7 v=0.2281
    OK ch=1 v=0.3289
    OK ch=3 v=0.2758
    OK ch=5 v=0.2149
    OK ch=7 v=0.2259
    OK ch=1 v=0.3301
    OK ch=3 v=0.2747
    OK ch=5 v=0.2066
    OK ch=7 v=0.2283
    OK ch=1 v=0.3492
    OK ch=3 v=0.2764
    OK ch=5 v=0.2080
    OK ch=7 v=0.2272
    OK ch=1 v=0.3345
    OK ch=3 v=0.2710
    OK ch=5 v=0.2087
    OK ch=7 v=0.2292
    OK ch=1 v=0.3247
    OK ch=3 v=0.2722
    OK ch=5 v=0.2077
    OK ch=7 v=0.2322
    OK ch=1 v=0.3258
    OK ch=3 v=0.2798
    OK ch=5 v=0.2070
    OK ch=7 v=0.2283
    OK ch=1 v=0.3180
    OK ch=3 v=0.2716
    OK ch=7 v=0.2292
    OK ch=1 v=0.3115
    OK ch=3 v=0.2732
    OK ch=5 v=0.2097
    OK ch=7 v=0.2274
    OK ch=1 v=0.3122
    OK ch=3 v=0.2632
    OK ch=5 v=0.2110
    OK ch=1 v=0.3080
    OK ch=3 v=0.2693
    OK ch=5 v=0.2069
    OK ch=1 v=0.3137
    OK ch=3 v=0.2724
    OK ch=5 v=0.2116
    OK ch=1 v=0.3262
    OK ch=3 v=0.2701
    OK ch=5 v=0.2153
    OK ch=7 v=0.2243
    OK ch=1 v=0.3172
    OK ch=3 v=0.2755
    OK ch=5 v=0.2135
    OK ch=7 v=0.2280
    OK ch=1 v=0.3437
    OK ch=3 v=0.2768
    OK ch=5 v=0.2167
    OK ch=7 v=0.2235
    OK ch=1 v=0.3258
    OK ch=3 v=0.2698
    OK ch=5 v=0.2173
    OK ch=7 v=0.2262
    OK ch=1 v=0.2940
    OK ch=3 v=0.2663
    OK ch=5 v=0.2192
    OK ch=1 v=0.3077
    OK ch=7 v=0.2248
    OK ch=1 v=0.3288
    OK ch=3 v=0.2738
    OK ch=5 v=0.2154
    OK ch=7 v=0.2228
    OK ch=1 v=0.3118
    OK ch=3 v=0.2661
    OK ch=5 v=0.2162
    OK ch=7 v=0.2261
    OK ch=1 v=0.3183
    OK ch=3 v=0.2676
    OK ch=5 v=0.2167
    OK ch=1 v=0.3233
    OK ch=3 v=0.2652
    OK ch=5 v=0.2138
    OK ch=7 v=0.2276
    OK ch=1 v=0.2878
    OK ch=3 v=0.2670
    OK ch=5 v=0.2147
    OK ch=7 v=0.2255
    OK ch=1 v=0.3223
    OK ch=5 v=0.2137
    OK ch=1 v=0.3082
    OK ch=3 v=0.2687
    OK ch=5 v=0.2151
    OK ch=7 v=0.2250
    OK ch=1 v=0.3203
    OK ch=3 v=0.2727
    OK ch=5 v=0.2113
    OK ch=7 v=0.2266
    OK ch=3 v=0.2695
    OK ch=5 v=0.2074
    OK ch=7 v=0.2271
    OK ch=1 v=0.3253
    OK ch=3 v=0.2718
    OK ch=5 v=0.2117
    OK ch=7 v=0.2261
    OK ch=1 v=0.3420
    OK ch=3 v=0.2756
    OK ch=5 v=0.2108
    OK ch=7 v=0.2285
    OK ch=1 v=0.3193
    OK ch=3 v=0.2711
    OK ch=5 v=0.2066
    OK ch=7 v=0.2308
    OK ch=1 v=0.3475
    OK ch=3 v=0.2780
    OK ch=5 v=0.2096
    OK ch=1 v=0.3194
    OK ch=5 v=0.2107
    OK ch=7 v=0.2313
    OK ch=1 v=0.3026
    OK ch=3 v=0.2659
    OK ch=7 v=0.2282
    OK ch=1 v=0.2918
    OK ch=3 v=0.2620
    OK ch=5 v=0.2074
    OK ch=7 v=0.2258
    OK ch=1 v=0.3417
    OK ch=3 v=0.2680
    OK ch=5 v=0.2126
    OK ch=7 v=0.2210
    OK ch=1 v=0.3238
    OK ch=3 v=0.2689
    OK ch=5 v=0.2139
    OK ch=7 v=0.2245
    OK ch=1 v=0.2929
    OK ch=3 v=0.2676
    OK ch=5 v=0.2158
    OK ch=7 v=0.2260
    OK ch=1 v=0.3255
    OK ch=3 v=0.2756
    OK ch=5 v=0.2176
    OK ch=7 v=0.2278
    OK ch=1 v=0.3263
    OK ch=3 v=0.2743
    OK ch=5 v=0.2153
    OK ch=7 v=0.2255
    OK ch=1 v=0.3273
    OK ch=3 v=0.2716
    OK ch=5 v=0.2193
    OK ch=1 v=0.3143
    OK ch=3 v=0.2708
    OK ch=7 v=0.2272
    OK ch=1 v=0.3014
    OK ch=3 v=0.2741
    OK ch=5 v=0.2148
    OK ch=1 v=0.2958
    OK ch=3 v=0.2727
    OK ch=5 v=0.2141
    OK ch=7 v=0.2287
    OK ch=1 v=0.2934
    OK ch=3 v=0.2668
    OK ch=5 v=0.2169
    OK ch=7 v=0.2260
    OK ch=1 v=0.3240
    OK ch=5 v=0.2110
    OK ch=7 v=0.2269
    OK ch=1 v=0.3149
    OK ch=3 v=0.2692
    OK ch=5 v=0.2115
    OK ch=7 v=0.2235
    OK ch=1 v=0.3498
    OK ch=3 v=0.2773
    OK ch=5 v=0.2107
    OK ch=7 v=0.2251
    OK ch=1 v=0.3454
    OK ch=3 v=0.2705
    OK ch=5 v=0.2114
    OK ch=7 v=0.2273
    OK ch=1 v=0.3219
    OK ch=5 v=0.2140
    OK ch=7 v=0.2264
    OK ch=1 v=0.3304
    OK ch=3 v=0.2740
    OK ch=5 v=0.2108
    OK ch=7 v=0.2277
    OK ch=1 v=0.3350
    OK ch=3 v=0.2756
    OK ch=5 v=0.2099
    OK ch=7 v=0.2288
    OK ch=1 v=0.3022
    OK ch=3 v=0.2669
    OK ch=5 v=0.2130
    OK ch=7 v=0.2283
    OK ch=1 v=0.3100
    OK ch=5 v=0.2105
    OK ch=7 v=0.2276
    OK ch=1 v=0.3270
    OK ch=3 v=0.2724
    OK ch=5 v=0.2097
    OK ch=7 v=0.2284
    OK ch=1 v=0.3103
    OK ch=3 v=0.2707
    OK ch=5 v=0.2086
    OK ch=7 v=0.2291
    OK ch=1 v=0.3139
    OK ch=3 v=0.2681
    OK ch=5 v=0.2123
    OK ch=7 v=0.2282
    OK ch=1 v=0.3152
    OK ch=3 v=0.2674
    OK ch=7 v=0.2251
    OK ch=1 v=0.3213
    OK ch=3 v=0.2742
    OK ch=5 v=0.2085
    OK ch=7 v=0.2285
    OK ch=1 v=0.3244
    OK ch=3 v=0.2723
    OK ch=5 v=0.2121
    OK ch=7 v=0.2263
    OK ch=1 v=0.3032
    OK ch=3 v=0.2690
    OK ch=5 v=0.2151
    OK ch=1 v=0.3064
    OK ch=3 v=0.2701
    OK ch=5 v=0.2130
    OK ch=7 v=0.2273
    OK ch=1 v=0.3295
    OK ch=5 v=0.2150
    OK ch=1 v=0.3119
    OK ch=3 v=0.2742
    OK ch=1 v=0.3248
    OK ch=3 v=0.2724
    OK ch=5 v=0.2136
    OK ch=1 v=0.3235
    OK ch=3 v=0.2700
    OK ch=5 v=0.2142
    OK ch=1 v=0.3173
    OK ch=3 v=0.2684
    OK ch=5 v=0.2157
    OK ch=7 v=0.2244
    OK ch=1 v=0.3280
    OK ch=5 v=0.2141
    OK ch=7 v=0.2234
    OK ch=1 v=0.2951
    OK ch=3 v=0.2622
    OK ch=5 v=0.2125
    OK ch=7 v=0.2267
    OK ch=1 v=0.3034
    OK ch=3 v=0.2709
    OK ch=5 v=0.2171
    OK ch=7 v=0.2252
    OK ch=1 v=0.3065
    OK ch=3 v=0.2714
    OK ch=5 v=0.2147
    OK ch=7 v=0.2279
    OK ch=1 v=0.3229
    OK ch=3 v=0.2749
    OK ch=5 v=0.2120
    OK ch=7 v=0.2258
    OK ch=1 v=0.3392
    OK ch=5 v=0.2142
    OK ch=1 v=0.3173
    OK ch=3 v=0.2696
    OK ch=5 v=0.2128
    OK ch=7 v=0.2284
    OK ch=1 v=0.3201
    OK ch=3 v=0.2657
    OK ch=5 v=0.2116
    OK ch=7 v=0.2253
    OK ch=1 v=0.3458
    OK ch=3 v=0.2772
    OK ch=7 v=0.2277
    OK ch=1 v=0.3156
    OK ch=3 v=0.2692
    OK ch=5 v=0.2102
    OK ch=7 v=0.2303
    OK ch=1 v=0.2961
    OK ch=3 v=0.2676
    OK ch=5 v=0.2122
    OK ch=7 v=0.2274
    OK ch=1 v=0.3331
    OK ch=3 v=0.2754
    OK ch=7 v=0.2255
    OK ch=1 v=0.3391
    OK ch=3 v=0.2768
    OK ch=5 v=0.2092
    OK ch=7 v=0.2278
    OK ch=1 v=0.3376
    OK ch=3 v=0.2736
    OK ch=5 v=0.2120
    OK ch=7 v=0.2292
    OK ch=1 v=0.3090
    OK ch=3 v=0.2647
    OK ch=5 v=0.2136
    OK ch=7 v=0.2274
[   70.3s] DAMPING     ch0:.... g=-0.0300 bp=+0.023V ratio=0.06  ch1:.... g=-0.0300 bp=+0.003V ratio=0.03  ch2:.... g=+0.0100 bp=+0.004V ratio=0.03  ch3:.... g=-0.0300 bp=+0.003V ratio=0.02
    OK ch=1 v=0.3228
    OK ch=3 v=0.2674
    OK ch=5 v=0.2118
    OK ch=7 v=0.2279
    OK ch=1 v=0.3257
    OK ch=3 v=0.2702
    OK ch=7 v=0.2252
    OK ch=1 v=0.3191
    OK ch=3 v=0.2732
    OK ch=5 v=0.2104
    OK ch=7 v=0.2275
    OK ch=1 v=0.2959
    OK ch=3 v=0.2661
    OK ch=5 v=0.2117
    OK ch=7 v=0.2266
    OK ch=1 v=0.3055
    OK ch=3 v=0.2699
    OK ch=5 v=0.2138
    OK ch=7 v=0.2253
    OK ch=1 v=0.3356
    OK ch=3 v=0.2756
    OK ch=5 v=0.2094
    OK ch=7 v=0.2279
    OK ch=1 v=0.3243
    OK ch=3 v=0.2724
    OK ch=5 v=0.2151
    OK ch=7 v=0.2246
    OK ch=1 v=0.3167
    OK ch=3 v=0.2711
    OK ch=5 v=0.2144
    OK ch=7 v=0.2260
    OK ch=1 v=0.3001
    OK ch=3 v=0.2649
    OK ch=5 v=0.2136
    OK ch=7 v=0.2278
    OK ch=1 v=0.3157
    OK ch=3 v=0.2682
    OK ch=5 v=0.2130
    OK ch=7 v=0.2289
    OK ch=1 v=0.3225
    OK ch=3 v=0.2698
    OK ch=7 v=0.2260
    OK ch=1 v=0.3337
    OK ch=3 v=0.2776
    OK ch=5 v=0.2177
    OK ch=7 v=0.2245
    OK ch=1 v=0.3329
    OK ch=3 v=0.2721
    OK ch=5 v=0.2152
    OK ch=7 v=0.2262
    OK ch=1 v=0.3077
    OK ch=3 v=0.2636
    OK ch=5 v=0.2130
    OK ch=7 v=0.2268
    OK ch=1 v=0.3172
    OK ch=3 v=0.2716
    OK ch=5 v=0.2148
    OK ch=1 v=0.3338
    OK ch=3 v=0.2705
    OK ch=5 v=0.2124
    OK ch=1 v=0.3283
    OK ch=3 v=0.2727
    OK ch=5 v=0.2118
    OK ch=1 v=0.3167
    OK ch=1 v=0.2992
    OK ch=3 v=0.2704
    OK ch=1 v=0.2974
    OK ch=5 v=0.2103
    OK ch=7 v=0.2281
    OK ch=1 v=0.3174
    OK ch=3 v=0.2680
    OK ch=7 v=0.2293
    OK ch=1 v=0.3036
    OK ch=3 v=0.2706
    OK ch=5 v=0.2108
    OK ch=7 v=0.2264
    OK ch=1 v=0.2991
    OK ch=3 v=0.2633
    OK ch=5 v=0.2094
    OK ch=7 v=0.2259
    OK ch=1 v=0.3353
    OK ch=3 v=0.2754
    OK ch=5 v=0.2120
    OK ch=7 v=0.2250
    OK ch=1 v=0.3320
    OK ch=3 v=0.2784
    OK ch=7 v=0.2267
    OK ch=1 v=0.3407
    OK ch=3 v=0.2706
    OK ch=5 v=0.2094
    OK ch=7 v=0.2282
    OK ch=1 v=0.3010
    OK ch=3 v=0.2699
    OK ch=5 v=0.2141
    OK ch=1 v=0.3094
    OK ch=3 v=0.2723
    OK ch=7 v=0.2288
    OK ch=1 v=0.2984
    OK ch=3 v=0.2674
    OK ch=5 v=0.2154
    OK ch=7 v=0.2295
    OK ch=1 v=0.3549
    OK ch=3 v=0.2790
    OK ch=5 v=0.2139
    OK ch=7 v=0.2263
    OK ch=1 v=0.3057
    OK ch=3 v=0.2677
    OK ch=5 v=0.2100
    OK ch=7 v=0.2269
    OK ch=1 v=0.3246
    OK ch=3 v=0.2746
    OK ch=5 v=0.2135
    OK ch=1 v=0.3206
    OK ch=3 v=0.2674
    OK ch=5 v=0.2165
    OK ch=7 v=0.2232
    OK ch=1 v=0.3167
    OK ch=3 v=0.2647
    OK ch=5 v=0.2130
    OK ch=7 v=0.2250
    OK ch=1 v=0.3056
    OK ch=3 v=0.2677
    OK ch=5 v=0.2141
    OK ch=1 v=0.3292
    OK ch=3 v=0.2704
    OK ch=7 v=0.2255
    OK ch=1 v=0.3093
    OK ch=3 v=0.2664
    OK ch=7 v=0.2273
    OK ch=1 v=0.3018
    OK ch=3 v=0.2657
    OK ch=5 v=0.2153
    OK ch=7 v=0.2241
    OK ch=1 v=0.3197
    OK ch=3 v=0.2711
    OK ch=5 v=0.2112
    OK ch=7 v=0.2257
    OK ch=1 v=0.3575
    OK ch=3 v=0.2732
    OK ch=5 v=0.2123
    OK ch=7 v=0.2288
    OK ch=1 v=0.3094
    OK ch=3 v=0.2705
    OK ch=5 v=0.2146
    OK ch=7 v=0.2299
    OK ch=1 v=0.3164
    OK ch=3 v=0.2748
    OK ch=5 v=0.2110
    OK ch=7 v=0.2290
    OK ch=1 v=0.3092
    OK ch=3 v=0.2695
    OK ch=5 v=0.2130
    OK ch=7 v=0.2269
    OK ch=1 v=0.3532
    OK ch=3 v=0.2736
    OK ch=7 v=0.2275
    OK ch=1 v=0.3292
    OK ch=3 v=0.2699
    OK ch=5 v=0.2114
    OK ch=7 v=0.2286
    OK ch=1 v=0.3094
    OK ch=7 v=0.2259
    OK ch=1 v=0.3106
    OK ch=3 v=0.2717
    OK ch=5 v=0.2094
    OK ch=7 v=0.2278
    OK ch=1 v=0.3043
    OK ch=5 v=0.2101
    OK ch=7 v=0.2269
    OK ch=1 v=0.3312
    OK ch=3 v=0.2690
    OK ch=5 v=0.2119
    OK ch=7 v=0.2291
    OK ch=1 v=0.3074
    OK ch=3 v=0.2678
    OK ch=5 v=0.2097
    OK ch=7 v=0.2264
    OK ch=1 v=0.3303
    OK ch=3 v=0.2709
    OK ch=5 v=0.2088
    OK ch=1 v=0.3482
    OK ch=3 v=0.2775
    OK ch=5 v=0.2114
    OK ch=7 v=0.2237
    OK ch=1 v=0.2859
    OK ch=3 v=0.2661
    OK ch=5 v=0.2128
    OK ch=7 v=0.2254
    OK ch=1 v=0.3093
    OK ch=3 v=0.2738
    OK ch=5 v=0.2145
    OK ch=7 v=0.2286
    OK ch=1 v=0.3255
    OK ch=3 v=0.2763
    OK ch=5 v=0.2154
    OK ch=1 v=0.3210
    OK ch=3 v=0.2704
    OK ch=5 v=0.2134
    OK ch=7 v=0.2281
    OK ch=1 v=0.3205
    OK ch=3 v=0.2688
    OK ch=5 v=0.2152
    OK ch=7 v=0.2239
    OK ch=1 v=0.3199
    OK ch=3 v=0.2714
    OK ch=5 v=0.2163
    OK ch=7 v=0.2254
    OK ch=1 v=0.3090
    OK ch=3 v=0.2703
    OK ch=5 v=0.2136
    OK ch=7 v=0.2285
    OK ch=1 v=0.3316
    OK ch=3 v=0.2782
    OK ch=5 v=0.2157
    OK ch=7 v=0.2273
    OK ch=1 v=0.3069
    OK ch=3 v=0.2640
    OK ch=5 v=0.2140
    OK ch=7 v=0.2234
    OK ch=1 v=0.3022
    OK ch=5 v=0.2149
    OK ch=7 v=0.2252
    OK ch=1 v=0.3027
    OK ch=3 v=0.2691
    OK ch=5 v=0.2142
    OK ch=7 v=0.2260
    OK ch=1 v=0.3292
    OK ch=3 v=0.2676
    OK ch=5 v=0.2120
    OK ch=7 v=0.2278
    OK ch=1 v=0.3311
    OK ch=3 v=0.2698
    OK ch=5 v=0.2137
    OK ch=7 v=0.2255
    OK ch=1 v=0.3389
    OK ch=3 v=0.2718
    OK ch=5 v=0.2123
    OK ch=7 v=0.2280
    OK ch=1 v=0.3260
    OK ch=3 v=0.2696
    OK ch=5 v=0.2103
    OK ch=7 v=0.2269
    OK ch=1 v=0.3299
    OK ch=3 v=0.2720
    OK ch=5 v=0.2148
    OK ch=1 v=0.2828
    OK ch=3 v=0.2662
    OK ch=5 v=0.2137
    OK ch=7 v=0.2280
    OK ch=1 v=0.3093
    OK ch=3 v=0.2724
    OK ch=5 v=0.2112
    OK ch=1 v=0.3160
    OK ch=3 v=0.2732
    OK ch=5 v=0.2100
    OK ch=7 v=0.2264
    OK ch=1 v=0.3180
    OK ch=3 v=0.2737
    OK ch=5 v=0.2091
    OK ch=7 v=0.2273
    OK ch=1 v=0.3330
    OK ch=3 v=0.2750
    OK ch=7 v=0.2285
    OK ch=1 v=0.3354
    OK ch=3 v=0.2691
    OK ch=5 v=0.2114
    OK ch=1 v=0.3284
    OK ch=3 v=0.2740
    OK ch=5 v=0.2100
    OK ch=1 v=0.3021
    OK ch=3 v=0.2704
    OK ch=5 v=0.2128
    OK ch=7 v=0.2271
    OK ch=1 v=0.3054
    OK ch=3 v=0.2640
    OK ch=5 v=0.2148
    OK ch=7 v=0.2254
    OK ch=1 v=0.3319
    OK ch=3 v=0.2734
    OK ch=5 v=0.2107
    OK ch=7 v=0.2279
    OK ch=1 v=0.3090
    OK ch=3 v=0.2696
    OK ch=5 v=0.2134
    OK ch=7 v=0.2256
    OK ch=1 v=0.3224
    OK ch=3 v=0.2681
    OK ch=7 v=0.2279
    OK ch=1 v=0.3204
    OK ch=3 v=0.2722
    OK ch=7 v=0.2244
    OK ch=1 v=0.3350
    OK ch=3 v=0.2739
    OK ch=5 v=0.2140
    OK ch=7 v=0.2255
    OK ch=1 v=0.3184
    OK ch=3 v=0.2731
    OK ch=5 v=0.2129
    OK ch=7 v=0.2285
    OK ch=1 v=0.2996
    OK ch=3 v=0.2663
    OK ch=5 v=0.2168
    OK ch=7 v=0.2261
    OK ch=1 v=0.3326
    OK ch=3 v=0.2725
    OK ch=5 v=0.2144
    OK ch=1 v=0.3180
    OK ch=3 v=0.2695
    OK ch=5 v=0.2125
    OK ch=1 v=0.3246
    OK ch=3 v=0.2716
    OK ch=5 v=0.2134
    OK ch=7 v=0.2241
    OK ch=1 v=0.3045
    OK ch=3 v=0.2638
    OK ch=5 v=0.2162
    OK ch=7 v=0.2259
    OK ch=1 v=0.3092
    OK ch=3 v=0.2664
    OK ch=5 v=0.2138
    OK ch=7 v=0.2289
    OK ch=1 v=0.3290
    OK ch=3 v=0.2756
    OK ch=5 v=0.2109
    OK ch=7 v=0.2276
    OK ch=1 v=0.3097
    OK ch=3 v=0.2744
    OK ch=5 v=0.2117
    OK ch=7 v=0.2271
    OK ch=1 v=0.3308
    OK ch=3 v=0.2763
    OK ch=5 v=0.2135
    OK ch=7 v=0.2257
    OK ch=1 v=0.3086
    OK ch=3 v=0.2664
    OK ch=5 v=0.2110
    OK ch=7 v=0.2271
    OK ch=1 v=0.3270
    OK ch=3 v=0.2753
    OK ch=5 v=0.2101
    OK ch=7 v=0.2296
    OK ch=1 v=0.3103
    OK ch=3 v=0.2647
    OK ch=5 v=0.2136
    OK ch=7 v=0.2267
    OK ch=1 v=0.3291
    OK ch=3 v=0.2696
    OK ch=5 v=0.2109
    OK ch=7 v=0.2273
    OK ch=1 v=0.3369
    OK ch=3 v=0.2801
    OK ch=7 v=0.2260
    OK ch=1 v=0.3292
    OK ch=3 v=0.2721
    OK ch=7 v=0.2284
    OK ch=1 v=0.3001
    OK ch=3 v=0.2708
    OK ch=5 v=0.2127
    OK ch=7 v=0.2272
    OK ch=1 v=0.3034
    OK ch=3 v=0.2679
    OK ch=5 v=0.2140
    OK ch=7 v=0.2256
    OK ch=1 v=0.3228
    OK ch=3 v=0.2706
    OK ch=5 v=0.2101
    OK ch=7 v=0.2269
    OK ch=1 v=0.3394
    OK ch=3 v=0.2755
    OK ch=5 v=0.2139
    OK ch=1 v=0.3134
    OK ch=3 v=0.2697
    OK ch=5 v=0.2152
    OK ch=7 v=0.2281
    OK ch=1 v=0.3190
    OK ch=3 v=0.2655
    OK ch=5 v=0.2125
    OK ch=7 v=0.2266
    OK ch=1 v=0.3289
    OK ch=3 v=0.2747
    OK ch=1 v=0.2906
    OK ch=3 v=0.2625
    OK ch=7 v=0.2252
    OK ch=1 v=0.3051
    OK ch=3 v=0.2679
    OK ch=5 v=0.2150
    OK ch=7 v=0.2277
    OK ch=1 v=0.3196
    OK ch=3 v=0.2702
    OK ch=5 v=0.2157
    OK ch=7 v=0.2245
    OK ch=1 v=0.3094
    OK ch=3 v=0.2662
    OK ch=5 v=0.2164
    OK ch=1 v=0.3260
    OK ch=3 v=0.2680
    OK ch=5 v=0.2192
    OK ch=7 v=0.2231
    OK ch=1 v=0.3197
    OK ch=3 v=0.2650
    OK ch=5 v=0.2182
    OK ch=7 v=0.2242
    OK ch=1 v=0.3359
    OK ch=3 v=0.2749
    OK ch=5 v=0.2099
    OK ch=7 v=0.2290
    OK ch=1 v=0.2934
    OK ch=3 v=0.2695
    OK ch=5 v=0.2125
    OK ch=7 v=0.2269
    OK ch=1 v=0.3060
    OK ch=3 v=0.2680
    OK ch=5 v=0.2117
    OK ch=7 v=0.2289
    OK ch=1 v=0.3334
    OK ch=3 v=0.2770
    OK ch=7 v=0.2274
    OK ch=1 v=0.3356
    OK ch=3 v=0.2792
    OK ch=5 v=0.2085
    OK ch=1 v=0.3368
    OK ch=3 v=0.2745
    OK ch=7 v=0.2292
    OK ch=1 v=0.3148
    OK ch=3 v=0.2710
    OK ch=5 v=0.2106
    OK ch=1 v=0.3072
    OK ch=3 v=0.2652
    OK ch=7 v=0.2258
    OK ch=1 v=0.3100
    OK ch=3 v=0.2642
    OK ch=5 v=0.2085
    OK ch=7 v=0.2290
[   75.3s] DAMPING     ch0:LOCK g=-0.0300 bp=-0.014V ratio=0.05  ch1:LOCK g=-0.0300 bp=-0.008V ratio=0.04  ch2:LOCK g=+0.0100 bp=+0.023V ratio=0.03  ch3:LOCK g=-0.0300 bp=+0.004V ratio=0.02
    OK ch=1 v=0.3268
    OK ch=3 v=0.2744
    OK ch=7 v=0.2265
    OK ch=1 v=0.3496
    OK ch=3 v=0.2738
    OK ch=7 v=0.2297
    OK ch=1 v=0.3201
    OK ch=3 v=0.2689
    OK ch=5 v=0.2104
    OK ch=7 v=0.2282
    OK ch=1 v=0.3167
    OK ch=3 v=0.2732
    OK ch=5 v=0.2152
    OK ch=7 v=0.2272
    OK ch=1 v=0.3303
    OK ch=5 v=0.2128
    OK ch=1 v=0.3222
    OK ch=3 v=0.2759
    OK ch=7 v=0.2266
    OK ch=1 v=0.3203
    OK ch=3 v=0.2753
    OK ch=5 v=0.2151
    OK ch=1 v=0.3045
    OK ch=3 v=0.2713
    OK ch=5 v=0.2163
    OK ch=7 v=0.2253
    OK ch=1 v=0.3297
    OK ch=5 v=0.2145
    OK ch=1 v=0.3143
    OK ch=3 v=0.2694
    OK ch=7 v=0.2246
    OK ch=1 v=0.3063
    OK ch=3 v=0.2655
    OK ch=5 v=0.2176
    OK ch=7 v=0.2237
    OK ch=1 v=0.3118
    OK ch=3 v=0.2638
    OK ch=5 v=0.2154
    OK ch=7 v=0.2246
    OK ch=1 v=0.2841
    OK ch=7 v=0.2257
    OK ch=1 v=0.3097
    OK ch=3 v=0.2695
    OK ch=5 v=0.2174
    OK ch=7 v=0.2250
    OK ch=1 v=0.3085
    OK ch=3 v=0.2666
    OK ch=5 v=0.2157
    OK ch=7 v=0.2267
    OK ch=1 v=0.3282
    OK ch=3 v=0.2771
    OK ch=5 v=0.2164
    OK ch=1 v=0.3323
    OK ch=3 v=0.2714
    OK ch=5 v=0.2144
    OK ch=7 v=0.2249
    OK ch=1 v=0.3277
    OK ch=3 v=0.2745
    OK ch=5 v=0.2098
    OK ch=7 v=0.2287
    OK ch=1 v=0.3157
    OK ch=3 v=0.2714
    OK ch=5 v=0.2151
    OK ch=7 v=0.2253
    OK ch=1 v=0.3021
    OK ch=3 v=0.2647
    OK ch=5 v=0.2112
    OK ch=7 v=0.2288
    OK ch=1 v=0.3456
    OK ch=3 v=0.2738
    OK ch=5 v=0.2092
    OK ch=1 v=0.3467
    OK ch=3 v=0.2783
    OK ch=5 v=0.2100
    OK ch=7 v=0.2295
    OK ch=1 v=0.3099
    OK ch=3 v=0.2661
    OK ch=5 v=0.2115
    OK ch=7 v=0.2263
    OK ch=1 v=0.3075
    OK ch=3 v=0.2668
    OK ch=5 v=0.2126
    OK ch=1 v=0.3426
    OK ch=3 v=0.2753
    OK ch=5 v=0.2084
    OK ch=7 v=0.2273
    OK ch=1 v=0.3355
    OK ch=3 v=0.2777
    OK ch=5 v=0.2053
    OK ch=7 v=0.2286
    OK ch=1 v=0.3112
    OK ch=3 v=0.2673
    OK ch=5 v=0.2121
    OK ch=3 v=0.2686
    OK ch=5 v=0.2111
    OK ch=7 v=0.2276
    OK ch=1 v=0.2887
    OK ch=5 v=0.2117
    OK ch=7 v=0.2284
    OK ch=1 v=0.3082
    OK ch=3 v=0.2700
    OK ch=1 v=0.3245
    OK ch=3 v=0.2718
    OK ch=5 v=0.2129
    OK ch=7 v=0.2264
    OK ch=1 v=0.3389
    OK ch=7 v=0.2271
    OK ch=1 v=0.3341
    OK ch=3 v=0.2728
    OK ch=5 v=0.2147
    OK ch=7 v=0.2260
    OK ch=1 v=0.3059
    OK ch=3 v=0.2746
    OK ch=5 v=0.2159
    OK ch=1 v=0.2979
    OK ch=3 v=0.2642
    OK ch=5 v=0.2138
    OK ch=7 v=0.2272
    OK ch=1 v=0.3304
    OK ch=3 v=0.2731
    OK ch=5 v=0.2153
    OK ch=1 v=0.3108
    OK ch=3 v=0.2705
    OK ch=1 v=0.3017
    OK ch=3 v=0.2664
    OK ch=5 v=0.2140
    OK ch=7 v=0.2236
    OK ch=1 v=0.3059
    OK ch=3 v=0.2686
    OK ch=5 v=0.2154
    OK ch=7 v=0.2257
    OK ch=1 v=0.3214
    OK ch=3 v=0.2675
    OK ch=5 v=0.2149
    OK ch=7 v=0.2242
    OK ch=1 v=0.3249
    OK ch=3 v=0.2663
    OK ch=5 v=0.2143
    OK ch=7 v=0.2250
    OK ch=1 v=0.3517
    OK ch=3 v=0.2736
    OK ch=1 v=0.3161
    OK ch=3 v=0.2699
    OK ch=5 v=0.2135
    OK ch=7 v=0.2274
    OK ch=1 v=0.3314
    OK ch=3 v=0.2758
    OK ch=5 v=0.2126
    OK ch=7 v=0.2295
    OK ch=1 v=0.3128
    OK ch=3 v=0.2693
    OK ch=5 v=0.2155
    OK ch=7 v=0.2244
    OK ch=1 v=0.2983
    OK ch=3 v=0.2674
    OK ch=5 v=0.2129
    OK ch=7 v=0.2267
    OK ch=1 v=0.3007
    OK ch=3 v=0.2717
    OK ch=5 v=0.2111
    OK ch=7 v=0.2296
    OK ch=1 v=0.3290
    OK ch=3 v=0.2757
    OK ch=7 v=0.2280
    OK ch=1 v=0.3234
    OK ch=3 v=0.2713
    OK ch=7 v=0.2273
    OK ch=1 v=0.3303
    OK ch=3 v=0.2688
    OK ch=5 v=0.2116
    OK ch=1 v=0.3293
    OK ch=3 v=0.2783
    OK ch=5 v=0.2104
    OK ch=7 v=0.2257
    OK ch=1 v=0.3111
    OK ch=3 v=0.2657
    OK ch=5 v=0.2096
    OK ch=7 v=0.2281
    OK ch=1 v=0.3073
    OK ch=3 v=0.2665
    OK ch=5 v=0.2135
    OK ch=7 v=0.2257
    OK ch=1 v=0.3283
    OK ch=3 v=0.2716
    OK ch=5 v=0.2129
    OK ch=7 v=0.2280
    OK ch=1 v=0.3069
    OK ch=3 v=0.2711
    OK ch=5 v=0.2116
    OK ch=7 v=0.2291
    OK ch=1 v=0.3169
    OK ch=7 v=0.2284
    OK ch=1 v=0.3275
    OK ch=3 v=0.2731
    OK ch=7 v=0.2255
    OK ch=1 v=0.3109
    OK ch=3 v=0.2684
    OK ch=5 v=0.2124
    OK ch=7 v=0.2272
    OK ch=1 v=0.3299
    OK ch=3 v=0.2693
    OK ch=5 v=0.2148
    OK ch=7 v=0.2251
    OK ch=1 v=0.3385
    OK ch=3 v=0.2746
    OK ch=5 v=0.2126
    OK ch=7 v=0.2264
    OK ch=1 v=0.3164
    OK ch=3 v=0.2729
    OK ch=5 v=0.2142
    OK ch=1 v=0.3043
    OK ch=3 v=0.2646
    OK ch=7 v=0.2257
    OK ch=1 v=0.3115
    OK ch=5 v=0.2132
    OK ch=1 v=0.3026
    OK ch=3 v=0.2696
    OK ch=5 v=0.2148
    OK ch=7 v=0.2249
    OK ch=1 v=0.3346
    OK ch=3 v=0.2718
    OK ch=5 v=0.2163
    OK ch=7 v=0.2265
    OK ch=1 v=0.2769
    OK ch=3 v=0.2650
    OK ch=5 v=0.2125
    OK ch=1 v=0.3242
    OK ch=3 v=0.2738
    OK ch=5 v=0.2117
    OK ch=7 v=0.2282
    OK ch=1 v=0.3270
    OK ch=3 v=0.2749
    OK ch=5 v=0.2138
    OK ch=7 v=0.2292
    OK ch=1 v=0.3379
    OK ch=3 v=0.2724
    OK ch=5 v=0.2130
    OK ch=7 v=0.2250
    OK ch=1 v=0.3182
    OK ch=7 v=0.2272
    OK ch=1 v=0.3323
    OK ch=3 v=0.2744
    OK ch=7 v=0.2252
    OK ch=1 v=0.2939
    OK ch=3 v=0.2668
    OK ch=5 v=0.2104
    OK ch=7 v=0.2273
    OK ch=1 v=0.3422
    OK ch=3 v=0.2767
    OK ch=5 v=0.2127
    OK ch=1 v=0.3182
    OK ch=3 v=0.2719
    OK ch=5 v=0.2145
    OK ch=7 v=0.2263
    OK ch=1 v=0.3106
    OK ch=3 v=0.2678
    OK ch=5 v=0.2099
    OK ch=7 v=0.2285
    OK ch=1 v=0.3180
    OK ch=3 v=0.2692
    OK ch=5 v=0.2110
    OK ch=7 v=0.2259
    OK ch=1 v=0.3314
    OK ch=5 v=0.2101
    OK ch=7 v=0.2280
    OK ch=3 v=0.2716
    OK ch=7 v=0.2257
    OK ch=1 v=0.3274
    OK ch=3 v=0.2709
    OK ch=5 v=0.2117
    OK ch=1 v=0.3197
    OK ch=3 v=0.2718
    OK ch=7 v=0.2280
    OK ch=1 v=0.3135
    OK ch=3 v=0.2692
    OK ch=5 v=0.2112
    OK ch=1 v=0.3059
    OK ch=3 v=0.2630
    OK ch=5 v=0.2151
    OK ch=7 v=0.2256
    OK ch=1 v=0.3189
    OK ch=3 v=0.2735
    OK ch=7 v=0.2242
    OK ch=1 v=0.3308
    OK ch=3 v=0.2747
    OK ch=5 v=0.2131
    OK ch=7 v=0.2271
    OK ch=1 v=0.3124
    OK ch=3 v=0.2676
    OK ch=5 v=0.2137
    OK ch=7 v=0.2265
    OK ch=1 v=0.3232
    OK ch=3 v=0.2711
    OK ch=5 v=0.2159
    OK ch=1 v=0.3060
    OK ch=3 v=0.2716
    OK ch=5 v=0.2152
    OK ch=1 v=0.3015
    OK ch=3 v=0.2691
    OK ch=1 v=0.3370
    OK ch=3 v=0.2758
    OK ch=5 v=0.2135
    OK ch=1 v=0.3093
    OK ch=3 v=0.2670
    OK ch=1 v=0.3167
    OK ch=3 v=0.2751
    OK ch=7 v=0.2257
    OK ch=1 v=0.3189
    OK ch=5 v=0.2154
    OK ch=1 v=0.3031
    OK ch=3 v=0.2639
    OK ch=7 v=0.2271
    OK ch=1 v=0.3166
    OK ch=3 v=0.2665
    OK ch=5 v=0.2128
    OK ch=7 v=0.2263
    OK ch=1 v=0.2971
    OK ch=7 v=0.2252
    OK ch=1 v=0.3180
    OK ch=3 v=0.2731
    OK ch=5 v=0.2120
    OK ch=1 v=0.3266
    OK ch=3 v=0.2689
    OK ch=5 v=0.2101
    OK ch=7 v=0.2284
    OK ch=1 v=0.3181
    OK ch=3 v=0.2711
    OK ch=5 v=0.2128
    OK ch=7 v=0.2262
    OK ch=1 v=0.3302
    OK ch=3 v=0.2692
    OK ch=5 v=0.2120
    OK ch=1 v=0.3330
    OK ch=3 v=0.2669
    OK ch=7 v=0.2287
    OK ch=3 v=0.2736
    OK ch=5 v=0.2126
    OK ch=7 v=0.2301
    OK ch=1 v=0.3245
    OK ch=3 v=0.2769
    OK ch=5 v=0.2110
    OK ch=7 v=0.2283
    OK ch=1 v=0.3153
    OK ch=3 v=0.2697
    OK ch=5 v=0.2096
    OK ch=7 v=0.2273
    OK ch=1 v=0.3378
    OK ch=3 v=0.2722
    OK ch=5 v=0.2127
    OK ch=7 v=0.2280
    OK ch=1 v=0.3090
    OK ch=3 v=0.2674
    OK ch=5 v=0.2116
    OK ch=1 v=0.3265
    OK ch=3 v=0.2723
    OK ch=5 v=0.2106
    OK ch=7 v=0.2273
    OK ch=1 v=0.3079
    OK ch=3 v=0.2683
    OK ch=5 v=0.2115
    OK ch=1 v=0.2948
    OK ch=3 v=0.2672
    OK ch=5 v=0.2122
    OK ch=7 v=0.2256
    OK ch=1 v=0.3102
    OK ch=3 v=0.2706
    OK ch=5 v=0.2134
    OK ch=7 v=0.2268
    OK ch=1 v=0.3481
    OK ch=3 v=0.2807
    OK ch=5 v=0.2128
    OK ch=1 v=0.3284
    OK ch=3 v=0.2787
    OK ch=5 v=0.2107
    OK ch=1 v=0.3254
    OK ch=3 v=0.2734
    OK ch=5 v=0.2129
    OK ch=1 v=0.3201
    OK ch=5 v=0.2160
    OK ch=7 v=0.2256
    OK ch=3 v=0.2676
    OK ch=5 v=0.2144
    OK ch=1 v=0.3108
    OK ch=3 v=0.2596
    OK ch=7 v=0.2281
    OK ch=1 v=0.3115
    OK ch=3 v=0.2655
    OK ch=7 v=0.2263
    OK ch=1 v=0.3219
    OK ch=3 v=0.2707
    OK ch=1 v=0.2956
    OK ch=3 v=0.2674
    OK ch=7 v=0.2285
    OK ch=1 v=0.3179
    OK ch=3 v=0.2732
    OK ch=5 v=0.2158
    OK ch=7 v=0.2264
    OK ch=1 v=0.3197
    OK ch=3 v=0.2757
    OK ch=5 v=0.2146
    OK ch=1 v=0.3414
    OK ch=3 v=0.2745
    OK ch=5 v=0.2130
    OK ch=1 v=0.3111
    OK ch=3 v=0.2681
    OK ch=5 v=0.2143
    OK ch=7 v=0.2253
    OK ch=1 v=0.3033
    OK ch=3 v=0.2628
    OK ch=5 v=0.2126
    OK ch=1 v=0.3227
    OK ch=3 v=0.2658
    OK ch=5 v=0.2110
    OK ch=1 v=0.3031
    OK ch=3 v=0.2717
    OK ch=5 v=0.2133
    OK ch=7 v=0.2268
    OK ch=1 v=0.3254
    OK ch=3 v=0.2680
    OK ch=5 v=0.2122
    OK ch=7 v=0.2284
    OK ch=1 v=0.3099
    OK ch=3 v=0.2708
    OK ch=7 v=0.2270
    OK ch=1 v=0.3352
    OK ch=3 v=0.2738
    OK ch=5 v=0.2112
    OK ch=7 v=0.2255
    OK ch=1 v=0.3121
    OK ch=3 v=0.2802
    OK ch=5 v=0.2117
    OK ch=7 v=0.2280
    OK ch=1 v=0.3131
    OK ch=3 v=0.2696
    OK ch=5 v=0.2136
    OK ch=7 v=0.2269
[   80.3s] DAMPING     ch0:LOCK g=-0.0300 bp=-0.027V ratio=0.04  ch1:LOCK g=-0.0300 bp=+0.005V ratio=0.04  ch2:LOCK g=+0.0100 bp=-0.004V ratio=0.02  ch3:LOCK g=-0.0300 bp=-0.002V ratio=0.02
    OK ch=1 v=0.3331
    OK ch=3 v=0.2748
    OK ch=5 v=0.2118
    OK ch=7 v=0.2255
    OK ch=1 v=0.3249
    OK ch=3 v=0.2671
    OK ch=5 v=0.2107
    OK ch=7 v=0.2293
    OK ch=1 v=0.3038
    OK ch=3 v=0.2691
    OK ch=5 v=0.2127
    OK ch=7 v=0.2279
    OK ch=1 v=0.3090
    OK ch=3 v=0.2653
    OK ch=5 v=0.2139
    OK ch=7 v=0.2272
    OK ch=1 v=0.3360
    OK ch=3 v=0.2747
    OK ch=5 v=0.2124
    OK ch=1 v=0.3255
    OK ch=3 v=0.2764
    OK ch=5 v=0.2110
    OK ch=7 v=0.2280
    OK ch=1 v=0.3068
    OK ch=3 v=0.2630
    OK ch=1 v=0.3175
    OK ch=3 v=0.2703
    OK ch=5 v=0.2126
    OK ch=7 v=0.2275
    OK ch=1 v=0.3184
    OK ch=7 v=0.2259
    OK ch=1 v=0.3317
    OK ch=3 v=0.2695
    OK ch=5 v=0.2131
    OK ch=7 v=0.2246
    OK ch=1 v=0.3027
    OK ch=3 v=0.2673
    OK ch=5 v=0.2143
    OK ch=7 v=0.2273
    OK ch=1 v=0.3452
    OK ch=3 v=0.2751
    OK ch=7 v=0.2241
    OK ch=1 v=0.3378
    OK ch=3 v=0.2719
    OK ch=5 v=0.2134
    OK ch=7 v=0.2266
    OK ch=1 v=0.2986
    OK ch=3 v=0.2649
    OK ch=5 v=0.2148
    OK ch=7 v=0.2251
    OK ch=1 v=0.3157
    OK ch=3 v=0.2660
    OK ch=5 v=0.2116
    OK ch=7 v=0.2290
    OK ch=1 v=0.3232
    OK ch=3 v=0.2717
    OK ch=5 v=0.2140
    OK ch=1 v=0.3268
    OK ch=3 v=0.2760
    OK ch=5 v=0.2113
    OK ch=1 v=0.3027
    OK ch=3 v=0.2733
    OK ch=5 v=0.2098
    OK ch=7 v=0.2299
    OK ch=1 v=0.3385
    OK ch=3 v=0.2786
    OK ch=5 v=0.2113
    OK ch=7 v=0.2265
    OK ch=1 v=0.3043
    OK ch=3 v=0.2661
    OK ch=5 v=0.2134
    OK ch=7 v=0.2247
    OK ch=1 v=0.3286
    OK ch=3 v=0.2688
    OK ch=5 v=0.2111
    OK ch=7 v=0.2227
    OK ch=1 v=0.3191
    OK ch=3 v=0.2757
    OK ch=5 v=0.2133
    OK ch=7 v=0.2285
    OK ch=1 v=0.3333
    OK ch=3 v=0.2716
    OK ch=5 v=0.2104
    OK ch=7 v=0.2278
    OK ch=1 v=0.3269
    OK ch=3 v=0.2738
    OK ch=5 v=0.2134
    OK ch=7 v=0.2285
    OK ch=1 v=0.3164
    OK ch=5 v=0.2144
    OK ch=7 v=0.2268
    OK ch=1 v=0.2955
    OK ch=3 v=0.2658
    OK ch=5 v=0.2127
    OK ch=1 v=0.2917
    OK ch=3 v=0.2600
    OK ch=7 v=0.2252
    OK ch=1 v=0.3056
    OK ch=3 v=0.2662
    OK ch=5 v=0.2143
    OK ch=1 v=0.3193
    OK ch=7 v=0.2246
    OK ch=1 v=0.3311
    OK ch=3 v=0.2757
    OK ch=5 v=0.2125
    OK ch=7 v=0.2283
    OK ch=1 v=0.3256
    OK ch=3 v=0.2772
    OK ch=5 v=0.2138
    OK ch=1 v=0.3362
    OK ch=7 v=0.2264
    OK ch=1 v=0.3185
    OK ch=3 v=0.2722
    OK ch=7 v=0.2273
    OK ch=1 v=0.3165
    OK ch=3 v=0.2662
    OK ch=5 v=0.2144
    OK ch=7 v=0.2263
    OK ch=1 v=0.3363
    OK ch=3 v=0.2731
    OK ch=5 v=0.2137
    OK ch=7 v=0.2285
    OK ch=1 v=0.3131
    OK ch=3 v=0.2641
    OK ch=5 v=0.2149
    OK ch=7 v=0.2248
    OK ch=1 v=0.3159
    OK ch=3 v=0.2698
    OK ch=1 v=0.3098
    OK ch=3 v=0.2674
    OK ch=5 v=0.2128
    OK ch=7 v=0.2255
    OK ch=1 v=0.2986
    OK ch=3 v=0.2702
    OK ch=5 v=0.2121
    OK ch=7 v=0.2262
    OK ch=1 v=0.3056
    OK ch=3 v=0.2675
    OK ch=7 v=0.2255
    OK ch=1 v=0.3315
    OK ch=5 v=0.2131
    OK ch=7 v=0.2270
    OK ch=1 v=0.3251
    OK ch=3 v=0.2702
    OK ch=5 v=0.2106
    OK ch=7 v=0.2286
    OK ch=1 v=0.3573
    OK ch=3 v=0.2779
    OK ch=5 v=0.2111
    OK ch=7 v=0.2295
    OK ch=1 v=0.3375
    OK ch=3 v=0.2754
    OK ch=5 v=0.2120
    OK ch=7 v=0.2275
    OK ch=1 v=0.3340
    OK ch=3 v=0.2764
    OK ch=5 v=0.2133
    OK ch=7 v=0.2291
    OK ch=1 v=0.2953
    OK ch=3 v=0.2661
    OK ch=5 v=0.2096
    OK ch=7 v=0.2285
    OK ch=1 v=0.2853
    OK ch=3 v=0.2633
    OK ch=5 v=0.2104
    OK ch=1 v=0.3030
    OK ch=3 v=0.2686
    OK ch=5 v=0.2115
    OK ch=7 v=0.2270
    OK ch=1 v=0.3089
    OK ch=3 v=0.2672
    OK ch=5 v=0.2100
    OK ch=7 v=0.2252
    OK ch=1 v=0.3270
    OK ch=3 v=0.2706
    OK ch=1 v=0.3304
    OK ch=3 v=0.2726
    OK ch=5 v=0.2092
    OK ch=7 v=0.2268
    OK ch=1 v=0.3115
    OK ch=3 v=0.2703
    OK ch=5 v=0.2111
    OK ch=1 v=0.3437
    OK ch=3 v=0.2724
    OK ch=5 v=0.2128
    OK ch=7 v=0.2260
    OK ch=1 v=0.3193
    OK ch=5 v=0.2152
    OK ch=7 v=0.2271
    OK ch=1 v=0.3101
    OK ch=7 v=0.2284
    OK ch=1 v=0.3135
    OK ch=3 v=0.2714
    OK ch=5 v=0.2161
    OK ch=7 v=0.2271
    OK ch=1 v=0.3112
    OK ch=3 v=0.2671
    OK ch=5 v=0.2169
    OK ch=7 v=0.2231
    OK ch=1 v=0.3175
    OK ch=3 v=0.2712
    OK ch=5 v=0.2163
    OK ch=7 v=0.2250
    OK ch=1 v=0.3320
    OK ch=3 v=0.2728
    OK ch=5 v=0.2137
    OK ch=1 v=0.3366
    OK ch=5 v=0.2147
    OK ch=7 v=0.2256
    OK ch=1 v=0.2917
    OK ch=3 v=0.2682
    OK ch=5 v=0.2153
    OK ch=7 v=0.2274
    OK ch=1 v=0.3298
    OK ch=3 v=0.2693
    OK ch=5 v=0.2135
    OK ch=7 v=0.2266
    OK ch=1 v=0.3067
    OK ch=3 v=0.2700
    OK ch=5 v=0.2145
    OK ch=7 v=0.2278
    OK ch=1 v=0.3341
    OK ch=3 v=0.2727
    OK ch=5 v=0.2119
    OK ch=7 v=0.2254
    OK ch=1 v=0.3009
    OK ch=3 v=0.2701
    OK ch=5 v=0.2130
    OK ch=1 v=0.3156
    OK ch=5 v=0.2117
    OK ch=7 v=0.2261
    OK ch=1 v=0.3147
    OK ch=5 v=0.2125
    OK ch=7 v=0.2254
    OK ch=1 v=0.3162
    OK ch=3 v=0.2679
    OK ch=7 v=0.2270
    OK ch=1 v=0.3451
    OK ch=3 v=0.2801
    OK ch=7 v=0.2286
    OK ch=1 v=0.3340
    OK ch=3 v=0.2768
    OK ch=5 v=0.2116
    OK ch=7 v=0.2310
    OK ch=1 v=0.3228
    OK ch=3 v=0.2745
    OK ch=5 v=0.2101
    OK ch=7 v=0.2299
    OK ch=1 v=0.3144
    OK ch=3 v=0.2666
    OK ch=5 v=0.2131
    OK ch=7 v=0.2273
    OK ch=1 v=0.3155
    OK ch=3 v=0.2688
    OK ch=5 v=0.2105
    OK ch=1 v=0.3142
    OK ch=5 v=0.2097
    OK ch=7 v=0.2287
    OK ch=1 v=0.3093
    OK ch=3 v=0.2654
    OK ch=7 v=0.2270
    OK ch=1 v=0.3156
    OK ch=3 v=0.2661
    OK ch=5 v=0.2112
    OK ch=7 v=0.2265
    OK ch=1 v=0.3035
    OK ch=3 v=0.2703
    OK ch=7 v=0.2229
    OK ch=1 v=0.3527
    OK ch=3 v=0.2749
    OK ch=7 v=0.2257
    OK ch=1 v=0.3031
    OK ch=3 v=0.2664
    OK ch=5 v=0.2119
    OK ch=7 v=0.2279
    OK ch=1 v=0.3243
    OK ch=3 v=0.2742
    OK ch=5 v=0.2132
    OK ch=1 v=0.3362
    OK ch=3 v=0.2770
    OK ch=5 v=0.2154
    OK ch=1 v=0.3232
    OK ch=3 v=0.2698
    OK ch=5 v=0.2131
    OK ch=7 v=0.2285
    OK ch=1 v=0.3068
    OK ch=3 v=0.2649
    OK ch=5 v=0.2157
    OK ch=7 v=0.2269
    OK ch=1 v=0.3148
    OK ch=3 v=0.2695
    OK ch=5 v=0.2142
    OK ch=1 v=0.3224
    OK ch=3 v=0.2719
    OK ch=5 v=0.2166
    OK ch=1 v=0.3325
    OK ch=3 v=0.2686
    OK ch=5 v=0.2156
    OK ch=1 v=0.3243
    OK ch=3 v=0.2721
    OK ch=5 v=0.2135
    OK ch=1 v=0.3051
    OK ch=3 v=0.2713
    OK ch=5 v=0.2126
    OK ch=7 v=0.2255
    OK ch=1 v=0.3070
    OK ch=3 v=0.2686
    OK ch=5 v=0.2148
    OK ch=7 v=0.2269
    OK ch=1 v=0.3119
    OK ch=5 v=0.2129
    OK ch=7 v=0.2225
    OK ch=1 v=0.3438
    OK ch=3 v=0.2731
    OK ch=5 v=0.2111
    OK ch=7 v=0.2254
    OK ch=1 v=0.3239
    OK ch=3 v=0.2709
    OK ch=5 v=0.2125
    OK ch=7 v=0.2290
    OK ch=1 v=0.3019
    OK ch=3 v=0.2658
    OK ch=7 v=0.2278
    OK ch=1 v=0.3112
    OK ch=3 v=0.2687
    OK ch=7 v=0.2261
    OK ch=1 v=0.3279
    OK ch=3 v=0.2737
    OK ch=7 v=0.2272
    OK ch=1 v=0.3193
    OK ch=3 v=0.2761
    OK ch=5 v=0.2107
    OK ch=7 v=0.2284
    OK ch=1 v=0.3223
    OK ch=3 v=0.2731
    OK ch=7 v=0.2269
    OK ch=1 v=0.3433
    OK ch=3 v=0.2742
    OK ch=1 v=0.3313
    OK ch=3 v=0.2713
    OK ch=5 v=0.2115
    OK ch=7 v=0.2254
    OK ch=1 v=0.3290
    OK ch=3 v=0.2745
    OK ch=5 v=0.2130
    OK ch=1 v=0.3234
    OK ch=3 v=0.2724
    OK ch=7 v=0.2260
    OK ch=1 v=0.3130
    OK ch=3 v=0.2712
    OK ch=7 v=0.2276
    OK ch=1 v=0.3201
    OK ch=3 v=0.2728
    OK ch=7 v=0.2289
    OK ch=1 v=0.2885
    OK ch=3 v=0.2627
    OK ch=7 v=0.2274
    OK ch=1 v=0.2893
    OK ch=3 v=0.2648
    OK ch=7 v=0.2257
    OK ch=1 v=0.2987
    OK ch=3 v=0.2658
    OK ch=5 v=0.2139
    OK ch=7 v=0.2279
    OK ch=1 v=0.3301
    OK ch=3 v=0.2703
    OK ch=5 v=0.2130
    OK ch=1 v=0.3159
    OK ch=5 v=0.2108
    OK ch=7 v=0.2264
    OK ch=1 v=0.3260
    OK ch=5 v=0.2136
    OK ch=7 v=0.2226
    OK ch=1 v=0.3156
    OK ch=3 v=0.2670
    OK ch=5 v=0.2152
    OK ch=7 v=0.2267
    OK ch=1 v=0.3186
    OK ch=3 v=0.2690
    OK ch=7 v=0.2277
    OK ch=1 v=0.3446
    OK ch=3 v=0.2759
    OK ch=1 v=0.3155
    OK ch=3 v=0.2715
    OK ch=7 v=0.2262
    OK ch=1 v=0.3220
    OK ch=3 v=0.2690
    OK ch=5 v=0.2146
    OK ch=7 v=0.2248
    OK ch=1 v=0.3107
    OK ch=7 v=0.2276
    OK ch=1 v=0.3457
    OK ch=3 v=0.2788
    OK ch=5 v=0.2136
    OK ch=1 v=0.3310
    OK ch=3 v=0.2764
    OK ch=5 v=0.2121
    OK ch=7 v=0.2290
    OK ch=1 v=0.2877
    OK ch=3 v=0.2643
    OK ch=5 v=0.2113
    OK ch=7 v=0.2273
    OK ch=1 v=0.3105
    OK ch=3 v=0.2680
    OK ch=7 v=0.2268
    OK ch=1 v=0.3280
    OK ch=3 v=0.2731
    OK ch=5 v=0.2098
    OK ch=7 v=0.2279
    OK ch=1 v=0.2966
    OK ch=3 v=0.2641
    OK ch=5 v=0.2108
    OK ch=1 v=0.3313
    OK ch=3 v=0.2705
    OK ch=5 v=0.2092
    OK ch=7 v=0.2273
    OK ch=1 v=0.3388
    OK ch=3 v=0.2698
    OK ch=7 v=0.2247
    OK ch=1 v=0.3261
    OK ch=3 v=0.2725
    OK ch=5 v=0.2106
    OK ch=7 v=0.2260
    OK ch=1 v=0.3158
    OK ch=3 v=0.2737
    OK ch=5 v=0.2115
    OK ch=7 v=0.2277
[   85.4s] DAMPING     ch0:LOCK g=-0.0300 bp=-0.004V ratio=0.06  ch1:LOCK g=-0.0300 bp=-0.004V ratio=0.04  ch2:LOCK g=+0.0100 bp=+0.027V ratio=0.02  ch3:LOCK g=-0.0300 bp=+0.002V ratio=0.01
    OK ch=1 v=0.2998
    OK ch=3 v=0.2729
    OK ch=5 v=0.2143
    OK ch=7 v=0.2289
    OK ch=1 v=0.3192
    OK ch=3 v=0.2708
    OK ch=5 v=0.2137
    OK ch=7 v=0.2248
    OK ch=1 v=0.3276
    OK ch=3 v=0.2737
    OK ch=5 v=0.2102
    OK ch=7 v=0.2283
    OK ch=1 v=0.3042
    OK ch=3 v=0.2673
    OK ch=5 v=0.2139
    OK ch=7 v=0.2260
    OK ch=1 v=0.3151
    OK ch=3 v=0.2720
    OK ch=7 v=0.2293
    OK ch=1 v=0.3246
    OK ch=3 v=0.2736
    OK ch=5 v=0.2150
    OK ch=7 v=0.2280
    OK ch=1 v=0.3493
    OK ch=5 v=0.2136
    OK ch=7 v=0.2260
    OK ch=1 v=0.3379
    OK ch=3 v=0.2729
    OK ch=5 v=0.2123
    OK ch=1 v=0.3058
    OK ch=5 v=0.2147
    OK ch=1 v=0.3264
    OK ch=3 v=0.2700
    OK ch=5 v=0.2160
    OK ch=7 v=0.2239
    OK ch=1 v=0.3198
    OK ch=3 v=0.2714
    OK ch=5 v=0.2142
    OK ch=7 v=0.2255
    OK ch=1 v=0.3144
    OK ch=3 v=0.2666
    OK ch=5 v=0.2162
    OK ch=7 v=0.2241
    OK ch=1 v=0.3206
    OK ch=3 v=0.2672
    OK ch=5 v=0.2149
    OK ch=7 v=0.2250
    OK ch=1 v=0.3370
    OK ch=3 v=0.2743
    OK ch=5 v=0.2136
    OK ch=7 v=0.2259
    OK ch=1 v=0.3039
    OK ch=3 v=0.2730
    OK ch=7 v=0.2289
    OK ch=1 v=0.3128
    OK ch=3 v=0.2660
    OK ch=5 v=0.2124
    OK ch=7 v=0.2277
    OK ch=1 v=0.3146
    OK ch=3 v=0.2649
    OK ch=7 v=0.2283
    OK ch=1 v=0.3257
    OK ch=3 v=0.2748
    OK ch=7 v=0.2268
    OK ch=1 v=0.3049
    OK ch=3 v=0.2688
    OK ch=7 v=0.2277
    OK ch=1 v=0.3013
    OK ch=3 v=0.2631
    OK ch=5 v=0.2105
    OK ch=7 v=0.2265
    OK ch=1 v=0.3095
    OK ch=3 v=0.2704
    OK ch=7 v=0.2275
    OK ch=1 v=0.3156
    OK ch=3 v=0.2756
    OK ch=5 v=0.2088
    OK ch=1 v=0.3412
    OK ch=3 v=0.2720
    OK ch=1 v=0.3482
    OK ch=3 v=0.2732
    OK ch=5 v=0.2102
    OK ch=1 v=0.3299
    OK ch=5 v=0.2110
    OK ch=7 v=0.2281
    OK ch=1 v=0.3160
    OK ch=3 v=0.2720
    OK ch=7 v=0.2292
    OK ch=1 v=0.3240
    OK ch=3 v=0.2761
    OK ch=5 v=0.2136
    OK ch=7 v=0.2274
    OK ch=1 v=0.3290
    OK ch=3 v=0.2747
    OK ch=5 v=0.2122
    OK ch=1 v=0.3279
    OK ch=3 v=0.2755
    OK ch=1 v=0.3042
    OK ch=3 v=0.2687
    OK ch=5 v=0.2145
    OK ch=7 v=0.2249
    OK ch=1 v=0.2813
    OK ch=3 v=0.2646
    OK ch=5 v=0.2151
    OK ch=1 v=0.3216
    OK ch=5 v=0.2131
    OK ch=1 v=0.3054
    OK ch=3 v=0.2607
    OK ch=5 v=0.2126
    OK ch=7 v=0.2280
    OK ch=1 v=0.3125
    OK ch=3 v=0.2656
    OK ch=5 v=0.2155
    OK ch=7 v=0.2262
    OK ch=1 v=0.3273
    OK ch=3 v=0.2708
    OK ch=5 v=0.2148
    OK ch=7 v=0.2273
    OK ch=1 v=0.3206
    OK ch=7 v=0.2261
    OK ch=1 v=0.3122
    OK ch=3 v=0.2721
    OK ch=7 v=0.2273
    OK ch=1 v=0.3102
    OK ch=3 v=0.2735
    OK ch=5 v=0.2125
    OK ch=1 v=0.3221
    OK ch=3 v=0.2659
    OK ch=5 v=0.2139
    OK ch=7 v=0.2262
    OK ch=1 v=0.3580
    OK ch=3 v=0.2797
    OK ch=5 v=0.2154
    OK ch=1 v=0.3418
    OK ch=3 v=0.2758
    OK ch=5 v=0.2133
    OK ch=7 v=0.2251
    OK ch=1 v=0.2884
    OK ch=3 v=0.2670
    OK ch=7 v=0.2267
    OK ch=1 v=0.3297
    OK ch=3 v=0.2736
    OK ch=5 v=0.2120
    OK ch=7 v=0.2283
    OK ch=1 v=0.3242
    OK ch=3 v=0.2715
    OK ch=1 v=0.3148
    OK ch=3 v=0.2685
    OK ch=5 v=0.2115
    OK ch=7 v=0.2278
    OK ch=1 v=0.3143
    OK ch=3 v=0.2638
    OK ch=5 v=0.2101
    OK ch=1 v=0.3071
    OK ch=3 v=0.2722
    OK ch=7 v=0.2258
    OK ch=1 v=0.3316
    OK ch=3 v=0.2690
    OK ch=7 v=0.2246
    OK ch=1 v=0.3340
    OK ch=3 v=0.2736
    OK ch=5 v=0.2092
    OK ch=7 v=0.2262
    OK ch=1 v=0.3077
    OK ch=3 v=0.2699
    OK ch=5 v=0.2122
    OK ch=7 v=0.2280
    OK ch=1 v=0.2949
    OK ch=3 v=0.2685
    OK ch=7 v=0.2290
    OK ch=1 v=0.3322
    OK ch=3 v=0.2713
    OK ch=5 v=0.2103
    OK ch=7 v=0.2273
    OK ch=1 v=0.3017
    OK ch=3 v=0.2706
    OK ch=5 v=0.2119
    OK ch=7 v=0.2267
    OK ch=1 v=0.3153
    OK ch=5 v=0.2127
    OK ch=1 v=0.3306
    OK ch=3 v=0.2718
    OK ch=5 v=0.2142
    OK ch=1 v=0.3223
    OK ch=3 v=0.2731
    OK ch=5 v=0.2150
    OK ch=7 v=0.2254
    OK ch=1 v=0.3457
    OK ch=3 v=0.2748
    OK ch=5 v=0.2142
    OK ch=7 v=0.2280
    OK ch=1 v=0.3353
    OK ch=7 v=0.2268
    OK ch=1 v=0.3132
    OK ch=3 v=0.2701
    OK ch=5 v=0.2156
    OK ch=7 v=0.2254
    OK ch=1 v=0.3165
    OK ch=3 v=0.2675
    OK ch=5 v=0.2165
    OK ch=7 v=0.2243
    OK ch=1 v=0.3001
    OK ch=3 v=0.2634
    OK ch=7 v=0.2227
    OK ch=1 v=0.3088
    OK ch=3 v=0.2697
    OK ch=5 v=0.2140
    OK ch=7 v=0.2262
    OK ch=1 v=0.3318
    OK ch=3 v=0.2715
    OK ch=5 v=0.2134
    OK ch=7 v=0.2273
    OK ch=1 v=0.3112
    OK ch=3 v=0.2681
    OK ch=5 v=0.2140
    OK ch=7 v=0.2263
    OK ch=1 v=0.3178
    OK ch=3 v=0.2687
    OK ch=5 v=0.2121
    OK ch=1 v=0.3229
    OK ch=3 v=0.2695
    OK ch=5 v=0.2139
    OK ch=7 v=0.2255
    OK ch=1 v=0.3517
    OK ch=3 v=0.2760
    OK ch=5 v=0.2119
    OK ch=7 v=0.2282
    OK ch=1 v=0.3154
    OK ch=3 v=0.2753
    OK ch=1 v=0.3270
    OK ch=3 v=0.2738
    OK ch=5 v=0.2129
    OK ch=1 v=0.3161
    OK ch=3 v=0.2699
    OK ch=7 v=0.2287
    OK ch=1 v=0.3080
    OK ch=3 v=0.2715
    OK ch=7 v=0.2295
    OK ch=1 v=0.3066
    OK ch=3 v=0.2704
    OK ch=5 v=0.2112
    OK ch=7 v=0.2265
    OK ch=1 v=0.2975
    OK ch=3 v=0.2656
    OK ch=5 v=0.2087
    OK ch=7 v=0.2270
    OK ch=3 v=0.2666
    OK ch=5 v=0.2077
    OK ch=1 v=0.3341
    OK ch=3 v=0.2748
    OK ch=5 v=0.2088
    OK ch=1 v=0.3459
    OK ch=5 v=0.2109
    OK ch=7 v=0.2280
    OK ch=1 v=0.3086
    OK ch=3 v=0.2702
    OK ch=1 v=0.3096
    OK ch=3 v=0.2656
    OK ch=7 v=0.2287
    OK ch=1 v=0.3002
    OK ch=3 v=0.2706
    OK ch=5 v=0.2132
    OK ch=1 v=0.3495
    OK ch=3 v=0.2813
    OK ch=5 v=0.2124
    OK ch=7 v=0.2264
    OK ch=1 v=0.3294
    OK ch=3 v=0.2714
    OK ch=5 v=0.2150
    OK ch=1 v=0.3289
    OK ch=3 v=0.2706
    OK ch=7 v=0.2273
    OK ch=1 v=0.3269
    OK ch=3 v=0.2725
    OK ch=7 v=0.2251
    OK ch=1 v=0.2956
    OK ch=3 v=0.2651
    OK ch=5 v=0.2175
    OK ch=7 v=0.2242
    OK ch=1 v=0.3054
    OK ch=3 v=0.2660
    OK ch=5 v=0.2155
    OK ch=7 v=0.2262
    OK ch=1 v=0.3206
    OK ch=3 v=0.2737
    OK ch=5 v=0.2150
    OK ch=7 v=0.2257
    OK ch=1 v=0.3071
    OK ch=3 v=0.2682
    OK ch=5 v=0.2136
    OK ch=7 v=0.2284
    OK ch=1 v=0.3638
    OK ch=3 v=0.2717
    OK ch=7 v=0.2237
    OK ch=1 v=0.3117
    OK ch=3 v=0.2661
    OK ch=5 v=0.2130
    OK ch=7 v=0.2262
    OK ch=1 v=0.3007
    OK ch=3 v=0.2677
    OK ch=5 v=0.2120
    OK ch=7 v=0.2283
    OK ch=1 v=0.3180
    OK ch=3 v=0.2704
    OK ch=5 v=0.2133
    OK ch=7 v=0.2270
    OK ch=1 v=0.3205
    OK ch=5 v=0.2108
    OK ch=7 v=0.2279
    OK ch=1 v=0.3480
    OK ch=3 v=0.2726
    OK ch=7 v=0.2266
    OK ch=1 v=0.3444
    OK ch=3 v=0.2799
    OK ch=7 v=0.2287
    OK ch=1 v=0.3103
    OK ch=3 v=0.2729
    OK ch=5 v=0.2124
    OK ch=7 v=0.2275
    OK ch=1 v=0.3075
    OK ch=3 v=0.2680
    OK ch=5 v=0.2118
    OK ch=7 v=0.2269
    OK ch=1 v=0.3201
    OK ch=3 v=0.2727
    OK ch=7 v=0.2290
    OK ch=1 v=0.3123
    OK ch=5 v=0.2108
    OK ch=7 v=0.2275
    OK ch=1 v=0.2989
    OK ch=3 v=0.2650
    OK ch=5 v=0.2101
    OK ch=7 v=0.2257
    OK ch=1 v=0.3217
    OK ch=3 v=0.2732
    OK ch=5 v=0.2106
    OK ch=7 v=0.2267
    OK ch=1 v=0.3008
    OK ch=3 v=0.2701
    OK ch=7 v=0.2258
    OK ch=1 v=0.3147
    OK ch=3 v=0.2673
    OK ch=5 v=0.2121
    OK ch=7 v=0.2247
    OK ch=1 v=0.3131
    OK ch=3 v=0.2655
    OK ch=7 v=0.2264
    OK ch=1 v=0.3341
    OK ch=3 v=0.2763
    OK ch=5 v=0.2132
    OK ch=1 v=0.3238
    OK ch=3 v=0.2715
    OK ch=5 v=0.2141
    OK ch=7 v=0.2282
    OK ch=1 v=0.3267
    OK ch=3 v=0.2724
    OK ch=7 v=0.2257
    OK ch=1 v=0.3131
    OK ch=3 v=0.2684
    OK ch=5 v=0.2152
    OK ch=7 v=0.2280
    OK ch=1 v=0.3284
    OK ch=3 v=0.2741
    OK ch=5 v=0.2162
    OK ch=7 v=0.2293
    OK ch=1 v=0.2942
    OK ch=3 v=0.2611
    OK ch=7 v=0.2262
    OK ch=1 v=0.3103
    OK ch=3 v=0.2661
    OK ch=5 v=0.2148
    OK ch=7 v=0.2270
    OK ch=1 v=0.3249
    OK ch=3 v=0.2750
    OK ch=5 v=0.2166
    OK ch=7 v=0.2259
    OK ch=1 v=0.3133
    OK ch=3 v=0.2706
    OK ch=5 v=0.2138
    OK ch=7 v=0.2249
    OK ch=1 v=0.3438
    OK ch=3 v=0.2733
    OK ch=5 v=0.2133
    OK ch=7 v=0.2231
    OK ch=1 v=0.3370
    OK ch=5 v=0.2128
    OK ch=7 v=0.2254
    OK ch=1 v=0.3316
    OK ch=3 v=0.2722
    OK ch=7 v=0.2275
    OK ch=1 v=0.3274
    OK ch=3 v=0.2727
    OK ch=7 v=0.2292
    OK ch=1 v=0.2958
    OK ch=3 v=0.2674
    OK ch=5 v=0.2116
    OK ch=7 v=0.2278
    OK ch=1 v=0.3364
    OK ch=3 v=0.2742
    OK ch=5 v=0.2098
    OK ch=7 v=0.2272
    OK ch=1 v=0.3278
    OK ch=3 v=0.2706
    OK ch=7 v=0.2281
    OK ch=1 v=0.3183
    OK ch=3 v=0.2698
    OK ch=5 v=0.2105
    OK ch=7 v=0.2303
    OK ch=1 v=0.3028
    OK ch=5 v=0.2093
    OK ch=7 v=0.2295
    OK ch=1 v=0.3209
    OK ch=3 v=0.2712
    OK ch=7 v=0.2273
    OK ch=1 v=0.3104
    OK ch=3 v=0.2666
    OK ch=5 v=0.2104
    OK ch=7 v=0.2265
    OK ch=1 v=0.2912
    OK ch=3 v=0.2693
    OK ch=1 v=0.3006
    OK ch=3 v=0.2654
[   90.4s] DAMPING     ch0:LOCK g=-0.0300 bp=-0.039V ratio=0.07  ch1:LOCK g=-0.0300 bp=-0.008V ratio=0.03  ch2:LOCK g=+0.0100 bp=+0.032V ratio=0.03  ch3:LOCK g=-0.0300 bp=+0.004V ratio=0.02
    OK ch=1 v=0.3159
    OK ch=3 v=0.2714
    OK ch=5 v=0.2115
    OK ch=7 v=0.2288
    OK ch=1 v=0.3563
    OK ch=3 v=0.2820
    OK ch=5 v=0.2100
    OK ch=1 v=0.3127
    OK ch=3 v=0.2711
    OK ch=5 v=0.2135
    OK ch=7 v=0.2268
    OK ch=1 v=0.3268
    OK ch=3 v=0.2726
    OK ch=5 v=0.2148
    OK ch=7 v=0.2262
    OK ch=1 v=0.2897
    OK ch=3 v=0.2662
    OK ch=5 v=0.2142
    OK ch=7 v=0.2240
    OK ch=1 v=0.3206
    OK ch=3 v=0.2713
    OK ch=5 v=0.2152
    OK ch=7 v=0.2259
    OK ch=1 v=0.3231
    OK ch=3 v=0.2706
    OK ch=5 v=0.2167
    OK ch=1 v=0.3202
    OK ch=3 v=0.2669
    OK ch=5 v=0.2154
    OK ch=7 v=0.2234
    OK ch=1 v=0.3170
    OK ch=3 v=0.2674
    OK ch=7 v=0.2266
    OK ch=1 v=0.3163
    OK ch=3 v=0.2722
    OK ch=7 v=0.2274
    OK ch=1 v=0.3351
    OK ch=3 v=0.2774
    OK ch=1 v=0.3303
    OK ch=3 v=0.2724
    OK ch=5 v=0.2160
    OK ch=7 v=0.2250
    OK ch=1 v=0.3083
    OK ch=3 v=0.2621
    OK ch=5 v=0.2150
    OK ch=1 v=0.3185
    OK ch=3 v=0.2689
    OK ch=7 v=0.2257
    OK ch=1 v=0.3056
    OK ch=3 v=0.2699
    OK ch=5 v=0.2142
    OK ch=7 v=0.2251
    OK ch=1 v=0.3039
    OK ch=3 v=0.2683
    OK ch=5 v=0.2119
    OK ch=7 v=0.2258
    OK ch=1 v=0.3468
    OK ch=3 v=0.2714
    OK ch=5 v=0.2093
    OK ch=7 v=0.2288
    OK ch=1 v=0.3213
    OK ch=3 v=0.2695
    OK ch=5 v=0.2104
    OK ch=1 v=0.3148
    OK ch=3 v=0.2744
    OK ch=7 v=0.2294
    OK ch=1 v=0.3382
    OK ch=3 v=0.2687
    OK ch=7 v=0.2277
    OK ch=1 v=0.3399
    OK ch=3 v=0.2714
    OK ch=5 v=0.2094
    OK ch=7 v=0.2294
    OK ch=1 v=0.2881
    OK ch=3 v=0.2672
    OK ch=5 v=0.2102
    OK ch=7 v=0.2277
    OK ch=1 v=0.3196
    OK ch=3 v=0.2759
    OK ch=7 v=0.2293
    OK ch=1 v=0.3351
    OK ch=3 v=0.2701
    OK ch=5 v=0.2091
    OK ch=7 v=0.2288
    OK ch=1 v=0.3388
    OK ch=3 v=0.2758
    OK ch=5 v=0.2085
    OK ch=7 v=0.2266
    OK ch=1 v=0.3300
    OK ch=5 v=0.2106
    OK ch=1 v=0.2951
    OK ch=3 v=0.2699
    OK ch=5 v=0.2117
    OK ch=7 v=0.2273
    OK ch=1 v=0.3103
    OK ch=3 v=0.2669
    OK ch=5 v=0.2134
    OK ch=7 v=0.2251
    OK ch=1 v=0.2987
    OK ch=3 v=0.2699
    OK ch=5 v=0.2124
    OK ch=7 v=0.2288
    OK ch=1 v=0.2965
    OK ch=3 v=0.2649
    OK ch=5 v=0.2149
    OK ch=7 v=0.2263
    OK ch=1 v=0.3293
    OK ch=3 v=0.2685
    OK ch=5 v=0.2157
    OK ch=7 v=0.2248
    OK ch=1 v=0.3385
    OK ch=3 v=0.2757
    OK ch=5 v=0.2163
    OK ch=7 v=0.2276
    OK ch=1 v=0.3191
    OK ch=3 v=0.2705
    OK ch=5 v=0.2153
    OK ch=7 v=0.2219
    OK ch=1 v=0.3177
    OK ch=3 v=0.2729
    OK ch=5 v=0.2162
    OK ch=7 v=0.2274
    OK ch=1 v=0.3077
    OK ch=3 v=0.2689
    OK ch=5 v=0.2169
    OK ch=1 v=0.3308
    OK ch=3 v=0.2699
    OK ch=5 v=0.2161
    OK ch=7 v=0.2245
    OK ch=1 v=0.3231
    OK ch=3 v=0.2727
    OK ch=5 v=0.2148
    OK ch=7 v=0.2260
    OK ch=1 v=0.3097
    OK ch=3 v=0.2655
    OK ch=5 v=0.2153
    OK ch=7 v=0.2266
    OK ch=1 v=0.3176
    OK ch=3 v=0.2683
    OK ch=5 v=0.2141
    OK ch=7 v=0.2258
    OK ch=1 v=0.2999
    OK ch=3 v=0.2698
    OK ch=7 v=0.2249
    OK ch=1 v=0.3368
    OK ch=3 v=0.2740
    OK ch=5 v=0.2106
    OK ch=7 v=0.2278
    OK ch=1 v=0.3463
    OK ch=3 v=0.2772
    OK ch=1 v=0.3399
    OK ch=3 v=0.2729
    OK ch=5 v=0.2099
    OK ch=1 v=0.3076
    OK ch=3 v=0.2659
    OK ch=7 v=0.2289
    OK ch=1 v=0.2959
    OK ch=3 v=0.2689
    OK ch=7 v=0.2274
    OK ch=1 v=0.3063
    OK ch=3 v=0.2737
    OK ch=7 v=0.2280
    OK ch=1 v=0.3295
    OK ch=3 v=0.2680
    OK ch=5 v=0.2107
    OK ch=1 v=0.3394
    OK ch=3 v=0.2757
    OK ch=5 v=0.2084
    OK ch=7 v=0.2286
    OK ch=1 v=0.3145
    OK ch=3 v=0.2688
    OK ch=5 v=0.2100
    OK ch=7 v=0.2270
    OK ch=1 v=0.3043
    OK ch=3 v=0.2739
    OK ch=5 v=0.2111
    OK ch=1 v=0.2920
    OK ch=3 v=0.2667
    OK ch=5 v=0.2121
    OK ch=7 v=0.2277
    OK ch=1 v=0.3131
    OK ch=3 v=0.2686
    OK ch=7 v=0.2287
    OK ch=1 v=0.3337
    OK ch=3 v=0.2707
    OK ch=5 v=0.2128
    OK ch=7 v=0.2272
    OK ch=1 v=0.3305
    OK ch=3 v=0.2712
    OK ch=7 v=0.2277
    OK ch=1 v=0.3373
    OK ch=3 v=0.2735
    OK ch=7 v=0.2286
    OK ch=1 v=0.3357
    OK ch=3 v=0.2743
    OK ch=7 v=0.2258
    OK ch=1 v=0.3375
    OK ch=3 v=0.2722
    OK ch=5 v=0.2146
    OK ch=7 v=0.2265
    OK ch=1 v=0.3027
    OK ch=3 v=0.2675
    OK ch=7 v=0.2244
    OK ch=1 v=0.2924
    OK ch=3 v=0.2625
    OK ch=5 v=0.2168
    OK ch=1 v=0.3137
    OK ch=3 v=0.2659
    OK ch=5 v=0.2159
    OK ch=7 v=0.2252
    OK ch=1 v=0.3059
    OK ch=3 v=0.2697
    OK ch=5 v=0.2142
    OK ch=7 v=0.2260
    OK ch=1 v=0.3200
    OK ch=3 v=0.2674
    OK ch=7 v=0.2277
    OK ch=1 v=0.3228
    OK ch=3 v=0.2705
    OK ch=7 v=0.2266
    OK ch=1 v=0.3107
    OK ch=3 v=0.2750
    OK ch=5 v=0.2151
    OK ch=7 v=0.2241
    OK ch=1 v=0.3267
    OK ch=3 v=0.2709
    OK ch=5 v=0.2142
    OK ch=7 v=0.2258
    OK ch=1 v=0.3234
    OK ch=3 v=0.2690
    OK ch=5 v=0.2120
    OK ch=7 v=0.2278
    OK ch=1 v=0.3029
    OK ch=5 v=0.2155
    OK ch=1 v=0.3393
    OK ch=3 v=0.2743
    OK ch=5 v=0.2123
    OK ch=1 v=0.3306
    OK ch=3 v=0.2728
    OK ch=5 v=0.2099
    OK ch=7 v=0.2286
    OK ch=1 v=0.3277
    OK ch=3 v=0.2705
    OK ch=1 v=0.3313
    OK ch=3 v=0.2713
    OK ch=5 v=0.2112
    OK ch=7 v=0.2278
    OK ch=1 v=0.3209
    OK ch=5 v=0.2118
    OK ch=7 v=0.2273
    OK ch=1 v=0.3204
    OK ch=3 v=0.2724
    OK ch=5 v=0.2130
    OK ch=1 v=0.3064
    OK ch=3 v=0.2673
    OK ch=5 v=0.2114
    OK ch=1 v=0.3039
    OK ch=3 v=0.2706
    OK ch=5 v=0.2103
    OK ch=7 v=0.2255
    OK ch=1 v=0.3320
    OK ch=3 v=0.2807
    OK ch=5 v=0.2087
    OK ch=7 v=0.2268
    OK ch=1 v=0.3139
    OK ch=3 v=0.2707
    OK ch=5 v=0.2096
    OK ch=7 v=0.2282
    OK ch=1 v=0.3263
    OK ch=3 v=0.2686
    OK ch=5 v=0.2107
    OK ch=7 v=0.2244
    OK ch=1 v=0.3328
    OK ch=3 v=0.2734
    OK ch=5 v=0.2132
    OK ch=7 v=0.2257
    OK ch=1 v=0.2950
    OK ch=3 v=0.2685
    OK ch=5 v=0.2143
    OK ch=7 v=0.2276
    OK ch=1 v=0.3291
    OK ch=3 v=0.2752
    OK ch=5 v=0.2134
    OK ch=1 v=0.3388
    OK ch=3 v=0.2739
    OK ch=5 v=0.2150
    OK ch=1 v=0.3177
    OK ch=3 v=0.2677
    OK ch=7 v=0.2296
    OK ch=1 v=0.3362
    OK ch=3 v=0.2715
    OK ch=7 v=0.2258
    OK ch=1 v=0.3142
    OK ch=3 v=0.2673
    OK ch=5 v=0.2179
    OK ch=7 v=0.2274
    OK ch=1 v=0.3086
    OK ch=3 v=0.2708
    OK ch=5 v=0.2164
    OK ch=7 v=0.2252
    OK ch=1 v=0.3146
    OK ch=3 v=0.2736
    OK ch=5 v=0.2150
    OK ch=7 v=0.2266
    OK ch=1 v=0.3217
    OK ch=3 v=0.2705
    OK ch=5 v=0.2142
    OK ch=7 v=0.2257
    OK ch=1 v=0.2906
    OK ch=3 v=0.2582
    OK ch=1 v=0.3283
    OK ch=3 v=0.2674
    OK ch=5 v=0.2127
    OK ch=7 v=0.2239
    OK ch=1 v=0.3194
    OK ch=5 v=0.2107
    OK ch=1 v=0.3320
    OK ch=3 v=0.2730
    OK ch=5 v=0.2101
    OK ch=7 v=0.2261
    OK ch=1 v=0.3189
    OK ch=3 v=0.2672
    OK ch=5 v=0.2115
    OK ch=7 v=0.2271
    OK ch=1 v=0.3279
    OK ch=3 v=0.2711
    OK ch=5 v=0.2136
    OK ch=7 v=0.2262
    OK ch=1 v=0.3030
    OK ch=3 v=0.2730
    OK ch=5 v=0.2099
    OK ch=7 v=0.2275
    OK ch=1 v=0.3072
    OK ch=3 v=0.2737
    OK ch=5 v=0.2113
    OK ch=7 v=0.2287
    OK ch=1 v=0.3117
    OK ch=3 v=0.2647
    OK ch=5 v=0.2123
    OK ch=7 v=0.2306
    OK ch=1 v=0.3079
    OK ch=3 v=0.2701
    OK ch=5 v=0.2110
    OK ch=7 v=0.2282
    OK ch=1 v=0.3180
    OK ch=7 v=0.2249
    OK ch=1 v=0.3429
    OK ch=3 v=0.2787
    OK ch=7 v=0.2282
    OK ch=1 v=0.3285
    OK ch=3 v=0.2758
    OK ch=7 v=0.2265
    OK ch=1 v=0.3330
    OK ch=5 v=0.2117
    OK ch=7 v=0.2285
    OK ch=1 v=0.3218
    OK ch=3 v=0.2684
    OK ch=5 v=0.2124
    OK ch=7 v=0.2261
    OK ch=1 v=0.3434
    OK ch=3 v=0.2765
    OK ch=7 v=0.2280
    OK ch=1 v=0.3248
    OK ch=3 v=0.2739
    OK ch=5 v=0.2143
    OK ch=1 v=0.3239
    OK ch=3 v=0.2685
    OK ch=5 v=0.2156
    OK ch=7 v=0.2288
    OK ch=1 v=0.2967
    OK ch=3 v=0.2619
    OK ch=5 v=0.2147
    OK ch=7 v=0.2247
    OK ch=1 v=0.3249
    OK ch=3 v=0.2684
    OK ch=5 v=0.2137
    OK ch=7 v=0.2270
    OK ch=1 v=0.3127
    OK ch=3 v=0.2693
    OK ch=5 v=0.2118
    OK ch=7 v=0.2261
    OK ch=1 v=0.2975
    OK ch=3 v=0.2666
    OK ch=5 v=0.2149
    OK ch=7 v=0.2250
    OK ch=1 v=0.3247
    OK ch=3 v=0.2700
    OK ch=7 v=0.2243
    OK ch=1 v=0.3514
    OK ch=3 v=0.2770
    OK ch=5 v=0.2124
    OK ch=7 v=0.2249
    OK ch=1 v=0.3317
    OK ch=3 v=0.2741
    OK ch=5 v=0.2132
    OK ch=7 v=0.2259
    OK ch=1 v=0.2941
    OK ch=3 v=0.2676
    OK ch=5 v=0.2162
    OK ch=7 v=0.2277
    OK ch=1 v=0.3237
    OK ch=3 v=0.2687
    OK ch=5 v=0.2140
    OK ch=1 v=0.3089
    OK ch=3 v=0.2730
    OK ch=5 v=0.2131
    OK ch=7 v=0.2264
    OK ch=1 v=0.3332
    OK ch=5 v=0.2120
    OK ch=7 v=0.2286
    OK ch=1 v=0.3243
    OK ch=3 v=0.2738
    OK ch=5 v=0.2107
    OK ch=7 v=0.2273
    OK ch=1 v=0.3280
    OK ch=3 v=0.2727
    OK ch=5 v=0.2124
    OK ch=1 v=0.2970
    OK ch=3 v=0.2646
    OK ch=5 v=0.2116
    OK ch=7 v=0.2279
    OK ch=1 v=0.2837
    OK ch=3 v=0.2625
    OK ch=7 v=0.2266
    OK ch=1 v=0.3164
    OK ch=3 v=0.2716
    OK ch=5 v=0.2104
    OK ch=7 v=0.2276
    OK ch=1 v=0.3274
    OK ch=3 v=0.2760
    OK ch=5 v=0.2092
    OK ch=7 v=0.2264
    OK ch=1 v=0.3351
    OK ch=3 v=0.2715
    OK ch=5 v=0.2100
    OK ch=1 v=0.3367
    OK ch=3 v=0.2751
    OK ch=5 v=0.2119
    OK ch=7 v=0.2276
[   95.4s] DAMPING     ch0:LOCK g=-0.0300 bp=+0.020V ratio=0.05  ch1:LOCK g=-0.0300 bp=+0.006V ratio=0.03  ch2:LOCK g=+0.0100 bp=+0.019V ratio=0.02  ch3:LOCK g=-0.0300 bp=+0.001V ratio=0.02
    OK ch=1 v=0.3241
    OK ch=3 v=0.2763
    OK ch=5 v=0.2129
    OK ch=1 v=0.3214
    OK ch=3 v=0.2711
    OK ch=7 v=0.2261
    OK ch=1 v=0.3292
    OK ch=3 v=0.2742
    OK ch=1 v=0.2956
    OK ch=3 v=0.2623
    OK ch=5 v=0.2141
    OK ch=1 v=0.2855
    OK ch=3 v=0.2639
    OK ch=5 v=0.2146
    OK ch=1 v=0.3197
    OK ch=3 v=0.2649
    OK ch=7 v=0.2254
    OK ch=1 v=0.3107
    OK ch=3 v=0.2728
    OK ch=7 v=0.2267
    OK ch=1 v=0.3150
    OK ch=3 v=0.2718
    OK ch=1 v=0.3333
    OK ch=3 v=0.2749
    OK ch=1 v=0.3396
    OK ch=3 v=0.2692
    OK ch=7 v=0.2283
    OK ch=1 v=0.3120
    OK ch=3 v=0.2653
    OK ch=5 v=0.2140
    OK ch=7 v=0.2259
    OK ch=1 v=0.3418
    OK ch=3 v=0.2733
    OK ch=7 v=0.2245
    OK ch=1 v=0.3039
    OK ch=3 v=0.2646
    OK ch=5 v=0.2147
    OK ch=7 v=0.2261
    OK ch=5 v=0.2139
    OK ch=7 v=0.2280
    OK ch=1 v=0.3209
    OK ch=3 v=0.2704
    OK ch=5 v=0.2128
    OK ch=1 v=0.3233
    OK ch=3 v=0.2693
    OK ch=7 v=0.2291
    OK ch=1 v=0.3085
    OK ch=3 v=0.2732
    OK ch=5 v=0.2122
    OK ch=7 v=0.2275
    OK ch=1 v=0.3346
    OK ch=3 v=0.2757
    OK ch=5 v=0.2109
    OK ch=7 v=0.2257
    OK ch=1 v=0.3060
    OK ch=3 v=0.2686
    OK ch=5 v=0.2134
    OK ch=1 v=0.3164
    OK ch=3 v=0.2762
    OK ch=7 v=0.2273
    OK ch=1 v=0.3365
    OK ch=3 v=0.2726
    OK ch=5 v=0.2116
    OK ch=7 v=0.2263
    OK ch=1 v=0.3043
    OK ch=3 v=0.2653
    OK ch=5 v=0.2106
    OK ch=7 v=0.2286
    OK ch=1 v=0.3456
    OK ch=3 v=0.2775
    OK ch=5 v=0.2096
    OK ch=7 v=0.2295
    OK ch=1 v=0.3220
    OK ch=3 v=0.2713
    OK ch=5 v=0.2109
    OK ch=7 v=0.2263
    OK ch=1 v=0.3318
    OK ch=3 v=0.2731
    OK ch=5 v=0.2122
    OK ch=7 v=0.2281
    OK ch=1 v=0.2991
    OK ch=3 v=0.2677
    OK ch=5 v=0.2115
    OK ch=7 v=0.2267
    OK ch=1 v=0.3277
    OK ch=3 v=0.2711
    OK ch=7 v=0.2299
    OK ch=1 v=0.3210
    OK ch=3 v=0.2728
    OK ch=7 v=0.2272
    OK ch=1 v=0.3244
    OK ch=3 v=0.2713
    OK ch=7 v=0.2263
    OK ch=1 v=0.3316
    OK ch=3 v=0.2718
    OK ch=7 v=0.2249
    OK ch=1 v=0.3126
    OK ch=3 v=0.2703
    OK ch=5 v=0.2134
    OK ch=1 v=0.2995
    OK ch=3 v=0.2687
    OK ch=5 v=0.2144
    OK ch=7 v=0.2255
    OK ch=1 v=0.3262
    OK ch=3 v=0.2701
    OK ch=7 v=0.2238
    OK ch=1 v=0.3218
    OK ch=5 v=0.2134
    OK ch=7 v=0.2280
    OK ch=1 v=0.2899
    OK ch=3 v=0.2693
    OK ch=7 v=0.2275
    OK ch=1 v=0.3095
    OK ch=3 v=0.2658
    OK ch=5 v=0.2160
    OK ch=7 v=0.2260
    OK ch=1 v=0.3356
    OK ch=3 v=0.2725
    OK ch=5 v=0.2151
    OK ch=1 v=0.3181
    OK ch=3 v=0.2697
    OK ch=7 v=0.2238
    OK ch=1 v=0.3103
    OK ch=7 v=0.2266
    OK ch=1 v=0.2901
    OK ch=3 v=0.2683
    OK ch=5 v=0.2144
    OK ch=1 v=0.3302
    OK ch=3 v=0.2782
    OK ch=5 v=0.2134
    OK ch=7 v=0.2275
    OK ch=1 v=0.3283
    OK ch=3 v=0.2706
    OK ch=5 v=0.2139
    OK ch=7 v=0.2254
    OK ch=1 v=0.3119
    OK ch=5 v=0.2146
    OK ch=7 v=0.2280
    OK ch=1 v=0.3278
    OK ch=3 v=0.2716
    OK ch=1 v=0.3133
    OK ch=3 v=0.2681
    OK ch=5 v=0.2134
    OK ch=7 v=0.2256
    OK ch=1 v=0.3153
    OK ch=3 v=0.2690
    OK ch=7 v=0.2276
    OK ch=1 v=0.2976
    OK ch=3 v=0.2672
    OK ch=5 v=0.2117
    OK ch=1 v=0.3244
    OK ch=3 v=0.2737
    OK ch=5 v=0.2110
    OK ch=7 v=0.2251
    OK ch=1 v=0.3249
    OK ch=3 v=0.2708
    OK ch=7 v=0.2263
    OK ch=1 v=0.3380
    OK ch=3 v=0.2702
    OK ch=5 v=0.2116
    OK ch=7 v=0.2255
    OK ch=1 v=0.3156
    OK ch=3 v=0.2713
    OK ch=5 v=0.2093
    OK ch=7 v=0.2282
    OK ch=1 v=0.3348
    OK ch=3 v=0.2724
    OK ch=5 v=0.2105
    OK ch=7 v=0.2270
    OK ch=1 v=0.3138
    OK ch=3 v=0.2661
    OK ch=7 v=0.2291
    OK ch=1 v=0.3157
    OK ch=3 v=0.2710
    OK ch=5 v=0.2116
    OK ch=7 v=0.2300
    OK ch=1 v=0.2997
    OK ch=3 v=0.2663
    OK ch=7 v=0.2290
    OK ch=1 v=0.3359
    OK ch=3 v=0.2692
    OK ch=7 v=0.2269
    OK ch=1 v=0.3025
    OK ch=3 v=0.2656
    OK ch=5 v=0.2136
    OK ch=7 v=0.2251
    OK ch=1 v=0.2952
    OK ch=3 v=0.2726
    OK ch=5 v=0.2119
    OK ch=7 v=0.2263
    OK ch=1 v=0.3239
    OK ch=3 v=0.2757
    OK ch=7 v=0.2244
    OK ch=1 v=0.3370
    OK ch=3 v=0.2749
    OK ch=7 v=0.2259
    OK ch=1 v=0.3077
    OK ch=3 v=0.2651
    OK ch=5 v=0.2127
    OK ch=7 v=0.2289
    OK ch=1 v=0.3382
    OK ch=3 v=0.2765
    OK ch=7 v=0.2277
    OK ch=1 v=0.3413
    OK ch=3 v=0.2735
    OK ch=5 v=0.2151
    OK ch=7 v=0.2296
    OK ch=1 v=0.3259
    OK ch=3 v=0.2681
    OK ch=7 v=0.2277
    OK ch=1 v=0.3125
    OK ch=3 v=0.2691
    OK ch=5 v=0.2157
    OK ch=7 v=0.2271
    OK ch=1 v=0.3146
    OK ch=5 v=0.2163
    OK ch=7 v=0.2256
    OK ch=1 v=0.3161
    OK ch=3 v=0.2716
    OK ch=5 v=0.2144
    OK ch=1 v=0.3052
    OK ch=3 v=0.2684
    OK ch=5 v=0.2158
    OK ch=1 v=0.3175
    OK ch=3 v=0.2672
    OK ch=5 v=0.2136
    OK ch=1 v=0.3005
    OK ch=3 v=0.2679
    OK ch=5 v=0.2126
    OK ch=7 v=0.2266
    OK ch=1 v=0.3196
    OK ch=3 v=0.2715
    OK ch=5 v=0.2116
    OK ch=7 v=0.2259
    OK ch=1 v=0.3267
    OK ch=3 v=0.2754
    OK ch=1 v=0.3490
    OK ch=3 v=0.2775
    OK ch=5 v=0.2108
    OK ch=7 v=0.2252
    OK ch=1 v=0.3106
    OK ch=3 v=0.2699
    OK ch=5 v=0.2121
    OK ch=1 v=0.3164
    OK ch=3 v=0.2721
    OK ch=5 v=0.2126
    OK ch=7 v=0.2273
    OK ch=1 v=0.3313
    OK ch=1 v=0.3136
    OK ch=3 v=0.2688
    OK ch=7 v=0.2296
    OK ch=1 v=0.3027
    OK ch=3 v=0.2661
    OK ch=7 v=0.2253
    OK ch=1 v=0.2923
    OK ch=3 v=0.2666
    OK ch=5 v=0.2100
    OK ch=7 v=0.2270
    OK ch=1 v=0.3229
    OK ch=3 v=0.2717
    OK ch=5 v=0.2119
    OK ch=7 v=0.2286
    OK ch=1 v=0.3301
    OK ch=3 v=0.2747
    OK ch=5 v=0.2127
    OK ch=7 v=0.2260
    OK ch=1 v=0.3324
    OK ch=5 v=0.2117
    OK ch=7 v=0.2281
    OK ch=1 v=0.3207
    OK ch=3 v=0.2737
    OK ch=7 v=0.2293
    OK ch=3 v=0.2712
    OK ch=5 v=0.2130
    OK ch=7 v=0.2265
    OK ch=1 v=0.3319
    OK ch=3 v=0.2702
    OK ch=7 v=0.2259
    OK ch=1 v=0.3201
    OK ch=3 v=0.2711
    OK ch=5 v=0.2139
    OK ch=7 v=0.2235
    OK ch=1 v=0.3140
    OK ch=3 v=0.2687
    OK ch=7 v=0.2265
    OK ch=1 v=0.2974
    OK ch=3 v=0.2663
    OK ch=7 v=0.2272
    OK ch=1 v=0.3018
    OK ch=3 v=0.2621
    OK ch=5 v=0.2163
    OK ch=7 v=0.2261
    OK ch=1 v=0.3141
    OK ch=3 v=0.2642
    OK ch=5 v=0.2141
    OK ch=7 v=0.2273
    OK ch=1 v=0.3199
    OK ch=3 v=0.2718
    OK ch=5 v=0.2124
    OK ch=7 v=0.2262
    OK ch=1 v=0.3153
    OK ch=3 v=0.2730
    OK ch=5 v=0.2134
    OK ch=7 v=0.2274
    OK ch=3 v=0.2749
    OK ch=5 v=0.2120
    OK ch=7 v=0.2263
    OK ch=1 v=0.3238
    OK ch=3 v=0.2729
    OK ch=5 v=0.2133
    OK ch=1 v=0.3334
    OK ch=3 v=0.2682
    OK ch=1 v=0.3189
    OK ch=3 v=0.2674
    OK ch=5 v=0.2152
    OK ch=7 v=0.2278
    OK ch=1 v=0.3291
    OK ch=3 v=0.2708
    OK ch=5 v=0.2122
    OK ch=7 v=0.2290
    OK ch=1 v=0.3039
    OK ch=3 v=0.2690
    OK ch=7 v=0.2272
    OK ch=1 v=0.3111
    OK ch=1 v=0.3174
    OK ch=3 v=0.2675
    OK ch=7 v=0.2286
    OK ch=1 v=0.3231
    OK ch=3 v=0.2721
    OK ch=5 v=0.2105
    OK ch=7 v=0.2257
    OK ch=1 v=0.3290
    OK ch=3 v=0.2739
    OK ch=5 v=0.2119
    OK ch=7 v=0.2265
    OK ch=1 v=0.3392
    OK ch=3 v=0.2754
    OK ch=5 v=0.2113
    OK ch=7 v=0.2291
    OK ch=1 v=0.3184
    OK ch=3 v=0.2727
    OK ch=7 v=0.2275
    OK ch=1 v=0.3237
    OK ch=3 v=0.2702
    OK ch=5 v=0.2126
    OK ch=7 v=0.2282
    OK ch=1 v=0.2903
    OK ch=3 v=0.2639
    OK ch=5 v=0.2105
    OK ch=7 v=0.2266
    OK ch=1 v=0.3064
    OK ch=5 v=0.2112
    OK ch=1 v=0.3229
    OK ch=3 v=0.2703
    OK ch=7 v=0.2275
    OK ch=1 v=0.3467
    OK ch=3 v=0.2762
    OK ch=7 v=0.2288
    OK ch=1 v=0.3220
    OK ch=3 v=0.2738
    OK ch=5 v=0.2131
    OK ch=7 v=0.2249
    OK ch=1 v=0.3112
    OK ch=3 v=0.2709
    OK ch=5 v=0.2160
    OK ch=7 v=0.2269
    OK ch=1 v=0.3212
    OK ch=3 v=0.2749
    OK ch=5 v=0.2133
    OK ch=7 v=0.2260
    OK ch=1 v=0.3153
    OK ch=3 v=0.2728
    OK ch=5 v=0.2151
    OK ch=7 v=0.2250
    OK ch=1 v=0.3353
    OK ch=3 v=0.2704
    OK ch=7 v=0.2266
    OK ch=1 v=0.3189
    OK ch=3 v=0.2639
    OK ch=7 v=0.2258
    OK ch=1 v=0.3169
    OK ch=3 v=0.2712
    OK ch=5 v=0.2140
    OK ch=7 v=0.2271
    OK ch=1 v=0.3308
    OK ch=3 v=0.2705
    OK ch=1 v=0.3079
    OK ch=3 v=0.2715
    OK ch=7 v=0.2262
    OK ch=1 v=0.3366
    OK ch=3 v=0.2765
    OK ch=5 v=0.2149
    OK ch=7 v=0.2247
    OK ch=1 v=0.3067
    OK ch=3 v=0.2662
    OK ch=1 v=0.3366
    OK ch=3 v=0.2732
    OK ch=5 v=0.2129
    OK ch=7 v=0.2279
    OK ch=1 v=0.3224
    OK ch=3 v=0.2702
    OK ch=7 v=0.2263
    OK ch=1 v=0.2897
    OK ch=3 v=0.2673
    OK ch=7 v=0.2274
    OK ch=1 v=0.3023
    OK ch=3 v=0.2687
    OK ch=7 v=0.2264
    OK ch=1 v=0.3152
    OK ch=3 v=0.2720
    OK ch=5 v=0.2117
    OK ch=7 v=0.2251
    OK ch=1 v=0.3167
    OK ch=7 v=0.2267
    OK ch=1 v=0.3292
    OK ch=5 v=0.2110
    OK ch=7 v=0.2282
    OK ch=1 v=0.2979
    OK ch=3 v=0.2680
    OK ch=5 v=0.2095
    OK ch=1 v=0.3105
    OK ch=3 v=0.2701
    OK ch=5 v=0.2109
    OK ch=1 v=0.3034
    OK ch=3 v=0.2696
    OK ch=5 v=0.2120
    OK ch=7 v=0.2265
    OK ch=1 v=0.3499
    OK ch=3 v=0.2780
    OK ch=7 v=0.2274
    OK ch=1 v=0.3432
    OK ch=3 v=0.2760
    OK ch=5 v=0.2127
    OK ch=7 v=0.2285
    OK ch=1 v=0.3409
    OK ch=3 v=0.2709
    OK ch=7 v=0.2269
    OK ch=1 v=0.3011
    OK ch=3 v=0.2614
    OK ch=5 v=0.2121
    OK ch=7 v=0.2278
[  100.4s] DAMPING     ch0:LOCK g=-0.0300 bp=+0.012V ratio=0.06  ch1:LOCK g=-0.0300 bp=-0.002V ratio=0.03  ch2:LOCK g=+0.0100 bp=+0.013V ratio=0.03  ch3:LOCK g=-0.0300 bp=+0.002V ratio=0.02
    OK ch=1 v=0.3128
    OK ch=3 v=0.2695
    OK ch=5 v=0.2130
    OK ch=7 v=0.2264
    OK ch=1 v=0.3017
    OK ch=7 v=0.2274
    OK ch=1 v=0.3220
    OK ch=3 v=0.2728
    OK ch=5 v=0.2112
    OK ch=1 v=0.3305
    OK ch=3 v=0.2700
    OK ch=5 v=0.2130
    OK ch=1 v=0.3259
    OK ch=3 v=0.2718
    OK ch=7 v=0.2283
    OK ch=1 v=0.2916
    OK ch=3 v=0.2684
    OK ch=7 v=0.2269
    OK ch=1 v=0.2844
    OK ch=3 v=0.2621
    OK ch=7 v=0.2252
    OK ch=1 v=0.3117
    OK ch=3 v=0.2666
    OK ch=7 v=0.2264
    OK ch=1 v=0.3299
    OK ch=7 v=0.2244
    OK ch=1 v=0.3504
    OK ch=3 v=0.2758
    OK ch=5 v=0.2110
    OK ch=1 v=0.3437
    OK ch=3 v=0.2788
    OK ch=5 v=0.2128
    OK ch=7 v=0.2263
    OK ch=1 v=0.2994
    OK ch=3 v=0.2708
    OK ch=5 v=0.2157
    OK ch=7 v=0.2247
    OK ch=1 v=0.3122
    OK ch=5 v=0.2162
    OK ch=7 v=0.2276
    OK ch=1 v=0.3167
    OK ch=3 v=0.2680
    OK ch=7 v=0.2256
    OK ch=1 v=0.3224
    OK ch=3 v=0.2706
    OK ch=5 v=0.2131
    OK ch=7 v=0.2279
    OK ch=1 v=0.3239
    OK ch=3 v=0.2713
    OK ch=1 v=0.3327
    OK ch=3 v=0.2760
    OK ch=5 v=0.2118
    OK ch=7 v=0.2291
    OK ch=1 v=0.3284
    OK ch=3 v=0.2710
    OK ch=5 v=0.2129
    OK ch=7 v=0.2298
    OK ch=1 v=0.3343
    OK ch=3 v=0.2768
    OK ch=5 v=0.2123
    OK ch=7 v=0.2288
    OK ch=1 v=0.3235
    OK ch=3 v=0.2720
    OK ch=7 v=0.2254
    OK ch=1 v=0.3292
    OK ch=3 v=0.2694
    OK ch=5 v=0.2112
    OK ch=7 v=0.2263
    OK ch=1 v=0.2937
    OK ch=3 v=0.2620
    OK ch=7 v=0.2243
    OK ch=1 v=0.3086
    OK ch=3 v=0.2704
    OK ch=5 v=0.2090
    OK ch=7 v=0.2259
    OK ch=1 v=0.3160
    OK ch=3 v=0.2735
    OK ch=7 v=0.2266
    OK ch=1 v=0.3004
    OK ch=3 v=0.2613
    OK ch=5 v=0.2113
    OK ch=1 v=0.3169
    OK ch=3 v=0.2720
    OK ch=7 v=0.2293
    OK ch=1 v=0.3469
    OK ch=3 v=0.2742
    OK ch=7 v=0.2244
    OK ch=1 v=0.3386
    OK ch=3 v=0.2749
    OK ch=5 v=0.2119
    OK ch=7 v=0.2275
    OK ch=1 v=0.3142
    OK ch=5 v=0.2139
    OK ch=7 v=0.2292
    OK ch=1 v=0.3058
    OK ch=3 v=0.2698
    OK ch=5 v=0.2147
    OK ch=1 v=0.2844
    OK ch=3 v=0.2651
    OK ch=5 v=0.2156
    OK ch=7 v=0.2281
    OK ch=1 v=0.3371
    OK ch=3 v=0.2763
    OK ch=7 v=0.2251
    OK ch=1 v=0.3330
    OK ch=3 v=0.2732
    OK ch=5 v=0.2136
    OK ch=7 v=0.2273
    OK ch=1 v=0.2932
    OK ch=3 v=0.2644
    OK ch=5 v=0.2145
    OK ch=1 v=0.3197
    OK ch=3 v=0.2705
    OK ch=5 v=0.2139
    OK ch=7 v=0.2238
    OK ch=1 v=0.3387
    OK ch=7 v=0.2252
    OK ch=1 v=0.3218
    OK ch=7 v=0.2234
    OK ch=1 v=0.3321
    OK ch=3 v=0.2719
    OK ch=5 v=0.2144
    OK ch=7 v=0.2259
    OK ch=1 v=0.3235
    OK ch=3 v=0.2683
    OK ch=7 v=0.2248
    OK ch=1 v=0.3142
    OK ch=3 v=0.2659
    OK ch=5 v=0.2137
    OK ch=1 v=0.3072
    OK ch=7 v=0.2284
    OK ch=1 v=0.2974
    OK ch=3 v=0.2668
    OK ch=7 v=0.2276
    OK ch=1 v=0.3356
    OK ch=3 v=0.2780
    OK ch=5 v=0.2123
    OK ch=7 v=0.2261
    OK ch=1 v=0.3176
    OK ch=3 v=0.2700
    OK ch=7 v=0.2272
    OK ch=1 v=0.2992
    OK ch=3 v=0.2663
    OK ch=7 v=0.2262
    OK ch=1 v=0.3260
    OK ch=3 v=0.2680
    OK ch=5 v=0.2115
    OK ch=7 v=0.2286
    OK ch=1 v=0.3359
    OK ch=3 v=0.2788
    OK ch=5 v=0.2101
    OK ch=1 v=0.3218
    OK ch=3 v=0.2735
    OK ch=5 v=0.2115
    OK ch=7 v=0.2268
    OK ch=1 v=0.3243
    OK ch=3 v=0.2724
    OK ch=7 v=0.2276
    OK ch=1 v=0.3254
    OK ch=3 v=0.2704
    OK ch=5 v=0.2110
    OK ch=7 v=0.2287
    OK ch=1 v=0.3412
    OK ch=3 v=0.2699
    OK ch=7 v=0.2294
    OK ch=1 v=0.2914
    OK ch=3 v=0.2640
    OK ch=7 v=0.2275
    OK ch=1 v=0.3083
    OK ch=3 v=0.2728
    OK ch=5 v=0.2119
    OK ch=7 v=0.2267
    OK ch=1 v=0.3289
    OK ch=3 v=0.2742
    OK ch=5 v=0.2109
    OK ch=7 v=0.2288
    OK ch=1 v=0.3103
    OK ch=3 v=0.2720
    OK ch=7 v=0.2272
    OK ch=1 v=0.2971
    OK ch=3 v=0.2663
    OK ch=7 v=0.2255
    OK ch=1 v=0.3154
    OK ch=3 v=0.2672
    OK ch=1 v=0.3245
    OK ch=3 v=0.2705
    OK ch=5 v=0.2122
    OK ch=7 v=0.2267
    OK ch=1 v=0.3351
    OK ch=3 v=0.2763
    OK ch=5 v=0.2131
    OK ch=7 v=0.2225
    OK ch=1 v=0.2941
    OK ch=3 v=0.2649
    OK ch=5 v=0.2151
    OK ch=7 v=0.2256
    OK ch=1 v=0.3154
    OK ch=3 v=0.2741

>>> KICK 2/3 REQUESTED at t=105.0s <<<

    OK ch=5 v=0.2158
    OK ch=7 v=0.2290
    OK ch=1 v=0.3129
    OK ch=3 v=0.2688
    OK ch=5 v=0.2172
    OK ch=7 v=0.2278
    OK ch=1 v=0.3279
    OK ch=3 v=0.2730
    OK ch=5 v=0.2149
    OK ch=7 v=0.2272
    OK ch=1 v=0.3139
    OK ch=3 v=0.2683
    OK ch=5 v=0.2171
    OK ch=7 v=0.2246
    OK ch=1 v=0.3192
    OK ch=3 v=0.2740
    OK ch=5 v=0.2149
    OK ch=7 v=0.2261
    OK ch=1 v=0.3333
    OK ch=5 v=0.2140
    OK ch=7 v=0.2255
    OK ch=1 v=0.3117
    OK ch=3 v=0.2669
    OK ch=5 v=0.2145
    OK ch=1 v=0.3130
    OK ch=3 v=0.2684
    OK ch=1 v=0.3365
    OK ch=3 v=0.2750
    OK ch=7 v=0.2241
    OK ch=1 v=0.3203
    OK ch=3 v=0.2703
    OK ch=5 v=0.2127
    OK ch=7 v=0.2269
    OK ch=1 v=0.3332
    OK ch=3 v=0.2761
    OK ch=5 v=0.2110
    OK ch=7 v=0.2289
    OK ch=1 v=0.2988
    OK ch=3 v=0.2681
    OK ch=5 v=0.2126
    OK ch=7 v=0.2263
    OK ch=1 v=0.3391
    OK ch=3 v=0.2697
    OK ch=5 v=0.2111
    OK ch=7 v=0.2284
    OK ch=1 v=0.3257
    OK ch=3 v=0.2668
    OK ch=7 v=0.2260
    OK ch=1 v=0.3102
    OK ch=3 v=0.2649
    OK ch=5 v=0.2089
    OK ch=7 v=0.2270
    OK ch=1 v=0.3243
    OK ch=3 v=0.2700
    OK ch=5 v=0.2096
    OK ch=7 v=0.2307
    OK ch=1 v=0.2920
    OK ch=3 v=0.2666
    OK ch=5 v=0.2112
    OK ch=7 v=0.2277
    OK ch=1 v=0.3105
    OK ch=3 v=0.2711
    OK ch=1 v=0.3365
    OK ch=3 v=0.2777
    OK ch=5 v=0.2103
    OK ch=1 v=0.3264
    OK ch=3 v=0.2736
    OK ch=1 v=0.3342
    OK ch=3 v=0.2767
    OK ch=7 v=0.2271
    OK ch=1 v=0.3255
    OK ch=3 v=0.2713
    OK ch=5 v=0.2114
    OK ch=1 v=0.3069
    OK ch=3 v=0.2720
    OK ch=5 v=0.2129
    OK ch=1 v=0.3307
    OK ch=3 v=0.2705
    OK ch=7 v=0.2278
    OK ch=1 v=0.3270
    OK ch=3 v=0.2725
    OK ch=5 v=0.2115
    OK ch=7 v=0.2266
    OK ch=1 v=0.2913
    OK ch=3 v=0.2675
    OK ch=5 v=0.2135
    OK ch=7 v=0.2274
    OK ch=1 v=0.3012
    OK ch=5 v=0.2149
    OK ch=7 v=0.2261
    OK ch=1 v=0.3217
    OK ch=3 v=0.2697
    OK ch=7 v=0.2248
    OK ch=1 v=0.3326
    OK ch=3 v=0.2729
    OK ch=5 v=0.2124
    OK ch=1 v=0.3464
    OK ch=3 v=0.2719
    OK ch=5 v=0.2139
    OK ch=7 v=0.2268
    OK ch=1 v=0.3213
    OK ch=3 v=0.2677
    OK ch=5 v=0.2149
    OK ch=7 v=0.2249
    OK ch=1 v=0.3108
    OK ch=3 v=0.2691
    OK ch=7 v=0.2276
    OK ch=1 v=0.3072
    OK ch=3 v=0.2699
    OK ch=5 v=0.2159
    OK ch=7 v=0.2268
    OK ch=1 v=0.3189
    OK ch=3 v=0.2716
    OK ch=5 v=0.2165
    OK ch=7 v=0.2243
    OK ch=1 v=0.3420
    OK ch=3 v=0.2727
    OK ch=5 v=0.2142
    OK ch=7 v=0.2260
    OK ch=1 v=0.3157
    OK ch=3 v=0.2722
    OK ch=5 v=0.2136
    OK ch=7 v=0.2279
    OK ch=1 v=0.3059
    OK ch=3 v=0.2680
    OK ch=5 v=0.2129
    OK ch=1 v=0.3087
    OK ch=3 v=0.2691
    OK ch=1 v=0.3186
    OK ch=3 v=0.2674
    OK ch=5 v=0.2138
    OK ch=7 v=0.2263
    OK ch=1 v=0.3463
    OK ch=3 v=0.2738
    OK ch=5 v=0.2124
    OK ch=1 v=0.3256
    OK ch=3 v=0.2705
    OK ch=5 v=0.2110
    OK ch=7 v=0.2286
    OK ch=1 v=0.2862
    OK ch=3 v=0.2674
    OK ch=7 v=0.2263
    OK ch=1 v=0.3075
    OK ch=3 v=0.2714
    OK ch=5 v=0.2101
    OK ch=7 v=0.2284
    OK ch=1 v=0.3378
    OK ch=3 v=0.2744
    OK ch=1 v=0.3434
    OK ch=3 v=0.2707
    OK ch=7 v=0.2268
    OK ch=1 v=0.3408
    OK ch=3 v=0.2717
    OK ch=7 v=0.2262
    OK ch=1 v=0.3315
    OK ch=5 v=0.2115
    OK ch=1 v=0.3052
    OK ch=3 v=0.2725
    OK ch=5 v=0.2109
    OK ch=7 v=0.2276
    OK ch=1 v=0.3260
    OK ch=3 v=0.2790
    OK ch=5 v=0.2130
    OK ch=7 v=0.2289
    OK ch=1 v=0.2906
    OK ch=3 v=0.2677
    OK ch=7 v=0.2248
    OK ch=1 v=0.3397
    OK ch=3 v=0.2698
    OK ch=5 v=0.2136
    OK ch=7 v=0.2270
    OK ch=1 v=0.3199
    OK ch=3 v=0.2669
    OK ch=5 v=0.2122
    OK ch=1 v=0.3083
    OK ch=1 v=0.3158
    OK ch=3 v=0.2717
    OK ch=5 v=0.2134
    OK ch=7 v=0.2262
    OK ch=1 v=0.3060
    OK ch=3 v=0.2658
    OK ch=5 v=0.2145
    OK ch=1 v=0.2985
    OK ch=3 v=0.2674
    OK ch=5 v=0.2154
    OK ch=7 v=0.2248
    OK ch=1 v=0.3127
    OK ch=3 v=0.2702
    OK ch=5 v=0.2145
    OK ch=7 v=0.2265
    OK ch=1 v=0.3356
    OK ch=3 v=0.2792
    OK ch=7 v=0.2258
    OK ch=1 v=0.3177
    OK ch=3 v=0.2714
    OK ch=7 v=0.2272
    OK ch=1 v=0.2992
    OK ch=3 v=0.2667
    OK ch=1 v=0.3145
    OK ch=3 v=0.2674
    OK ch=5 v=0.2139
    OK ch=7 v=0.2263
    OK ch=1 v=0.3350
    OK ch=3 v=0.2723
    OK ch=7 v=0.2249
    OK ch=1 v=0.3263
    OK ch=3 v=0.2740
    OK ch=7 v=0.2276
    OK ch=1 v=0.2957
    OK ch=3 v=0.2675
    OK ch=7 v=0.2293
    OK ch=1 v=0.2968
    OK ch=3 v=0.2642
    OK ch=5 v=0.2145
    OK ch=7 v=0.2267
    OK ch=1 v=0.3266
    OK ch=3 v=0.2728
    OK ch=5 v=0.2124
    OK ch=7 v=0.2261
    OK ch=1 v=0.3322
    OK ch=3 v=0.2760
    OK ch=5 v=0.2108
    OK ch=7 v=0.2286
    OK ch=1 v=0.3206
    OK ch=3 v=0.2665
    OK ch=7 v=0.2272
    OK ch=1 v=0.3311
    OK ch=3 v=0.2718
    OK ch=5 v=0.2119
    OK ch=7 v=0.2256
    OK ch=1 v=0.3281
    OK ch=3 v=0.2704
    OK ch=5 v=0.2106
    OK ch=1 v=0.2995
    OK ch=3 v=0.2714
    OK ch=5 v=0.2119
    OK ch=7 v=0.2284
    OK ch=1 v=0.2970
    OK ch=3 v=0.2644
    OK ch=5 v=0.2096
    OK ch=7 v=0.2273
    OK ch=1 v=0.3293
    OK ch=3 v=0.2737
    OK ch=5 v=0.2107
    OK ch=7 v=0.2281
    OK ch=1 v=0.3274
    OK ch=3 v=0.2721
    OK ch=5 v=0.2094
    OK ch=7 v=0.2266
[  105.5s] DAMPING     ch0:LOCK g=-0.0300 bp=-0.005V ratio=0.06  ch1:LOCK g=-0.0300 bp=-0.001V ratio=0.03  ch2:LOCK g=+0.0100 bp=+0.025V ratio=0.03  ch3:LOCK g=-0.0300 bp=+0.002V ratio=0.01
    OK ch=1 v=0.3357
    OK ch=5 v=0.2121
    OK ch=1 v=0.3421
    OK ch=3 v=0.2745
    OK ch=1 v=0.3327
    OK ch=3 v=0.2755
    OK ch=7 v=0.2289
    OK ch=1 v=0.3109
    OK ch=3 v=0.2695
    OK ch=5 v=0.2142
    OK ch=7 v=0.2278
    OK ch=1 v=0.3117
    OK ch=3 v=0.2707
    OK ch=7 v=0.2260
    OK ch=1 v=0.3125
    OK ch=3 v=0.2684
    OK ch=5 v=0.2148
    OK ch=1 v=0.3359
    OK ch=3 v=0.2768
    OK ch=5 v=0.2128
    OK ch=7 v=0.2273
    OK ch=1 v=0.3035
    OK ch=3 v=0.2648
    OK ch=5 v=0.2135
    OK ch=1 v=0.3256
    OK ch=3 v=0.2677
    OK ch=5 v=0.2146
    OK ch=7 v=0.2261
    OK ch=1 v=0.3107
    OK ch=3 v=0.2695
    OK ch=7 v=0.2272
    OK ch=1 v=0.3125
    OK ch=3 v=0.2714
    OK ch=5 v=0.2139
    OK ch=7 v=0.2261
    OK ch=1 v=0.3131
    OK ch=3 v=0.2705
    OK ch=5 v=0.2125
    OK ch=1 v=0.3056
    OK ch=3 v=0.2680
    OK ch=5 v=0.2142
    OK ch=7 v=0.2251
    OK ch=1 v=0.3439
    OK ch=3 v=0.2731
    OK ch=1 v=0.3108
    OK ch=7 v=0.2259
    OK ch=1 v=0.3198
    OK ch=3 v=0.2721
    OK ch=7 v=0.2251
    OK ch=1 v=0.2954
    OK ch=3 v=0.2687
    OK ch=5 v=0.2131
    OK ch=7 v=0.2241
    OK ch=1 v=0.3108
    OK ch=5 v=0.2119
    OK ch=7 v=0.2285
    OK ch=1 v=0.3368
    OK ch=3 v=0.2775
    OK ch=7 v=0.2277
    OK ch=1 v=0.3387
    OK ch=3 v=0.2730
    OK ch=5 v=0.2128
    OK ch=1 v=0.3338
    OK ch=3 v=0.2712
    OK ch=5 v=0.2111
    OK ch=7 v=0.2271
    OK ch=1 v=0.3308
    OK ch=3 v=0.2737
    OK ch=7 v=0.2293
    OK ch=1 v=0.2927
    OK ch=3 v=0.2647
    OK ch=5 v=0.2127
    OK ch=1 v=0.3003
    OK ch=3 v=0.2680
    OK ch=5 v=0.2137
    OK ch=1 v=0.3472
    OK ch=3 v=0.2755
    OK ch=5 v=0.2111
    OK ch=7 v=0.2273
    OK ch=1 v=0.3279
    OK ch=3 v=0.2763
    OK ch=5 v=0.2120
    OK ch=7 v=0.2255
    OK ch=1 v=0.3161
    OK ch=3 v=0.2707
    OK ch=5 v=0.2113
    OK ch=7 v=0.2267
    OK ch=1 v=0.2983
    OK ch=3 v=0.2671
    OK ch=5 v=0.2119
    OK ch=1 v=0.2873
    OK ch=3 v=0.2660
    OK ch=7 v=0.2245
    OK ch=1 v=0.3199
    OK ch=3 v=0.2670
    OK ch=5 v=0.2128
    OK ch=1 v=0.3536
    OK ch=3 v=0.2707
    OK ch=7 v=0.2264
    OK ch=1 v=0.3325
    OK ch=3 v=0.2728
    OK ch=7 v=0.2282
    OK ch=1 v=0.3412
    OK ch=3 v=0.2740
    OK ch=5 v=0.2134
    OK ch=7 v=0.2271
    OK ch=1 v=0.3011
    OK ch=3 v=0.2672
    OK ch=5 v=0.2159
    OK ch=7 v=0.2256
    OK ch=1 v=0.2986
    OK ch=3 v=0.2660
    OK ch=5 v=0.2150
    OK ch=1 v=0.3645
    OK ch=3 v=0.3150
    OK ch=5 v=0.1491
    OK ch=7 v=0.2656
    OK ch=1 v=0.4585
    OK ch=3 v=0.3714
    OK ch=5 v=0.0639
    OK ch=7 v=0.3082
    OK ch=1 v=0.5000
    OK ch=3 v=0.3618
    OK ch=5 v=0.0839
    OK ch=7 v=0.3009
    OK ch=3 v=0.3149
    OK ch=5 v=0.1563
    OK ch=7 v=0.2468
    OK ch=1 v=0.4337
    OK ch=3 v=0.2486
    OK ch=5 v=0.2225
    OK ch=7 v=0.1805
    OK ch=1 v=0.3449
    OK ch=3 v=0.1598
    OK ch=5 v=0.3114
    OK ch=7 v=0.0916
    OK ch=1 v=0.2516
    OK ch=3 v=0.0665
    OK ch=5 v=0.4047
    OK ch=7 v=0.0000
    OK ch=1 v=0.3395
    OK ch=3 v=0.1241
    OK ch=5 v=0.3167
    OK ch=7 v=0.0243
    OK ch=1 v=0.4278
    OK ch=3 v=0.2123
    OK ch=5 v=0.2285
    OK ch=7 v=0.1125
    OK ch=1 v=0.5000
    OK ch=3 v=0.3001
    OK ch=5 v=0.1407
    OK ch=7 v=0.2003
    OK ch=3 v=0.3891
    OK ch=5 v=0.0517
    OK ch=7 v=0.2893
    OK ch=3 v=0.4552
    OK ch=5 v=0.0000
    OK ch=7 v=0.3554
    OK ch=3 v=0.4753
    OK ch=7 v=0.3541
    OK ch=3 v=0.4260
    OK ch=5 v=0.0126
    OK ch=7 v=0.3048
    OK ch=1 v=0.4228
    OK ch=3 v=0.3488
    OK ch=5 v=0.0898
    OK ch=7 v=0.2276
    OK ch=1 v=0.3930
    OK ch=3 v=0.2499
    OK ch=5 v=0.1887
    OK ch=7 v=0.1287
    OK ch=1 v=0.4324
    OK ch=3 v=0.1560
    OK ch=5 v=0.1820
    OK ch=7 v=0.1087
    OK ch=1 v=0.5000
    OK ch=3 v=0.2216
    OK ch=5 v=0.1467
    OK ch=7 v=0.1711
    OK ch=3 v=0.2973
    OK ch=5 v=0.1667
    OK ch=7 v=0.2296
    OK ch=1 v=0.4284
    OK ch=3 v=0.2694
    OK ch=5 v=0.1851
    OK ch=7 v=0.2194
    OK ch=1 v=0.3349
    OK ch=3 v=0.1832
    OK ch=5 v=0.2785
    OK ch=7 v=0.1468
    OK ch=1 v=0.2462
    OK ch=3 v=0.1959
    OK ch=5 v=0.3673
    OK ch=7 v=0.1509
    OK ch=1 v=0.1587
    OK ch=3 v=0.2833
    OK ch=5 v=0.3303
    OK ch=7 v=0.2355
    OK ch=1 v=0.1708
    OK ch=3 v=0.3350
    OK ch=5 v=0.2984
    OK ch=7 v=0.2704
    OK ch=1 v=0.2395
    OK ch=3 v=0.3024
    OK ch=5 v=0.3472
    OK ch=7 v=0.2349
    OK ch=1 v=0.2789
    OK ch=3 v=0.2362
    OK ch=5 v=0.3656
    OK ch=7 v=0.1927
    OK ch=1 v=0.3647
    OK ch=3 v=0.2246
    OK ch=5 v=0.2777
    OK ch=7 v=0.1783
    OK ch=1 v=0.4464
    OK ch=3 v=0.2427
    OK ch=5 v=0.1884
    OK ch=7 v=0.1973
    OK ch=1 v=0.4511
    OK ch=3 v=0.2397
    OK ch=5 v=0.1009
    OK ch=7 v=0.1968
    OK ch=1 v=0.4052
    OK ch=3 v=0.2149
    OK ch=5 v=0.1235
    OK ch=7 v=0.1764
    OK ch=1 v=0.4089
    OK ch=3 v=0.2088
    OK ch=5 v=0.1431
    OK ch=7 v=0.1578
    OK ch=1 v=0.4150
    OK ch=3 v=0.2533
    OK ch=5 v=0.1460
    OK ch=7 v=0.1834
    OK ch=1 v=0.4062
    OK ch=3 v=0.2930
    OK ch=5 v=0.1298
    OK ch=7 v=0.2424
    OK ch=1 v=0.4166
    OK ch=3 v=0.3129
    OK ch=5 v=0.1320
    OK ch=7 v=0.2758
    OK ch=1 v=0.4256
    OK ch=3 v=0.3220
    OK ch=5 v=0.1580
    OK ch=7 v=0.2805
    OK ch=1 v=0.4085
    OK ch=5 v=0.1649
    OK ch=7 v=0.2945
    OK ch=1 v=0.4134
    OK ch=3 v=0.3511
    OK ch=5 v=0.1637
    OK ch=7 v=0.3056
    OK ch=1 v=0.4172
    OK ch=3 v=0.3597
    OK ch=5 v=0.1541
    OK ch=7 v=0.3032
    OK ch=1 v=0.3292
    OK ch=3 v=0.3203
    OK ch=5 v=0.1763
    OK ch=7 v=0.2808
    OK ch=1 v=0.3335
    OK ch=3 v=0.2873
    OK ch=5 v=0.2111
    OK ch=7 v=0.2433
    OK ch=1 v=0.3425
    OK ch=3 v=0.2515
    OK ch=5 v=0.2029
    OK ch=7 v=0.2185
    OK ch=1 v=0.3325
    OK ch=3 v=0.2340
    OK ch=5 v=0.1938
    OK ch=7 v=0.1978
    OK ch=1 v=0.3463
    OK ch=3 v=0.2195
    OK ch=5 v=0.1967
    OK ch=7 v=0.1822
    OK ch=1 v=0.2748
    OK ch=3 v=0.1863
    OK ch=5 v=0.2101
    OK ch=7 v=0.1667
    OK ch=1 v=0.2789
    OK ch=3 v=0.1929
    OK ch=5 v=0.2324
    OK ch=7 v=0.1541
    OK ch=1 v=0.2483
    OK ch=3 v=0.1936
    OK ch=5 v=0.2299
    OK ch=7 v=0.1676
    OK ch=1 v=0.2761
    OK ch=3 v=0.2140
    OK ch=5 v=0.2450
    OK ch=7 v=0.1813
    OK ch=1 v=0.2625
    OK ch=3 v=0.2408
    OK ch=5 v=0.2680
    OK ch=7 v=0.1896
    OK ch=1 v=0.2596
    OK ch=3 v=0.2519
    OK ch=5 v=0.2766
    OK ch=7 v=0.2049
    OK ch=1 v=0.2939
    OK ch=3 v=0.2767
    OK ch=5 v=0.2755
    OK ch=7 v=0.2187
    OK ch=1 v=0.3331
    OK ch=3 v=0.2856
    OK ch=5 v=0.2469
    OK ch=7 v=0.2323
    OK ch=1 v=0.3418
    OK ch=3 v=0.2886
    OK ch=5 v=0.2272
    OK ch=7 v=0.2390
    OK ch=1 v=0.3571
    OK ch=3 v=0.2900
    OK ch=5 v=0.2023
    OK ch=7 v=0.2363
    OK ch=1 v=0.4093
    OK ch=3 v=0.2849
    OK ch=5 v=0.1719
    OK ch=7 v=0.2388
    OK ch=1 v=0.3987
    OK ch=3 v=0.2836
    OK ch=5 v=0.1610
    OK ch=7 v=0.2293
    OK ch=1 v=0.3960
    OK ch=3 v=0.2791
    OK ch=5 v=0.1503
    OK ch=7 v=0.2309
    OK ch=1 v=0.3983
    OK ch=3 v=0.2637
    OK ch=5 v=0.1429
    OK ch=7 v=0.2195
    OK ch=1 v=0.3868
    OK ch=3 v=0.2736
    OK ch=5 v=0.1421
    OK ch=7 v=0.2163
    OK ch=1 v=0.3921
    OK ch=3 v=0.2627
    OK ch=5 v=0.1277
    OK ch=7 v=0.2249
    OK ch=1 v=0.4219
    OK ch=3 v=0.2791
    OK ch=5 v=0.1336
    OK ch=1 v=0.4205
    OK ch=3 v=0.2819
    OK ch=5 v=0.1451
    OK ch=7 v=0.2315
    OK ch=1 v=0.3896
    OK ch=3 v=0.2756
    OK ch=5 v=0.1683
    OK ch=7 v=0.2364
    OK ch=1 v=0.3923
    OK ch=3 v=0.2896
    OK ch=5 v=0.2033
    OK ch=7 v=0.2332
    OK ch=1 v=0.3437
    OK ch=3 v=0.2849
    OK ch=5 v=0.2148
    OK ch=7 v=0.2414
    OK ch=1 v=0.3309
    OK ch=3 v=0.2812
    OK ch=5 v=0.2289
    OK ch=7 v=0.2400
    OK ch=1 v=0.2759
    OK ch=3 v=0.2742
    OK ch=5 v=0.2374
    OK ch=7 v=0.2325
    OK ch=1 v=0.2477
    OK ch=3 v=0.2587
    OK ch=5 v=0.2328
    OK ch=7 v=0.2212
    OK ch=1 v=0.2795
    OK ch=3 v=0.2525
    OK ch=5 v=0.2339
    OK ch=7 v=0.2062
    OK ch=1 v=0.2989
    OK ch=3 v=0.2419
    OK ch=5 v=0.2238
    OK ch=7 v=0.2010
    OK ch=1 v=0.2925
    OK ch=3 v=0.2289
    OK ch=5 v=0.2261
    OK ch=7 v=0.1917
    OK ch=1 v=0.3445
    OK ch=3 v=0.2355
    OK ch=5 v=0.2245
    OK ch=7 v=0.1890
    OK ch=1 v=0.3407
    OK ch=3 v=0.2299
    OK ch=5 v=0.2136
    OK ch=7 v=0.1957
    OK ch=1 v=0.3209
    OK ch=3 v=0.2382
    OK ch=5 v=0.2163
    OK ch=7 v=0.1964
    OK ch=1 v=0.3327
    OK ch=3 v=0.2452
    OK ch=5 v=0.2140
    OK ch=7 v=0.2044
    OK ch=1 v=0.3499
    OK ch=3 v=0.2526
    OK ch=5 v=0.2095
    OK ch=7 v=0.2138
    OK ch=1 v=0.3672
    OK ch=3 v=0.2752
    OK ch=5 v=0.2045
    OK ch=7 v=0.2221
    OK ch=1 v=0.3583
    OK ch=3 v=0.2789
    OK ch=5 v=0.1947
    OK ch=7 v=0.2355
    OK ch=1 v=0.3204
    OK ch=3 v=0.2797
    OK ch=5 v=0.1998
    OK ch=7 v=0.2374
    OK ch=1 v=0.3262
    OK ch=3 v=0.2802
    OK ch=5 v=0.1861
    OK ch=7 v=0.2395
    OK ch=1 v=0.3764
    OK ch=3 v=0.2911
    OK ch=5 v=0.1743
    OK ch=7 v=0.2416
    OK ch=1 v=0.3858
    OK ch=3 v=0.2897
    OK ch=5 v=0.1722
    OK ch=7 v=0.2352
    OK ch=1 v=0.3928
    OK ch=3 v=0.2786
    OK ch=5 v=0.1615
    OK ch=7 v=0.2376
    OK ch=1 v=0.3872
    OK ch=3 v=0.2727
    OK ch=5 v=0.1607
    OK ch=7 v=0.2280
    OK ch=1 v=0.3802
    OK ch=3 v=0.2689
    OK ch=5 v=0.1595
    OK ch=7 v=0.2224
    OK ch=1 v=0.3600
    OK ch=3 v=0.2619
    OK ch=5 v=0.1680
    OK ch=7 v=0.2219
[  110.5s] DAMPING     ch0:.... g=-0.0318 bp=+0.121V ratio=0.34  ch1:.... g=-0.0321 bp=+0.040V ratio=0.37  ch2:.... g=+0.0111 bp=+0.331V ratio=0.42  ch3:.... g=-0.0318 bp=+0.050V ratio=0.35
    OK ch=1 v=0.3770
    OK ch=3 v=0.2692
    OK ch=5 v=0.1832
    OK ch=7 v=0.2190
    OK ch=1 v=0.3649
    OK ch=3 v=0.2608
    OK ch=5 v=0.1871
    OK ch=7 v=0.2215
    OK ch=1 v=0.3346
    OK ch=3 v=0.2624
    OK ch=5 v=0.2080
    OK ch=7 v=0.2171
    OK ch=1 v=0.3276
    OK ch=3 v=0.2641
    OK ch=5 v=0.2168
    OK ch=7 v=0.2155
    OK ch=1 v=0.3245
    OK ch=3 v=0.2666
    OK ch=5 v=0.2190
    OK ch=7 v=0.2164
    OK ch=1 v=0.2897
    OK ch=3 v=0.2647
    OK ch=5 v=0.2286
    OK ch=1 v=0.2833
    OK ch=3 v=0.2517
    OK ch=7 v=0.2148
    OK ch=1 v=0.2884
    OK ch=5 v=0.2314
    OK ch=7 v=0.2157
    OK ch=1 v=0.3263
    OK ch=3 v=0.2565
    OK ch=5 v=0.2356
    OK ch=7 v=0.2110
    OK ch=1 v=0.3483
    OK ch=3 v=0.2667
    OK ch=5 v=0.2250
    OK ch=7 v=0.2121
    OK ch=1 v=0.3380
    OK ch=3 v=0.2574
    OK ch=5 v=0.2187
    OK ch=7 v=0.2131
    OK ch=1 v=0.3347
    OK ch=3 v=0.2551
    OK ch=7 v=0.2068
    OK ch=1 v=0.3497
    OK ch=3 v=0.2507
    OK ch=5 v=0.2085
    OK ch=7 v=0.2150
    OK ch=1 v=0.3578
    OK ch=3 v=0.2600
    OK ch=5 v=0.1979
    OK ch=7 v=0.2113
    OK ch=1 v=0.3373
    OK ch=3 v=0.2537
    OK ch=5 v=0.1939
    OK ch=7 v=0.2100
    OK ch=1 v=0.3444
    OK ch=3 v=0.2562
    OK ch=5 v=0.1889
    OK ch=7 v=0.2179
    OK ch=1 v=0.3798
    OK ch=3 v=0.2735
    OK ch=7 v=0.2199
    OK ch=1 v=0.3593
    OK ch=3 v=0.2690
    OK ch=5 v=0.1840
    OK ch=7 v=0.2235
    OK ch=1 v=0.3546
    OK ch=5 v=0.1802
    OK ch=7 v=0.2308
    OK ch=1 v=0.3578
    OK ch=3 v=0.2706
    OK ch=5 v=0.1875
    OK ch=1 v=0.3376
    OK ch=3 v=0.2718
    OK ch=5 v=0.1834
    OK ch=1 v=0.3645
    OK ch=3 v=0.2782
    OK ch=5 v=0.1775
    OK ch=7 v=0.2336
    OK ch=1 v=0.3515
    OK ch=3 v=0.2819
    OK ch=5 v=0.1821
    OK ch=7 v=0.2319
    OK ch=1 v=0.3690
    OK ch=3 v=0.2765
    OK ch=5 v=0.1811
    OK ch=7 v=0.2345
    OK ch=1 v=0.3309
    OK ch=3 v=0.2740
    OK ch=5 v=0.1875
    OK ch=7 v=0.2278
    OK ch=1 v=0.3707
    OK ch=3 v=0.2759
    OK ch=5 v=0.1882
    OK ch=7 v=0.2238
    OK ch=1 v=0.3637
    OK ch=3 v=0.2664
    OK ch=5 v=0.1910
    OK ch=7 v=0.2220
    OK ch=1 v=0.3576
    OK ch=3 v=0.2641
    OK ch=5 v=0.2043
    OK ch=7 v=0.2143
    OK ch=1 v=0.3443
    OK ch=3 v=0.2560
    OK ch=5 v=0.2013
    OK ch=7 v=0.2154
    OK ch=1 v=0.3358
    OK ch=3 v=0.2534
    OK ch=5 v=0.2085
    OK ch=7 v=0.2133
    OK ch=1 v=0.3107
    OK ch=3 v=0.2474
    OK ch=5 v=0.2153
    OK ch=7 v=0.2093
    OK ch=1 v=0.3237
    OK ch=3 v=0.2514
    OK ch=5 v=0.2124
    OK ch=7 v=0.2136
    OK ch=1 v=0.3293
    OK ch=3 v=0.2596
    OK ch=5 v=0.2169
    OK ch=1 v=0.3399
    OK ch=3 v=0.2630
    OK ch=5 v=0.2135
    OK ch=7 v=0.2167
    OK ch=1 v=0.3183
    OK ch=3 v=0.2580
    OK ch=5 v=0.2148
    OK ch=1 v=0.2972
    OK ch=3 v=0.2593
    OK ch=5 v=0.2193
    OK ch=7 v=0.2144
    OK ch=1 v=0.3294
    OK ch=3 v=0.2599
    OK ch=5 v=0.2096
    OK ch=7 v=0.2174
    OK ch=1 v=0.3477
    OK ch=3 v=0.2624
    OK ch=5 v=0.2056
    OK ch=7 v=0.2160
    OK ch=1 v=0.3706
    OK ch=3 v=0.2690
    OK ch=5 v=0.2064
    OK ch=7 v=0.2188
    OK ch=1 v=0.3378
    OK ch=3 v=0.2622
    OK ch=5 v=0.1972
    OK ch=7 v=0.2203
    OK ch=1 v=0.3515
    OK ch=3 v=0.2670
    OK ch=5 v=0.1948
    OK ch=7 v=0.2198
    OK ch=1 v=0.3525
    OK ch=3 v=0.2697
    OK ch=5 v=0.1848
    OK ch=7 v=0.2249
    OK ch=1 v=0.3594
    OK ch=3 v=0.2685
    OK ch=5 v=0.1876
    OK ch=7 v=0.2219
    OK ch=1 v=0.3732
    OK ch=3 v=0.2706
    OK ch=7 v=0.2245
    OK ch=1 v=0.3631
    OK ch=3 v=0.2742
    OK ch=5 v=0.1815
    OK ch=7 v=0.2286
    OK ch=1 v=0.3707
    OK ch=3 v=0.2750
    OK ch=5 v=0.1825
    OK ch=7 v=0.2254
    OK ch=1 v=0.3496
    OK ch=3 v=0.2697
    OK ch=5 v=0.1898
    OK ch=7 v=0.2260
    OK ch=5 v=0.1867
    OK ch=7 v=0.2248
    OK ch=1 v=0.3470
    OK ch=5 v=0.1891
    OK ch=7 v=0.2235
    OK ch=1 v=0.3503
    OK ch=3 v=0.2677
    OK ch=5 v=0.1944
    OK ch=7 v=0.2216
    OK ch=1 v=0.3398
    OK ch=3 v=0.2597
    OK ch=7 v=0.2237
    OK ch=1 v=0.3264
    OK ch=3 v=0.2616
    OK ch=5 v=0.2016
    OK ch=7 v=0.2192
    OK ch=1 v=0.3318
    OK ch=3 v=0.2629
    OK ch=5 v=0.2027
    OK ch=7 v=0.2203
    OK ch=1 v=0.3361
    OK ch=3 v=0.2670
    OK ch=1 v=0.3408
    OK ch=3 v=0.2683
    OK ch=5 v=0.2061
    OK ch=7 v=0.2187
    OK ch=1 v=0.3360
    OK ch=3 v=0.2591
    OK ch=5 v=0.2119
    OK ch=7 v=0.2149
    OK ch=1 v=0.3695
    OK ch=3 v=0.2651
    OK ch=5 v=0.2058
    OK ch=7 v=0.2173
    OK ch=1 v=0.3082
    OK ch=3 v=0.2578
    OK ch=5 v=0.2091
    OK ch=7 v=0.2141
    OK ch=1 v=0.3314
    OK ch=5 v=0.2080
    OK ch=1 v=0.3199
    OK ch=3 v=0.2500
    OK ch=5 v=0.2090
    OK ch=7 v=0.2126
    OK ch=1 v=0.3505
    OK ch=3 v=0.2600
    OK ch=7 v=0.2142
    OK ch=1 v=0.3543
    OK ch=3 v=0.2613
    OK ch=5 v=0.2014
    OK ch=7 v=0.2190
    OK ch=1 v=0.3490
    OK ch=3 v=0.2622
    OK ch=5 v=0.2026
    OK ch=1 v=0.3436
    OK ch=3 v=0.2659
    OK ch=5 v=0.2067
    OK ch=7 v=0.2182
    OK ch=1 v=0.3294
    OK ch=3 v=0.2587
    OK ch=5 v=0.1980
    OK ch=7 v=0.2192
    OK ch=1 v=0.3435
    OK ch=3 v=0.2692
    OK ch=5 v=0.1970
    OK ch=7 v=0.2213
    OK ch=1 v=0.3636
    OK ch=3 v=0.2653
    OK ch=5 v=0.1941
    OK ch=7 v=0.2228
    OK ch=1 v=0.3655
    OK ch=3 v=0.2716
    OK ch=5 v=0.1893
    OK ch=7 v=0.2258
    OK ch=1 v=0.3409
    OK ch=3 v=0.2670
    OK ch=5 v=0.1926
    OK ch=7 v=0.2221
    OK ch=1 v=0.3389
    OK ch=3 v=0.2619
    OK ch=5 v=0.1874
    OK ch=7 v=0.2252
    OK ch=1 v=0.3523
    OK ch=3 v=0.2761
    OK ch=5 v=0.1911
    OK ch=7 v=0.2239
    OK ch=1 v=0.3534
    OK ch=3 v=0.2724
    OK ch=5 v=0.1895
    OK ch=7 v=0.2244
    OK ch=1 v=0.3317
    OK ch=3 v=0.2640
    OK ch=5 v=0.1864
    OK ch=7 v=0.2251
    OK ch=1 v=0.3822
    OK ch=3 v=0.2740
    OK ch=5 v=0.1938
    OK ch=7 v=0.2196
    OK ch=1 v=0.3381
    OK ch=3 v=0.2616
    OK ch=5 v=0.1962
    OK ch=7 v=0.2208
    OK ch=1 v=0.3757
    OK ch=3 v=0.2693
    OK ch=5 v=0.1984
    OK ch=1 v=0.3323
    OK ch=3 v=0.2643
    OK ch=5 v=0.2021
    OK ch=7 v=0.2189
    OK ch=1 v=0.3421
    OK ch=3 v=0.2595
    OK ch=5 v=0.2006
    OK ch=7 v=0.2222
    OK ch=1 v=0.3384
    OK ch=3 v=0.2648
    OK ch=5 v=0.2079
    OK ch=7 v=0.2184
    OK ch=1 v=0.3198
    OK ch=3 v=0.2598
    OK ch=5 v=0.2072
    OK ch=7 v=0.2170
    OK ch=1 v=0.3413
    OK ch=3 v=0.2616
    OK ch=5 v=0.2034
    OK ch=7 v=0.2188
    OK ch=1 v=0.3517
    OK ch=3 v=0.2654
    OK ch=5 v=0.2096
    OK ch=7 v=0.2162
    OK ch=1 v=0.3014
    OK ch=3 v=0.2519
    OK ch=5 v=0.2081
    OK ch=7 v=0.2171
    OK ch=1 v=0.3283
    OK ch=3 v=0.2612
    OK ch=5 v=0.2063
    OK ch=7 v=0.2150
    OK ch=1 v=0.3394
    OK ch=3 v=0.2669
    OK ch=5 v=0.2014
    OK ch=7 v=0.2167
    OK ch=1 v=0.3355
    OK ch=3 v=0.2639
    OK ch=5 v=0.2025
    OK ch=7 v=0.2173
    OK ch=1 v=0.3593
    OK ch=3 v=0.2604
    OK ch=5 v=0.2049
    OK ch=7 v=0.2165
    OK ch=1 v=0.3480
    OK ch=3 v=0.2616
    OK ch=5 v=0.1973
    OK ch=7 v=0.2203
    OK ch=1 v=0.3571
    OK ch=3 v=0.2702
    OK ch=7 v=0.2213
    OK ch=1 v=0.3402
    OK ch=3 v=0.2645
    OK ch=5 v=0.1997
    OK ch=1 v=0.3737
    OK ch=3 v=0.2717
    OK ch=5 v=0.1940
    OK ch=7 v=0.2248
    OK ch=1 v=0.3584
    OK ch=3 v=0.2683
    OK ch=5 v=0.1932
    OK ch=7 v=0.2227
    OK ch=1 v=0.3469
    OK ch=7 v=0.2249
    OK ch=1 v=0.3559
    OK ch=3 v=0.2678
    OK ch=5 v=0.1904
    OK ch=7 v=0.2254
    OK ch=1 v=0.3579
    OK ch=3 v=0.2685
    OK ch=5 v=0.1930
    OK ch=7 v=0.2224
    OK ch=1 v=0.3457
    OK ch=3 v=0.2669
    OK ch=5 v=0.1898
    OK ch=7 v=0.2231
    OK ch=1 v=0.3425
    OK ch=3 v=0.2609
    OK ch=5 v=0.1892
    OK ch=7 v=0.2206
    OK ch=1 v=0.3376
    OK ch=5 v=0.1970
    OK ch=7 v=0.2187
    OK ch=1 v=0.3575
    OK ch=3 v=0.2669
    OK ch=5 v=0.1937
    OK ch=7 v=0.2221
    OK ch=1 v=0.3424
    OK ch=3 v=0.2651
    OK ch=5 v=0.1969
    OK ch=1 v=0.3398
    OK ch=3 v=0.2658
    OK ch=5 v=0.1999
    OK ch=7 v=0.2202
    OK ch=1 v=0.3535
    OK ch=3 v=0.2631
    OK ch=5 v=0.1974
    OK ch=7 v=0.2218
    OK ch=1 v=0.3444
    OK ch=3 v=0.2678
    OK ch=5 v=0.2034
    OK ch=7 v=0.2190
    OK ch=1 v=0.3517
    OK ch=3 v=0.2651
    OK ch=1 v=0.3366
    OK ch=3 v=0.2622
    OK ch=5 v=0.2016
    OK ch=7 v=0.2165
    OK ch=1 v=0.3115
    OK ch=3 v=0.2584
    OK ch=5 v=0.2056
    OK ch=7 v=0.2181
    OK ch=1 v=0.3423
    OK ch=3 v=0.2646
    OK ch=5 v=0.2063
    OK ch=7 v=0.2202
    OK ch=1 v=0.3170
    OK ch=3 v=0.2566
    OK ch=5 v=0.2034
    OK ch=7 v=0.2183
    OK ch=1 v=0.3650
    OK ch=3 v=0.2710
    OK ch=5 v=0.2061
    OK ch=7 v=0.2163
    OK ch=1 v=0.3535
    OK ch=3 v=0.2599
    OK ch=5 v=0.2042
    OK ch=7 v=0.2151
    OK ch=1 v=0.3323
    OK ch=3 v=0.2655
    OK ch=7 v=0.2157
    OK ch=1 v=0.3488
    OK ch=5 v=0.2026
    OK ch=7 v=0.2173
    OK ch=1 v=0.3511
    OK ch=5 v=0.1972
    OK ch=7 v=0.2211
    OK ch=3 v=0.2663
    OK ch=7 v=0.2221
    OK ch=1 v=0.3479
    OK ch=5 v=0.2014
    OK ch=7 v=0.2209
    OK ch=1 v=0.3554
    OK ch=3 v=0.2682
    OK ch=5 v=0.1997
    OK ch=1 v=0.3313
    OK ch=3 v=0.2628
    OK ch=5 v=0.1930
    OK ch=7 v=0.2216
    OK ch=1 v=0.3470
    OK ch=3 v=0.2611
    OK ch=5 v=0.1958
    OK ch=1 v=0.3543
    OK ch=3 v=0.2666
    OK ch=1 v=0.3566
    OK ch=3 v=0.2653
    OK ch=5 v=0.1936
    OK ch=7 v=0.2233
    OK ch=1 v=0.3604
    OK ch=3 v=0.2703
    OK ch=5 v=0.1944
    OK ch=7 v=0.2227
[  115.5s] DAMPING     ch0:.... g=-0.0300 bp=+0.037V ratio=0.06  ch1:.... g=-0.0300 bp=+0.007V ratio=0.03  ch2:.... g=+0.0100 bp=-0.004V ratio=0.10  ch3:.... g=-0.0300 bp=+0.000V ratio=0.06
    OK ch=1 v=0.3362
    OK ch=3 v=0.2678
    OK ch=5 v=0.1937
    OK ch=7 v=0.2216
    OK ch=1 v=0.3384
    OK ch=3 v=0.2637
    OK ch=5 v=0.1926
    OK ch=7 v=0.2231
    OK ch=1 v=0.3490
    OK ch=3 v=0.2643
    OK ch=5 v=0.1974
    OK ch=7 v=0.2210
    OK ch=1 v=0.3573
    OK ch=3 v=0.2656
    OK ch=5 v=0.1926
    OK ch=1 v=0.3154
    OK ch=3 v=0.2631
    OK ch=5 v=0.1969
    OK ch=7 v=0.2220
    OK ch=1 v=0.3549
    OK ch=3 v=0.2699
    OK ch=5 v=0.2004
    OK ch=7 v=0.2213
    OK ch=1 v=0.3582
    OK ch=3 v=0.2644
    OK ch=5 v=0.1975
    OK ch=1 v=0.3415
    OK ch=3 v=0.2621
    OK ch=5 v=0.1996
    OK ch=7 v=0.2176
    OK ch=1 v=0.3571
    OK ch=3 v=0.2693
    OK ch=7 v=0.2186
    OK ch=1 v=0.3383
    OK ch=3 v=0.2621
    OK ch=5 v=0.2022
    OK ch=7 v=0.2179
    OK ch=1 v=0.3321
    OK ch=3 v=0.2576
    OK ch=5 v=0.2057
    OK ch=7 v=0.2173
    OK ch=1 v=0.3505
    OK ch=3 v=0.2604
    OK ch=5 v=0.2001
    OK ch=7 v=0.2206
    OK ch=1 v=0.3367
    OK ch=3 v=0.2615
    OK ch=5 v=0.2014
    OK ch=1 v=0.3303
    OK ch=3 v=0.2627
    OK ch=5 v=0.2058
    OK ch=7 v=0.2173
    OK ch=3 v=0.2616
    OK ch=5 v=0.2011
    OK ch=7 v=0.2186
    OK ch=1 v=0.3255
    OK ch=3 v=0.2636
    OK ch=7 v=0.2193
    OK ch=1 v=0.3493
    OK ch=7 v=0.2174
    OK ch=1 v=0.3572
    OK ch=3 v=0.2684
    OK ch=5 v=0.2001
    OK ch=1 v=0.3382
    OK ch=3 v=0.2647
    OK ch=5 v=0.1982
    OK ch=7 v=0.2207
    OK ch=1 v=0.3690
    OK ch=3 v=0.2697
    OK ch=5 v=0.2021
    OK ch=1 v=0.3409
    OK ch=3 v=0.2670
    OK ch=5 v=0.2003
    OK ch=1 v=0.3503
    OK ch=3 v=0.2633
    OK ch=5 v=0.1933
    OK ch=7 v=0.2215
    OK ch=1 v=0.3356
    OK ch=3 v=0.2617
    OK ch=5 v=0.1982
    OK ch=7 v=0.2202
    OK ch=1 v=0.3537
    OK ch=3 v=0.2637
    OK ch=5 v=0.1968
    OK ch=7 v=0.2189
    OK ch=1 v=0.3435
    OK ch=3 v=0.2645
    OK ch=5 v=0.1950
    OK ch=7 v=0.2238
    OK ch=1 v=0.3386
    OK ch=3 v=0.2660
    OK ch=5 v=0.1970
    OK ch=7 v=0.2222
    OK ch=1 v=0.3401
    OK ch=3 v=0.2612
    OK ch=5 v=0.1965
    OK ch=7 v=0.2234
    OK ch=1 v=0.3447
    OK ch=3 v=0.2629
    OK ch=7 v=0.2177
    OK ch=1 v=0.3410
    OK ch=3 v=0.2686
    OK ch=5 v=0.1973
    OK ch=7 v=0.2172
    OK ch=1 v=0.3522
    OK ch=3 v=0.2698
    OK ch=5 v=0.1954
    OK ch=7 v=0.2205
    OK ch=1 v=0.3550
    OK ch=3 v=0.2692
    OK ch=5 v=0.1999
    OK ch=7 v=0.2197
    OK ch=1 v=0.3459
    OK ch=3 v=0.2673
    OK ch=5 v=0.1979
    OK ch=7 v=0.2209
    OK ch=1 v=0.3553
    OK ch=3 v=0.2681
    OK ch=5 v=0.1968
    OK ch=7 v=0.2232
    OK ch=1 v=0.3228
    OK ch=3 v=0.2622
    OK ch=5 v=0.2020
    OK ch=7 v=0.2201
    OK ch=1 v=0.3596
    OK ch=3 v=0.2664
    OK ch=5 v=0.2010
    OK ch=7 v=0.2218
    OK ch=1 v=0.3286
    OK ch=3 v=0.2594
    OK ch=5 v=0.2024
    OK ch=7 v=0.2179
    OK ch=1 v=0.3195
    OK ch=3 v=0.2634
    OK ch=5 v=0.2011
    OK ch=7 v=0.2191
    OK ch=1 v=0.3474
    OK ch=3 v=0.2646
    OK ch=7 v=0.2185
    OK ch=1 v=0.3430
    OK ch=3 v=0.2672
    OK ch=5 v=0.2034
    OK ch=7 v=0.2177
    OK ch=1 v=0.3468
    OK ch=3 v=0.2611
    OK ch=5 v=0.2000
    OK ch=7 v=0.2207
    OK ch=1 v=0.3381
    OK ch=3 v=0.2578
    OK ch=5 v=0.1986
    OK ch=1 v=0.3604
    OK ch=3 v=0.2652
    OK ch=5 v=0.2002
    OK ch=7 v=0.2186
    OK ch=1 v=0.3213
    OK ch=3 v=0.2589
    OK ch=7 v=0.2197
    OK ch=1 v=0.3483
    OK ch=3 v=0.2642
    OK ch=5 v=0.1974
    OK ch=7 v=0.2213
    OK ch=1 v=0.3940
    OK ch=3 v=0.2753
    OK ch=7 v=0.2190
    OK ch=1 v=0.3439
    OK ch=3 v=0.2612
    OK ch=7 v=0.2213
    OK ch=1 v=0.3392
    OK ch=3 v=0.2602
    OK ch=5 v=0.1990
    OK ch=7 v=0.2191
    OK ch=1 v=0.3652
    OK ch=3 v=0.2710
    OK ch=5 v=0.1969
    OK ch=7 v=0.2214
    OK ch=1 v=0.3338
    OK ch=3 v=0.2625
    OK ch=5 v=0.1932
    OK ch=7 v=0.2236
    OK ch=1 v=0.3608
    OK ch=3 v=0.2710
    OK ch=5 v=0.1977
    OK ch=7 v=0.2203
    OK ch=1 v=0.3382
    OK ch=3 v=0.2608
    OK ch=5 v=0.1960
    OK ch=1 v=0.3237
    OK ch=3 v=0.2661
    OK ch=1 v=0.3375
    OK ch=3 v=0.2682
    OK ch=7 v=0.2192
    OK ch=1 v=0.3397
    OK ch=3 v=0.2654
    OK ch=7 v=0.2213
    OK ch=1 v=0.3573
    OK ch=5 v=0.1969
    OK ch=7 v=0.2191
    OK ch=1 v=0.3391
    OK ch=3 v=0.2594
    OK ch=5 v=0.2020
    OK ch=7 v=0.2152
    OK ch=3 v=0.2668
    OK ch=5 v=0.2001
    OK ch=7 v=0.2195
    OK ch=1 v=0.3220
    OK ch=3 v=0.2568
    OK ch=5 v=0.1967
    OK ch=7 v=0.2242
    OK ch=1 v=0.3380
    OK ch=3 v=0.2619
    OK ch=5 v=0.2031
    OK ch=7 v=0.2192
    OK ch=1 v=0.3627
    OK ch=3 v=0.2686
    OK ch=5 v=0.1999
    OK ch=7 v=0.2210
    OK ch=1 v=0.3404
    OK ch=3 v=0.2662
    OK ch=7 v=0.2198
    OK ch=1 v=0.3639
    OK ch=3 v=0.2713
    OK ch=5 v=0.2034
    OK ch=7 v=0.2185
    OK ch=1 v=0.3729
    OK ch=3 v=0.2674
    OK ch=7 v=0.2200
    OK ch=1 v=0.3250
    OK ch=3 v=0.2598
    OK ch=5 v=0.2039
    OK ch=7 v=0.2179
    OK ch=1 v=0.3335
    OK ch=3 v=0.2621
    OK ch=5 v=0.2023
    OK ch=7 v=0.2171
    OK ch=1 v=0.3495
    OK ch=3 v=0.2669
    OK ch=5 v=0.1971
    OK ch=7 v=0.2217
    OK ch=1 v=0.3402
    OK ch=3 v=0.2634
    OK ch=5 v=0.2010
    OK ch=7 v=0.2186
    OK ch=1 v=0.3287
    OK ch=3 v=0.2552
    OK ch=5 v=0.1980
    OK ch=1 v=0.3312
    OK ch=3 v=0.2635
    OK ch=5 v=0.1969
    OK ch=7 v=0.2192
    OK ch=1 v=0.3605
    OK ch=3 v=0.2709
    OK ch=5 v=0.1986
    OK ch=7 v=0.2210
    OK ch=1 v=0.3454
    OK ch=3 v=0.2631
    OK ch=5 v=0.1978
    OK ch=1 v=0.3486
    OK ch=3 v=0.2658
    OK ch=1 v=0.3640
    OK ch=3 v=0.2698
    OK ch=7 v=0.2195
    OK ch=1 v=0.3735
    OK ch=3 v=0.2709
    OK ch=5 v=0.1963
    OK ch=7 v=0.2229
    OK ch=1 v=0.3523
    OK ch=3 v=0.2642
    OK ch=7 v=0.2216
    OK ch=1 v=0.3393
    OK ch=3 v=0.2677
    OK ch=5 v=0.2003
    OK ch=1 v=0.3314
    OK ch=3 v=0.2639
    OK ch=5 v=0.1964
    OK ch=7 v=0.2239
    OK ch=1 v=0.3221
    OK ch=3 v=0.2587
    OK ch=5 v=0.1950
    OK ch=7 v=0.2193
    OK ch=1 v=0.3546
    OK ch=3 v=0.2727
    OK ch=5 v=0.1961
    OK ch=7 v=0.2211
    OK ch=1 v=0.3465
    OK ch=3 v=0.2640
    OK ch=7 v=0.2221
    OK ch=1 v=0.3505
    OK ch=3 v=0.2660
    OK ch=5 v=0.1976
    OK ch=7 v=0.2192
    OK ch=1 v=0.3389
    OK ch=3 v=0.2589
    OK ch=5 v=0.1968
    OK ch=7 v=0.2164
    OK ch=1 v=0.3299
    OK ch=3 v=0.2609
    OK ch=5 v=0.1990
    OK ch=7 v=0.2184
    OK ch=1 v=0.3689
    OK ch=3 v=0.2708
    OK ch=5 v=0.2032
    OK ch=7 v=0.2206
    OK ch=1 v=0.3624
    OK ch=3 v=0.2691
    OK ch=5 v=0.1971
    OK ch=7 v=0.2220
    OK ch=1 v=0.3393
    OK ch=3 v=0.2625
    OK ch=5 v=0.2024
    OK ch=7 v=0.2192
    OK ch=1 v=0.3180
    OK ch=3 v=0.2584
    OK ch=5 v=0.2036
    OK ch=7 v=0.2213
    OK ch=1 v=0.3496
    OK ch=3 v=0.2601
    OK ch=5 v=0.2016
    OK ch=7 v=0.2201
    OK ch=1 v=0.3745
    OK ch=3 v=0.2691
    OK ch=1 v=0.3437
    OK ch=3 v=0.2618
    OK ch=5 v=0.2009
    OK ch=7 v=0.2187
    OK ch=1 v=0.3054
    OK ch=3 v=0.2581
    OK ch=5 v=0.2016
    OK ch=1 v=0.3390
    OK ch=3 v=0.2689
    OK ch=7 v=0.2192
    OK ch=1 v=0.3557
    OK ch=3 v=0.2695
    OK ch=5 v=0.1975
    OK ch=1 v=0.3465
    OK ch=3 v=0.2672
    OK ch=5 v=0.1946
    OK ch=7 v=0.2199
    OK ch=1 v=0.3590
    OK ch=5 v=0.1999
    OK ch=7 v=0.2189
    OK ch=1 v=0.3635
    OK ch=3 v=0.2661
    OK ch=5 v=0.1985
    OK ch=1 v=0.3576
    OK ch=3 v=0.2678
    OK ch=5 v=0.1969
    OK ch=7 v=0.2196
    OK ch=1 v=0.3221
    OK ch=3 v=0.2588
    OK ch=5 v=0.1986
    OK ch=7 v=0.2188
    OK ch=1 v=0.3270
    OK ch=3 v=0.2639
    OK ch=7 v=0.2204
    OK ch=1 v=0.3474
    OK ch=3 v=0.2627
    OK ch=5 v=0.1973
    OK ch=7 v=0.2195
    OK ch=1 v=0.3426
    OK ch=3 v=0.2678
    OK ch=5 v=0.1990
    OK ch=7 v=0.2208
    OK ch=1 v=0.3464
    OK ch=3 v=0.2642
    OK ch=5 v=0.1956
    OK ch=7 v=0.2220
    OK ch=3 v=0.2625
    OK ch=5 v=0.1977
    OK ch=7 v=0.2228
    OK ch=1 v=0.3621
    OK ch=3 v=0.2676
    OK ch=5 v=0.1986
    OK ch=7 v=0.2210
    OK ch=1 v=0.3318
    OK ch=3 v=0.2585
    OK ch=5 v=0.1978
    OK ch=1 v=0.3428
    OK ch=3 v=0.2681
    OK ch=1 v=0.3680
    OK ch=3 v=0.2746
    OK ch=5 v=0.1990
    OK ch=7 v=0.2196
    OK ch=1 v=0.3517
    OK ch=3 v=0.2699
    OK ch=7 v=0.2180
    OK ch=1 v=0.3274
    OK ch=3 v=0.2603
    OK ch=7 v=0.2230
    OK ch=1 v=0.3463
    OK ch=3 v=0.2661
    OK ch=5 v=0.1997
    OK ch=7 v=0.2187
    OK ch=1 v=0.3494
    OK ch=3 v=0.2611
    OK ch=5 v=0.1957
    OK ch=7 v=0.2216
    OK ch=1 v=0.3403
    OK ch=3 v=0.2603
    OK ch=5 v=0.1989
    OK ch=7 v=0.2192
    OK ch=1 v=0.3380
    OK ch=3 v=0.2641
    OK ch=5 v=0.2026
    OK ch=1 v=0.3338
    OK ch=3 v=0.2627
    OK ch=5 v=0.1987
    OK ch=7 v=0.2205
    OK ch=1 v=0.3662
    OK ch=3 v=0.2690
    OK ch=1 v=0.3646
    OK ch=3 v=0.2706
    OK ch=5 v=0.2004
    OK ch=7 v=0.2194
    OK ch=1 v=0.3428
    OK ch=3 v=0.2620
    OK ch=1 v=0.3520
    OK ch=3 v=0.2609
    OK ch=7 v=0.2206
    OK ch=1 v=0.3488
    OK ch=3 v=0.2689
    OK ch=5 v=0.1991
    OK ch=1 v=0.3311
    OK ch=3 v=0.2636
    OK ch=5 v=0.1980
    OK ch=1 v=0.3293
    OK ch=3 v=0.2614
    OK ch=5 v=0.1972
    OK ch=7 v=0.2217
    OK ch=1 v=0.3566
    OK ch=3 v=0.2690
    OK ch=5 v=0.2014
    OK ch=7 v=0.2201
    OK ch=1 v=0.3503
    OK ch=3 v=0.2665
    OK ch=5 v=0.1959
    OK ch=7 v=0.2221
    OK ch=1 v=0.3446
    OK ch=3 v=0.2606
    OK ch=5 v=0.1974
    OK ch=7 v=0.2194
    OK ch=1 v=0.3551
    OK ch=3 v=0.2668
    OK ch=7 v=0.2179
[  120.5s] DAMPING     ch0:LOCK g=-0.0300 bp=+0.031V ratio=0.04  ch1:LOCK g=-0.0300 bp=+0.003V ratio=0.02  ch2:LOCK g=+0.0100 bp=+0.005V ratio=0.01  ch3:LOCK g=-0.0300 bp=+0.000V ratio=0.02
    OK ch=1 v=0.3192
    OK ch=3 v=0.2578
    OK ch=5 v=0.1968
    OK ch=7 v=0.2195
    OK ch=1 v=0.3388
    OK ch=3 v=0.2664
    OK ch=7 v=0.2201
    OK ch=1 v=0.3564
    OK ch=3 v=0.2688
    OK ch=5 v=0.1990
    OK ch=7 v=0.2190
    OK ch=1 v=0.3437
    OK ch=3 v=0.2655
    OK ch=5 v=0.1982
    OK ch=1 v=0.3512
    OK ch=3 v=0.2670
    OK ch=5 v=0.2010
    OK ch=7 v=0.2195
    OK ch=1 v=0.3635
    OK ch=3 v=0.2676
    OK ch=5 v=0.1989
    OK ch=7 v=0.2210
    OK ch=1 v=0.3564
    OK ch=3 v=0.2654
    OK ch=7 v=0.2222
    OK ch=1 v=0.3153
    OK ch=3 v=0.2610
    OK ch=5 v=0.2025
    OK ch=7 v=0.2182
    OK ch=1 v=0.3313
    OK ch=3 v=0.2647
    OK ch=5 v=0.2018
    OK ch=7 v=0.2203
    OK ch=1 v=0.3521
    OK ch=3 v=0.2642
    OK ch=5 v=0.1991
    OK ch=7 v=0.2195
    OK ch=1 v=0.3558
    OK ch=3 v=0.2665
    OK ch=5 v=0.1996
    OK ch=7 v=0.2184
    OK ch=1 v=0.3501
    OK ch=3 v=0.2697
    OK ch=5 v=0.2005
    OK ch=7 v=0.2201
    OK ch=1 v=0.3434
    OK ch=3 v=0.2648
    OK ch=5 v=0.2024
    OK ch=7 v=0.2181
    OK ch=1 v=0.3184
    OK ch=3 v=0.2557
    OK ch=5 v=0.1986
    OK ch=7 v=0.2198
    OK ch=1 v=0.3100
    OK ch=3 v=0.2585
    OK ch=5 v=0.1973
    OK ch=7 v=0.2214
    OK ch=1 v=0.3511
    OK ch=3 v=0.2660
    OK ch=5 v=0.2007
    OK ch=7 v=0.2202
    OK ch=1 v=0.3448
    OK ch=3 v=0.2625
    OK ch=5 v=0.1961
    OK ch=7 v=0.2211
    OK ch=1 v=0.3608
    OK ch=3 v=0.2686
    OK ch=5 v=0.1971
    OK ch=1 v=0.3766
    OK ch=3 v=0.2724
    OK ch=1 v=0.3638
    OK ch=3 v=0.2682
    OK ch=5 v=0.1976
    OK ch=7 v=0.2205
    OK ch=1 v=0.3372
    OK ch=5 v=0.2035
    OK ch=7 v=0.2226
    OK ch=1 v=0.3316
    OK ch=3 v=0.2619
    OK ch=5 v=0.1992
    OK ch=7 v=0.2211
    OK ch=1 v=0.3662
    OK ch=3 v=0.2671
    OK ch=5 v=0.1943
    OK ch=1 v=0.3476
    OK ch=3 v=0.2637
    OK ch=5 v=0.1955
    OK ch=1 v=0.3430
    OK ch=3 v=0.2594
    OK ch=5 v=0.1989
    OK ch=7 v=0.2218
    OK ch=1 v=0.3235
    OK ch=3 v=0.2555
    OK ch=5 v=0.1961
    OK ch=7 v=0.2201
    OK ch=1 v=0.3578
    OK ch=3 v=0.2687
    OK ch=5 v=0.1981
    OK ch=7 v=0.2174
    OK ch=1 v=0.3397
    OK ch=3 v=0.2628
    OK ch=5 v=0.1970
    OK ch=7 v=0.2189
    OK ch=1 v=0.3277
    OK ch=5 v=0.1958
    OK ch=7 v=0.2208
    OK ch=1 v=0.3356
    OK ch=3 v=0.2692
    OK ch=5 v=0.1994
    OK ch=7 v=0.2186
    OK ch=1 v=0.3585
    OK ch=3 v=0.2656
    OK ch=5 v=0.1969
    OK ch=7 v=0.2232
    OK ch=1 v=0.3539
    OK ch=3 v=0.2647
    OK ch=5 v=0.2000
    OK ch=7 v=0.2204
    OK ch=1 v=0.3462
    OK ch=3 v=0.2657
    OK ch=5 v=0.2019
    OK ch=7 v=0.2186
    OK ch=1 v=0.3545
    OK ch=5 v=0.1990
    OK ch=7 v=0.2200
    OK ch=1 v=0.3172
    OK ch=3 v=0.2616
    OK ch=5 v=0.2023
    OK ch=7 v=0.2191
    OK ch=1 v=0.3431
    OK ch=3 v=0.2630
    OK ch=1 v=0.3519
    OK ch=3 v=0.2683
    OK ch=5 v=0.2011
    OK ch=7 v=0.2183
    OK ch=1 v=0.3626
    OK ch=3 v=0.2710
    OK ch=7 v=0.2176
    OK ch=1 v=0.3198
    OK ch=3 v=0.2576
    OK ch=5 v=0.1999
    OK ch=7 v=0.2195
    OK ch=1 v=0.3535
    OK ch=3 v=0.2627
    OK ch=7 v=0.2203
    OK ch=1 v=0.3672
    OK ch=3 v=0.2739
    OK ch=5 v=0.2010
    OK ch=7 v=0.2193
    OK ch=1 v=0.3460
    OK ch=3 v=0.2640
    OK ch=5 v=0.1995
    OK ch=1 v=0.3353
    OK ch=3 v=0.2634
    OK ch=5 v=0.1969
    OK ch=7 v=0.2209
    OK ch=1 v=0.3465
    OK ch=3 v=0.2648
    OK ch=5 v=0.1995
    OK ch=7 v=0.2199
    OK ch=1 v=0.3547
    OK ch=3 v=0.2661
    OK ch=5 v=0.1971
    OK ch=7 v=0.2187
    OK ch=1 v=0.3199
    OK ch=3 v=0.2577
    OK ch=1 v=0.3302
    OK ch=3 v=0.2622
    OK ch=5 v=0.1966
    OK ch=7 v=0.2195
    OK ch=1 v=0.3670
    OK ch=3 v=0.2705
    OK ch=7 v=0.2222
    OK ch=1 v=0.3457
    OK ch=3 v=0.2667
    OK ch=5 v=0.1986
    OK ch=7 v=0.2210
    OK ch=1 v=0.3645
    OK ch=3 v=0.2673
    OK ch=7 v=0.2227
    OK ch=1 v=0.3197
    OK ch=3 v=0.2594
    OK ch=5 v=0.1952
    OK ch=1 v=0.3414
    OK ch=3 v=0.2650
    OK ch=5 v=0.1979
    OK ch=1 v=0.3142
    OK ch=3 v=0.2614
    OK ch=5 v=0.2003
    OK ch=7 v=0.2207
    OK ch=1 v=0.3670
    OK ch=3 v=0.2653
    OK ch=5 v=0.1991
    OK ch=7 v=0.2188
    OK ch=1 v=0.3523
    OK ch=5 v=0.1976
    OK ch=7 v=0.2212
    OK ch=1 v=0.3424
    OK ch=3 v=0.2668
    OK ch=7 v=0.2200
    OK ch=1 v=0.3526
    OK ch=3 v=0.2676
    OK ch=5 v=0.2002
    OK ch=7 v=0.2209
    OK ch=1 v=0.3359
    OK ch=3 v=0.2643
    OK ch=5 v=0.2021
    OK ch=1 v=0.3341
    OK ch=3 v=0.2590
    OK ch=5 v=0.2000
    OK ch=7 v=0.2181
    OK ch=1 v=0.3280
    OK ch=3 v=0.2578
    OK ch=5 v=0.1971
    OK ch=7 v=0.2194
    OK ch=1 v=0.3397
    OK ch=3 v=0.2627
    OK ch=5 v=0.1998
    OK ch=7 v=0.2187
    OK ch=1 v=0.3547
    OK ch=3 v=0.2645
    OK ch=5 v=0.1979
    OK ch=1 v=0.3369
    OK ch=3 v=0.2639
    OK ch=5 v=0.2011
    OK ch=1 v=0.3463
    OK ch=3 v=0.2678
    OK ch=5 v=0.2003
    OK ch=1 v=0.3535
    OK ch=5 v=0.1996
    OK ch=7 v=0.2193
    OK ch=1 v=0.3544
    OK ch=3 v=0.2661
    OK ch=5 v=0.2004
    OK ch=7 v=0.2209
    OK ch=1 v=0.3644
    OK ch=3 v=0.2673
    OK ch=5 v=0.1992
    OK ch=7 v=0.2222
    OK ch=1 v=0.3422
    OK ch=5 v=0.2000
    OK ch=7 v=0.2205
    OK ch=1 v=0.3210
    OK ch=3 v=0.2584
    OK ch=5 v=0.1983
    OK ch=1 v=0.3556
    OK ch=3 v=0.2642
    OK ch=5 v=0.1968
    OK ch=7 v=0.2212
    OK ch=1 v=0.3424
    OK ch=3 v=0.2634
    OK ch=5 v=0.1991
    OK ch=7 v=0.2176
    OK ch=1 v=0.3374
    OK ch=5 v=0.1969
    OK ch=7 v=0.2213
    OK ch=1 v=0.3387
    OK ch=1 v=0.3356
    OK ch=3 v=0.2660
    OK ch=5 v=0.1961
    OK ch=7 v=0.2207
    OK ch=1 v=0.3606
    OK ch=3 v=0.2721
    OK ch=7 v=0.2198
    OK ch=1 v=0.3739
    OK ch=3 v=0.2686
    OK ch=7 v=0.2221
    OK ch=1 v=0.3299
    OK ch=3 v=0.2617
    OK ch=5 v=0.1993
    OK ch=7 v=0.2185
    OK ch=1 v=0.3157
    OK ch=3 v=0.2634
    OK ch=7 v=0.2205
    OK ch=1 v=0.3403
    OK ch=3 v=0.2605
    OK ch=5 v=0.1966
    OK ch=7 v=0.2220
    OK ch=1 v=0.3475
    OK ch=3 v=0.2636
    OK ch=5 v=0.1995
    OK ch=1 v=0.3354
    OK ch=3 v=0.2645
    OK ch=7 v=0.2187
    OK ch=1 v=0.3451
    OK ch=3 v=0.2661
    OK ch=5 v=0.2016
    OK ch=1 v=0.3815
    OK ch=3 v=0.2745
    OK ch=5 v=0.2005
    OK ch=7 v=0.2199
    OK ch=1 v=0.3438
    OK ch=3 v=0.2637
    OK ch=1 v=0.3693
    OK ch=3 v=0.2699
    OK ch=5 v=0.1991
    OK ch=7 v=0.2193
    OK ch=1 v=0.3337
    OK ch=3 v=0.2620
    OK ch=5 v=0.2029
    OK ch=1 v=0.3322
    OK ch=3 v=0.2659
    OK ch=1 v=0.3556
    OK ch=3 v=0.2678
    OK ch=5 v=0.1998
    OK ch=1 v=0.3391
    OK ch=3 v=0.2603
    OK ch=5 v=0.1963
    OK ch=7 v=0.2223
    OK ch=1 v=0.3569
    OK ch=3 v=0.2645
    OK ch=5 v=0.1995
    OK ch=7 v=0.2187
    OK ch=1 v=0.3574
    OK ch=3 v=0.2676
    OK ch=5 v=0.2002
    OK ch=7 v=0.2220
    OK ch=1 v=0.3386
    OK ch=3 v=0.2566
    OK ch=7 v=0.2173
    OK ch=1 v=0.3380
    OK ch=3 v=0.2642
    OK ch=5 v=0.1977
    OK ch=1 v=0.3397
    OK ch=3 v=0.2615
    OK ch=5 v=0.1968
    OK ch=7 v=0.2194
    OK ch=1 v=0.3753
    OK ch=3 v=0.2702
    OK ch=5 v=0.1987
    OK ch=7 v=0.2203
    OK ch=1 v=0.3318
    OK ch=3 v=0.2594
    OK ch=5 v=0.1979
    OK ch=7 v=0.2228
    OK ch=1 v=0.3268
    OK ch=3 v=0.2652
    OK ch=5 v=0.1969
    OK ch=7 v=0.2200
    OK ch=1 v=0.3289
    OK ch=3 v=0.2685
    OK ch=5 v=0.1989
    OK ch=7 v=0.2230
    OK ch=1 v=0.3632
    OK ch=3 v=0.2698
    OK ch=5 v=0.1939
    OK ch=7 v=0.2224
    OK ch=1 v=0.3579
    OK ch=3 v=0.2647
    OK ch=5 v=0.1965
    OK ch=7 v=0.2179
    OK ch=1 v=0.3148
    OK ch=3 v=0.2624
    OK ch=5 v=0.1981
    OK ch=7 v=0.2212
    OK ch=1 v=0.3561
    OK ch=3 v=0.2685
    OK ch=5 v=0.1970
    OK ch=1 v=0.3513
    OK ch=3 v=0.2660
    OK ch=5 v=0.1983
    OK ch=7 v=0.2198
    OK ch=1 v=0.3609
    OK ch=3 v=0.2684
    OK ch=5 v=0.1963
    OK ch=7 v=0.2218
    OK ch=1 v=0.3521
    OK ch=3 v=0.2661
    OK ch=5 v=0.2003
    OK ch=7 v=0.2192
    OK ch=1 v=0.3334
    OK ch=3 v=0.2615
    OK ch=5 v=0.2024
    OK ch=1 v=0.3399
    OK ch=3 v=0.2589
    OK ch=5 v=0.1996
    OK ch=7 v=0.2216
    OK ch=1 v=0.3443
    OK ch=3 v=0.2637
    OK ch=5 v=0.1986
    OK ch=7 v=0.2194
    OK ch=1 v=0.3453
    OK ch=5 v=0.2009
    OK ch=7 v=0.2203
    OK ch=1 v=0.3226
    OK ch=3 v=0.2629
    OK ch=7 v=0.2192
    OK ch=1 v=0.3075
    OK ch=3 v=0.2572
    OK ch=5 v=0.2031
    OK ch=7 v=0.2180
    OK ch=1 v=0.3540
    OK ch=3 v=0.2667
    OK ch=5 v=0.2003
    OK ch=7 v=0.2161
    OK ch=1 v=0.3694
    OK ch=3 v=0.2679
    OK ch=5 v=0.1990
    OK ch=7 v=0.2208
    OK ch=1 v=0.3370
    OK ch=3 v=0.2624
    OK ch=5 v=0.2023
    OK ch=7 v=0.2192
    OK ch=1 v=0.3513
    OK ch=3 v=0.2634
    OK ch=5 v=0.1993
    OK ch=7 v=0.2205
    OK ch=1 v=0.3436
    OK ch=3 v=0.2641
    OK ch=5 v=0.1984
    OK ch=1 v=0.3449
    OK ch=3 v=0.2657
    OK ch=5 v=0.2009
    OK ch=7 v=0.2194
    OK ch=1 v=0.3279
    OK ch=3 v=0.2635
    OK ch=5 v=0.1993
    OK ch=1 v=0.3332
    OK ch=3 v=0.2587
    OK ch=5 v=0.1981
    OK ch=7 v=0.2209
    OK ch=1 v=0.3590
    OK ch=3 v=0.2656
    OK ch=5 v=0.1949
    OK ch=1 v=0.3436
    OK ch=3 v=0.2620
    OK ch=5 v=0.1943
    OK ch=1 v=0.3534
    OK ch=3 v=0.2704
    OK ch=5 v=0.1964
    OK ch=1 v=0.3679
    OK ch=3 v=0.2721
    OK ch=5 v=0.1992
    OK ch=1 v=0.3711
    OK ch=3 v=0.2705
    OK ch=5 v=0.1979
    OK ch=7 v=0.2203
    OK ch=1 v=0.3295
    OK ch=3 v=0.2597
    OK ch=5 v=0.1963
    OK ch=7 v=0.2190
[  125.5s] DAMPING     ch0:LOCK g=-0.0300 bp=+0.006V ratio=0.06  ch1:LOCK g=-0.0300 bp=-0.003V ratio=0.04  ch2:LOCK g=+0.0100 bp=+0.014V ratio=0.03  ch3:LOCK g=-0.0300 bp=-0.003V ratio=0.02
    OK ch=1 v=0.3252
    OK ch=3 v=0.2651
    OK ch=5 v=0.1978
    OK ch=7 v=0.2204
    OK ch=1 v=0.3454
    OK ch=3 v=0.2636
    OK ch=1 v=0.3549
    OK ch=3 v=0.2669
    OK ch=1 v=0.3348
    OK ch=3 v=0.2620
    OK ch=7 v=0.2227
    OK ch=1 v=0.3359
    OK ch=3 v=0.2644
    OK ch=1 v=0.3251
    OK ch=3 v=0.2580
    OK ch=7 v=0.2211
    OK ch=1 v=0.3480
    OK ch=3 v=0.2650
    OK ch=7 v=0.2226
    OK ch=1 v=0.3576
    OK ch=3 v=0.2642
    OK ch=5 v=0.1997
    OK ch=7 v=0.2197
    OK ch=1 v=0.3499
    OK ch=3 v=0.2666
    OK ch=7 v=0.2179
    OK ch=1 v=0.3518
    OK ch=7 v=0.2205
    OK ch=1 v=0.3426
    OK ch=3 v=0.2651
    OK ch=5 v=0.2006
    OK ch=7 v=0.2199
    OK ch=3 v=0.2644
    OK ch=5 v=0.2021
    OK ch=1 v=0.3560
    OK ch=3 v=0.2667
    OK ch=5 v=0.2009
    OK ch=7 v=0.2174
    OK ch=1 v=0.3402
    OK ch=5 v=0.2002
    OK ch=7 v=0.2211
    OK ch=3 v=0.2637
    OK ch=7 v=0.2203
    OK ch=1 v=0.3628
    OK ch=3 v=0.2690
    OK ch=5 v=0.1990
    OK ch=1 v=0.3487
    OK ch=3 v=0.2624
    OK ch=5 v=0.2004
    OK ch=3 v=0.2649
    OK ch=5 v=0.2021
    OK ch=1 v=0.3351
    OK ch=3 v=0.2608
    OK ch=7 v=0.2189
    OK ch=1 v=0.3468
    OK ch=3 v=0.2615
    OK ch=5 v=0.1979
    OK ch=7 v=0.2176
    OK ch=1 v=0.3280
    OK ch=3 v=0.2582
    OK ch=5 v=0.1965
    OK ch=7 v=0.2194
    OK ch=1 v=0.3479
    OK ch=3 v=0.2693
    OK ch=5 v=0.1996
    OK ch=7 v=0.2200
    OK ch=1 v=0.3382
    OK ch=3 v=0.2677
    OK ch=5 v=0.1967
    OK ch=1 v=0.3660
    OK ch=5 v=0.1975
    OK ch=7 v=0.2191
    OK ch=1 v=0.3506
    OK ch=3 v=0.2693
    OK ch=5 v=0.1962
    OK ch=1 v=0.3246
    OK ch=3 v=0.2587
    OK ch=5 v=0.1981
    OK ch=7 v=0.2207
    OK ch=1 v=0.3685
    OK ch=3 v=0.2652
    OK ch=5 v=0.1989
    OK ch=7 v=0.2244
    OK ch=1 v=0.3621
    OK ch=3 v=0.2719
    OK ch=5 v=0.1979
    OK ch=7 v=0.2212
    OK ch=1 v=0.3193
    OK ch=3 v=0.2623
    OK ch=7 v=0.2202
    OK ch=1 v=0.3382
    OK ch=3 v=0.2598
    OK ch=5 v=0.2000
    OK ch=7 v=0.2187
    OK ch=1 v=0.3465
    OK ch=3 v=0.2644
    OK ch=1 v=0.3537
    OK ch=3 v=0.2676
    OK ch=5 v=0.1974
    OK ch=7 v=0.2215
    OK ch=1 v=0.3331
    OK ch=3 v=0.2653
    OK ch=5 v=0.1979
    OK ch=7 v=0.2195
    OK ch=1 v=0.3638
    OK ch=3 v=0.2715
    OK ch=5 v=0.1984
    OK ch=7 v=0.2182
    OK ch=1 v=0.3359
    OK ch=3 v=0.2619
    OK ch=7 v=0.2210
    OK ch=1 v=0.3209
    OK ch=3 v=0.2559
    OK ch=5 v=0.1995
    OK ch=7 v=0.2190
    OK ch=1 v=0.3493
    OK ch=3 v=0.2610
    OK ch=5 v=0.1982
    OK ch=7 v=0.2212
    OK ch=1 v=0.3405
    OK ch=3 v=0.2587
    OK ch=5 v=0.1988
    OK ch=1 v=0.3342
    OK ch=3 v=0.2648
    OK ch=5 v=0.2016
    OK ch=7 v=0.2186
    OK ch=1 v=0.3590
    OK ch=3 v=0.2688
    OK ch=5 v=0.1992
    OK ch=7 v=0.2208
    OK ch=1 v=0.3657
    OK ch=3 v=0.2671
    OK ch=5 v=0.1998
    OK ch=7 v=0.2198
    OK ch=1 v=0.3432
    OK ch=3 v=0.2648
    OK ch=5 v=0.2014
    OK ch=1 v=0.3472
    OK ch=3 v=0.2631
    OK ch=5 v=0.2008
    OK ch=1 v=0.3437
    OK ch=3 v=0.2643
    OK ch=7 v=0.2212
    OK ch=1 v=0.3417
    OK ch=3 v=0.2672
    OK ch=5 v=0.1999
    OK ch=7 v=0.2200
    OK ch=3 v=0.2693
    OK ch=5 v=0.1985
    OK ch=7 v=0.2209
    OK ch=1 v=0.3668
    OK ch=3 v=0.2684
    OK ch=5 v=0.1976
    OK ch=7 v=0.2173
    OK ch=1 v=0.3334
    OK ch=3 v=0.2562
    OK ch=5 v=0.1997
    OK ch=7 v=0.2197
    OK ch=1 v=0.3115
    OK ch=3 v=0.2582
    OK ch=5 v=0.1971
    OK ch=7 v=0.2204
    OK ch=1 v=0.3674
    OK ch=3 v=0.2680
    OK ch=5 v=0.1955
    OK ch=7 v=0.2216
    OK ch=1 v=0.3410
    OK ch=3 v=0.2653
    OK ch=5 v=0.1972
    OK ch=7 v=0.2190
    OK ch=1 v=0.3691
    OK ch=3 v=0.2705
    OK ch=5 v=0.1957
    OK ch=7 v=0.2212
    OK ch=1 v=0.3657
    OK ch=3 v=0.2683
    OK ch=5 v=0.1975
    OK ch=7 v=0.2190
    OK ch=1 v=0.3290
    OK ch=3 v=0.2618
    OK ch=7 v=0.2213
    OK ch=1 v=0.3095
    OK ch=3 v=0.2566
    OK ch=5 v=0.1984
    OK ch=7 v=0.2226
    OK ch=1 v=0.3406
    OK ch=3 v=0.2640
    OK ch=7 v=0.2220
    OK ch=1 v=0.3425
    OK ch=3 v=0.2694
    OK ch=5 v=0.1977
    OK ch=7 v=0.2213
    OK ch=1 v=0.3570
    OK ch=3 v=0.2726
    OK ch=1 v=0.3438
    OK ch=3 v=0.2648
    OK ch=5 v=0.2002
    OK ch=7 v=0.2192
    OK ch=1 v=0.3510
    OK ch=5 v=0.1992
    OK ch=1 v=0.3420
    OK ch=3 v=0.2616
    OK ch=7 v=0.2197
    OK ch=1 v=0.3286
    OK ch=3 v=0.2634
    OK ch=7 v=0.2186
    OK ch=1 v=0.3477
    OK ch=5 v=0.2007
    OK ch=7 v=0.2175
    OK ch=1 v=0.3436
    OK ch=1 v=0.3359
    OK ch=5 v=0.2014
    OK ch=7 v=0.2202
    OK ch=1 v=0.3279
    OK ch=3 v=0.2627
    OK ch=5 v=0.2020
    OK ch=7 v=0.2193
    OK ch=1 v=0.3510
    OK ch=3 v=0.2656
    OK ch=5 v=0.2001
    OK ch=7 v=0.2206
    OK ch=1 v=0.3559
    OK ch=3 v=0.2670
    OK ch=5 v=0.1990
    OK ch=1 v=0.3324
    OK ch=3 v=0.2630
    OK ch=5 v=0.2012
    OK ch=7 v=0.2182
    OK ch=1 v=0.3406
    OK ch=3 v=0.2661
    OK ch=7 v=0.2195
    OK ch=1 v=0.3580
    OK ch=3 v=0.2615
    OK ch=7 v=0.2211
    OK ch=1 v=0.3482
    OK ch=3 v=0.2683
    OK ch=5 v=0.1988
    OK ch=7 v=0.2189
    OK ch=1 v=0.3389
    OK ch=3 v=0.2629
    OK ch=5 v=0.1994
    OK ch=7 v=0.2178
    OK ch=1 v=0.3729
    OK ch=3 v=0.2695
    OK ch=7 v=0.2197
    OK ch=1 v=0.3579
    OK ch=3 v=0.2657
    OK ch=7 v=0.2203
    OK ch=1 v=0.3269
    OK ch=3 v=0.2631
    OK ch=5 v=0.1965
    OK ch=1 v=0.3370
    OK ch=3 v=0.2641
    OK ch=7 v=0.2240
    OK ch=1 v=0.3273
    OK ch=3 v=0.2609
    OK ch=5 v=0.1988
    OK ch=7 v=0.2214
    OK ch=1 v=0.3297
    OK ch=3 v=0.2570
    OK ch=5 v=0.1969
    OK ch=7 v=0.2203
    OK ch=1 v=0.3710
    OK ch=3 v=0.2697
    OK ch=5 v=0.1956
    OK ch=1 v=0.3343
    OK ch=3 v=0.2600
    OK ch=7 v=0.2188
    OK ch=1 v=0.3561
    OK ch=3 v=0.2663
    OK ch=5 v=0.1971
    OK ch=7 v=0.2213
    OK ch=1 v=0.3320
    OK ch=3 v=0.2627
    OK ch=7 v=0.2226
    OK ch=1 v=0.3386
    OK ch=3 v=0.2651
    OK ch=7 v=0.2209
    OK ch=1 v=0.3470
    OK ch=3 v=0.2633
    OK ch=7 v=0.2190
    OK ch=1 v=0.3511
    OK ch=3 v=0.2681
    OK ch=5 v=0.1954
    OK ch=7 v=0.2212
    OK ch=1 v=0.3743
    OK ch=3 v=0.2727
    OK ch=5 v=0.1997
    OK ch=1 v=0.3476
    OK ch=3 v=0.2665
    OK ch=5 v=0.2010
    OK ch=1 v=0.3204
    OK ch=3 v=0.2595
    OK ch=5 v=0.2001
    OK ch=1 v=0.3582
    OK ch=3 v=0.2638
    OK ch=5 v=0.2008
    OK ch=7 v=0.2178
    OK ch=1 v=0.3278
    OK ch=3 v=0.2617
    OK ch=7 v=0.2188
    OK ch=1 v=0.3326
    OK ch=3 v=0.2597
    OK ch=5 v=0.1994
    OK ch=7 v=0.2181
    OK ch=1 v=0.3259
    OK ch=3 v=0.2658
    OK ch=5 v=0.1999
    OK ch=7 v=0.2198
    OK ch=1 v=0.3473
    OK ch=3 v=0.2643
    OK ch=5 v=0.1994
    OK ch=7 v=0.2180
    OK ch=1 v=0.3581
    OK ch=3 v=0.2677
    OK ch=5 v=0.2002
    OK ch=7 v=0.2196
    OK ch=1 v=0.3534
    OK ch=3 v=0.2685
    OK ch=5 v=0.2015
    OK ch=7 v=0.2190
    OK ch=1 v=0.3438
    OK ch=3 v=0.2602
    OK ch=5 v=0.1998
    OK ch=7 v=0.2206
    OK ch=1 v=0.3517
    OK ch=3 v=0.2673
    OK ch=7 v=0.2196
    OK ch=1 v=0.3357
    OK ch=3 v=0.2607
    OK ch=7 v=0.2220
    OK ch=1 v=0.3523
    OK ch=3 v=0.2650
    OK ch=5 v=0.1991
    OK ch=7 v=0.2209
    OK ch=1 v=0.3236
    OK ch=3 v=0.2625
    OK ch=5 v=0.1985
    OK ch=7 v=0.2204
    OK ch=1 v=0.3356
    OK ch=3 v=0.2618
    OK ch=5 v=0.1972
    OK ch=1 v=0.3470
    OK ch=3 v=0.2601
    OK ch=1 v=0.3755
    OK ch=3 v=0.2713
    OK ch=5 v=0.1985
    OK ch=1 v=0.3585
    OK ch=3 v=0.2685
    OK ch=5 v=0.1977
    OK ch=7 v=0.2213
    OK ch=1 v=0.3324
    OK ch=3 v=0.2665
    OK ch=5 v=0.1963
    OK ch=7 v=0.2200
    OK ch=1 v=0.3638
    OK ch=3 v=0.2712
    OK ch=5 v=0.1985
    OK ch=7 v=0.2209
    OK ch=1 v=0.3401
    OK ch=3 v=0.2625
    OK ch=5 v=0.1979
    OK ch=1 v=0.3346
    OK ch=3 v=0.2590
    OK ch=7 v=0.2217
    OK ch=1 v=0.3611
    OK ch=3 v=0.2668
    OK ch=7 v=0.2191
    OK ch=1 v=0.3558
    OK ch=3 v=0.2634
    OK ch=7 v=0.2199
    OK ch=1 v=0.3680
    OK ch=3 v=0.2689
    OK ch=5 v=0.1974
    OK ch=7 v=0.2213
    OK ch=1 v=0.3523
    OK ch=3 v=0.2709
    OK ch=5 v=0.1987
    OK ch=7 v=0.2200
    OK ch=1 v=0.3414
    OK ch=3 v=0.2607
    OK ch=7 v=0.2209
    OK ch=1 v=0.3408
    OK ch=5 v=0.2004
    OK ch=7 v=0.2197
    OK ch=1 v=0.3329
    OK ch=3 v=0.2643
    OK ch=5 v=0.2016
    OK ch=1 v=0.3506
    OK ch=3 v=0.2665
    OK ch=5 v=0.1983
    OK ch=7 v=0.2183
    OK ch=1 v=0.3305
    OK ch=3 v=0.2628
    OK ch=5 v=0.1990
    OK ch=7 v=0.2175
    OK ch=1 v=0.3515
    OK ch=3 v=0.2616
    OK ch=5 v=0.1983
    OK ch=7 v=0.2195
    OK ch=1 v=0.3494
    OK ch=3 v=0.2695
    OK ch=5 v=0.2002
    OK ch=7 v=0.2202
    OK ch=1 v=0.3437
    OK ch=3 v=0.2646
    OK ch=5 v=0.2012
    OK ch=7 v=0.2215
    OK ch=1 v=0.3104
    OK ch=3 v=0.2590
    OK ch=5 v=0.1978
    OK ch=1 v=0.3540
    OK ch=3 v=0.2632
    OK ch=7 v=0.2209
    OK ch=1 v=0.3476
    OK ch=3 v=0.2648
    OK ch=5 v=0.1991
    OK ch=7 v=0.2194
    OK ch=1 v=0.3363
    OK ch=1 v=0.3394
    OK ch=3 v=0.2642
    OK ch=5 v=0.1997
    OK ch=7 v=0.2203
    OK ch=1 v=0.3263
    OK ch=3 v=0.2581
    OK ch=7 v=0.2198
    OK ch=1 v=0.3598
    OK ch=3 v=0.2698
    OK ch=5 v=0.1989
    OK ch=7 v=0.2222
    OK ch=3 v=0.2685
    OK ch=7 v=0.2208
    OK ch=1 v=0.3686
    OK ch=5 v=0.1999
    OK ch=7 v=0.2216
    OK ch=1 v=0.3395
    OK ch=5 v=0.2016
    OK ch=7 v=0.2190
    OK ch=1 v=0.3592
    OK ch=5 v=0.1977
    OK ch=7 v=0.2199
    OK ch=1 v=0.3385
    OK ch=3 v=0.2636
    OK ch=7 v=0.2213
    OK ch=1 v=0.3523
    OK ch=3 v=0.2602
    OK ch=5 v=0.1969
    OK ch=7 v=0.2189
[  130.6s] DAMPING     ch0:LOCK g=-0.0300 bp=+0.018V ratio=0.06  ch1:LOCK g=-0.0300 bp=+0.001V ratio=0.03  ch2:LOCK g=+0.0100 bp=-0.003V ratio=0.01  ch3:LOCK g=-0.0300 bp=+0.001V ratio=0.01
    OK ch=1 v=0.3388
    OK ch=3 v=0.2656
    OK ch=7 v=0.2199
    OK ch=1 v=0.3667
    OK ch=3 v=0.2674
    OK ch=5 v=0.1976
    OK ch=7 v=0.2189
    OK ch=1 v=0.3520
    OK ch=3 v=0.2691
    OK ch=5 v=0.2002
    OK ch=7 v=0.2180
    OK ch=1 v=0.3322
    OK ch=3 v=0.2583
    OK ch=5 v=0.1989
    OK ch=7 v=0.2186
    OK ch=1 v=0.3316
    OK ch=3 v=0.2620
    OK ch=7 v=0.2206
    OK ch=1 v=0.3497
    OK ch=3 v=0.2635
    OK ch=1 v=0.3365
    OK ch=3 v=0.2594
    OK ch=5 v=0.1975
    OK ch=1 v=0.3463
    OK ch=3 v=0.2607
    OK ch=5 v=0.1988
    OK ch=7 v=0.2195
    OK ch=1 v=0.3321
    OK ch=3 v=0.2650
    OK ch=5 v=0.2004
    OK ch=7 v=0.2206
    OK ch=1 v=0.3379
    OK ch=3 v=0.2623
    OK ch=5 v=0.1969
    OK ch=1 v=0.3353
    OK ch=3 v=0.2638
    OK ch=5 v=0.1982
    OK ch=1 v=0.3427
    OK ch=3 v=0.2622
    OK ch=5 v=0.2007
    OK ch=7 v=0.2192
    OK ch=1 v=0.3679
    OK ch=3 v=0.2676
    OK ch=5 v=0.1992
    OK ch=7 v=0.2204
    OK ch=1 v=0.3459
    OK ch=3 v=0.2631
    OK ch=7 v=0.2217
    OK ch=1 v=0.3282
    OK ch=3 v=0.2687
    OK ch=5 v=0.1999
    OK ch=7 v=0.2203
    OK ch=1 v=0.3571
    OK ch=3 v=0.2721
    OK ch=7 v=0.2210
    OK ch=1 v=0.3724
    OK ch=3 v=0.2731
    OK ch=1 v=0.3483
    OK ch=3 v=0.2633
    OK ch=7 v=0.2195
    OK ch=1 v=0.3243
    OK ch=3 v=0.2625
    OK ch=5 v=0.1977
    OK ch=7 v=0.2204
    OK ch=1 v=0.3234
    OK ch=3 v=0.2607
    OK ch=1 v=0.3620
    OK ch=3 v=0.2670
    OK ch=7 v=0.2192
    OK ch=1 v=0.3743
    OK ch=7 v=0.2214
    OK ch=1 v=0.3352
    OK ch=3 v=0.2599
    OK ch=7 v=0.2182
    OK ch=1 v=0.3263
    OK ch=3 v=0.2571
    OK ch=5 v=0.1989
    OK ch=1 v=0.3363
    OK ch=3 v=0.2609
    OK ch=1 v=0.3383
    OK ch=3 v=0.2662
    OK ch=7 v=0.2195
    OK ch=1 v=0.3330
    OK ch=3 v=0.2641
    OK ch=7 v=0.2214
    OK ch=1 v=0.3500
    OK ch=3 v=0.2627
    OK ch=5 v=0.1981
    OK ch=7 v=0.2203
    OK ch=1 v=0.3639
    OK ch=3 v=0.2702
    OK ch=1 v=0.3544
    OK ch=3 v=0.2622
    OK ch=5 v=0.1993
    OK ch=1 v=0.3712
    OK ch=3 v=0.2709
    OK ch=5 v=0.2003
    OK ch=1 v=0.3475
    OK ch=3 v=0.2702
    OK ch=7 v=0.2213
    OK ch=1 v=0.3318
    OK ch=3 v=0.2636
    OK ch=5 v=0.1996
    OK ch=1 v=0.3298
    OK ch=3 v=0.2597
    OK ch=5 v=0.1984
    OK ch=7 v=0.2198
    OK ch=1 v=0.3520
    OK ch=3 v=0.2662
    OK ch=5 v=0.2001
    OK ch=7 v=0.2207
    OK ch=1 v=0.3555
    OK ch=3 v=0.2691
    OK ch=5 v=0.1992
    OK ch=1 v=0.3505
    OK ch=3 v=0.2623
    OK ch=5 v=0.1982
    OK ch=7 v=0.2216
    OK ch=1 v=0.3139
    OK ch=3 v=0.2581
    OK ch=7 v=0.2201
    OK ch=1 v=0.3354
    OK ch=7 v=0.2186
    OK ch=1 v=0.3407
    OK ch=3 v=0.2641
    OK ch=5 v=0.1992
    OK ch=7 v=0.2161
    OK ch=1 v=0.3492
    OK ch=7 v=0.2179
    OK ch=1 v=0.3763
    OK ch=3 v=0.2680
    OK ch=5 v=0.1979
    OK ch=7 v=0.2200
    OK ch=1 v=0.3283
    OK ch=3 v=0.2646
    OK ch=5 v=0.1991
    OK ch=7 v=0.2219
    OK ch=1 v=0.3687
    OK ch=3 v=0.2723
    OK ch=5 v=0.1986
    OK ch=7 v=0.2205
    OK ch=1 v=0.3434
    OK ch=3 v=0.2652
    OK ch=5 v=0.1999
    OK ch=1 v=0.3301
    OK ch=3 v=0.2600
    OK ch=5 v=0.2004
    OK ch=7 v=0.2213
    OK ch=1 v=0.3414
    OK ch=3 v=0.2626
    OK ch=5 v=0.1968
    OK ch=7 v=0.2223
    OK ch=3 v=0.2662
    OK ch=5 v=0.1982
    OK ch=7 v=0.2205
    OK ch=1 v=0.3474
    OK ch=3 v=0.2700
    OK ch=7 v=0.2188
    OK ch=1 v=0.3387
    OK ch=3 v=0.2610
    OK ch=5 v=0.1976
    OK ch=7 v=0.2211
    OK ch=1 v=0.3681
    OK ch=3 v=0.2637
    OK ch=5 v=0.1968
    OK ch=7 v=0.2201
    OK ch=1 v=0.3407
    OK ch=3 v=0.2622
    OK ch=5 v=0.1988
    OK ch=7 v=0.2210
    OK ch=1 v=0.3635
    OK ch=3 v=0.2675
    OK ch=7 v=0.2197
    OK ch=1 v=0.3262
    OK ch=3 v=0.2618
    OK ch=7 v=0.2207
    OK ch=1 v=0.3537
    OK ch=3 v=0.2649
    OK ch=5 v=0.1981
    OK ch=7 v=0.2183
    OK ch=1 v=0.3474
    OK ch=3 v=0.2691
    OK ch=5 v=0.1970
    OK ch=7 v=0.2207
    OK ch=1 v=0.3403
    OK ch=3 v=0.2636
    OK ch=5 v=0.1995
    OK ch=7 v=0.2198
    OK ch=1 v=0.3267
    OK ch=3 v=0.2665
    OK ch=7 v=0.2209
    OK ch=1 v=0.3667
    OK ch=3 v=0.2676
    OK ch=5 v=0.1981
    OK ch=1 v=0.3371
    OK ch=3 v=0.2621
    OK ch=5 v=0.1999
    OK ch=7 v=0.2194
    OK ch=1 v=0.3295
    OK ch=3 v=0.2574
    OK ch=1 v=0.3527
    OK ch=3 v=0.2652
    OK ch=5 v=0.1994
    OK ch=1 v=0.3707
    OK ch=3 v=0.2714
    OK ch=5 v=0.2008
    OK ch=1 v=0.3563
    OK ch=3 v=0.2700
    OK ch=7 v=0.2199
    OK ch=3 v=0.2681
    OK ch=5 v=0.1997
    OK ch=1 v=0.3228
    OK ch=3 v=0.2612
    OK ch=7 v=0.2212
    OK ch=1 v=0.3336
    OK ch=3 v=0.2606
    OK ch=5 v=0.2015
    OK ch=7 v=0.2190
    OK ch=1 v=0.3472
    OK ch=3 v=0.2676
    OK ch=5 v=0.1975
    OK ch=1 v=0.3491
    OK ch=3 v=0.2598
    OK ch=1 v=0.3523
    OK ch=3 v=0.2633
    OK ch=5 v=0.2006
    OK ch=7 v=0.2183
    OK ch=1 v=0.3561
    OK ch=3 v=0.2674
    OK ch=5 v=0.1970
    OK ch=7 v=0.2199
    OK ch=1 v=0.3187
    OK ch=3 v=0.2625
    OK ch=5 v=0.1978
    OK ch=7 v=0.2227
    OK ch=1 v=0.3362
    OK ch=3 v=0.2612
    OK ch=5 v=0.1990
    OK ch=7 v=0.2211
    OK ch=1 v=0.3638
    OK ch=3 v=0.2669
    OK ch=5 v=0.1973
    OK ch=7 v=0.2205
    OK ch=1 v=0.3378
    OK ch=3 v=0.2661
    OK ch=5 v=0.2002
    OK ch=7 v=0.2179
    OK ch=1 v=0.3390
    OK ch=3 v=0.2631
    OK ch=5 v=0.1983
    OK ch=7 v=0.2194
    OK ch=1 v=0.3450
    OK ch=3 v=0.2643
    OK ch=5 v=0.1970
    OK ch=7 v=0.2211
    OK ch=1 v=0.3520
    OK ch=3 v=0.2670
    OK ch=5 v=0.1994
    OK ch=7 v=0.2177
    OK ch=1 v=0.3439
    OK ch=3 v=0.2632
    OK ch=7 v=0.2203
    OK ch=1 v=0.3545
    OK ch=3 v=0.2677
    OK ch=7 v=0.2208
    OK ch=1 v=0.3665
    OK ch=3 v=0.2739
    OK ch=5 v=0.1979
    OK ch=7 v=0.2220
    OK ch=1 v=0.3265
    OK ch=3 v=0.2581
    OK ch=5 v=0.1992
    OK ch=1 v=0.3213
    OK ch=3 v=0.2604
    OK ch=5 v=0.1980
    OK ch=1 v=0.3278
    OK ch=3 v=0.2598
    OK ch=5 v=0.1986
    OK ch=7 v=0.2195
    OK ch=1 v=0.3466
    OK ch=3 v=0.2650
    OK ch=7 v=0.2190
    OK ch=1 v=0.3502
    OK ch=3 v=0.2660
    OK ch=7 v=0.2156
    OK ch=1 v=0.3594
    OK ch=3 v=0.2671
    OK ch=5 v=0.1999
    OK ch=7 v=0.2198
    OK ch=1 v=0.3275
    OK ch=3 v=0.2607
    OK ch=5 v=0.1985
    OK ch=7 v=0.2209
    OK ch=1 v=0.3688
    OK ch=3 v=0.2692
    OK ch=7 v=0.2221
    OK ch=1 v=0.3559
    OK ch=3 v=0.2648
    OK ch=5 v=0.2005
    OK ch=1 v=0.3553
    OK ch=3 v=0.2684
    OK ch=5 v=0.2018
    OK ch=7 v=0.2200
    OK ch=1 v=0.3359
    OK ch=3 v=0.2610
    OK ch=5 v=0.2002
    OK ch=1 v=0.3418
    OK ch=3 v=0.2690
    OK ch=5 v=0.2013
    OK ch=1 v=0.3296
    OK ch=3 v=0.2588
    OK ch=5 v=0.1980
    OK ch=7 v=0.2222
    OK ch=1 v=0.3321
    OK ch=3 v=0.2597
    OK ch=5 v=0.1969
    OK ch=7 v=0.2197
    OK ch=1 v=0.3620
    OK ch=3 v=0.2734
    OK ch=5 v=0.1980
    OK ch=7 v=0.2205
    OK ch=1 v=0.3486
    OK ch=3 v=0.2680
    OK ch=5 v=0.1967
    OK ch=7 v=0.2216
    OK ch=1 v=0.3472
    OK ch=3 v=0.2646
    OK ch=5 v=0.1986
    OK ch=7 v=0.2201
    OK ch=1 v=0.3541
    OK ch=3 v=0.2615
    OK ch=5 v=0.1979
    OK ch=1 v=0.3408
    OK ch=3 v=0.2606
    OK ch=7 v=0.2221
    OK ch=1 v=0.3490
    OK ch=3 v=0.2615
    OK ch=7 v=0.2209
    OK ch=1 v=0.3295
    OK ch=3 v=0.2626
    OK ch=5 v=0.1996
    OK ch=7 v=0.2180
    OK ch=1 v=0.3452
    OK ch=3 v=0.2661
    OK ch=5 v=0.1979
    OK ch=7 v=0.2191
    OK ch=1 v=0.3341
    OK ch=3 v=0.2652
    OK ch=5 v=0.1987
    OK ch=7 v=0.2185
    OK ch=1 v=0.3513
    OK ch=3 v=0.2672
    OK ch=7 v=0.2213
    OK ch=1 v=0.3434
    OK ch=3 v=0.2609
    OK ch=5 v=0.1958
    OK ch=7 v=0.2191
    OK ch=1 v=0.3583
    OK ch=3 v=0.2724
    OK ch=5 v=0.1996
    OK ch=7 v=0.2213
    OK ch=1 v=0.3342
    OK ch=3 v=0.2636
    OK ch=5 v=0.2013
    OK ch=7 v=0.2201
    OK ch=1 v=0.3507
    OK ch=3 v=0.2703
    OK ch=5 v=0.1994
    OK ch=7 v=0.2210
    OK ch=1 v=0.3458
    OK ch=3 v=0.2635
    OK ch=5 v=0.2000
    OK ch=7 v=0.2139
    OK ch=1 v=0.3398
    OK ch=3 v=0.2590
    OK ch=5 v=0.2008
    OK ch=7 v=0.2195
    OK ch=1 v=0.3348
    OK ch=3 v=0.2625
    OK ch=7 v=0.2209
    OK ch=1 v=0.3403
    OK ch=7 v=0.2163
    OK ch=1 v=0.3357
    OK ch=3 v=0.2630
    OK ch=5 v=0.1988
    OK ch=7 v=0.2228
    OK ch=1 v=0.3597
    OK ch=3 v=0.2662
    OK ch=5 v=0.1999
    OK ch=7 v=0.2197
    OK ch=1 v=0.3390
    OK ch=3 v=0.2628
    OK ch=7 v=0.2206
    OK ch=3 v=0.2675
    OK ch=5 v=0.1990
    OK ch=7 v=0.2195
    OK ch=1 v=0.3507
    OK ch=3 v=0.2666
    OK ch=5 v=0.1999
    OK ch=7 v=0.2207
    OK ch=1 v=0.3625
    OK ch=3 v=0.2611
    OK ch=5 v=0.1983
    OK ch=7 v=0.2197
    OK ch=1 v=0.3590
    OK ch=3 v=0.2673
    OK ch=5 v=0.1976
    OK ch=7 v=0.2221
    OK ch=1 v=0.3329
    OK ch=3 v=0.2641
    OK ch=5 v=0.1986
    OK ch=1 v=0.3256
    OK ch=3 v=0.2625
    OK ch=7 v=0.2212
    OK ch=1 v=0.3343
    OK ch=3 v=0.2616
    OK ch=5 v=0.1978
    OK ch=1 v=0.3372
    OK ch=7 v=0.2192
    OK ch=1 v=0.3538
    OK ch=3 v=0.2689
    OK ch=5 v=0.1964
    OK ch=7 v=0.2214
    OK ch=1 v=0.3380
    OK ch=3 v=0.2620
    OK ch=5 v=0.1953
    OK ch=7 v=0.2204
    OK ch=1 v=0.3681
    OK ch=3 v=0.2711
    OK ch=5 v=0.1967
    OK ch=7 v=0.2213
    OK ch=1 v=0.3491
    OK ch=3 v=0.2705
    OK ch=5 v=0.1974
    OK ch=1 v=0.3597
    OK ch=3 v=0.2699
    OK ch=5 v=0.1981
    OK ch=7 v=0.2218
    OK ch=1 v=0.3461
    OK ch=3 v=0.2653
    OK ch=1 v=0.3350
    OK ch=3 v=0.2619
    OK ch=5 v=0.1971
[  135.6s] DAMPING     ch0:LOCK g=-0.0300 bp=+0.012V ratio=0.04  ch1:LOCK g=-0.0300 bp=+0.007V ratio=0.03  ch2:LOCK g=+0.0100 bp=+0.026V ratio=0.02  ch3:LOCK g=-0.0300 bp=+0.009V ratio=0.03
    OK ch=1 v=0.3188
    OK ch=3 v=0.2576
    OK ch=5 v=0.2006
    OK ch=7 v=0.2206
    OK ch=1 v=0.3300
    OK ch=7 v=0.2176
    OK ch=1 v=0.3441
    OK ch=3 v=0.2614
    OK ch=5 v=0.1979
    OK ch=7 v=0.2186
    OK ch=1 v=0.3630
    OK ch=3 v=0.2711
    OK ch=5 v=0.1962
    OK ch=7 v=0.2206
    OK ch=1 v=0.3439
    OK ch=3 v=0.2660
    OK ch=5 v=0.1995
    OK ch=1 v=0.3406
    OK ch=3 v=0.2682
    OK ch=7 v=0.2194
    OK ch=1 v=0.3460
    OK ch=3 v=0.2616
    OK ch=5 v=0.2028
    OK ch=7 v=0.2180
    OK ch=1 v=0.3539
    OK ch=3 v=0.2693
    OK ch=5 v=0.2011
    OK ch=1 v=0.3373
    OK ch=3 v=0.2658
    OK ch=5 v=0.2019
    OK ch=7 v=0.2202
    OK ch=1 v=0.3475
    OK ch=3 v=0.2632
    OK ch=5 v=0.2000
    OK ch=7 v=0.2195
    OK ch=1 v=0.3415
    OK ch=3 v=0.2574
    OK ch=5 v=0.2009
    OK ch=1 v=0.3164
    OK ch=3 v=0.2585
    OK ch=5 v=0.2001
    OK ch=1 v=0.3539
    OK ch=3 v=0.2702
    OK ch=5 v=0.1987
    OK ch=7 v=0.2212
    OK ch=1 v=0.3585
    OK ch=3 v=0.2676
    OK ch=5 v=0.2001
    OK ch=7 v=0.2200
    OK ch=1 v=0.3535
    OK ch=3 v=0.2649
    OK ch=5 v=0.1985
    OK ch=1 v=0.3321
    OK ch=3 v=0.2643
    OK ch=5 v=0.1995
    OK ch=7 v=0.2187
    OK ch=1 v=0.3418
    OK ch=5 v=0.1981
    OK ch=1 v=0.3349
    OK ch=3 v=0.2620
    OK ch=7 v=0.2193
    OK ch=1 v=0.3372
    OK ch=7 v=0.2209
    OK ch=1 v=0.3430
    OK ch=3 v=0.2662
    OK ch=1 v=0.3633
    OK ch=3 v=0.2685
    OK ch=5 v=0.1973
    OK ch=7 v=0.2222
    OK ch=1 v=0.3426
    OK ch=3 v=0.2621
    OK ch=5 v=0.1965
    OK ch=7 v=0.2207
    OK ch=1 v=0.3412
    OK ch=3 v=0.2689
    OK ch=5 v=0.1987
    OK ch=1 v=0.3349
    OK ch=3 v=0.2643
    OK ch=7 v=0.2201
    OK ch=1 v=0.3423
    OK ch=3 v=0.2584
    OK ch=5 v=0.1961
    OK ch=1 v=0.3490
    OK ch=3 v=0.2647
    OK ch=1 v=0.3546
    OK ch=3 v=0.2663
    OK ch=7 v=0.2189
    OK ch=1 v=0.3575
    OK ch=3 v=0.2699
    OK ch=5 v=0.1969
    OK ch=7 v=0.2225
    OK ch=1 v=0.3269
    OK ch=3 v=0.2607
    OK ch=5 v=0.2000
    OK ch=7 v=0.2201
    OK ch=1 v=0.3825
    OK ch=3 v=0.2709
    OK ch=5 v=0.1977
    OK ch=7 v=0.2208
    OK ch=1 v=0.3512
    OK ch=3 v=0.2659
    OK ch=5 v=0.1991
    OK ch=7 v=0.2195
    OK ch=1 v=0.3309
    OK ch=3 v=0.2586
    OK ch=5 v=0.1999
    OK ch=7 v=0.2206
    OK ch=1 v=0.3341
    OK ch=3 v=0.2617
    OK ch=5 v=0.1990
    OK ch=7 v=0.2218
    OK ch=3 v=0.2646
    OK ch=7 v=0.2225
    OK ch=3 v=0.2605
    OK ch=7 v=0.2198
    OK ch=1 v=0.3453
    OK ch=3 v=0.2635
    OK ch=5 v=0.2001
    OK ch=7 v=0.2177
    OK ch=1 v=0.3788
    OK ch=3 v=0.2732
    OK ch=7 v=0.2189
    OK ch=1 v=0.3603
    OK ch=3 v=0.2680
    OK ch=5 v=0.2006
    OK ch=7 v=0.2194
    OK ch=1 v=0.3147
    OK ch=3 v=0.2561
    OK ch=5 v=0.2000
    OK ch=7 v=0.2186
    OK ch=1 v=0.3368
    OK ch=3 v=0.2628
    OK ch=1 v=0.3450
    OK ch=3 v=0.2633
    OK ch=7 v=0.2205
    OK ch=1 v=0.3481
    OK ch=3 v=0.2700
    OK ch=7 v=0.2198
    OK ch=1 v=0.3598
    OK ch=5 v=0.1980
    OK ch=7 v=0.2209
    OK ch=1 v=0.3422
    OK ch=3 v=0.2670
    OK ch=1 v=0.3436
    OK ch=3 v=0.2658
    OK ch=1 v=0.3455
    OK ch=3 v=0.2616
    OK ch=1 v=0.3471
    OK ch=3 v=0.2642
    OK ch=1 v=0.3415
    OK ch=3 v=0.2617
    OK ch=5 v=0.1994
    OK ch=7 v=0.2192
    OK ch=1 v=0.3487
    OK ch=3 v=0.2675
    OK ch=1 v=0.3587
    OK ch=3 v=0.2657
    OK ch=1 v=0.3474
    OK ch=3 v=0.2601
    OK ch=5 v=0.1969
    OK ch=7 v=0.2207
    OK ch=1 v=0.3355
    OK ch=3 v=0.2668
    OK ch=5 v=0.1975
    OK ch=1 v=0.3405
    OK ch=3 v=0.2626
    OK ch=5 v=0.1987
    OK ch=7 v=0.2196
    OK ch=1 v=0.3318
    OK ch=5 v=0.1979
    OK ch=7 v=0.2206
    OK ch=1 v=0.3471
    OK ch=3 v=0.2641
    OK ch=7 v=0.2195
    OK ch=1 v=0.3351
    OK ch=3 v=0.2635
    OK ch=5 v=0.1997
    OK ch=7 v=0.2182
    OK ch=1 v=0.3375
    OK ch=3 v=0.2673
    OK ch=5 v=0.1992
    OK ch=7 v=0.2209
    OK ch=1 v=0.3759
    OK ch=3 v=0.2659
    OK ch=7 v=0.2188
    OK ch=1 v=0.3772
    OK ch=3 v=0.2712
    OK ch=1 v=0.3578
    OK ch=3 v=0.2653
    OK ch=7 v=0.2203
    OK ch=1 v=0.3285
    OK ch=3 v=0.2618
    OK ch=5 v=0.2012
    OK ch=7 v=0.2208
    OK ch=1 v=0.3441
    OK ch=3 v=0.2632
    OK ch=1 v=0.3431
    OK ch=3 v=0.2684
    OK ch=5 v=0.1985
    OK ch=1 v=0.3489
    OK ch=3 v=0.2655
    OK ch=7 v=0.2228
    OK ch=3 v=0.2669
    OK ch=5 v=0.1990
    OK ch=7 v=0.2203
    OK ch=1 v=0.3189
    OK ch=3 v=0.2581
    OK ch=5 v=0.2004
    OK ch=7 v=0.2219
    OK ch=1 v=0.3474
    OK ch=3 v=0.2676
    OK ch=5 v=0.1988
    OK ch=7 v=0.2205
    OK ch=1 v=0.3565
    OK ch=3 v=0.2636
    OK ch=5 v=0.1978
    OK ch=7 v=0.2165
    OK ch=1 v=0.3318
    OK ch=3 v=0.2609
    OK ch=5 v=0.1987
    OK ch=7 v=0.2194
    OK ch=1 v=0.3471
    OK ch=5 v=0.1995
    OK ch=7 v=0.2214
    OK ch=1 v=0.3492
    OK ch=3 v=0.2655
    OK ch=1 v=0.3359
    OK ch=3 v=0.2583
    OK ch=7 v=0.2188
    OK ch=1 v=0.3254
    OK ch=3 v=0.2589
    OK ch=5 v=0.1978
    OK ch=7 v=0.2183
    OK ch=1 v=0.3432
    OK ch=3 v=0.2661
    OK ch=7 v=0.2200
    OK ch=1 v=0.3282
    OK ch=3 v=0.2684
    OK ch=5 v=0.1955
    OK ch=7 v=0.2228
    OK ch=1 v=0.3546
    OK ch=3 v=0.2735
    OK ch=5 v=0.1964
    OK ch=1 v=0.3693
    OK ch=3 v=0.2696
    OK ch=1 v=0.3588
    OK ch=3 v=0.2617
    OK ch=7 v=0.2212
    OK ch=1 v=0.3577
    OK ch=5 v=0.1973
    OK ch=7 v=0.2202
    OK ch=1 v=0.3529
    OK ch=3 v=0.2642
    OK ch=5 v=0.1987
    OK ch=1 v=0.3454
    OK ch=3 v=0.2659
    OK ch=7 v=0.2186
    OK ch=1 v=0.3131
    OK ch=3 v=0.2611
    OK ch=7 v=0.2199
    OK ch=1 v=0.3530
    OK ch=3 v=0.2706
    OK ch=5 v=0.2002
    OK ch=7 v=0.2190
    OK ch=1 v=0.3476
    OK ch=3 v=0.2613
    OK ch=5 v=0.1993
    OK ch=1 v=0.3612
    OK ch=3 v=0.2641
    OK ch=7 v=0.2207
    OK ch=1 v=0.3354
    OK ch=3 v=0.2625
    OK ch=5 v=0.2014
    OK ch=7 v=0.2185
    OK ch=1 v=0.3558
    OK ch=3 v=0.2711
    OK ch=5 v=0.2002
    OK ch=1 v=0.3420
    OK ch=3 v=0.2661
    OK ch=7 v=0.2227
    OK ch=1 v=0.3522
    OK ch=3 v=0.2667
    OK ch=5 v=0.1995
    OK ch=7 v=0.2194
    OK ch=1 v=0.3191
    OK ch=3 v=0.2590
    OK ch=5 v=0.2015
    OK ch=7 v=0.2201
    OK ch=1 v=0.3408
    OK ch=3 v=0.2642
    OK ch=5 v=0.1987
    OK ch=1 v=0.3320
    OK ch=3 v=0.2606
    OK ch=5 v=0.2001
    OK ch=1 v=0.3339
    OK ch=3 v=0.2621
    OK ch=7 v=0.2190
    OK ch=1 v=0.3394
    OK ch=3 v=0.2633
    OK ch=5 v=0.1980
    OK ch=1 v=0.3371
    OK ch=3 v=0.2642
    OK ch=5 v=0.1998
    OK ch=1 v=0.3385
    OK ch=3 v=0.2634
    OK ch=1 v=0.3873
    OK ch=3 v=0.2720
    OK ch=5 v=0.1988
    OK ch=1 v=0.3575
    OK ch=3 v=0.2679
    OK ch=5 v=0.1998
    OK ch=7 v=0.2205
    OK ch=1 v=0.3247
    OK ch=3 v=0.2634
    OK ch=5 v=0.1990
    OK ch=7 v=0.2197
    OK ch=1 v=0.3426
    OK ch=3 v=0.2665
    OK ch=5 v=0.1975
    OK ch=1 v=0.3540
    OK ch=3 v=0.2653
    OK ch=7 v=0.2212
    OK ch=1 v=0.3590
    OK ch=3 v=0.2648
    OK ch=7 v=0.2224
    OK ch=1 v=0.3369
    OK ch=3 v=0.2550
    OK ch=5 v=0.1982
    OK ch=1 v=0.3472
    OK ch=3 v=0.2676
    OK ch=7 v=0.2202
    OK ch=1 v=0.3514
    OK ch=5 v=0.1964
    OK ch=1 v=0.3419
    OK ch=3 v=0.2657
    OK ch=5 v=0.1972
    OK ch=7 v=0.2208
    OK ch=1 v=0.3510
    OK ch=3 v=0.2636
    OK ch=1 v=0.3574
    OK ch=3 v=0.2692
    OK ch=5 v=0.1988
    OK ch=1 v=0.3526
    OK ch=3 v=0.2665
    OK ch=5 v=0.1980
    OK ch=7 v=0.2193
    OK ch=1 v=0.3436
    OK ch=3 v=0.2639
    OK ch=5 v=0.1989
    OK ch=7 v=0.2204
    OK ch=1 v=0.3387
    OK ch=3 v=0.2592
    OK ch=1 v=0.3520
    OK ch=3 v=0.2655
    OK ch=5 v=0.1978
    OK ch=7 v=0.2192
    OK ch=1 v=0.3351
    OK ch=3 v=0.2662
    OK ch=5 v=0.1997
    OK ch=1 v=0.3362
    OK ch=3 v=0.2671
    OK ch=5 v=0.2004
    OK ch=7 v=0.2206
    OK ch=1 v=0.3445
    OK ch=3 v=0.2664
    OK ch=5 v=0.1986
    OK ch=7 v=0.2219
    OK ch=1 v=0.3289
    OK ch=3 v=0.2633
    OK ch=1 v=0.3660
    OK ch=3 v=0.2676
    OK ch=7 v=0.2200
    OK ch=1 v=0.3581
    OK ch=3 v=0.2648
    OK ch=5 v=0.1991
    OK ch=7 v=0.2206
    OK ch=5 v=0.1998
    OK ch=7 v=0.2182
    OK ch=1 v=0.3456
    OK ch=3 v=0.2617
    OK ch=7 v=0.2192
    OK ch=1 v=0.3378
    OK ch=3 v=0.2587
    OK ch=5 v=0.2006
    OK ch=7 v=0.2199
    OK ch=1 v=0.3232
    OK ch=3 v=0.2614
    OK ch=5 v=0.1988
    OK ch=7 v=0.2213
    OK ch=1 v=0.3424
    OK ch=3 v=0.2644
    OK ch=7 v=0.2188
    OK ch=1 v=0.3734
    OK ch=3 v=0.2711
    OK ch=7 v=0.2199
    OK ch=1 v=0.3281
    OK ch=3 v=0.2625
    OK ch=7 v=0.2179
    OK ch=1 v=0.3499
    OK ch=3 v=0.2659
    OK ch=5 v=0.1996
    OK ch=1 v=0.3393
    OK ch=3 v=0.2652
    OK ch=5 v=0.1981
    OK ch=7 v=0.2200
    OK ch=1 v=0.3669
    OK ch=3 v=0.2707
    OK ch=5 v=0.1987
    OK ch=7 v=0.2229
    OK ch=1 v=0.3485
    OK ch=3 v=0.2670
    OK ch=1 v=0.3384
    OK ch=3 v=0.2623
    OK ch=7 v=0.2195
    OK ch=1 v=0.3246
    OK ch=3 v=0.2612
    OK ch=1 v=0.3443
    OK ch=3 v=0.2640
    OK ch=7 v=0.2211
    OK ch=1 v=0.3561
    OK ch=3 v=0.2687
    OK ch=5 v=0.2003
    OK ch=1 v=0.3317
    OK ch=3 v=0.2661
    OK ch=5 v=0.1981
    OK ch=7 v=0.2197
    OK ch=1 v=0.3634
    OK ch=7 v=0.2183
    OK ch=3 v=0.2704
    OK ch=5 v=0.1974
    OK ch=1 v=0.3540
    OK ch=3 v=0.2649
    OK ch=7 v=0.2199
    OK ch=1 v=0.3343
    OK ch=3 v=0.2638
    OK ch=5 v=0.1984
    OK ch=7 v=0.2206
[  140.6s] DAMPING     ch0:LOCK g=-0.0300 bp=+0.016V ratio=0.04  ch1:LOCK g=-0.0300 bp=+0.011V ratio=0.03  ch2:LOCK g=+0.0100 bp=+0.002V ratio=0.01  ch3:LOCK g=-0.0300 bp=-0.000V ratio=0.01
    OK ch=1 v=0.3375
    OK ch=3 v=0.2648
    OK ch=5 v=0.2002
    OK ch=7 v=0.2194
    OK ch=1 v=0.3303
    OK ch=3 v=0.2602
    OK ch=5 v=0.1987
    OK ch=7 v=0.2184
    OK ch=1 v=0.3472
    OK ch=3 v=0.2586
    OK ch=7 v=0.2200
    OK ch=1 v=0.3368
    OK ch=3 v=0.2601
    OK ch=5 v=0.1998
    OK ch=1 v=0.3390
    OK ch=3 v=0.2654
    OK ch=5 v=0.1990
    OK ch=1 v=0.3462
    OK ch=3 v=0.2643
    OK ch=7 v=0.2181
    OK ch=1 v=0.3648
    OK ch=3 v=0.2715
    OK ch=7 v=0.2204
    OK ch=1 v=0.3605
    OK ch=3 v=0.2667
    OK ch=7 v=0.2222
    OK ch=1 v=0.3382
    OK ch=3 v=0.2601
    OK ch=1 v=0.3326
    OK ch=3 v=0.2653
    OK ch=7 v=0.2205
    OK ch=1 v=0.3244
    OK ch=3 v=0.2645
    OK ch=7 v=0.2199
    OK ch=1 v=0.3452
    OK ch=5 v=0.1982
    OK ch=7 v=0.2209
    OK ch=1 v=0.3587
    OK ch=5 v=0.1989
    OK ch=7 v=0.2197
    OK ch=1 v=0.3483
    OK ch=3 v=0.2634
    OK ch=7 v=0.2184
    OK ch=1 v=0.3247
    OK ch=3 v=0.2601
    OK ch=7 v=0.2198
    OK ch=1 v=0.3333
    OK ch=3 v=0.2586
    OK ch=7 v=0.2214
    OK ch=1 v=0.3500
    OK ch=3 v=0.2675
    OK ch=5 v=0.1995
    OK ch=1 v=0.3695
    OK ch=3 v=0.2665
    OK ch=5 v=0.1988
    OK ch=1 v=0.3243
    OK ch=3 v=0.2622
    OK ch=5 v=0.1966
    OK ch=7 v=0.2206
    OK ch=1 v=0.3529
    OK ch=3 v=0.2704
    OK ch=7 v=0.2215
    OK ch=1 v=0.3537
    OK ch=3 v=0.2691
    OK ch=5 v=0.1979
    OK ch=7 v=0.2200
    OK ch=1 v=0.3681
    OK ch=7 v=0.2208
    OK ch=1 v=0.3470
    OK ch=3 v=0.2650
    OK ch=5 v=0.1991
    OK ch=1 v=0.3745
    OK ch=3 v=0.2668
    OK ch=5 v=0.1983
    OK ch=1 v=0.3297
    OK ch=3 v=0.2581
    OK ch=7 v=0.2203
    OK ch=1 v=0.3351
    OK ch=3 v=0.2663
    OK ch=5 v=0.1993
    OK ch=7 v=0.2189
    OK ch=1 v=0.3452
    OK ch=3 v=0.2628
    OK ch=7 v=0.2202
    OK ch=1 v=0.3382
    OK ch=3 v=0.2699
    OK ch=5 v=0.1978
    OK ch=1 v=0.3336
    OK ch=3 v=0.2592
    OK ch=7 v=0.2191
    OK ch=1 v=0.3358
    OK ch=3 v=0.2583
    OK ch=7 v=0.2179
    OK ch=1 v=0.3499
    OK ch=3 v=0.2672
    OK ch=5 v=0.1998
    OK ch=1 v=0.3352
    OK ch=3 v=0.2651
    OK ch=7 v=0.2190
    OK ch=1 v=0.3634
    OK ch=3 v=0.2728
    OK ch=5 v=0.1988
    OK ch=7 v=0.2195
    OK ch=1 v=0.3388
    OK ch=3 v=0.2658
    OK ch=7 v=0.2211
    OK ch=1 v=0.3585
    OK ch=3 v=0.2652
    OK ch=5 v=0.2017
    OK ch=7 v=0.2188
    OK ch=1 v=0.3282
    OK ch=3 v=0.2659
    OK ch=5 v=0.2010
    OK ch=7 v=0.2199
    OK ch=1 v=0.3425
    OK ch=3 v=0.2620
    OK ch=5 v=0.1999
    OK ch=1 v=0.3449
    OK ch=3 v=0.2631
    OK ch=5 v=0.1992
    OK ch=7 v=0.2215
    OK ch=1 v=0.3294
    OK ch=3 v=0.2615
    OK ch=7 v=0.2191
    OK ch=1 v=0.3488
    OK ch=3 v=0.2633
    OK ch=5 v=0.2006
    OK ch=1 v=0.3614
    OK ch=3 v=0.2690
    OK ch=7 v=0.2204
    OK ch=1 v=0.3723
    OK ch=3 v=0.2704
    OK ch=5 v=0.1991
    OK ch=1 v=0.3590
    OK ch=3 v=0.2656
    OK ch=7 v=0.2219
    OK ch=1 v=0.3333
    OK ch=3 v=0.2616
    OK ch=7 v=0.2241
    OK ch=1 v=0.3582
    OK ch=3 v=0.2637
    OK ch=5 v=0.1972
    OK ch=7 v=0.2200
    OK ch=1 v=0.3417
    OK ch=3 v=0.2588
    OK ch=5 v=0.1986
    OK ch=7 v=0.2189
    OK ch=1 v=0.3173
    OK ch=3 v=0.2647
    OK ch=1 v=0.3454
    OK ch=3 v=0.2658
    OK ch=5 v=0.1978
    OK ch=7 v=0.2205
    OK ch=1 v=0.3361
    OK ch=3 v=0.2647
    OK ch=7 v=0.2197
    OK ch=1 v=0.3326
    OK ch=3 v=0.2598
    OK ch=7 v=0.2185
    OK ch=1 v=0.3563
    OK ch=3 v=0.2639
    OK ch=5 v=0.1989
    OK ch=1 v=0.3428
    OK ch=3 v=0.2663
    OK ch=5 v=0.1959
    OK ch=7 v=0.2217
    OK ch=1 v=0.3618
    OK ch=3 v=0.2675
    OK ch=1 v=0.3535
    OK ch=3 v=0.2648
    OK ch=5 v=0.1975
    OK ch=7 v=0.2226
    OK ch=1 v=0.3313
    OK ch=3 v=0.2639
    OK ch=5 v=0.1986
    OK ch=7 v=0.2220
    OK ch=1 v=0.3367
    OK ch=3 v=0.2582
    OK ch=5 v=0.1997
    OK ch=1 v=0.3629
    OK ch=3 v=0.2674
    OK ch=5 v=0.1984
    OK ch=7 v=0.2192
    OK ch=1 v=0.3480
    OK ch=3 v=0.2654
    OK ch=7 v=0.2187
    OK ch=1 v=0.3430
    OK ch=3 v=0.2721
    OK ch=5 v=0.1992
    OK ch=1 v=0.3470
    OK ch=3 v=0.2729
    OK ch=5 v=0.1986
    OK ch=7 v=0.2193
    OK ch=1 v=0.3241
    OK ch=3 v=0.2607
    OK ch=5 v=0.1998
    OK ch=7 v=0.2185
    OK ch=1 v=0.3268
    OK ch=3 v=0.2587
    OK ch=7 v=0.2202
    OK ch=1 v=0.3628
    OK ch=3 v=0.2660
    OK ch=5 v=0.2004
    OK ch=7 v=0.2181
    OK ch=1 v=0.3635
    OK ch=3 v=0.2697
    OK ch=5 v=0.1985
    OK ch=7 v=0.2207
    OK ch=1 v=0.3452
    OK ch=3 v=0.2616
    OK ch=5 v=0.2000
    OK ch=7 v=0.2199
    OK ch=1 v=0.3558
    OK ch=3 v=0.2659
    OK ch=5 v=0.2010
    OK ch=1 v=0.3498
    OK ch=3 v=0.2688
    OK ch=5 v=0.2003
    OK ch=7 v=0.2212
    OK ch=1 v=0.3485
    OK ch=3 v=0.2668
    OK ch=5 v=0.1994
    OK ch=7 v=0.2200
    OK ch=1 v=0.3522
    OK ch=7 v=0.2187
    OK ch=1 v=0.3346
    OK ch=3 v=0.2614
    OK ch=7 v=0.2235
    OK ch=1 v=0.3167
    OK ch=3 v=0.2592
    OK ch=7 v=0.2206
    OK ch=1 v=0.3210
    OK ch=3 v=0.2625
    OK ch=5 v=0.1973
    OK ch=1 v=0.3531
    OK ch=3 v=0.2652
    OK ch=1 v=0.3537
    OK ch=3 v=0.2646
    OK ch=5 v=0.1988
    OK ch=7 v=0.2218
    OK ch=1 v=0.3658
    OK ch=5 v=0.1981
    OK ch=7 v=0.2203
    OK ch=1 v=0.3378
    OK ch=3 v=0.2681
    OK ch=5 v=0.1969
    OK ch=1 v=0.3356
    OK ch=3 v=0.2691
    OK ch=5 v=0.1981
    OK ch=1 v=0.3567
    OK ch=3 v=0.2657
    OK ch=5 v=0.1960
    OK ch=7 v=0.2187
    OK ch=1 v=0.3413
    OK ch=3 v=0.2597
    OK ch=5 v=0.1975
    OK ch=1 v=0.3658
    OK ch=3 v=0.2660
    OK ch=5 v=0.1983
    OK ch=7 v=0.2194
    OK ch=1 v=0.3287
    OK ch=3 v=0.2623
    OK ch=1 v=0.3308
    OK ch=5 v=0.1991
    OK ch=7 v=0.2211
    OK ch=1 v=0.3354
    OK ch=3 v=0.2664
    OK ch=7 v=0.2225
    OK ch=1 v=0.3361
    OK ch=3 v=0.2670
    OK ch=7 v=0.2210
    OK ch=1 v=0.3295
    OK ch=3 v=0.2593
    OK ch=7 v=0.2204
    OK ch=1 v=0.3397
    OK ch=3 v=0.2637
    OK ch=5 v=0.2004
    OK ch=1 v=0.3540
    OK ch=5 v=0.1988
    OK ch=7 v=0.2176
    OK ch=1 v=0.3640
    OK ch=3 v=0.2702
    OK ch=5 v=0.1998
    OK ch=1 v=0.3437
    OK ch=3 v=0.2632
    OK ch=5 v=0.1983
    OK ch=7 v=0.2196
    OK ch=1 v=0.3566
    OK ch=3 v=0.2701
    OK ch=5 v=0.1994
    OK ch=7 v=0.2203
    OK ch=1 v=0.3420
    OK ch=3 v=0.2624
    OK ch=5 v=0.2012
    OK ch=1 v=0.3555
    OK ch=7 v=0.2180
    OK ch=1 v=0.3234
    OK ch=3 v=0.2573
    OK ch=7 v=0.2203
    OK ch=1 v=0.3426
    OK ch=3 v=0.2696
    OK ch=5 v=0.1997
    OK ch=7 v=0.2223
    OK ch=1 v=0.3648
    OK ch=3 v=0.2659
    OK ch=7 v=0.2196
    OK ch=1 v=0.3565
    OK ch=3 v=0.2637
    OK ch=5 v=0.1991
    OK ch=1 v=0.3482
    OK ch=3 v=0.2658
    OK ch=5 v=0.1981
    OK ch=7 v=0.2208
    OK ch=1 v=0.3239
    OK ch=3 v=0.2601
    OK ch=5 v=0.1988
    OK ch=1 v=0.3340
    OK ch=3 v=0.2581
    OK ch=5 v=0.1976
    OK ch=1 v=0.3359
    OK ch=3 v=0.2632
    OK ch=5 v=0.1964
    OK ch=1 v=0.3511
    OK ch=3 v=0.2698
    OK ch=5 v=0.1956
    OK ch=1 v=0.3631
    OK ch=3 v=0.2679
    OK ch=5 v=0.1978
    OK ch=7 v=0.2214
    OK ch=1 v=0.3491
    OK ch=3 v=0.2628
    OK ch=5 v=0.1963
    OK ch=7 v=0.2200
    OK ch=1 v=0.3181
    OK ch=3 v=0.2638
    OK ch=5 v=0.1973
    OK ch=7 v=0.2210
    OK ch=1 v=0.3409
    OK ch=3 v=0.2644
    OK ch=7 v=0.2219
    OK ch=1 v=0.3275
    OK ch=3 v=0.2598
    OK ch=5 v=0.1982
    OK ch=7 v=0.2204
    OK ch=1 v=0.3880
    OK ch=3 v=0.2734
    OK ch=5 v=0.1975
    OK ch=7 v=0.2198
    OK ch=1 v=0.3460
    OK ch=3 v=0.2714
    OK ch=5 v=0.1993
    OK ch=1 v=0.3295
    OK ch=3 v=0.2629
    OK ch=7 v=0.2210
    OK ch=1 v=0.3372
    OK ch=3 v=0.2589
    OK ch=5 v=0.2001
    OK ch=7 v=0.2198
    OK ch=1 v=0.3303
    OK ch=3 v=0.2612
    OK ch=1 v=0.3627
    OK ch=3 v=0.2658
    OK ch=5 v=0.1982
    OK ch=1 v=0.3724
    OK ch=3 v=0.2743
    OK ch=5 v=0.1992
    OK ch=7 v=0.2186
    OK ch=1 v=0.3658
    OK ch=3 v=0.2711
    OK ch=5 v=0.2022
    OK ch=1 v=0.3650
    OK ch=3 v=0.2672
    OK ch=7 v=0.2218
    OK ch=1 v=0.3197
    OK ch=3 v=0.2569
    OK ch=5 v=0.2015
    OK ch=7 v=0.2196
    OK ch=1 v=0.3049
    OK ch=3 v=0.2502
    OK ch=7 v=0.2204
    OK ch=1 v=0.3408
    OK ch=3 v=0.2602
    OK ch=5 v=0.1990
    OK ch=1 v=0.3634
    OK ch=3 v=0.2702
    OK ch=7 v=0.2168
    OK ch=1 v=0.3428
    OK ch=3 v=0.2630
    OK ch=5 v=0.2000
    OK ch=7 v=0.2204
    OK ch=1 v=0.3328
    OK ch=3 v=0.2690
    OK ch=5 v=0.1984
    OK ch=1 v=0.3481
    OK ch=3 v=0.2676
    OK ch=5 v=0.1994
    OK ch=7 v=0.2177
    OK ch=1 v=0.3562
    OK ch=3 v=0.2628
    OK ch=5 v=0.1981
    OK ch=7 v=0.2194
    OK ch=3 v=0.2649
    OK ch=5 v=0.1975
    OK ch=7 v=0.2212
    OK ch=1 v=0.3574
    OK ch=3 v=0.2665
    OK ch=7 v=0.2225
    OK ch=1 v=0.3301
    OK ch=3 v=0.2676
    OK ch=5 v=0.1990
    OK ch=7 v=0.2210
    OK ch=1 v=0.3179
    OK ch=3 v=0.2644
    OK ch=5 v=0.1974
    OK ch=7 v=0.2226
    OK ch=1 v=0.3570
    OK ch=3 v=0.2674
    OK ch=7 v=0.2208
    OK ch=1 v=0.3599
    OK ch=3 v=0.2623
    OK ch=5 v=0.1964
    OK ch=7 v=0.2190
    OK ch=1 v=0.3377
    OK ch=3 v=0.2631
    OK ch=7 v=0.2213
    OK ch=1 v=0.3426
    OK ch=3 v=0.2624
    OK ch=5 v=0.1982
    OK ch=7 v=0.2178
    OK ch=1 v=0.3412
    OK ch=7 v=0.2223
    OK ch=1 v=0.3690
    OK ch=3 v=0.2660
    OK ch=5 v=0.1956
    OK ch=1 v=0.3658
    OK ch=3 v=0.2695
    OK ch=5 v=0.1973
    OK ch=7 v=0.2209
[  145.6s] DAMPING     ch0:LOCK g=-0.0300 bp=+0.038V ratio=0.06  ch1:LOCK g=-0.0300 bp=+0.004V ratio=0.04  ch2:LOCK g=+0.0100 bp=+0.024V ratio=0.03  ch3:LOCK g=-0.0300 bp=+0.006V ratio=0.02
    OK ch=1 v=0.3512
    OK ch=3 v=0.2686
    OK ch=5 v=0.1985
    OK ch=7 v=0.2201
    OK ch=1 v=0.3271
    OK ch=3 v=0.2588
    OK ch=5 v=0.1996
    OK ch=7 v=0.2187
    OK ch=1 v=0.3172
    OK ch=5 v=0.2002
    OK ch=7 v=0.2177
    OK ch=1 v=0.3483
    OK ch=3 v=0.2656
    OK ch=5 v=0.1992
    OK ch=7 v=0.2194
    OK ch=1 v=0.3751
    OK ch=3 v=0.2717
    OK ch=7 v=0.2213
    OK ch=1 v=0.3563
    OK ch=3 v=0.2685
    OK ch=5 v=0.2005
    OK ch=7 v=0.2189
    OK ch=1 v=0.3541
    OK ch=3 v=0.2663
    OK ch=5 v=0.2019
    OK ch=1 v=0.3255
    OK ch=3 v=0.2593
    OK ch=5 v=0.2011
    OK ch=7 v=0.2216
    OK ch=1 v=0.3262
    OK ch=3 v=0.2652
    OK ch=7 v=0.2194
    OK ch=1 v=0.3351
    OK ch=3 v=0.2590
    OK ch=1 v=0.3219
    OK ch=3 v=0.2562
    OK ch=5 v=0.1995
    OK ch=7 v=0.2182
    OK ch=3 v=0.2597
    OK ch=1 v=0.3250
    OK ch=3 v=0.2647
    OK ch=5 v=0.1985
    OK ch=7 v=0.2198
    OK ch=1 v=0.3679
    OK ch=3 v=0.2715
    OK ch=5 v=0.1974
    OK ch=1 v=0.3753
    OK ch=5 v=0.1983
    OK ch=1 v=0.3603
    OK ch=1 v=0.3356
    OK ch=3 v=0.2640
    OK ch=7 v=0.2181
    OK ch=1 v=0.3396
    OK ch=3 v=0.2665
    OK ch=7 v=0.2212
    OK ch=1 v=0.3359
    OK ch=3 v=0.2652
    OK ch=7 v=0.2229
    OK ch=1 v=0.3338
    OK ch=3 v=0.2598
    OK ch=1 v=0.3581
    OK ch=3 v=0.2676
    OK ch=7 v=0.2208
    OK ch=1 v=0.3700
    OK ch=3 v=0.2658
    OK ch=7 v=0.2200
    OK ch=1 v=0.3552
    OK ch=3 v=0.2697
    OK ch=1 v=0.3563
    OK ch=3 v=0.2672
    OK ch=5 v=0.1974
    OK ch=7 v=0.2210
    OK ch=1 v=0.3588
    OK ch=5 v=0.1979
    OK ch=7 v=0.2199
    OK ch=1 v=0.3345
    OK ch=3 v=0.2619
    OK ch=5 v=0.1991
    OK ch=7 v=0.2221
    OK ch=1 v=0.3244
    OK ch=3 v=0.2531
    OK ch=5 v=0.1974
    OK ch=7 v=0.2196
    OK ch=1 v=0.3542
    OK ch=3 v=0.2639
    OK ch=1 v=0.3480
    OK ch=3 v=0.2613
    OK ch=5 v=0.1996
    OK ch=7 v=0.2206
    OK ch=1 v=0.3365
    OK ch=3 v=0.2665
    OK ch=5 v=0.1976
    OK ch=1 v=0.3426
    OK ch=3 v=0.2694
    OK ch=5 v=0.1984
    OK ch=1 v=0.3387
    OK ch=3 v=0.2651
    OK ch=7 v=0.2180
    OK ch=1 v=0.3292
    OK ch=3 v=0.2616
    OK ch=5 v=0.1996
    OK ch=7 v=0.2205
    OK ch=1 v=0.3236
    OK ch=3 v=0.2610
    OK ch=1 v=0.3251
    OK ch=3 v=0.2593
    OK ch=5 v=0.2025
    OK ch=7 v=0.2196
    OK ch=1 v=0.3674
    OK ch=3 v=0.2667
    OK ch=5 v=0.2001
    OK ch=1 v=0.3456
    OK ch=3 v=0.2676
    OK ch=5 v=0.1984
    OK ch=7 v=0.2207
    OK ch=1 v=0.3362
    OK ch=3 v=0.2692
    OK ch=5 v=0.1994
    OK ch=7 v=0.2197
    OK ch=1 v=0.3346
    OK ch=3 v=0.2632
    OK ch=5 v=0.2011
    OK ch=7 v=0.2208
    OK ch=1 v=0.3321
    OK ch=3 v=0.2615
    OK ch=5 v=0.1997
    OK ch=7 v=0.2185
    OK ch=1 v=0.3593
    OK ch=3 v=0.2635
    OK ch=5 v=0.1990
    OK ch=7 v=0.2198
    OK ch=1 v=0.3726
    OK ch=3 v=0.2691
    OK ch=1 v=0.3633
    OK ch=3 v=0.2682
    OK ch=5 v=0.2005
    OK ch=1 v=0.3509
    OK ch=3 v=0.2632
    OK ch=1 v=0.3581
    OK ch=3 v=0.2670
    OK ch=5 v=0.2012
    OK ch=7 v=0.2191
    OK ch=1 v=0.3367
    OK ch=3 v=0.2650
    OK ch=5 v=0.1985
    OK ch=7 v=0.2226
    OK ch=1 v=0.3549
    OK ch=3 v=0.2691
    OK ch=5 v=0.1975
    OK ch=7 v=0.2200
    OK ch=1 v=0.3380
    OK ch=3 v=0.2589
    OK ch=5 v=0.1966
    OK ch=7 v=0.2207
    OK ch=1 v=0.3463
    OK ch=3 v=0.2579
    OK ch=1 v=0.3533
    OK ch=3 v=0.2638
    OK ch=5 v=0.1960
    OK ch=1 v=0.3422
    OK ch=3 v=0.2627
    OK ch=5 v=0.1968
    OK ch=7 v=0.2191
    OK ch=1 v=0.3346
    OK ch=3 v=0.2633
    OK ch=7 v=0.2203
    OK ch=1 v=0.3371
    OK ch=3 v=0.2664
    OK ch=5 v=0.1975
    OK ch=1 v=0.3579
    OK ch=5 v=0.1970
    OK ch=1 v=0.3406
    OK ch=1 v=0.3736
    OK ch=3 v=0.2706
    OK ch=7 v=0.2213
    OK ch=1 v=0.3559
    OK ch=3 v=0.2684
    OK ch=5 v=0.1978
    OK ch=1 v=0.3611
    OK ch=3 v=0.2668
    OK ch=5 v=0.1985
    OK ch=7 v=0.2222
    OK ch=1 v=0.3233
    OK ch=3 v=0.2655
    OK ch=5 v=0.2002
    OK ch=7 v=0.2204
    OK ch=1 v=0.3326
    OK ch=7 v=0.2199
    OK ch=1 v=0.3353
    OK ch=3 v=0.2646
    OK ch=5 v=0.1996
    OK ch=7 v=0.2186
    OK ch=1 v=0.3423
    OK ch=3 v=0.2640
    OK ch=5 v=0.1985
    OK ch=7 v=0.2198
    OK ch=1 v=0.3507
    OK ch=7 v=0.2178
    OK ch=1 v=0.3441
    OK ch=3 v=0.2606
    OK ch=5 v=0.1991
    OK ch=7 v=0.2190
    OK ch=1 v=0.3644
    OK ch=3 v=0.2678
    OK ch=5 v=0.2004
    OK ch=7 v=0.2199
    OK ch=1 v=0.3227
    OK ch=3 v=0.2552
    OK ch=5 v=0.2018
    OK ch=7 v=0.2190
    OK ch=1 v=0.3607
    OK ch=3 v=0.2701
    OK ch=5 v=0.1995
    OK ch=1 v=0.3517
    OK ch=3 v=0.2679
    OK ch=5 v=0.2007
    OK ch=7 v=0.2196
    OK ch=1 v=0.3143
    OK ch=3 v=0.2604
    OK ch=5 v=0.2013
    OK ch=1 v=0.3272
    OK ch=5 v=0.2004
    OK ch=7 v=0.2213
    OK ch=1 v=0.3396
    OK ch=3 v=0.2616
    OK ch=5 v=0.1988
    OK ch=7 v=0.2190
    OK ch=1 v=0.3672
    OK ch=3 v=0.2701
    OK ch=5 v=0.1983
    OK ch=7 v=0.2200
    OK ch=1 v=0.3438
    OK ch=3 v=0.2629
    OK ch=5 v=0.2008
    OK ch=7 v=0.2192
    OK ch=1 v=0.3736
    OK ch=3 v=0.2715
    OK ch=7 v=0.2206
    OK ch=1 v=0.3275
    OK ch=3 v=0.2603
    OK ch=5 v=0.1997
    OK ch=7 v=0.2196
    OK ch=1 v=0.3555
    OK ch=3 v=0.2721
    OK ch=5 v=0.1979
    OK ch=1 v=0.3469
    OK ch=3 v=0.2650
    OK ch=5 v=0.1971
    OK ch=7 v=0.2222
    OK ch=3 v=0.2641
    OK ch=5 v=0.1989
    OK ch=7 v=0.2233
    OK ch=1 v=0.3535
    OK ch=5 v=0.1953
    OK ch=7 v=0.2214
    OK ch=1 v=0.3617
    OK ch=3 v=0.2652
    OK ch=7 v=0.2205
    OK ch=1 v=0.3525
    OK ch=3 v=0.2665
    OK ch=5 v=0.1969
    OK ch=7 v=0.2189
    OK ch=1 v=0.3176
    OK ch=3 v=0.2579
    OK ch=5 v=0.1982
    OK ch=7 v=0.2201
    OK ch=1 v=0.3275
    OK ch=3 v=0.2635
    OK ch=5 v=0.1971
    OK ch=7 v=0.2191
    OK ch=1 v=0.3474
    OK ch=3 v=0.2604
    OK ch=7 v=0.2205
    OK ch=1 v=0.3410
    OK ch=3 v=0.2635
    OK ch=5 v=0.1986
    OK ch=7 v=0.2194
    OK ch=1 v=0.3596
    OK ch=3 v=0.2729
    OK ch=7 v=0.2206
    OK ch=1 v=0.3407
    OK ch=3 v=0.2590
    OK ch=7 v=0.2195
    OK ch=1 v=0.3315
    OK ch=3 v=0.2634
    OK ch=7 v=0.2206
    OK ch=1 v=0.3463
    OK ch=3 v=0.2649
    OK ch=7 v=0.2195
    OK ch=1 v=0.3654
    OK ch=3 v=0.2712
    OK ch=5 v=0.1997
    OK ch=7 v=0.2206
    OK ch=1 v=0.3430
    OK ch=3 v=0.2611
    OK ch=5 v=0.2015
    OK ch=7 v=0.2230
    OK ch=1 v=0.3672
    OK ch=3 v=0.2675
    OK ch=5 v=0.2007
    OK ch=7 v=0.2212
    OK ch=1 v=0.3109
    OK ch=3 v=0.2595
    OK ch=7 v=0.2204
    OK ch=1 v=0.3357
    OK ch=3 v=0.2630
    OK ch=7 v=0.2189
    OK ch=1 v=0.3128
    OK ch=5 v=0.1997
    OK ch=7 v=0.2200
    OK ch=1 v=0.3468
    OK ch=3 v=0.2603
    OK ch=5 v=0.1978
    OK ch=7 v=0.2179
    OK ch=1 v=0.3518
    OK ch=3 v=0.2625
    OK ch=7 v=0.2170
    OK ch=1 v=0.3680
    OK ch=3 v=0.2697
    OK ch=5 v=0.1991
    OK ch=7 v=0.2178
    OK ch=1 v=0.3172
    OK ch=3 v=0.2604
    OK ch=5 v=0.1997
    OK ch=7 v=0.2189
    OK ch=1 v=0.3717
    OK ch=3 v=0.2709
    OK ch=5 v=0.1988
    OK ch=7 v=0.2220
    OK ch=1 v=0.3775
    OK ch=3 v=0.2717
    OK ch=7 v=0.2197
    OK ch=1 v=0.3589
    OK ch=5 v=0.1999
    OK ch=7 v=0.2182
    OK ch=1 v=0.3459
    OK ch=3 v=0.2650
    OK ch=5 v=0.2005
    OK ch=7 v=0.2221
    OK ch=1 v=0.3123
    OK ch=3 v=0.2641
    OK ch=5 v=0.1980
    OK ch=7 v=0.2211
    OK ch=1 v=0.3420
    OK ch=3 v=0.2605
    OK ch=5 v=0.1986
    OK ch=7 v=0.2195
    OK ch=1 v=0.3392
    OK ch=3 v=0.2614
    OK ch=5 v=0.1975
    OK ch=7 v=0.2218
    OK ch=3 v=0.2628
    OK ch=5 v=0.1961
    OK ch=7 v=0.2204
    OK ch=1 v=0.3672
    OK ch=3 v=0.2696
    OK ch=5 v=0.1975
    OK ch=1 v=0.3685
    OK ch=7 v=0.2212
    OK ch=1 v=0.3307
    OK ch=3 v=0.2628
    OK ch=5 v=0.1968
    OK ch=1 v=0.3347
    OK ch=3 v=0.2621
    OK ch=5 v=0.1995
    OK ch=1 v=0.3503
    OK ch=3 v=0.2685
    OK ch=5 v=0.1987
    OK ch=7 v=0.2182
    OK ch=1 v=0.3254
    OK ch=3 v=0.2582
    OK ch=7 v=0.2205
    OK ch=1 v=0.3285
    OK ch=3 v=0.2640
    OK ch=5 v=0.1981
    OK ch=1 v=0.3823
    OK ch=3 v=0.2717
    OK ch=7 v=0.2195
    OK ch=1 v=0.3683
    OK ch=3 v=0.2702
    OK ch=5 v=0.2005
    OK ch=1 v=0.3441
    OK ch=3 v=0.2632
    OK ch=5 v=0.2010
    OK ch=7 v=0.2219
    OK ch=1 v=0.3467
    OK ch=3 v=0.2678
    OK ch=7 v=0.2206
    OK ch=1 v=0.3235
    OK ch=3 v=0.2604
    OK ch=5 v=0.2020
    OK ch=7 v=0.2190
    OK ch=1 v=0.3467
    OK ch=3 v=0.2591
    OK ch=5 v=0.2007
    OK ch=7 v=0.2202
    OK ch=1 v=0.3246
    OK ch=3 v=0.2620
    OK ch=5 v=0.1996
    OK ch=7 v=0.2192
    OK ch=1 v=0.3457
    OK ch=3 v=0.2648
    OK ch=5 v=0.1983
    OK ch=1 v=0.3531
    OK ch=3 v=0.2630
    OK ch=5 v=0.1988
    OK ch=7 v=0.2185
    OK ch=1 v=0.3335
    OK ch=5 v=0.1969
    OK ch=7 v=0.2201
    OK ch=1 v=0.3248
    OK ch=3 v=0.2614
    OK ch=5 v=0.1991
    OK ch=7 v=0.2192
    OK ch=1 v=0.3409
    OK ch=3 v=0.2623
    OK ch=5 v=0.1983
    OK ch=7 v=0.2206
    OK ch=1 v=0.3705
    OK ch=3 v=0.2716
    OK ch=5 v=0.1977
    OK ch=1 v=0.3485
    OK ch=3 v=0.2691
    OK ch=5 v=0.1967
    OK ch=7 v=0.2218
    OK ch=1 v=0.3364
    OK ch=3 v=0.2622
    OK ch=5 v=0.1987
    OK ch=1 v=0.3329
    OK ch=3 v=0.2604
    OK ch=7 v=0.2198
    OK ch=1 v=0.3308
    OK ch=3 v=0.2587
    OK ch=7 v=0.2218
    OK ch=1 v=0.3513
    OK ch=3 v=0.2625
    OK ch=5 v=0.1979
    OK ch=7 v=0.2194
[  150.6s] DAMPING     ch0:LOCK g=-0.0300 bp=-0.026V ratio=0.06  ch1:LOCK g=-0.0300 bp=-0.013V ratio=0.04  ch2:LOCK g=+0.0100 bp=+0.005V ratio=0.02  ch3:LOCK g=-0.0300 bp=+0.001V ratio=0.01
    OK ch=1 v=0.3755
    OK ch=3 v=0.2748
    OK ch=5 v=0.1969
    OK ch=7 v=0.2214
    OK ch=1 v=0.3527
    OK ch=3 v=0.2700
    OK ch=5 v=0.1989
    OK ch=7 v=0.2189
    OK ch=1 v=0.3510
    OK ch=3 v=0.2647
    OK ch=5 v=0.1999
    OK ch=7 v=0.2200
    OK ch=1 v=0.3421
    OK ch=5 v=0.1991
    OK ch=7 v=0.2179
    OK ch=1 v=0.3456
    OK ch=3 v=0.2622
    OK ch=5 v=0.2002
    OK ch=7 v=0.2205
    OK ch=1 v=0.3377
    OK ch=3 v=0.2658
    OK ch=5 v=0.1980
    OK ch=7 v=0.2211
    OK ch=1 v=0.3479
    OK ch=3 v=0.2637
    OK ch=5 v=0.1985
    OK ch=1 v=0.3608
    OK ch=3 v=0.2623
    OK ch=1 v=0.3253
    OK ch=3 v=0.2648
    OK ch=5 v=0.1994
    OK ch=7 v=0.2192
    OK ch=1 v=0.3448
    OK ch=3 v=0.2632
    OK ch=5 v=0.1988
    OK ch=1 v=0.3328
    OK ch=3 v=0.2575
    OK ch=5 v=0.1999
    OK ch=7 v=0.2171
    OK ch=1 v=0.3338
    OK ch=3 v=0.2615
    OK ch=7 v=0.2201
    OK ch=1 v=0.3495
    OK ch=3 v=0.2669
    OK ch=5 v=0.1980
    OK ch=7 v=0.2208
    OK ch=1 v=0.3401
    OK ch=3 v=0.2675
    OK ch=5 v=0.1992
    OK ch=7 v=0.2196
    OK ch=1 v=0.3384
    OK ch=5 v=0.2004
    OK ch=7 v=0.2219
    OK ch=1 v=0.3726
    OK ch=3 v=0.2705
    OK ch=7 v=0.2230
    OK ch=1 v=0.3391
    OK ch=3 v=0.2622
    OK ch=5 v=0.1988
    OK ch=7 v=0.2224
    OK ch=1 v=0.3324
    OK ch=3 v=0.2611
    OK ch=7 v=0.2202
    OK ch=1 v=0.3682
    OK ch=3 v=0.2667
    OK ch=7 v=0.2197
    OK ch=1 v=0.3614
    OK ch=3 v=0.2699
    OK ch=5 v=0.1983
    OK ch=7 v=0.2208
    OK ch=1 v=0.3454
    OK ch=3 v=0.2642
    OK ch=5 v=0.1991
    OK ch=7 v=0.2185
    OK ch=1 v=0.3221
    OK ch=3 v=0.2585
    OK ch=5 v=0.1985
    OK ch=7 v=0.2197
    OK ch=1 v=0.3620
    OK ch=3 v=0.2667
    OK ch=5 v=0.1967
    OK ch=1 v=0.3238
    OK ch=3 v=0.2617
    OK ch=1 v=0.3388
    OK ch=3 v=0.2658
    OK ch=5 v=0.1976
    OK ch=1 v=0.3531
    OK ch=3 v=0.2670
    OK ch=5 v=0.1983
    OK ch=7 v=0.2213
    OK ch=1 v=0.3455
    OK ch=3 v=0.2629
    OK ch=7 v=0.2200
    OK ch=1 v=0.3547
    OK ch=3 v=0.2615
    OK ch=7 v=0.2173
    OK ch=3 v=0.2716
    OK ch=5 v=0.2004
    OK ch=1 v=0.3228
    OK ch=3 v=0.2657
    OK ch=7 v=0.2192
    OK ch=1 v=0.3474
    OK ch=3 v=0.2693
    OK ch=7 v=0.2202
    OK ch=1 v=0.3318
    OK ch=3 v=0.2625
    OK ch=5 v=0.1996
    OK ch=7 v=0.2193
    OK ch=1 v=0.3636
    OK ch=3 v=0.2664
    OK ch=7 v=0.2218
    OK ch=1 v=0.3316
    OK ch=3 v=0.2642
    OK ch=5 v=0.1989
    OK ch=1 v=0.3257
    OK ch=3 v=0.2613
    OK ch=1 v=0.3484
    OK ch=3 v=0.2625
    OK ch=5 v=0.1981
    OK ch=1 v=0.3613
    OK ch=3 v=0.2659
    OK ch=1 v=0.3384
    OK ch=3 v=0.2630
    OK ch=5 v=0.1989
    OK ch=7 v=0.2191
    OK ch=1 v=0.3474
    OK ch=3 v=0.2672
    OK ch=5 v=0.1997
    OK ch=1 v=0.3449
    OK ch=3 v=0.2637
    OK ch=5 v=0.1989
    OK ch=7 v=0.2197
    OK ch=1 v=0.3304
    OK ch=3 v=0.2597
    OK ch=5 v=0.1981
    OK ch=7 v=0.2187
    OK ch=1 v=0.3483
    OK ch=3 v=0.2631
    OK ch=7 v=0.2179
    OK ch=1 v=0.3606
    OK ch=3 v=0.2691
    OK ch=5 v=0.1991
    OK ch=7 v=0.2196
    OK ch=1 v=0.3569
    OK ch=3 v=0.2656
    OK ch=5 v=0.1973
    OK ch=7 v=0.2214
    OK ch=1 v=0.3480
    OK ch=3 v=0.2646
    OK ch=1 v=0.3267
    OK ch=3 v=0.2585
    OK ch=5 v=0.1993
    OK ch=7 v=0.2222
    OK ch=1 v=0.3515
    OK ch=3 v=0.2692
    OK ch=7 v=0.2206
    OK ch=1 v=0.3374
    OK ch=3 v=0.2603
    OK ch=5 v=0.2008
    OK ch=7 v=0.2201
    OK ch=1 v=0.3634
    OK ch=3 v=0.2693
    OK ch=5 v=0.1977
    OK ch=7 v=0.2188
    OK ch=1 v=0.3525
    OK ch=3 v=0.2679
    OK ch=5 v=0.1982
    OK ch=7 v=0.2214
    OK ch=1 v=0.3425
    OK ch=3 v=0.2629
    OK ch=7 v=0.2179
    OK ch=1 v=0.3228
    OK ch=3 v=0.2647
    OK ch=7 v=0.2191
    OK ch=1 v=0.3290
    OK ch=3 v=0.2639
    OK ch=7 v=0.2209
    OK ch=1 v=0.3234
    OK ch=3 v=0.2591
    OK ch=1 v=0.3447
    OK ch=3 v=0.2648
    OK ch=5 v=0.1971
    OK ch=1 v=0.3654

>>> KICK 3/3 REQUESTED at t=155.0s <<<

    OK ch=3 v=0.2670
    OK ch=5 v=0.1992
    OK ch=7 v=0.2195
    OK ch=1 v=0.3589
    OK ch=3 v=0.2691
    OK ch=7 v=0.2205
    OK ch=1 v=0.3681
    OK ch=3 v=0.2670
    OK ch=7 v=0.2194
    OK ch=1 v=0.3458
    OK ch=3 v=0.2682
    OK ch=1 v=0.3086
    OK ch=3 v=0.2573
    OK ch=5 v=0.2006
    OK ch=1 v=0.3351
    OK ch=3 v=0.2611
    OK ch=7 v=0.2185
    OK ch=1 v=0.3207
    OK ch=3 v=0.2582
    OK ch=5 v=0.1998
    OK ch=7 v=0.2200
    OK ch=1 v=0.3274
    OK ch=3 v=0.2611
    OK ch=7 v=0.2193
    OK ch=1 v=0.3569
    OK ch=3 v=0.2651
    OK ch=5 v=0.1991
    OK ch=7 v=0.2182
    OK ch=1 v=0.3410
    OK ch=3 v=0.2685
    OK ch=7 v=0.2211
    OK ch=1 v=0.3467
    OK ch=3 v=0.2634
    OK ch=7 v=0.2202
    OK ch=1 v=0.3458
    OK ch=3 v=0.2672
    OK ch=1 v=0.3399
    OK ch=3 v=0.2666
    OK ch=5 v=0.1997
    OK ch=7 v=0.2212
    OK ch=1 v=0.3667
    OK ch=3 v=0.2738
    OK ch=5 v=0.1989
    OK ch=1 v=0.3660
    OK ch=3 v=0.2666
    OK ch=1 v=0.3708
    OK ch=3 v=0.2654
    OK ch=5 v=0.1980
    OK ch=1 v=0.3541
    OK ch=3 v=0.2622
    OK ch=5 v=0.1987
    OK ch=7 v=0.2193
    OK ch=1 v=0.3423
    OK ch=3 v=0.2609
    OK ch=5 v=0.2002
    OK ch=7 v=0.2215
    OK ch=1 v=0.3473
    OK ch=3 v=0.2654
    OK ch=5 v=0.1987
    OK ch=7 v=0.2203
    OK ch=1 v=0.3340
    OK ch=3 v=0.2648
    OK ch=5 v=0.1972
    OK ch=7 v=0.2211
    OK ch=1 v=0.3292
    OK ch=3 v=0.2599
    OK ch=3 v=0.2576
    OK ch=5 v=0.1967
    OK ch=7 v=0.2195
    OK ch=1 v=0.3419
    OK ch=3 v=0.2600
    OK ch=7 v=0.2203
    OK ch=1 v=0.3305
    OK ch=3 v=0.2609
    OK ch=5 v=0.1979
    OK ch=7 v=0.2168
    OK ch=1 v=0.3454
    OK ch=3 v=0.2640
    OK ch=7 v=0.2196
    OK ch=1 v=0.3518
    OK ch=3 v=0.2697
    OK ch=5 v=0.1959
    OK ch=7 v=0.2226
    OK ch=1 v=0.3397
    OK ch=3 v=0.2684
    OK ch=5 v=0.1968
    OK ch=7 v=0.2202
    OK ch=1 v=0.3627
    OK ch=3 v=0.2634
    OK ch=5 v=0.1998
    OK ch=7 v=0.2208
    OK ch=1 v=0.3572
    OK ch=3 v=0.2699
    OK ch=3 v=0.2668
    OK ch=5 v=0.1993
    OK ch=7 v=0.2217
    OK ch=1 v=0.3584
    OK ch=3 v=0.2673
    OK ch=1 v=0.3259
    OK ch=3 v=0.2588
    OK ch=5 v=0.2014
    OK ch=7 v=0.2190
    OK ch=1 v=0.3433
    OK ch=3 v=0.2681
    OK ch=5 v=0.1997
    OK ch=7 v=0.2195
    OK ch=1 v=0.3282
    OK ch=3 v=0.2639
    OK ch=7 v=0.2186
    OK ch=1 v=0.3191
    OK ch=3 v=0.2608
    OK ch=5 v=0.2006
    OK ch=7 v=0.2201
    OK ch=1 v=0.3602
    OK ch=3 v=0.2672
    OK ch=5 v=0.1993
    OK ch=7 v=0.2193
    OK ch=1 v=0.3475
    OK ch=5 v=0.1981
    OK ch=1 v=0.3425
    OK ch=3 v=0.2634
    OK ch=5 v=0.1987
    OK ch=7 v=0.2208
    OK ch=1 v=0.3543
    OK ch=3 v=0.2600
    OK ch=5 v=0.2001
    OK ch=7 v=0.2199
    OK ch=1 v=0.3450
    OK ch=7 v=0.2187
    OK ch=1 v=0.3537
    OK ch=3 v=0.2632
    OK ch=5 v=0.1993
    OK ch=7 v=0.2211
    OK ch=1 v=0.3611
    OK ch=3 v=0.2685
    OK ch=5 v=0.1999
    OK ch=7 v=0.2193
    OK ch=1 v=0.3305
    OK ch=3 v=0.2611
    OK ch=7 v=0.2205
    OK ch=1 v=0.3292
    OK ch=3 v=0.2667
    OK ch=5 v=0.2005
    OK ch=1 v=0.3391
    OK ch=3 v=0.2676
    OK ch=5 v=0.2014
    OK ch=7 v=0.2194
    OK ch=1 v=0.3438
    OK ch=3 v=0.2633
    OK ch=5 v=0.1986
    OK ch=7 v=0.2205
    OK ch=1 v=0.3337
    OK ch=3 v=0.2700
    OK ch=5 v=0.1975
    OK ch=1 v=0.3164
    OK ch=3 v=0.2637
    OK ch=5 v=0.1957
    OK ch=1 v=0.3376
    OK ch=5 v=0.1978
    OK ch=1 v=0.3589
    OK ch=3 v=0.2674
    OK ch=5 v=0.1959
    OK ch=1 v=0.3631
    OK ch=3 v=0.2641
    OK ch=1 v=0.3479
    OK ch=3 v=0.2587
    OK ch=5 v=0.1966
    OK ch=1 v=0.3563
    OK ch=3 v=0.2669
    OK ch=7 v=0.2213
    OK ch=1 v=0.3624
    OK ch=3 v=0.2659
    OK ch=5 v=0.1980
    OK ch=1 v=0.3573
    OK ch=3 v=0.2712
    OK ch=5 v=0.1995
    OK ch=7 v=0.2221
    OK ch=1 v=0.3327
    OK ch=3 v=0.2654
    OK ch=5 v=0.2004
    OK ch=7 v=0.2203
    OK ch=1 v=0.3424
    OK ch=3 v=0.2592
    OK ch=7 v=0.2187
    OK ch=1 v=0.3233
    OK ch=3 v=0.2570
    OK ch=5 v=0.1989
    OK ch=1 v=0.3364
    OK ch=3 v=0.2610
    OK ch=1 v=0.3529
    OK ch=3 v=0.2639
    OK ch=5 v=0.1999
    OK ch=7 v=0.2217
    OK ch=1 v=0.3694
    OK ch=3 v=0.2689
    OK ch=5 v=0.1990
    OK ch=7 v=0.2209
    OK ch=1 v=0.3334
    OK ch=3 v=0.2649
    OK ch=5 v=0.2000
    OK ch=7 v=0.2193
    OK ch=1 v=0.3320
    OK ch=3 v=0.2618
    OK ch=1 v=0.3556
    OK ch=3 v=0.2654
    OK ch=5 v=0.1993
    OK ch=7 v=0.2207
    OK ch=1 v=0.3471
    OK ch=3 v=0.2630
    OK ch=5 v=0.1983
    OK ch=1 v=0.3426
    OK ch=3 v=0.2607
    OK ch=5 v=0.1995
    OK ch=7 v=0.2172
    OK ch=1 v=0.3332
    OK ch=3 v=0.2675
    OK ch=7 v=0.2208
    OK ch=1 v=0.3268
    OK ch=3 v=0.2574
    OK ch=5 v=0.2005
    OK ch=7 v=0.2213
    OK ch=1 v=0.3615
    OK ch=3 v=0.2683
    OK ch=5 v=0.1987
    OK ch=7 v=0.2199
    OK ch=1 v=0.3658
    OK ch=3 v=0.2715
    OK ch=5 v=0.1977
    OK ch=7 v=0.2208
    OK ch=1 v=0.3346
    OK ch=3 v=0.2638
    OK ch=7 v=0.2196
    OK ch=1 v=0.3482
    OK ch=3 v=0.2650
    OK ch=5 v=0.1997
    OK ch=1 v=0.3434
    OK ch=1 v=0.3406
    OK ch=1 v=0.3620
    OK ch=3 v=0.2682
    OK ch=5 v=0.1983
    OK ch=7 v=0.2209
    OK ch=1 v=0.3351
    OK ch=3 v=0.2615
    OK ch=7 v=0.2223
    OK ch=1 v=0.3645
    OK ch=3 v=0.2673
    OK ch=7 v=0.2207
    OK ch=1 v=0.3215
    OK ch=3 v=0.2607
    OK ch=7 v=0.2225
    OK ch=1 v=0.3458
    OK ch=3 v=0.2651
    OK ch=5 v=0.1975
    OK ch=7 v=0.2197
    OK ch=1 v=0.3547
    OK ch=3 v=0.2660
    OK ch=5 v=0.1967
    OK ch=7 v=0.2180
[  155.6s] DAMPING     ch0:LOCK g=-0.0300 bp=+0.006V ratio=0.04  ch1:LOCK g=-0.0300 bp=-0.001V ratio=0.03  ch2:LOCK g=+0.0100 bp=+0.010V ratio=0.01  ch3:LOCK g=-0.0300 bp=+0.001V ratio=0.01
    OK ch=1 v=0.3471
    OK ch=3 v=0.2634
    OK ch=5 v=0.1982
    OK ch=1 v=0.3677
    OK ch=3 v=0.2693
    OK ch=5 v=0.1987
    OK ch=7 v=0.2202
    OK ch=1 v=0.3649
    OK ch=7 v=0.2183
    OK ch=3 v=0.2679
    OK ch=5 v=0.1978
    OK ch=7 v=0.2207
    OK ch=1 v=0.3398
    OK ch=3 v=0.2665
    OK ch=5 v=0.1993
    OK ch=7 v=0.2226
    OK ch=1 v=0.3315
    OK ch=3 v=0.2641
    OK ch=5 v=0.2001
    OK ch=7 v=0.2199
    OK ch=1 v=0.3222
    OK ch=3 v=0.2625
    OK ch=7 v=0.2218
    OK ch=1 v=0.3324
    OK ch=3 v=0.2603
    OK ch=7 v=0.2193
    OK ch=1 v=0.3375
    OK ch=3 v=0.2645
    OK ch=7 v=0.2201
    OK ch=1 v=0.3531
    OK ch=3 v=0.2656
    OK ch=5 v=0.1994
    OK ch=7 v=0.2191
    OK ch=1 v=0.3380
    OK ch=3 v=0.2632
    OK ch=7 v=0.2180
    OK ch=1 v=0.3661
    OK ch=3 v=0.2644
    OK ch=5 v=0.1987
    OK ch=7 v=0.2197
    OK ch=1 v=0.3368
    OK ch=3 v=0.2625
    OK ch=5 v=0.1999
    OK ch=7 v=0.2203
    OK ch=1 v=0.3450
    OK ch=3 v=0.2630
    OK ch=5 v=0.2008
    OK ch=1 v=0.3501
    OK ch=3 v=0.2648
    OK ch=5 v=0.1990
    OK ch=7 v=0.2216
    OK ch=1 v=0.3414
    OK ch=3 v=0.2676
    OK ch=5 v=0.1984
    OK ch=1 v=0.3718
    OK ch=3 v=0.2710
    OK ch=5 v=0.1977
    OK ch=7 v=0.2198
    OK ch=1 v=0.3242
    OK ch=3 v=0.2648
    OK ch=5 v=0.1986
    OK ch=7 v=0.2207
    OK ch=1 v=0.3496
    OK ch=3 v=0.2669
    OK ch=1 v=0.3577
    OK ch=3 v=0.2644
    OK ch=5 v=0.1977
    OK ch=7 v=0.2193
    OK ch=1 v=0.3483
    OK ch=3 v=0.2669
    OK ch=5 v=0.1968
    OK ch=7 v=0.2214
    OK ch=1 v=0.3441
    OK ch=3 v=0.2640
    OK ch=5 v=0.1982
    OK ch=7 v=0.2190
    OK ch=1 v=0.3502
    OK ch=3 v=0.2659
    OK ch=7 v=0.2201
    OK ch=1 v=0.3317
    OK ch=3 v=0.2610
    OK ch=1 v=0.3351
    OK ch=3 v=0.2569
    OK ch=7 v=0.2191
    OK ch=1 v=0.3463
    OK ch=3 v=0.2598
    OK ch=5 v=0.1990
    OK ch=7 v=0.2178
    OK ch=1 v=0.3302
    OK ch=3 v=0.2590
    OK ch=7 v=0.2195
    OK ch=1 v=0.3308
    OK ch=3 v=0.2619
    OK ch=5 v=0.1980
    OK ch=7 v=0.2200
    OK ch=1 v=0.3702
    OK ch=3 v=0.2731
    OK ch=5 v=0.1989
    OK ch=7 v=0.2214
    OK ch=1 v=0.3581
    OK ch=3 v=0.2665
    OK ch=7 v=0.2235
    OK ch=1 v=0.3627
    OK ch=3 v=0.2671
    OK ch=5 v=0.2003
    OK ch=7 v=0.2218
    OK ch=1 v=0.3442
    OK ch=3 v=0.2652
    OK ch=7 v=0.2207
    OK ch=1 v=0.3307
    OK ch=3 v=0.2610
    OK ch=5 v=0.1995
    OK ch=7 v=0.2190
    OK ch=1 v=0.3368
    OK ch=3 v=0.2601
    OK ch=1 v=0.3206
    OK ch=3 v=0.2621
    OK ch=1 v=0.3637
    OK ch=3 v=0.2668
    OK ch=7 v=0.2170
    OK ch=1 v=0.3583
    OK ch=3 v=0.2645
    OK ch=5 v=0.1979
    OK ch=7 v=0.2195
    OK ch=1 v=0.3208
    OK ch=3 v=0.2595
    OK ch=5 v=0.1997
    OK ch=1 v=0.3383
    OK ch=3 v=0.2649
    OK ch=1 v=0.3394
    OK ch=3 v=0.2697
    OK ch=1 v=0.3530
    OK ch=7 v=0.2187
    OK ch=1 v=0.3409
    OK ch=3 v=0.2650
    OK ch=5 v=0.1983
    OK ch=1 v=0.3215
    OK ch=3 v=0.2598
    OK ch=5 v=0.1995
    OK ch=1 v=0.3630
    OK ch=3 v=0.2647
    OK ch=5 v=0.1988
    OK ch=7 v=0.2208
    OK ch=1 v=0.3255
    OK ch=3 v=0.2637
    OK ch=7 v=0.2222
    OK ch=1 v=0.3676
    OK ch=3 v=0.2734
    OK ch=5 v=0.1979
    OK ch=7 v=0.2195
    OK ch=1 v=0.3651
    OK ch=3 v=0.2710
    OK ch=5 v=0.1986
    OK ch=7 v=0.2215
    OK ch=1 v=0.3443
    OK ch=3 v=0.2669
    OK ch=1 v=0.3512
    OK ch=3 v=0.2703
    OK ch=7 v=0.2222
    OK ch=1 v=0.3372
    OK ch=3 v=0.2576
    OK ch=7 v=0.2194
    OK ch=1 v=0.3384
    OK ch=3 v=0.2625
    OK ch=5 v=0.1981
    OK ch=7 v=0.2214
    OK ch=1 v=0.3399
    OK ch=3 v=0.2620
    OK ch=7 v=0.2201
    OK ch=1 v=0.3644
    OK ch=3 v=0.2638
    OK ch=5 v=0.1974
    OK ch=1 v=0.3581
    OK ch=3 v=0.2669
    OK ch=7 v=0.2174
    OK ch=1 v=0.3383
    OK ch=3 v=0.2647
    OK ch=5 v=0.1983
    OK ch=7 v=0.2187
    OK ch=1 v=0.3470
    OK ch=3 v=0.2676
    OK ch=7 v=0.2219
    OK ch=1 v=0.3563
    OK ch=3 v=0.2685
    OK ch=5 v=0.1976
    OK ch=7 v=0.2208
    OK ch=1 v=0.3182
    OK ch=3 v=0.2591
    OK ch=7 v=0.2215
    OK ch=1 v=0.3594
    OK ch=3 v=0.2672
    OK ch=5 v=0.1983
    OK ch=7 v=0.2188
    OK ch=1 v=0.3416
    OK ch=3 v=0.2635
    OK ch=5 v=0.1999
    OK ch=7 v=0.2198
    OK ch=1 v=0.3244
    OK ch=3 v=0.2597
    OK ch=5 v=0.2010
    OK ch=1 v=0.3378
    OK ch=3 v=0.2640
    OK ch=5 v=0.1946
    OK ch=7 v=0.2237
    OK ch=1 v=0.3860
    OK ch=3 v=0.2851
    OK ch=5 v=0.1796
    OK ch=7 v=0.2291
    OK ch=1 v=0.3649
    OK ch=3 v=0.2663
    OK ch=5 v=0.2033
    OK ch=7 v=0.2173
    OK ch=1 v=0.3611
    OK ch=3 v=0.2723
    OK ch=5 v=0.1889
    OK ch=7 v=0.2264
    OK ch=1 v=0.4543
    OK ch=3 v=0.3627
    OK ch=5 v=0.0956
    OK ch=7 v=0.3044
    OK ch=1 v=0.5000
    OK ch=3 v=0.4223
    OK ch=5 v=0.0545
    OK ch=7 v=0.3287
    OK ch=3 v=0.3549
    OK ch=5 v=0.1198
    OK ch=7 v=0.2411
    OK ch=1 v=0.4290
    OK ch=3 v=0.2840
    OK ch=5 v=0.1904
    OK ch=7 v=0.1919
    OK ch=1 v=0.3403
    OK ch=3 v=0.1952
    OK ch=5 v=0.2791
    OK ch=7 v=0.1032
    OK ch=1 v=0.2470
    OK ch=3 v=0.1019
    OK ch=5 v=0.3725
    OK ch=7 v=0.0099
    OK ch=1 v=0.3405
    OK ch=3 v=0.1954
    OK ch=5 v=0.2790
    OK ch=7 v=0.0000
    OK ch=1 v=0.4353
    OK ch=3 v=0.2903
    OK ch=5 v=0.1841
    OK ch=7 v=0.0949
    OK ch=1 v=0.5000
    OK ch=3 v=0.3834
    OK ch=5 v=0.0910
    OK ch=7 v=0.1880
    OK ch=3 v=0.4820
    OK ch=5 v=0.0000
    OK ch=7 v=0.2866
    OK ch=3 v=0.5000
    OK ch=7 v=0.3583
    OK ch=7 v=0.3084
    OK ch=3 v=0.4726
    OK ch=7 v=0.2810
    OK ch=3 v=0.4234
    OK ch=7 v=0.2318
    OK ch=3 v=0.3734
    OK ch=5 v=0.0501
    OK ch=7 v=0.1818
    OK ch=3 v=0.3021
    OK ch=5 v=0.1213
    OK ch=7 v=0.1106
    OK ch=1 v=0.4940
    OK ch=3 v=0.2301
    OK ch=5 v=0.1899
    OK ch=7 v=0.0997
    OK ch=1 v=0.5000
    OK ch=3 v=0.1421
    OK ch=5 v=0.2062
    OK ch=7 v=0.1316
    OK ch=3 v=0.1245
    OK ch=7 v=0.1503
    OK ch=3 v=0.1737
    OK ch=5 v=0.2033
    OK ch=7 v=0.1698
    OK ch=1 v=0.4379
    OK ch=3 v=0.2448
    OK ch=5 v=0.1968
    OK ch=7 v=0.2298
    OK ch=1 v=0.3496
    OK ch=3 v=0.3331
    OK ch=5 v=0.1888
    OK ch=7 v=0.2455
    OK ch=1 v=0.2614
    OK ch=3 v=0.2449
    OK ch=5 v=0.2328
    OK ch=7 v=0.1738
    OK ch=1 v=0.1736
    OK ch=3 v=0.1571
    OK ch=5 v=0.3206
    OK ch=7 v=0.0884
    OK ch=1 v=0.0843
    OK ch=3 v=0.2464
    OK ch=5 v=0.4100
    OK ch=7 v=0.1777
    OK ch=1 v=0.1718
    OK ch=3 v=0.3339
    OK ch=5 v=0.4534
    OK ch=7 v=0.2653
    OK ch=1 v=0.2661
    OK ch=3 v=0.3778
    OK ch=5 v=0.3592
    OK ch=7 v=0.2772
    OK ch=1 v=0.3536
    OK ch=3 v=0.2902
    OK ch=5 v=0.2717
    OK ch=7 v=0.2134
    OK ch=1 v=0.4417
    OK ch=3 v=0.2021
    OK ch=5 v=0.1836
    OK ch=7 v=0.1396
    OK ch=1 v=0.5000
    OK ch=3 v=0.1747
    OK ch=5 v=0.0955
    OK ch=7 v=0.1149
    OK ch=3 v=0.2320
    OK ch=5 v=0.0415
    OK ch=7 v=0.1081
    OK ch=1 v=0.4640
    OK ch=3 v=0.2491
    OK ch=5 v=0.0577
    OK ch=7 v=0.1401
    OK ch=1 v=0.4659
    OK ch=3 v=0.2645
    OK ch=5 v=0.0834
    OK ch=7 v=0.1665
    OK ch=1 v=0.4640
    OK ch=3 v=0.2869
    OK ch=5 v=0.1119
    OK ch=7 v=0.2001
    OK ch=1 v=0.4929
    OK ch=3 v=0.3201
    OK ch=5 v=0.0971
    OK ch=7 v=0.2798
    OK ch=1 v=0.5000
    OK ch=3 v=0.3720
    OK ch=5 v=0.0728
    OK ch=7 v=0.3640
    OK ch=3 v=0.4119
    OK ch=5 v=0.0454
    OK ch=7 v=0.4065
    OK ch=3 v=0.4242
    OK ch=5 v=0.0555
    OK ch=7 v=0.3986
    OK ch=1 v=0.4946
    OK ch=3 v=0.4189
    OK ch=5 v=0.1276
    OK ch=7 v=0.3452
    OK ch=1 v=0.4064
    OK ch=3 v=0.3850
    OK ch=5 v=0.2038
    OK ch=7 v=0.3064
    OK ch=1 v=0.3953
    OK ch=3 v=0.3548
    OK ch=5 v=0.1891
    OK ch=7 v=0.2683
    OK ch=1 v=0.3999
    OK ch=3 v=0.3063
    OK ch=5 v=0.1784
    OK ch=7 v=0.1890
    OK ch=1 v=0.3215
    OK ch=3 v=0.2289
    OK ch=5 v=0.1923
    OK ch=7 v=0.1572
    OK ch=1 v=0.2623
    OK ch=3 v=0.1856
    OK ch=5 v=0.2059
    OK ch=7 v=0.1554
    OK ch=1 v=0.2813
    OK ch=3 v=0.1604
    OK ch=5 v=0.2028
    OK ch=7 v=0.1595
    OK ch=1 v=0.2945
    OK ch=3 v=0.1470
    OK ch=5 v=0.1957
    OK ch=7 v=0.1612
    OK ch=1 v=0.2383
    OK ch=3 v=0.1335
    OK ch=5 v=0.2247
    OK ch=7 v=0.1311
    OK ch=1 v=0.1931
    OK ch=3 v=0.1407
    OK ch=5 v=0.2627
    OK ch=7 v=0.0972
    OK ch=1 v=0.1937
    OK ch=3 v=0.1797
    OK ch=5 v=0.2876
    OK ch=7 v=0.1227
    OK ch=1 v=0.2318
    OK ch=3 v=0.2419
    OK ch=5 v=0.2968
    OK ch=7 v=0.1624
    OK ch=1 v=0.2784
    OK ch=3 v=0.2886
    OK ch=5 v=0.3104
    OK ch=7 v=0.2030
    OK ch=1 v=0.3673
    OK ch=3 v=0.3214
    OK ch=5 v=0.2811
    OK ch=7 v=0.2368
    OK ch=1 v=0.4163
    OK ch=3 v=0.3310
    OK ch=5 v=0.2125
    OK ch=7 v=0.2594
    OK ch=1 v=0.4587
    OK ch=3 v=0.3412
    OK ch=5 v=0.1504
    OK ch=7 v=0.2807
    OK ch=1 v=0.4694
    OK ch=3 v=0.3343
    OK ch=5 v=0.1225
    OK ch=7 v=0.2883
    OK ch=1 v=0.4432
    OK ch=3 v=0.3136
    OK ch=5 v=0.1100
    OK ch=7 v=0.2671
    OK ch=1 v=0.4392
    OK ch=3 v=0.3030
    OK ch=5 v=0.1071
    OK ch=7 v=0.2221
    OK ch=1 v=0.4054
    OK ch=3 v=0.2832
    OK ch=5 v=0.1045
    OK ch=7 v=0.2141
    OK ch=1 v=0.4303
    OK ch=3 v=0.2700
    OK ch=5 v=0.0882
    OK ch=7 v=0.2176
    OK ch=1 v=0.4705
    OK ch=3 v=0.2746
    OK ch=5 v=0.0644
    OK ch=7 v=0.1988
    OK ch=1 v=0.4935
    OK ch=3 v=0.2772
    OK ch=5 v=0.0303
    OK ch=7 v=0.2141
    OK ch=1 v=0.5000
    OK ch=5 v=0.0386
    OK ch=7 v=0.2266
[  160.7s] DAMPING     ch0:.... g=-0.0350 bp=+0.471V ratio=0.91  ch1:.... g=-0.0350 bp=+0.027V ratio=1.25  ch2:.... g=+0.0120 bp=+0.998V ratio=1.19  ch3:.... g=-0.0350 bp=+0.021V ratio=1.12
    OK ch=3 v=0.3093
    OK ch=5 v=0.1028
    OK ch=7 v=0.2380
    OK ch=3 v=0.3233
    OK ch=5 v=0.1602
    OK ch=7 v=0.2493
    OK ch=1 v=0.4467
    OK ch=3 v=0.3182
    OK ch=5 v=0.1953
    OK ch=7 v=0.2565
    OK ch=1 v=0.3467
    OK ch=3 v=0.3196
    OK ch=5 v=0.2391
    OK ch=7 v=0.2593
    OK ch=1 v=0.2480
    OK ch=3 v=0.3072
    OK ch=5 v=0.2509
    OK ch=7 v=0.2551
    OK ch=1 v=0.1752
    OK ch=3 v=0.2932
    OK ch=5 v=0.2593
    OK ch=7 v=0.2358
    OK ch=1 v=0.1447
    OK ch=3 v=0.2629
    OK ch=5 v=0.2545
    OK ch=7 v=0.2086
    OK ch=1 v=0.1972
    OK ch=3 v=0.2382
    OK ch=5 v=0.2436
    OK ch=7 v=0.1887
    OK ch=1 v=0.2602
    OK ch=3 v=0.2165
    OK ch=5 v=0.2371
    OK ch=7 v=0.1635
    OK ch=1 v=0.3374
    OK ch=3 v=0.2038
    OK ch=5 v=0.2186
    OK ch=7 v=0.1536
    OK ch=1 v=0.3453
    OK ch=3 v=0.2005
    OK ch=5 v=0.2175
    OK ch=7 v=0.1438
    OK ch=3 v=0.1967
    OK ch=5 v=0.2160
    OK ch=7 v=0.1523
    OK ch=1 v=0.3523
    OK ch=3 v=0.2121
    OK ch=5 v=0.2015
    OK ch=7 v=0.1634
    OK ch=1 v=0.3930
    OK ch=3 v=0.2458
    OK ch=5 v=0.1867
    OK ch=7 v=0.1791
    OK ch=1 v=0.4002
    OK ch=3 v=0.2710
    OK ch=5 v=0.1753
    OK ch=7 v=0.2037
    OK ch=1 v=0.4051
    OK ch=3 v=0.2908
    OK ch=5 v=0.1742
    OK ch=7 v=0.2291
    OK ch=1 v=0.4040
    OK ch=3 v=0.3150
    OK ch=5 v=0.1683
    OK ch=7 v=0.2491
    OK ch=1 v=0.4028
    OK ch=3 v=0.3241
    OK ch=5 v=0.1557
    OK ch=7 v=0.2682
    OK ch=1 v=0.3887
    OK ch=3 v=0.3252
    OK ch=5 v=0.1506
    OK ch=7 v=0.2755
    OK ch=1 v=0.3726
    OK ch=3 v=0.3192
    OK ch=5 v=0.1436
    OK ch=7 v=0.2716
    OK ch=1 v=0.3707
    OK ch=3 v=0.3169
    OK ch=5 v=0.1296
    OK ch=7 v=0.2540
    OK ch=1 v=0.4044
    OK ch=3 v=0.3061
    OK ch=5 v=0.1160
    OK ch=7 v=0.2418
    OK ch=1 v=0.4152
    OK ch=3 v=0.2828
    OK ch=5 v=0.1001
    OK ch=7 v=0.2332
    OK ch=1 v=0.4531
    OK ch=3 v=0.2834
    OK ch=5 v=0.0928
    OK ch=7 v=0.2205
    OK ch=1 v=0.4679
    OK ch=3 v=0.2781
    OK ch=5 v=0.0999
    OK ch=7 v=0.2155
    OK ch=1 v=0.4720
    OK ch=3 v=0.2711
    OK ch=5 v=0.1368
    OK ch=7 v=0.2140
    OK ch=1 v=0.4182
    OK ch=3 v=0.2678
    OK ch=5 v=0.1787
    OK ch=7 v=0.2088
    OK ch=1 v=0.3397
    OK ch=3 v=0.2668
    OK ch=5 v=0.1971
    OK ch=7 v=0.2116
    OK ch=1 v=0.3157
    OK ch=3 v=0.2695
    OK ch=5 v=0.2142
    OK ch=7 v=0.2126
    OK ch=1 v=0.2465
    OK ch=3 v=0.2656
    OK ch=5 v=0.2290
    OK ch=7 v=0.2079
    OK ch=1 v=0.2716
    OK ch=3 v=0.2649
    OK ch=5 v=0.2355
    OK ch=7 v=0.2067
    OK ch=1 v=0.2659
    OK ch=3 v=0.2613
    OK ch=5 v=0.2396
    OK ch=7 v=0.2030
    OK ch=1 v=0.2637
    OK ch=3 v=0.2562
    OK ch=5 v=0.2337
    OK ch=1 v=0.3006
    OK ch=3 v=0.2623
    OK ch=7 v=0.2004
    OK ch=1 v=0.3180
    OK ch=3 v=0.2533
    OK ch=5 v=0.2362
    OK ch=7 v=0.1916
    OK ch=1 v=0.3516
    OK ch=5 v=0.2141
    OK ch=7 v=0.1966
    OK ch=1 v=0.3710
    OK ch=3 v=0.2598
    OK ch=5 v=0.1943
    OK ch=7 v=0.1942
    OK ch=1 v=0.3756
    OK ch=3 v=0.2540
    OK ch=5 v=0.1784
    OK ch=7 v=0.1965
    OK ch=1 v=0.3829
    OK ch=3 v=0.2599
    OK ch=5 v=0.1647
    OK ch=7 v=0.2023
    OK ch=1 v=0.3756
    OK ch=3 v=0.2701
    OK ch=5 v=0.1580
    OK ch=7 v=0.2064
    OK ch=1 v=0.4082
    OK ch=3 v=0.2766
    OK ch=5 v=0.1487
    OK ch=7 v=0.2178
    OK ch=1 v=0.3838
    OK ch=3 v=0.2886
    OK ch=5 v=0.1513
    OK ch=7 v=0.2276
    OK ch=1 v=0.3803
    OK ch=3 v=0.2941
    OK ch=5 v=0.1505
    OK ch=7 v=0.2355
    OK ch=1 v=0.3969
    OK ch=3 v=0.3021
    OK ch=5 v=0.1442
    OK ch=7 v=0.2384
    OK ch=1 v=0.4044
    OK ch=3 v=0.3071
    OK ch=5 v=0.1467
    OK ch=7 v=0.2401
    OK ch=1 v=0.4020
    OK ch=3 v=0.3022
    OK ch=5 v=0.1450
    OK ch=7 v=0.2458
    OK ch=1 v=0.3885
    OK ch=3 v=0.3033
    OK ch=5 v=0.1413
    OK ch=7 v=0.2415
    OK ch=1 v=0.4088
    OK ch=3 v=0.2927
    OK ch=7 v=0.2365
    OK ch=1 v=0.4188
    OK ch=3 v=0.2878
    OK ch=5 v=0.1478
    OK ch=7 v=0.2313
    OK ch=1 v=0.3829
    OK ch=3 v=0.2700
    OK ch=5 v=0.1640
    OK ch=7 v=0.2204
    OK ch=1 v=0.3483
    OK ch=3 v=0.2652
    OK ch=5 v=0.1714
    OK ch=7 v=0.2152
    OK ch=1 v=0.3468
    OK ch=3 v=0.2637
    OK ch=5 v=0.1775
    OK ch=7 v=0.2131
    OK ch=1 v=0.3684
    OK ch=5 v=0.1896
    OK ch=7 v=0.2029
    OK ch=1 v=0.3433
    OK ch=3 v=0.2538
    OK ch=5 v=0.1931
    OK ch=1 v=0.3140
    OK ch=5 v=0.1982
    OK ch=1 v=0.3252
    OK ch=3 v=0.2547
    OK ch=5 v=0.2021
    OK ch=7 v=0.2011
    OK ch=1 v=0.3127
    OK ch=5 v=0.2047
    OK ch=7 v=0.2000
    OK ch=1 v=0.3113
    OK ch=3 v=0.2583
    OK ch=5 v=0.2073
    OK ch=7 v=0.2049
    OK ch=1 v=0.3140
    OK ch=3 v=0.2634
    OK ch=5 v=0.2147
    OK ch=7 v=0.2032
    OK ch=1 v=0.3533
    OK ch=3 v=0.2697
    OK ch=5 v=0.2069
    OK ch=7 v=0.2084
    OK ch=1 v=0.3495
    OK ch=3 v=0.2654
    OK ch=5 v=0.2031
    OK ch=7 v=0.2120
    OK ch=1 v=0.3439
    OK ch=3 v=0.2693
    OK ch=5 v=0.2008
    OK ch=7 v=0.2104
    OK ch=1 v=0.3686
    OK ch=3 v=0.2756
    OK ch=5 v=0.1868
    OK ch=7 v=0.2157
    OK ch=1 v=0.3553
    OK ch=5 v=0.1740
    OK ch=7 v=0.2143
    OK ch=1 v=0.3624
    OK ch=3 v=0.2734
    OK ch=5 v=0.1692
    OK ch=7 v=0.2167
    OK ch=1 v=0.3849
    OK ch=3 v=0.2756
    OK ch=5 v=0.1630
    OK ch=7 v=0.2203
    OK ch=1 v=0.4071
    OK ch=3 v=0.2873
    OK ch=5 v=0.1562
    OK ch=7 v=0.2191
    OK ch=1 v=0.3907
    OK ch=3 v=0.2831
    OK ch=5 v=0.1489
    OK ch=7 v=0.2220
    OK ch=1 v=0.3880
    OK ch=3 v=0.2894
    OK ch=5 v=0.1497
    OK ch=7 v=0.2246
    OK ch=1 v=0.3985
    OK ch=3 v=0.2877
    OK ch=5 v=0.1563
    OK ch=7 v=0.2236
    OK ch=1 v=0.3738
    OK ch=3 v=0.2812
    OK ch=5 v=0.1505
    OK ch=1 v=0.3905
    OK ch=3 v=0.2873
    OK ch=5 v=0.1499
    OK ch=1 v=0.3839
    OK ch=3 v=0.2893
    OK ch=5 v=0.1581
    OK ch=7 v=0.2248
    OK ch=1 v=0.3920
    OK ch=3 v=0.2864
    OK ch=5 v=0.1647
    OK ch=7 v=0.2282
    OK ch=1 v=0.3615
    OK ch=3 v=0.2827
    OK ch=5 v=0.1748
    OK ch=7 v=0.2225
    OK ch=1 v=0.3747
    OK ch=3 v=0.2813
    OK ch=5 v=0.1780
    OK ch=7 v=0.2231
    OK ch=1 v=0.3417
    OK ch=3 v=0.2658
    OK ch=5 v=0.1867
    OK ch=7 v=0.2189
    OK ch=3 v=0.2699
    OK ch=5 v=0.1908
    OK ch=7 v=0.2142
    OK ch=1 v=0.3306
    OK ch=3 v=0.2666
    OK ch=5 v=0.1882
    OK ch=7 v=0.2110
    OK ch=1 v=0.3610
    OK ch=3 v=0.2718
    OK ch=5 v=0.1894
    OK ch=7 v=0.2095
    OK ch=1 v=0.3443
    OK ch=3 v=0.2619
    OK ch=5 v=0.1924
    OK ch=7 v=0.2059
    OK ch=1 v=0.3361
    OK ch=3 v=0.2589
    OK ch=7 v=0.2068
    OK ch=1 v=0.3406
    OK ch=5 v=0.1917
    OK ch=7 v=0.2063
    OK ch=1 v=0.3637
    OK ch=3 v=0.2641
    OK ch=5 v=0.1880
    OK ch=7 v=0.2069
    OK ch=1 v=0.3336
    OK ch=3 v=0.2605
    OK ch=7 v=0.2099
    OK ch=1 v=0.3532
    OK ch=3 v=0.2681
    OK ch=5 v=0.1912
    OK ch=7 v=0.2093
    OK ch=1 v=0.3685
    OK ch=3 v=0.2711
    OK ch=5 v=0.1829
    OK ch=7 v=0.2136
    OK ch=1 v=0.3530
    OK ch=3 v=0.2764
    OK ch=5 v=0.1759
    OK ch=7 v=0.2175
    OK ch=1 v=0.3664
    OK ch=3 v=0.2776
    OK ch=5 v=0.1789
    OK ch=1 v=0.4089
    OK ch=3 v=0.2812
    OK ch=5 v=0.1720
    OK ch=7 v=0.2200
    OK ch=1 v=0.3569
    OK ch=3 v=0.2802
    OK ch=5 v=0.1673
    OK ch=7 v=0.2233
    OK ch=1 v=0.3504
    OK ch=3 v=0.2773
    OK ch=5 v=0.1639
    OK ch=1 v=0.3607
    OK ch=3 v=0.2750
    OK ch=5 v=0.1628
    OK ch=7 v=0.2248
    OK ch=1 v=0.3874
    OK ch=3 v=0.2862
    OK ch=5 v=0.1636
    OK ch=7 v=0.2234
    OK ch=1 v=0.3983
    OK ch=3 v=0.2818
    OK ch=5 v=0.1572
    OK ch=7 v=0.2205
    OK ch=1 v=0.4026
    OK ch=3 v=0.2864
    OK ch=5 v=0.1550
    OK ch=7 v=0.2252
    OK ch=1 v=0.3883
    OK ch=3 v=0.2838
    OK ch=5 v=0.1622
    OK ch=7 v=0.2202
    OK ch=1 v=0.3578
    OK ch=3 v=0.2736
    OK ch=5 v=0.1650
    OK ch=7 v=0.2187
    OK ch=1 v=0.3863
    OK ch=3 v=0.2797
    OK ch=5 v=0.1672
    OK ch=1 v=0.3891
    OK ch=3 v=0.2874
    OK ch=5 v=0.1735
    OK ch=7 v=0.2198
    OK ch=1 v=0.3266
    OK ch=3 v=0.2713
    OK ch=5 v=0.1777
    OK ch=7 v=0.2162
    OK ch=1 v=0.3677
    OK ch=3 v=0.2747
    OK ch=5 v=0.1829
    OK ch=7 v=0.2141
    OK ch=1 v=0.3696
    OK ch=3 v=0.2725
    OK ch=1 v=0.3706
    OK ch=3 v=0.2746
    OK ch=7 v=0.2134
    OK ch=1 v=0.3598
    OK ch=3 v=0.2738
    OK ch=5 v=0.1899
    OK ch=7 v=0.2115
    OK ch=1 v=0.3255
    OK ch=3 v=0.2667
    OK ch=5 v=0.1945
    OK ch=7 v=0.2129
    OK ch=1 v=0.3608
    OK ch=3 v=0.2716
    OK ch=5 v=0.1893
    OK ch=7 v=0.2145
    OK ch=1 v=0.3304
    OK ch=3 v=0.2689
    OK ch=5 v=0.1911
    OK ch=7 v=0.2098
    OK ch=1 v=0.3435
    OK ch=3 v=0.2660
    OK ch=7 v=0.2116
    OK ch=1 v=0.3395
    OK ch=3 v=0.2644
    OK ch=5 v=0.1866
    OK ch=1 v=0.3632
    OK ch=3 v=0.2708
    OK ch=5 v=0.1828
    OK ch=7 v=0.2092
    OK ch=1 v=0.3710
    OK ch=3 v=0.2743
    OK ch=5 v=0.1752
    OK ch=7 v=0.2131
    OK ch=1 v=0.3724
    OK ch=3 v=0.2767
    OK ch=5 v=0.1763
    OK ch=1 v=0.3782
    OK ch=3 v=0.2733
    OK ch=5 v=0.1783
    OK ch=7 v=0.2147
    OK ch=1 v=0.3688
    OK ch=3 v=0.2758
    OK ch=5 v=0.1706
    OK ch=7 v=0.2164
    OK ch=1 v=0.3738
    OK ch=3 v=0.2783
    OK ch=5 v=0.1692
    OK ch=7 v=0.2196
    OK ch=1 v=0.3482
    OK ch=3 v=0.2742
    OK ch=5 v=0.1709
    OK ch=1 v=0.3676
    OK ch=3 v=0.2713
    OK ch=5 v=0.1675
    OK ch=7 v=0.2235
    OK ch=1 v=0.3699
    OK ch=3 v=0.2767
    OK ch=5 v=0.1655
    OK ch=7 v=0.2220
[  165.7s] DAMPING     ch0:.... g=-0.0300 bp=-0.019V ratio=0.14  ch1:.... g=-0.0300 bp=-0.011V ratio=0.11  ch2:.... g=+0.0100 bp=-0.004V ratio=0.20  ch3:.... g=-0.0300 bp=-0.004V ratio=0.12
    OK ch=3 v=0.2806
    OK ch=5 v=0.1634
    OK ch=7 v=0.2244
    OK ch=1 v=0.3704
    OK ch=3 v=0.2845
    OK ch=5 v=0.1672
    OK ch=7 v=0.2214
    OK ch=1 v=0.3764
    OK ch=3 v=0.2807
    OK ch=5 v=0.1697
    OK ch=7 v=0.2221
    OK ch=1 v=0.3989
    OK ch=5 v=0.1640
    OK ch=1 v=0.3753
    OK ch=3 v=0.2771
    OK ch=5 v=0.1658
    OK ch=7 v=0.2184
    OK ch=1 v=0.3796
    OK ch=3 v=0.2803
    OK ch=5 v=0.1735
    OK ch=7 v=0.2172
    OK ch=1 v=0.3583
    OK ch=3 v=0.2749
    OK ch=5 v=0.1755
    OK ch=7 v=0.2198
    OK ch=1 v=0.3354
    OK ch=3 v=0.2630
    OK ch=5 v=0.1780
    OK ch=7 v=0.2164
    OK ch=1 v=0.3525
    OK ch=3 v=0.2706
    OK ch=5 v=0.1767
    OK ch=1 v=0.3531
    OK ch=3 v=0.2673
    OK ch=5 v=0.1796
    OK ch=7 v=0.2151
    OK ch=1 v=0.3435
    OK ch=3 v=0.2763
    OK ch=5 v=0.1862
    OK ch=7 v=0.2104
    OK ch=1 v=0.3497
    OK ch=3 v=0.2682
    OK ch=5 v=0.1822
    OK ch=7 v=0.2093
    OK ch=1 v=0.3652
    OK ch=3 v=0.2728
    OK ch=5 v=0.1832
    OK ch=7 v=0.2130
    OK ch=1 v=0.3498
    OK ch=3 v=0.2723
    OK ch=5 v=0.1872
    OK ch=1 v=0.3695
    OK ch=5 v=0.1850
    OK ch=7 v=0.2140
    OK ch=1 v=0.3845
    OK ch=3 v=0.2740
    OK ch=5 v=0.1841
    OK ch=1 v=0.3581
    OK ch=3 v=0.2762
    OK ch=1 v=0.3729
    OK ch=3 v=0.2754
    OK ch=5 v=0.1820
    OK ch=7 v=0.2156
    OK ch=1 v=0.3746
    OK ch=3 v=0.2763
    OK ch=5 v=0.1808
    OK ch=7 v=0.2181
    OK ch=1 v=0.3595
    OK ch=3 v=0.2703
    OK ch=5 v=0.1771
    OK ch=7 v=0.2136
    OK ch=1 v=0.3342
    OK ch=3 v=0.2711
    OK ch=5 v=0.1723
    OK ch=7 v=0.2188
    OK ch=1 v=0.3603
    OK ch=3 v=0.2730
    OK ch=5 v=0.1777
    OK ch=7 v=0.2146
    OK ch=1 v=0.4004
    OK ch=3 v=0.2754
    OK ch=5 v=0.1708
    OK ch=7 v=0.2160
    OK ch=1 v=0.3601
    OK ch=3 v=0.2771
    OK ch=5 v=0.1642
    OK ch=7 v=0.2190
    OK ch=1 v=0.3899
    OK ch=3 v=0.2895
    OK ch=5 v=0.1657
    OK ch=7 v=0.2224
    OK ch=1 v=0.3647
    OK ch=3 v=0.2817
    OK ch=5 v=0.1671
    OK ch=7 v=0.2209
    OK ch=1 v=0.3720
    OK ch=3 v=0.2762
    OK ch=5 v=0.1713
    OK ch=7 v=0.2178
    OK ch=1 v=0.3868
    OK ch=3 v=0.2847
    OK ch=5 v=0.1680
    OK ch=7 v=0.2190
    OK ch=1 v=0.3558
    OK ch=3 v=0.2740
    OK ch=5 v=0.1722
    OK ch=7 v=0.2182
    OK ch=1 v=0.3788
    OK ch=3 v=0.2799
    OK ch=5 v=0.1759
    OK ch=7 v=0.2208
    OK ch=1 v=0.3500
    OK ch=3 v=0.2670
    OK ch=5 v=0.1721
    OK ch=7 v=0.2184
    OK ch=1 v=0.3455
    OK ch=3 v=0.2775
    OK ch=5 v=0.1760
    OK ch=7 v=0.2170
    OK ch=1 v=0.3616
    OK ch=3 v=0.2747
    OK ch=5 v=0.1795
    OK ch=7 v=0.2164
    OK ch=1 v=0.3677
    OK ch=5 v=0.1826
    OK ch=7 v=0.2150
    OK ch=1 v=0.3701
    OK ch=3 v=0.2712
    OK ch=5 v=0.1808
    OK ch=7 v=0.2138
    OK ch=1 v=0.3393
    OK ch=3 v=0.2703
    OK ch=5 v=0.1769
    OK ch=7 v=0.2145
    OK ch=1 v=0.3764
    OK ch=3 v=0.2739
    OK ch=5 v=0.1818
    OK ch=1 v=0.3742
    OK ch=3 v=0.2725
    OK ch=5 v=0.1871
    OK ch=7 v=0.2124
    OK ch=1 v=0.3410
    OK ch=3 v=0.2602
    OK ch=5 v=0.1826
    OK ch=7 v=0.2136
    OK ch=1 v=0.3364
    OK ch=3 v=0.2715
    OK ch=5 v=0.1816
    OK ch=7 v=0.2127
    OK ch=1 v=0.3534
    OK ch=3 v=0.2752
    OK ch=5 v=0.1810
    OK ch=7 v=0.2154
    OK ch=1 v=0.3696
    OK ch=3 v=0.2726
    OK ch=5 v=0.1782
    OK ch=7 v=0.2166
    OK ch=1 v=0.3821
    OK ch=3 v=0.2744
    OK ch=5 v=0.1756
    OK ch=1 v=0.3584
    OK ch=3 v=0.2763
    OK ch=5 v=0.1723
    OK ch=7 v=0.2184
    OK ch=1 v=0.3515
    OK ch=3 v=0.2730
    OK ch=5 v=0.1746
    OK ch=7 v=0.2171
    OK ch=1 v=0.3785
    OK ch=3 v=0.2779
    OK ch=5 v=0.1781
    OK ch=1 v=0.3678
    OK ch=3 v=0.2757
    OK ch=5 v=0.1708
    OK ch=7 v=0.2180
    OK ch=1 v=0.3573
    OK ch=3 v=0.2727
    OK ch=5 v=0.1702
    OK ch=1 v=0.3526
    OK ch=3 v=0.2704
    OK ch=5 v=0.1721
    OK ch=1 v=0.3740
    OK ch=3 v=0.2772
    OK ch=5 v=0.1695
    OK ch=7 v=0.2196
    OK ch=1 v=0.3773
    OK ch=3 v=0.2805
    OK ch=5 v=0.1682
    OK ch=7 v=0.2190
    OK ch=1 v=0.3640
    OK ch=3 v=0.2814
    OK ch=5 v=0.1710
    OK ch=7 v=0.2180
    OK ch=1 v=0.3661
    OK ch=3 v=0.2745
    OK ch=5 v=0.1735
    OK ch=7 v=0.2172
    OK ch=1 v=0.3681
    OK ch=3 v=0.2766
    OK ch=5 v=0.1755
    OK ch=1 v=0.3661
    OK ch=3 v=0.2740
    OK ch=5 v=0.1731
    OK ch=7 v=0.2177
    OK ch=1 v=0.3949
    OK ch=3 v=0.2816
    OK ch=7 v=0.2210
    OK ch=1 v=0.3501
    OK ch=3 v=0.2761
    OK ch=5 v=0.1786
    OK ch=7 v=0.2177
    OK ch=1 v=0.3733
    OK ch=3 v=0.2775
    OK ch=5 v=0.1807
    OK ch=1 v=0.3495
    OK ch=3 v=0.2744
    OK ch=5 v=0.1770
    OK ch=7 v=0.2147
    OK ch=1 v=0.3820
    OK ch=7 v=0.2122
    OK ch=1 v=0.3696
    OK ch=3 v=0.2700
    OK ch=5 v=0.1792
    OK ch=1 v=0.3627
    OK ch=3 v=0.2693
    OK ch=5 v=0.1799
    OK ch=7 v=0.2149
    OK ch=1 v=0.3295
    OK ch=3 v=0.2629
    OK ch=5 v=0.1833
    OK ch=7 v=0.2139
    OK ch=1 v=0.3601
    OK ch=3 v=0.2777
    OK ch=5 v=0.1786
    OK ch=7 v=0.2182
    OK ch=1 v=0.3606
    OK ch=5 v=0.1744
    OK ch=7 v=0.2162
    OK ch=1 v=0.3655
    OK ch=3 v=0.2754
    OK ch=5 v=0.1784
    OK ch=1 v=0.3631
    OK ch=3 v=0.2736
    OK ch=5 v=0.1817
    OK ch=7 v=0.2138
    OK ch=3 v=0.2724
    OK ch=7 v=0.2132
    OK ch=1 v=0.3472
    OK ch=5 v=0.1797
    OK ch=7 v=0.2138
    OK ch=1 v=0.3604
    OK ch=3 v=0.2734
    OK ch=5 v=0.1755
    OK ch=7 v=0.2161
    OK ch=1 v=0.3597
    OK ch=3 v=0.2708
    OK ch=7 v=0.2171
    OK ch=1 v=0.3528
    OK ch=3 v=0.2715
    OK ch=5 v=0.1769
    OK ch=1 v=0.3738
    OK ch=3 v=0.2776
    OK ch=5 v=0.1755
    OK ch=1 v=0.3818
    OK ch=3 v=0.2829
    OK ch=5 v=0.1696
    OK ch=7 v=0.2183
    OK ch=1 v=0.3836
    OK ch=3 v=0.2762
    OK ch=5 v=0.1745
    OK ch=7 v=0.2168
    OK ch=1 v=0.3486
    OK ch=3 v=0.2687
    OK ch=7 v=0.2177
    OK ch=1 v=0.3706
    OK ch=3 v=0.2764
    OK ch=5 v=0.1698
    OK ch=7 v=0.2211
    OK ch=1 v=0.3766
    OK ch=3 v=0.2857
    OK ch=5 v=0.1717
    OK ch=7 v=0.2191
    OK ch=1 v=0.3728
    OK ch=3 v=0.2787
    OK ch=5 v=0.1735
    OK ch=1 v=0.3621
    OK ch=3 v=0.2713
    OK ch=5 v=0.1743
    OK ch=7 v=0.2181
    OK ch=1 v=0.3758
    OK ch=3 v=0.2763
    OK ch=5 v=0.1730
    OK ch=7 v=0.2149
    OK ch=1 v=0.3607
    OK ch=3 v=0.2706
    OK ch=5 v=0.1712
    OK ch=7 v=0.2171
    OK ch=1 v=0.3840
    OK ch=3 v=0.2791
    OK ch=5 v=0.1769
    OK ch=7 v=0.2161
    OK ch=1 v=0.3455
    OK ch=3 v=0.2708
    OK ch=5 v=0.1785
    OK ch=7 v=0.2172
    OK ch=1 v=0.3294
    OK ch=3 v=0.2683
    OK ch=5 v=0.1766
    OK ch=7 v=0.2159
    OK ch=1 v=0.3785
    OK ch=3 v=0.2853
    OK ch=5 v=0.1540
    OK ch=7 v=0.2298
    OK ch=1 v=0.3845
    OK ch=3 v=0.2843
    OK ch=5 v=0.1012
    OK ch=7 v=0.2499
    OK ch=1 v=0.4149
    OK ch=3 v=0.3047
    OK ch=5 v=0.1708
    OK ch=7 v=0.2011
    OK ch=1 v=0.5000
    OK ch=3 v=0.3927
    OK ch=5 v=0.2588
    OK ch=7 v=0.1131
    OK ch=3 v=0.3692
    OK ch=5 v=0.3523
    OK ch=7 v=0.0196
    OK ch=3 v=0.4412
    OK ch=5 v=0.2802
    OK ch=7 v=0.0916
    OK ch=1 v=0.4339
    OK ch=3 v=0.3752
    OK ch=5 v=0.2142
    OK ch=7 v=0.1577
    OK ch=1 v=0.3459
    OK ch=3 v=0.2871
    OK ch=5 v=0.1261
    OK ch=7 v=0.2457
    OK ch=1 v=0.2575
    OK ch=3 v=0.1987
    OK ch=5 v=0.0378
    OK ch=7 v=0.3341
    OK ch=1 v=0.1700
    OK ch=3 v=0.1112
    OK ch=5 v=0.1067
    OK ch=7 v=0.4216
    OK ch=1 v=0.2637
    OK ch=3 v=0.2049
    OK ch=5 v=0.2004
    OK ch=7 v=0.3279
    OK ch=1 v=0.3522
    OK ch=3 v=0.2934
    OK ch=5 v=0.2890
    OK ch=7 v=0.2394
    OK ch=1 v=0.4401
    OK ch=3 v=0.3813
    OK ch=5 v=0.2011
    OK ch=7 v=0.2086
    OK ch=1 v=0.5000
    OK ch=3 v=0.3621
    OK ch=5 v=0.1129
    OK ch=7 v=0.2968
    OK ch=1 v=0.4121
    OK ch=3 v=0.2741
    OK ch=5 v=0.0250
    OK ch=7 v=0.3847
    OK ch=1 v=0.3242
    OK ch=3 v=0.1863
    OK ch=5 v=0.0000
    OK ch=7 v=0.2969
    OK ch=1 v=0.4182
    OK ch=3 v=0.1136
    OK ch=5 v=0.0939
    OK ch=7 v=0.2030
    OK ch=1 v=0.5000
    OK ch=3 v=0.2073
    OK ch=5 v=0.1876
    OK ch=7 v=0.1093
    OK ch=3 v=0.2954
    OK ch=5 v=0.1595
    OK ch=7 v=0.0212
    OK ch=3 v=0.3668
    OK ch=5 v=0.0881
    OK ch=7 v=0.0926
    OK ch=1 v=0.4282
    OK ch=3 v=0.2950
    OK ch=5 v=0.0470
    OK ch=7 v=0.1644
    OK ch=1 v=0.3346
    OK ch=3 v=0.2014
    OK ch=5 v=0.0856
    OK ch=7 v=0.2580
    OK ch=1 v=0.2463
    OK ch=3 v=0.1130
    OK ch=5 v=0.1328
    OK ch=7 v=0.3430
    OK ch=1 v=0.3455
    OK ch=3 v=0.1477
    OK ch=5 v=0.1164
    OK ch=7 v=0.4422
    OK ch=1 v=0.4443
    OK ch=3 v=0.2466
    OK ch=5 v=0.0176
    OK ch=7 v=0.5000
    OK ch=1 v=0.5000
    OK ch=3 v=0.3353
    OK ch=5 v=0.1063
    OK ch=7 v=0.4113
    OK ch=3 v=0.4234
    OK ch=5 v=0.1944
    OK ch=7 v=0.3232
    OK ch=1 v=0.4939
    OK ch=3 v=0.4944
    OK ch=5 v=0.1935
    OK ch=7 v=0.2522
    OK ch=1 v=0.5000
    OK ch=3 v=0.5000
    OK ch=5 v=0.1197
    OK ch=7 v=0.1585
    OK ch=3 v=0.4063
    OK ch=5 v=0.0261
    OK ch=7 v=0.1429
    OK ch=3 v=0.3292
    OK ch=5 v=0.0000
    OK ch=7 v=0.1181
    OK ch=1 v=0.4373
    OK ch=3 v=0.2344
    OK ch=5 v=0.0949
    OK ch=7 v=0.1022
    OK ch=1 v=0.3392
    OK ch=3 v=0.1713
    OK ch=5 v=0.1711
    OK ch=7 v=0.1565
    OK ch=1 v=0.2469
    OK ch=3 v=0.1745
    OK ch=5 v=0.1427
    OK ch=7 v=0.2175
    OK ch=1 v=0.1585
    OK ch=3 v=0.1498
    OK ch=5 v=0.2311
    OK ch=7 v=0.2793
[  170.7s] DAMPING     ch0:.... g=-0.0350 bp=+1.207V ratio=2.28  ch1:.... g=-0.0350 bp=+0.189V ratio=2.68  ch2:.... g=+0.0120 bp=+0.733V ratio=1.31  ch3:.... g=-0.0350 bp=-0.023V ratio=2.93
    OK ch=1 v=0.0709
    OK ch=3 v=0.1289
    OK ch=5 v=0.3068
    OK ch=7 v=0.2759
    OK ch=1 v=0.0000
    OK ch=3 v=0.1115
    OK ch=5 v=0.3126
    OK ch=7 v=0.2841
    OK ch=3 v=0.1126
    OK ch=5 v=0.2986
    OK ch=7 v=0.2935
    OK ch=3 v=0.1241
    OK ch=5 v=0.3652
    OK ch=7 v=0.2539
    OK ch=1 v=0.0712
    OK ch=3 v=0.1268
    OK ch=5 v=0.3286
    OK ch=7 v=0.2704
    OK ch=1 v=0.1593
    OK ch=3 v=0.1452
    OK ch=5 v=0.2405
    OK ch=7 v=0.2262
    OK ch=1 v=0.2477
    OK ch=3 v=0.2335
    OK ch=5 v=0.1521
    OK ch=7 v=0.2180
    OK ch=1 v=0.3411
    OK ch=3 v=0.2002
    OK ch=5 v=0.0801
    OK ch=7 v=0.2019
    OK ch=1 v=0.4243
    OK ch=3 v=0.2833
    OK ch=5 v=0.0913
    OK ch=7 v=0.1983
    OK ch=1 v=0.4136
    OK ch=3 v=0.2289
    OK ch=5 v=0.1845
    OK ch=7 v=0.1050
    OK ch=1 v=0.4096
    OK ch=3 v=0.3173
    OK ch=5 v=0.1744
    OK ch=7 v=0.0617
    OK ch=1 v=0.4932
    OK ch=3 v=0.4009
    OK ch=5 v=0.1765
    OK ch=7 v=0.0902
    OK ch=1 v=0.5000
    OK ch=3 v=0.4531
    OK ch=5 v=0.1410
    OK ch=7 v=0.1769
    OK ch=3 v=0.5000
    OK ch=5 v=0.1271
    OK ch=7 v=0.1780
    OK ch=3 v=0.4456
    OK ch=5 v=0.1330
    OK ch=7 v=0.2503
    OK ch=1 v=0.4558
    OK ch=3 v=0.3756
    OK ch=5 v=0.1784
    OK ch=7 v=0.3122
    OK ch=1 v=0.3620
    OK ch=3 v=0.2818
    OK ch=5 v=0.1905
    OK ch=7 v=0.3783
    OK ch=1 v=0.2626
    OK ch=3 v=0.1960
    OK ch=5 v=0.1800
    OK ch=7 v=0.3198
    OK ch=1 v=0.1747
    OK ch=3 v=0.1134
    OK ch=5 v=0.0920
    OK ch=7 v=0.4078
    OK ch=1 v=0.0919
    OK ch=3 v=0.0872
    OK ch=5 v=0.0292
    OK ch=7 v=0.3583
    OK ch=1 v=0.0000
    OK ch=3 v=0.0115
    OK ch=5 v=0.0374
    OK ch=7 v=0.2720
    OK ch=1 v=0.0941
    OK ch=3 v=0.1056
    OK ch=5 v=0.1315
    OK ch=7 v=0.1779
    OK ch=1 v=0.1873
    OK ch=3 v=0.1988
    OK ch=5 v=0.2247
    OK ch=7 v=0.0846
    OK ch=1 v=0.2761
    OK ch=3 v=0.2876
    OK ch=5 v=0.3135
    OK ch=7 v=0.1250
    OK ch=1 v=0.3640
    OK ch=3 v=0.2977
    OK ch=5 v=0.2257
    OK ch=7 v=0.0372
    OK ch=1 v=0.3006
    OK ch=3 v=0.2543
    OK ch=5 v=0.1377
    OK ch=7 v=0.1226
    OK ch=1 v=0.2306
    OK ch=5 v=0.0726
    OK ch=7 v=0.2107
    OK ch=1 v=0.1589
    OK ch=3 v=0.1827
    OK ch=5 v=0.0833
    OK ch=7 v=0.2824
    OK ch=1 v=0.2470
    OK ch=3 v=0.2500
    OK ch=5 v=0.1714
    OK ch=7 v=0.2500

!! ch3 runaway/saturation -- freezing all channels, entering FAULT.

    OK ch=1 v=0.2500
    OK ch=5 v=0.2500
[  175.7s] FAULT       ch0:.... g=+0.0000 bp=-2.313V ratio=1.83  ch1:.... g=+0.0000 bp=-0.343V ratio=1.87  ch2:.... g=+0.0000 bp=+0.256V ratio=0.99  ch3:.... g=+0.0000 bp=+1.158V ratio=2.03

[recovered] all channels clear for 5s -- re-calibrating and resuming.

[  180.7s] CALIBRATING ch0:.... g=+0.0000 bp=-1.185V ratio=0.00  ch1:.... g=+0.0000 bp=+0.245V ratio=0.00  ch2:.... g=+0.0000 bp=-0.849V ratio=0.00  ch3:.... g=+0.0000 bp=-0.104V ratio=0.00
[  185.7s] CALIBRATING ch0:.... g=+0.0000 bp=-0.251V ratio=0.00  ch1:.... g=+0.0000 bp=-0.618V ratio=0.00  ch2:.... g=+0.0000 bp=+1.271V ratio=0.00  ch3:.... g=+0.0000 bp=-0.050V ratio=0.00
[  190.7s] CALIBRATING ch0:.... g=+0.0000 bp=+0.716V ratio=0.00  ch1:.... g=+0.0000 bp=-0.597V ratio=0.00  ch2:.... g=+0.0000 bp=+0.802V ratio=0.00  ch3:.... g=+0.0000 bp=-0.440V ratio=0.00
[  195.7s] CALIBRATING ch0:.... g=+0.0000 bp=+0.461V ratio=0.00  ch1:.... g=+0.0000 bp=+0.319V ratio=0.00  ch2:.... g=+0.0000 bp=-0.595V ratio=0.00  ch3:.... g=+0.0000 bp=-0.100V ratio=0.00
    OK ch=1 v=0.2494
    OK ch=3 v=0.2507
    OK ch=5 v=0.2513

[DAMPING] baseline set (ch0=0.8284V, ch1=0.4388V, ch2=0.9218V, ch3=0.4804V). Gain schedules -0.035 -> -0.030...

    OK ch=1 v=0.2507
    OK ch=3 v=0.2207
    OK ch=5 v=0.2634
    OK ch=7 v=0.2215
    OK ch=1 v=0.2444
    OK ch=3 v=0.1870
    OK ch=5 v=0.2381
    OK ch=7 v=0.1545
    OK ch=1 v=0.2672
    OK ch=3 v=0.1792
    OK ch=5 v=0.2497
    OK ch=7 v=0.2295
    OK ch=1 v=0.3087
    OK ch=3 v=0.1985
    OK ch=5 v=0.2029
    OK ch=7 v=0.2264
    OK ch=1 v=0.3069
    OK ch=3 v=0.1973
    OK ch=5 v=0.1727
    OK ch=7 v=0.2074
    OK ch=1 v=0.2804
    OK ch=3 v=0.1344
    OK ch=5 v=0.1869
    OK ch=7 v=0.1689
    OK ch=1 v=0.2887
    OK ch=3 v=0.2017
    OK ch=5 v=0.1956
    OK ch=7 v=0.1607
    OK ch=1 v=0.2248
    OK ch=3 v=0.1626
    OK ch=5 v=0.2261
    OK ch=7 v=0.1658
    OK ch=1 v=0.1838
    OK ch=3 v=0.1898
    OK ch=5 v=0.2633
    OK ch=7 v=0.2236
    OK ch=1 v=0.1194
    OK ch=3 v=0.2343
    OK ch=5 v=0.2815
    OK ch=7 v=0.2761
    OK ch=1 v=0.0745
    OK ch=3 v=0.2679
    OK ch=5 v=0.3294
    OK ch=7 v=0.3307
    OK ch=1 v=0.0764
    OK ch=3 v=0.2946
    OK ch=5 v=0.3007
    OK ch=7 v=0.3525
    OK ch=1 v=0.1571
    OK ch=3 v=0.3056
    OK ch=5 v=0.2691
    OK ch=7 v=0.3695
    OK ch=1 v=0.2416
    OK ch=3 v=0.2966
    OK ch=5 v=0.2427
    OK ch=7 v=0.3527
    OK ch=1 v=0.3054
    OK ch=3 v=0.2691
    OK ch=5 v=0.2141
    OK ch=7 v=0.3016
    OK ch=1 v=0.3003
    OK ch=3 v=0.2316
    OK ch=5 v=0.1865
    OK ch=7 v=0.2421

Stopped by user.
    9,557,779,731
Returning DAC outputs to bias voltages...
    OK ch=1 v=0.2885
    OK ch=1 v=0.2500
    OK ch=3 v=0.2500
    OK ch=5 v=0.2500
Connection closed.
Log saved to data/20260804_112355_fast_lock.csv
