==========================================================================
  version   : v5 (untested)
  fixes     : saturation-latch, rail-threshold, runaway-baseline, auto-disable, fast-refault
  channels  : 4 on of 4 -- [True, True, True, True]
  coil map  : [1, 3, 5, 7]
  Kp        : steady [np.float64(-0.03), np.float64(-0.03), np.float64(0.01), np.float64(-0.03)]
  Ki / Kd   : -0.04 / -0.0015
  calib     : 20 s     run length: 240 s
  kicks at  : [60.0, 120.0, 180.0]
==========================================================================
Connected on /dev/cu.usbserial-1120
    OK ch=1 v=0.2500
    OK ch=3 v=0.2500
    OK ch=5 v=0.2500
    OK ch=7 v=0.2500
DAC biases set. Press Enter to start fast-lock damping (Ctrl+C to stop)...     STREAMING
Logging to data/20260804_134033_fast_lock.csv

[CALIBRATING] measuring baseline noise for 20s (outputs held at bias, no damping yet)...

    OK ch=1 v=0.2500
    OK ch=3 v=0.2500
    OK ch=5 v=0.2500
    OK ch=7 v=0.2500
[    0.0s] CALIBRATING ch0:.... g=+0.0000 bp=+0.000V ratio=0.00  ch1:.... g=+0.0000 bp=+0.000V ratio=0.00  ch2:.... g=+0.0000 bp=+0.000V ratio=0.00  ch3:.... g=+0.0000 bp=+0.000V ratio=0.00
[    5.0s] CALIBRATING ch0:.... g=+0.0000 bp=+0.208V ratio=0.00  ch1:.... g=+0.0000 bp=+0.198V ratio=0.00  ch2:.... g=+0.0000 bp=-0.169V ratio=0.00  ch3:.... g=+0.0000 bp=+0.020V ratio=0.00
[   10.0s] CALIBRATING ch0:.... g=+0.0000 bp=-0.001V ratio=0.00  ch1:.... g=+0.0000 bp=-0.070V ratio=0.00  ch2:.... g=+0.0000 bp=+0.491V ratio=0.00  ch3:.... g=+0.0000 bp=+0.085V ratio=0.00
[   15.0s] CALIBRATING ch0:.... g=+0.0000 bp=+0.331V ratio=0.00  ch1:.... g=+0.0000 bp=+0.056V ratio=0.00  ch2:.... g=+0.0000 bp=+0.051V ratio=0.00  ch3:.... g=+0.0000 bp=-0.102V ratio=0.00

[DAMPING] baseline set (ch0=0.1592V, ch1=0.0930V, ch2=0.2336V, ch3=0.0734V). Gain schedules -0.035 -> -0.030...

    OK ch=1 v=0.2433
    OK ch=5 v=0.2525
[   20.0s] DAMPING     ch0:.... g=-0.0002 bp=-0.057V ratio=0.36  ch1:.... g=-0.0002 bp=-0.076V ratio=0.82  ch2:.... g=+0.0002 bp=+0.363V ratio=1.55  ch3:.... g=-0.0002 bp=+0.078V ratio=1.07
    OK ch=1 v=0.2453
    OK ch=3 v=0.2537
    OK ch=5 v=0.2565
    OK ch=7 v=0.2518
    OK ch=3 v=0.2544
    OK ch=5 v=0.2611
    OK ch=7 v=0.2537
    OK ch=1 v=0.2441
    OK ch=3 v=0.2533
    OK ch=1 v=0.2598
    OK ch=3 v=0.2564
    OK ch=5 v=0.2601
    OK ch=7 v=0.2527
    OK ch=3 v=0.2554
    OK ch=5 v=0.2594
    OK ch=7 v=0.2499
    OK ch=1 v=0.2516
    OK ch=3 v=0.2497
    OK ch=5 v=0.2566
    OK ch=7 v=0.2463
    OK ch=1 v=0.2569
    OK ch=3 v=0.2465
    OK ch=7 v=0.2414
    OK ch=1 v=0.2597
    OK ch=3 v=0.2471
    OK ch=7 v=0.2388
    OK ch=1 v=0.2558
    OK ch=3 v=0.2451
    OK ch=5 v=0.2584
    OK ch=7 v=0.2373
    OK ch=1 v=0.2492
    OK ch=3 v=0.2435
    OK ch=5 v=0.2634
    OK ch=7 v=0.2357
    OK ch=1 v=0.2402
    OK ch=3 v=0.2451
    OK ch=5 v=0.2709
    OK ch=1 v=0.2588
    OK ch=3 v=0.2472
    OK ch=5 v=0.2787
    OK ch=7 v=0.2363
    OK ch=1 v=0.2636
    OK ch=3 v=0.2552
    OK ch=5 v=0.2879
    OK ch=7 v=0.2410
    OK ch=1 v=0.2323
    OK ch=3 v=0.2574
    OK ch=5 v=0.2969
    OK ch=7 v=0.2440
    OK ch=1 v=0.2567
    OK ch=3 v=0.2622
    OK ch=5 v=0.3067
    OK ch=7 v=0.2481
    OK ch=1 v=0.2454
    OK ch=3 v=0.2664
    OK ch=5 v=0.3045
    OK ch=7 v=0.2520
    OK ch=1 v=0.2552
    OK ch=3 v=0.2681
    OK ch=5 v=0.2962
    OK ch=7 v=0.2529
    OK ch=1 v=0.2640
    OK ch=3 v=0.2708
    OK ch=5 v=0.2846
    OK ch=1 v=0.2558
    OK ch=3 v=0.2675
    OK ch=5 v=0.2714
    OK ch=7 v=0.2523
    OK ch=1 v=0.2504
    OK ch=3 v=0.2591
    OK ch=5 v=0.2598
    OK ch=7 v=0.2494
    OK ch=1 v=0.2529
    OK ch=3 v=0.2554
    OK ch=5 v=0.2506
    OK ch=1 v=0.2425
    OK ch=3 v=0.2474
    OK ch=5 v=0.2454
    OK ch=7 v=0.2465
    OK ch=1 v=0.2562
    OK ch=3 v=0.2447
    OK ch=5 v=0.2378
    OK ch=7 v=0.2431
    OK ch=1 v=0.2876
    OK ch=3 v=0.2506
    OK ch=5 v=0.2332
    OK ch=7 v=0.2437
    OK ch=1 v=0.2970
    OK ch=3 v=0.2491
    OK ch=5 v=0.2319
    OK ch=1 v=0.2867
    OK ch=3 v=0.2502
    OK ch=5 v=0.2329
    OK ch=7 v=0.2456
    OK ch=1 v=0.2607
    OK ch=3 v=0.2489
    OK ch=5 v=0.2391
    OK ch=7 v=0.2521
    OK ch=1 v=0.2612
    OK ch=3 v=0.2515
    OK ch=5 v=0.2483
    OK ch=7 v=0.2591
    OK ch=1 v=0.2181
    OK ch=3 v=0.2550
    OK ch=5 v=0.2597
    OK ch=7 v=0.2616
    OK ch=1 v=0.2332
    OK ch=3 v=0.2574
    OK ch=5 v=0.2666
    OK ch=7 v=0.2632
    OK ch=1 v=0.1736
    OK ch=3 v=0.2485
    OK ch=5 v=0.2693
    OK ch=7 v=0.2649
    OK ch=1 v=0.2083
    OK ch=3 v=0.2561
    OK ch=5 v=0.2675
    OK ch=7 v=0.2627
    OK ch=1 v=0.2019
    OK ch=3 v=0.2494
    OK ch=7 v=0.2586
    OK ch=1 v=0.2060
    OK ch=3 v=0.2402
    OK ch=7 v=0.2528
    OK ch=1 v=0.2335
    OK ch=3 v=0.2463
    OK ch=5 v=0.2653
    OK ch=7 v=0.2467
    OK ch=1 v=0.2506
    OK ch=3 v=0.2420
    OK ch=5 v=0.2621
    OK ch=7 v=0.2445
    OK ch=1 v=0.2728
    OK ch=3 v=0.2460
    OK ch=5 v=0.2599
    OK ch=7 v=0.2420
    OK ch=1 v=0.2690
    OK ch=3 v=0.2387
    OK ch=5 v=0.2622
    OK ch=7 v=0.2370
    OK ch=1 v=0.2677
    OK ch=3 v=0.2417
    OK ch=5 v=0.2650
    OK ch=7 v=0.2361
    OK ch=1 v=0.2291
    OK ch=3 v=0.2381
    OK ch=5 v=0.2660
    OK ch=7 v=0.2350
    OK ch=1 v=0.2737
    OK ch=3 v=0.2493
    OK ch=7 v=0.2393
    OK ch=1 v=0.2628
    OK ch=3 v=0.2582
    OK ch=5 v=0.2702
    OK ch=7 v=0.2428
    OK ch=1 v=0.2432
    OK ch=5 v=0.2722
    OK ch=7 v=0.2460
    OK ch=1 v=0.2293
    OK ch=5 v=0.2744
    OK ch=7 v=0.2490
    OK ch=1 v=0.2649
    OK ch=3 v=0.2646
    OK ch=5 v=0.2724
    OK ch=7 v=0.2512
    OK ch=1 v=0.2628
    OK ch=3 v=0.2711
    OK ch=5 v=0.2709
    OK ch=7 v=0.2523
    OK ch=1 v=0.2711
    OK ch=3 v=0.2718
    OK ch=5 v=0.2702
    OK ch=7 v=0.2500
    OK ch=1 v=0.2612
    OK ch=3 v=0.2733
    OK ch=5 v=0.2686
    OK ch=1 v=0.2822
    OK ch=3 v=0.2746
    OK ch=5 v=0.2661
    OK ch=7 v=0.2512
    OK ch=1 v=0.2636
    OK ch=3 v=0.2695
    OK ch=5 v=0.2626
    OK ch=7 v=0.2491
    OK ch=1 v=0.2721
    OK ch=3 v=0.2620
    OK ch=5 v=0.2599
    OK ch=7 v=0.2484
    OK ch=1 v=0.2901
    OK ch=3 v=0.2669
    OK ch=5 v=0.2561
    OK ch=7 v=0.2456
    OK ch=1 v=0.3029
    OK ch=3 v=0.2581
    OK ch=5 v=0.2585
    OK ch=7 v=0.2398
    OK ch=1 v=0.2754
    OK ch=3 v=0.2563
    OK ch=5 v=0.2600
    OK ch=7 v=0.2419
    OK ch=1 v=0.2575
    OK ch=3 v=0.2475
    OK ch=5 v=0.2622
    OK ch=7 v=0.2437
    OK ch=1 v=0.2710
    OK ch=3 v=0.2574
    OK ch=5 v=0.2637
    OK ch=7 v=0.2461
    OK ch=1 v=0.2468
    OK ch=3 v=0.2546
    OK ch=5 v=0.2670
    OK ch=7 v=0.2453
    OK ch=1 v=0.2347
    OK ch=3 v=0.2439
    OK ch=5 v=0.2691
    OK ch=1 v=0.2059
    OK ch=5 v=0.2727
    OK ch=7 v=0.2479
    OK ch=1 v=0.2097
    OK ch=3 v=0.2478
    OK ch=5 v=0.2748
    OK ch=7 v=0.2503
    OK ch=1 v=0.2587
    OK ch=3 v=0.2559
    OK ch=5 v=0.2714
    OK ch=7 v=0.2493
    OK ch=1 v=0.2456
    OK ch=3 v=0.2578
    OK ch=5 v=0.2693
    OK ch=7 v=0.2526
    OK ch=1 v=0.2205
    OK ch=3 v=0.2462
    OK ch=5 v=0.2677
    OK ch=7 v=0.2519
    OK ch=1 v=0.2129
    OK ch=3 v=0.2454
    OK ch=5 v=0.2649
    OK ch=7 v=0.2529
    OK ch=1 v=0.2136
    OK ch=3 v=0.2433
    OK ch=5 v=0.2624
    OK ch=7 v=0.2514
    OK ch=1 v=0.2097
    OK ch=3 v=0.2509
    OK ch=5 v=0.2587
    OK ch=7 v=0.2488
    OK ch=1 v=0.2706
    OK ch=3 v=0.2451
    OK ch=5 v=0.2570
    OK ch=7 v=0.2468
    OK ch=1 v=0.2929
    OK ch=3 v=0.2551
    OK ch=5 v=0.2560
    OK ch=7 v=0.2481
    OK ch=1 v=0.2810
    OK ch=3 v=0.2509
    OK ch=7 v=0.2496
    OK ch=1 v=0.2618
    OK ch=3 v=0.2501
    OK ch=5 v=0.2567
    OK ch=7 v=0.2507
    OK ch=1 v=0.2290
    OK ch=3 v=0.2382
    OK ch=5 v=0.2586
    OK ch=7 v=0.2523
    OK ch=1 v=0.2543
    OK ch=3 v=0.2510
    OK ch=5 v=0.2580
    OK ch=7 v=0.2534
    OK ch=1 v=0.2201
    OK ch=3 v=0.2541
    OK ch=1 v=0.2438
    OK ch=3 v=0.2563
    OK ch=5 v=0.2593
    OK ch=7 v=0.2551
    OK ch=1 v=0.2632
    OK ch=3 v=0.2583
    OK ch=7 v=0.2539
    OK ch=1 v=0.2685
    OK ch=3 v=0.2630
    OK ch=7 v=0.2530
    OK ch=1 v=0.2934
    OK ch=3 v=0.2671
    OK ch=5 v=0.2602
    OK ch=7 v=0.2498
    OK ch=1 v=0.2744
    OK ch=3 v=0.2563
    OK ch=5 v=0.2617
    OK ch=7 v=0.2515
    OK ch=1 v=0.2707
    OK ch=3 v=0.2595
    OK ch=7 v=0.2489
    OK ch=1 v=0.2562
    OK ch=3 v=0.2573
    OK ch=5 v=0.2639
    OK ch=7 v=0.2478
    OK ch=1 v=0.2412
    OK ch=3 v=0.2542
    OK ch=7 v=0.2460
    OK ch=1 v=0.2393
    OK ch=3 v=0.2461
    OK ch=7 v=0.2447
    OK ch=1 v=0.2456
    OK ch=3 v=0.2536
    OK ch=5 v=0.2653
    OK ch=7 v=0.2426
    OK ch=1 v=0.2370
    OK ch=3 v=0.2521
    OK ch=5 v=0.2686
    OK ch=3 v=0.2646
    OK ch=5 v=0.2706
    OK ch=7 v=0.2407
    OK ch=1 v=0.2601
    OK ch=3 v=0.2585
    OK ch=1 v=0.2453
    OK ch=3 v=0.2550
    OK ch=5 v=0.2715
    OK ch=7 v=0.2426
    OK ch=1 v=0.2663
    OK ch=3 v=0.2579
    OK ch=1 v=0.2528
    OK ch=3 v=0.2563
    OK ch=5 v=0.2723
    OK ch=7 v=0.2444
    OK ch=1 v=0.2383
    OK ch=3 v=0.2571
    OK ch=5 v=0.2735
    OK ch=1 v=0.2479
    OK ch=3 v=0.2525
    OK ch=5 v=0.2747
    OK ch=7 v=0.2433
    OK ch=1 v=0.2746
    OK ch=3 v=0.2552
    OK ch=5 v=0.2739
    OK ch=7 v=0.2464
    OK ch=1 v=0.2795
    OK ch=3 v=0.2633
    OK ch=5 v=0.2707
    OK ch=7 v=0.2458
    OK ch=1 v=0.2347
    OK ch=3 v=0.2517
    OK ch=7 v=0.2483
    OK ch=1 v=0.2387
    OK ch=3 v=0.2559
    OK ch=5 v=0.2676
    OK ch=1 v=0.2636
    OK ch=3 v=0.2550
    OK ch=5 v=0.2666
    OK ch=7 v=0.2458
    OK ch=1 v=0.2512
    OK ch=3 v=0.2506
    OK ch=5 v=0.2640
    OK ch=7 v=0.2478
    OK ch=1 v=0.2581
    OK ch=3 v=0.2531
    OK ch=5 v=0.2606
    OK ch=7 v=0.2500
    OK ch=1 v=0.2393
    OK ch=3 v=0.2514
    OK ch=5 v=0.2579
    OK ch=7 v=0.2490
    OK ch=1 v=0.2633
    OK ch=3 v=0.2566
    OK ch=5 v=0.2552
    OK ch=1 v=0.2612
    OK ch=3 v=0.2521
    OK ch=5 v=0.2543
    OK ch=1 v=0.2685
    OK ch=3 v=0.2574
    OK ch=5 v=0.2548
    OK ch=7 v=0.2502
    OK ch=1 v=0.2335
    OK ch=3 v=0.2481
    OK ch=5 v=0.2574
    OK ch=7 v=0.2524
    OK ch=1 v=0.2366
    OK ch=3 v=0.2496
    OK ch=5 v=0.2555
    OK ch=7 v=0.2563
    OK ch=1 v=0.2230
    OK ch=3 v=0.2504
    OK ch=5 v=0.2576
    OK ch=7 v=0.2552
    OK ch=1 v=0.2512
    OK ch=5 v=0.2568
    OK ch=7 v=0.2535
    OK ch=1 v=0.2334
    OK ch=3 v=0.2497
    OK ch=5 v=0.2590
    OK ch=7 v=0.2551
    OK ch=1 v=0.2690
    OK ch=3 v=0.2535
    OK ch=7 v=0.2515
    OK ch=1 v=0.2760
    OK ch=3 v=0.2583
    OK ch=7 v=0.2531
    OK ch=1 v=0.2336
    OK ch=3 v=0.2500
    OK ch=5 v=0.2621
    OK ch=7 v=0.2516
    OK ch=1 v=0.2399
    OK ch=3 v=0.2556
    OK ch=5 v=0.2633
    OK ch=7 v=0.2484
    OK ch=1 v=0.2377
    OK ch=3 v=0.2481
    OK ch=7 v=0.2460
    OK ch=1 v=0.2597
    OK ch=3 v=0.2533
    OK ch=5 v=0.2644
    OK ch=7 v=0.2471
    OK ch=1 v=0.2433
    OK ch=3 v=0.2482
    OK ch=5 v=0.2664
    OK ch=7 v=0.2463
    OK ch=1 v=0.2756
    OK ch=3 v=0.2531
    OK ch=5 v=0.2677
    OK ch=7 v=0.2441
    OK ch=1 v=0.2551
    OK ch=3 v=0.2560
    OK ch=5 v=0.2687
    OK ch=7 v=0.2450
    OK ch=1 v=0.2303
    OK ch=3 v=0.2469
    OK ch=5 v=0.2672
    OK ch=1 v=0.2539
    OK ch=3 v=0.2560
    OK ch=7 v=0.2473
    OK ch=1 v=0.2653
    OK ch=5 v=0.2692
    OK ch=7 v=0.2457
    OK ch=1 v=0.2528
    OK ch=3 v=0.2589
    OK ch=1 v=0.2647
    OK ch=3 v=0.2567
    OK ch=1 v=0.2449
    OK ch=3 v=0.2578
    OK ch=7 v=0.2469
    OK ch=1 v=0.2356
    OK ch=3 v=0.2514
    OK ch=1 v=0.2307
    OK ch=3 v=0.2598
    OK ch=5 v=0.2701
    OK ch=7 v=0.2448
    OK ch=1 v=0.2709
    OK ch=5 v=0.2652
    OK ch=7 v=0.2478
    OK ch=1 v=0.2826
    OK ch=3 v=0.2640
    OK ch=7 v=0.2463
    OK ch=1 v=0.2698
    OK ch=3 v=0.2587
    OK ch=5 v=0.2638
    OK ch=7 v=0.2479
[   25.0s] DAMPING     ch0:.... g=-0.0302 bp=+0.032V ratio=0.22  ch1:.... g=-0.0300 bp=+0.010V ratio=0.18  ch2:.... g=+0.0103 bp=-0.058V ratio=0.26  ch3:.... g=-0.0303 bp=-0.010V ratio=0.22
    OK ch=1 v=0.2771
    OK ch=3 v=0.2612
    OK ch=5 v=0.2656
    OK ch=7 v=0.2486
    OK ch=1 v=0.2343
    OK ch=3 v=0.2541
    OK ch=5 v=0.2643
    OK ch=7 v=0.2476
    OK ch=1 v=0.2435
    OK ch=3 v=0.2558
    OK ch=5 v=0.2631
    OK ch=1 v=0.2472
    OK ch=3 v=0.2566
    OK ch=5 v=0.2610
    OK ch=7 v=0.2494
    OK ch=1 v=0.2494
    OK ch=3 v=0.2555
    OK ch=5 v=0.2604
    OK ch=7 v=0.2483
    OK ch=1 v=0.2739
    OK ch=3 v=0.2567
    OK ch=5 v=0.2587
    OK ch=1 v=0.2576
    OK ch=5 v=0.2609
    OK ch=7 v=0.2459
    OK ch=1 v=0.2631
    OK ch=3 v=0.2536
    OK ch=7 v=0.2474
    OK ch=1 v=0.2257
    OK ch=3 v=0.2514
    OK ch=7 v=0.2481
    OK ch=1 v=0.2336
    OK ch=3 v=0.2489
    OK ch=5 v=0.2620
    OK ch=7 v=0.2496
    OK ch=1 v=0.2712
    OK ch=3 v=0.2569
    OK ch=5 v=0.2626
    OK ch=1 v=0.2807
    OK ch=3 v=0.2564
    OK ch=5 v=0.2641
    OK ch=7 v=0.2518
    OK ch=1 v=0.2507
    OK ch=3 v=0.2529
    OK ch=5 v=0.2659
    OK ch=7 v=0.2488
    OK ch=1 v=0.2411
    OK ch=3 v=0.2489
    OK ch=5 v=0.2669
    OK ch=1 v=0.2321
    OK ch=3 v=0.2519
    OK ch=5 v=0.2655
    OK ch=7 v=0.2514
    OK ch=1 v=0.2102
    OK ch=3 v=0.2487
    OK ch=7 v=0.2497
    OK ch=1 v=0.2260
    OK ch=3 v=0.2508
    OK ch=7 v=0.2489
    OK ch=1 v=0.2683
    OK ch=3 v=0.2535
    OK ch=5 v=0.2639
    OK ch=7 v=0.2460
    OK ch=1 v=0.2551
    OK ch=3 v=0.2464
    OK ch=7 v=0.2484
    OK ch=1 v=0.2704
    OK ch=3 v=0.2534
    OK ch=5 v=0.2631
    OK ch=1 v=0.2538
    OK ch=3 v=0.2508
    OK ch=5 v=0.2624
    OK ch=7 v=0.2475
    OK ch=1 v=0.2609
    OK ch=3 v=0.2528
    OK ch=5 v=0.2641
    OK ch=7 v=0.2498
    OK ch=1 v=0.2413
    OK ch=7 v=0.2485
    OK ch=1 v=0.2255
    OK ch=3 v=0.2497
    OK ch=5 v=0.2622
    OK ch=1 v=0.2202
    OK ch=3 v=0.2465
    OK ch=7 v=0.2504
    OK ch=1 v=0.2513
    OK ch=3 v=0.2517
    OK ch=1 v=0.2467
    OK ch=3 v=0.2490
    OK ch=5 v=0.2610
    OK ch=7 v=0.2488
    OK ch=1 v=0.2679
    OK ch=3 v=0.2573
    OK ch=7 v=0.2502
    OK ch=1 v=0.2584
    OK ch=3 v=0.2584
    OK ch=7 v=0.2487
    OK ch=1 v=0.2849
    OK ch=3 v=0.2565
    OK ch=5 v=0.2625
    OK ch=7 v=0.2469
    OK ch=1 v=0.2624
    OK ch=3 v=0.2578
    OK ch=5 v=0.2610
    OK ch=7 v=0.2503
    OK ch=3 v=0.2592
    OK ch=5 v=0.2639
    OK ch=7 v=0.2513
    OK ch=1 v=0.2537
    OK ch=3 v=0.2629
    OK ch=5 v=0.2632
    OK ch=7 v=0.2493
    OK ch=1 v=0.2280
    OK ch=3 v=0.2535
    OK ch=7 v=0.2471
    OK ch=1 v=0.2589
    OK ch=3 v=0.2565
    OK ch=5 v=0.2624
    OK ch=7 v=0.2481
    OK ch=1 v=0.2529
    OK ch=3 v=0.2551
    OK ch=7 v=0.2471
    OK ch=5 v=0.2614
    OK ch=7 v=0.2459
    OK ch=1 v=0.2367
    OK ch=3 v=0.2482
    OK ch=5 v=0.2631
    OK ch=7 v=0.2473
    OK ch=1 v=0.2602
    OK ch=3 v=0.2547
    OK ch=5 v=0.2659
    OK ch=1 v=0.2566
    OK ch=3 v=0.2594
    OK ch=5 v=0.2664
    OK ch=7 v=0.2448
    OK ch=1 v=0.2759
    OK ch=3 v=0.2562
    OK ch=5 v=0.2673
    OK ch=7 v=0.2467
    OK ch=1 v=0.2226
    OK ch=3 v=0.2465
    OK ch=5 v=0.2665
    OK ch=7 v=0.2454
    OK ch=1 v=0.2458
    OK ch=3 v=0.2566
    OK ch=5 v=0.2676
    OK ch=1 v=0.2690
    OK ch=3 v=0.2616
    OK ch=7 v=0.2473
    OK ch=1 v=0.2570
    OK ch=3 v=0.2583
    OK ch=5 v=0.2682
    OK ch=7 v=0.2519
    OK ch=1 v=0.2763
    OK ch=3 v=0.2615
    OK ch=7 v=0.2484
    OK ch=1 v=0.2393
    OK ch=3 v=0.2515
    OK ch=7 v=0.2466
    OK ch=1 v=0.2339
    OK ch=3 v=0.2493
    OK ch=7 v=0.2479
    OK ch=1 v=0.2444
    OK ch=3 v=0.2499
    OK ch=5 v=0.2667
    OK ch=7 v=0.2472
    OK ch=1 v=0.2496
    OK ch=3 v=0.2479
    OK ch=5 v=0.2656
    OK ch=7 v=0.2453
    OK ch=1 v=0.2572
    OK ch=3 v=0.2544
    OK ch=5 v=0.2650
    OK ch=7 v=0.2462
    OK ch=1 v=0.2566
    OK ch=3 v=0.2521
    OK ch=5 v=0.2623
    OK ch=7 v=0.2485
    OK ch=1 v=0.2314
    OK ch=3 v=0.2490
    OK ch=5 v=0.2618
    OK ch=7 v=0.2491
    OK ch=1 v=0.2400
    OK ch=3 v=0.2539
    OK ch=1 v=0.2325
    OK ch=5 v=0.2599
    OK ch=1 v=0.2449
    OK ch=3 v=0.2551
    OK ch=5 v=0.2592
    OK ch=7 v=0.2513
    OK ch=1 v=0.2685
    OK ch=3 v=0.2600
    OK ch=5 v=0.2580
    OK ch=7 v=0.2522
    OK ch=1 v=0.2642
    OK ch=3 v=0.2519
    OK ch=5 v=0.2591
    OK ch=7 v=0.2510
    OK ch=1 v=0.2462
    OK ch=3 v=0.2511
    OK ch=5 v=0.2605
    OK ch=1 v=0.2683
    OK ch=3 v=0.2542
    OK ch=1 v=0.2616
    OK ch=3 v=0.2596
    OK ch=5 v=0.2592
    OK ch=7 v=0.2519
    OK ch=1 v=0.2403
    OK ch=3 v=0.2504
    OK ch=5 v=0.2618
    OK ch=7 v=0.2541
    OK ch=1 v=0.2636
    OK ch=3 v=0.2548
    OK ch=7 v=0.2475
    OK ch=1 v=0.2683
    OK ch=3 v=0.2591
    OK ch=5 v=0.2613
    OK ch=7 v=0.2486
    OK ch=1 v=0.2584
    OK ch=3 v=0.2572
    OK ch=5 v=0.2619
    OK ch=7 v=0.2462
    OK ch=1 v=0.2385
    OK ch=3 v=0.2557
    OK ch=5 v=0.2637
    OK ch=7 v=0.2475
    OK ch=1 v=0.2508
    OK ch=3 v=0.2489
    OK ch=5 v=0.2648
    OK ch=7 v=0.2490
    OK ch=1 v=0.2392
    OK ch=3 v=0.2459
    OK ch=7 v=0.2466
    OK ch=1 v=0.2475
    OK ch=3 v=0.2512
    OK ch=1 v=0.2340
    OK ch=3 v=0.2474
    OK ch=5 v=0.2661
    OK ch=1 v=0.2202
    OK ch=3 v=0.2517
    OK ch=5 v=0.2671
    OK ch=7 v=0.2461
    OK ch=1 v=0.2458
    OK ch=3 v=0.2622
    OK ch=5 v=0.2665
    OK ch=7 v=0.2467
    OK ch=1 v=0.2784
    OK ch=3 v=0.2604
    OK ch=5 v=0.2656
    OK ch=1 v=0.2658
    OK ch=3 v=0.2547
    OK ch=7 v=0.2456
    OK ch=1 v=0.2372
    OK ch=3 v=0.2507
    OK ch=5 v=0.2671
    OK ch=7 v=0.2475
    OK ch=1 v=0.2610
    OK ch=3 v=0.2555
    OK ch=5 v=0.2677
    OK ch=7 v=0.2484
    OK ch=1 v=0.2737
    OK ch=3 v=0.2594
    OK ch=5 v=0.2684
    OK ch=7 v=0.2475
    OK ch=1 v=0.2446
    OK ch=3 v=0.2558
    OK ch=5 v=0.2663
    OK ch=1 v=0.2467
    OK ch=3 v=0.2533
    OK ch=7 v=0.2480
    OK ch=1 v=0.2556
    OK ch=3 v=0.2552
    OK ch=5 v=0.2670
    OK ch=1 v=0.2495
    OK ch=5 v=0.2660
    OK ch=1 v=0.2286
    OK ch=3 v=0.2527
    OK ch=5 v=0.2645
    OK ch=7 v=0.2497
    OK ch=1 v=0.2593
    OK ch=3 v=0.2486
    OK ch=5 v=0.2622
    OK ch=7 v=0.2486
    OK ch=1 v=0.2565
    OK ch=3 v=0.2556
    OK ch=5 v=0.2610
    OK ch=1 v=0.2700
    OK ch=3 v=0.2601
    OK ch=7 v=0.2471
    OK ch=1 v=0.2822
    OK ch=3 v=0.2642
    OK ch=7 v=0.2484
    OK ch=1 v=0.2476
    OK ch=3 v=0.2575
    OK ch=5 v=0.2598
    OK ch=1 v=0.2439
    OK ch=3 v=0.2522
    OK ch=5 v=0.2610
    OK ch=1 v=0.2469
    OK ch=3 v=0.2511
    OK ch=1 v=0.2528
    OK ch=5 v=0.2625
    OK ch=7 v=0.2475
    OK ch=1 v=0.2544
    OK ch=3 v=0.2567
    OK ch=7 v=0.2485
    OK ch=1 v=0.2441
    OK ch=3 v=0.2525
    OK ch=5 v=0.2638
    OK ch=7 v=0.2511
    OK ch=1 v=0.2393
    OK ch=3 v=0.2484
    OK ch=5 v=0.2625
    OK ch=1 v=0.2585
    OK ch=3 v=0.2539
    OK ch=5 v=0.2642
    OK ch=7 v=0.2488
    OK ch=1 v=0.2270
    OK ch=3 v=0.2530
    OK ch=1 v=0.2210
    OK ch=3 v=0.2484
    OK ch=1 v=0.2537
    OK ch=3 v=0.2548
    OK ch=7 v=0.2500
    OK ch=1 v=0.2843
    OK ch=3 v=0.2643
    OK ch=7 v=0.2486
    OK ch=1 v=0.2512
    OK ch=3 v=0.2544
    OK ch=5 v=0.2654
    OK ch=7 v=0.2517
    OK ch=1 v=0.2340
    OK ch=3 v=0.2517
    OK ch=7 v=0.2465
    OK ch=1 v=0.2371
    OK ch=3 v=0.2494
    OK ch=7 v=0.2483
    OK ch=1 v=0.2583
    OK ch=3 v=0.2466
    OK ch=5 v=0.2634
    OK ch=7 v=0.2475
    OK ch=1 v=0.2616
    OK ch=3 v=0.2569
    OK ch=1 v=0.2628
    OK ch=7 v=0.2418
    OK ch=1 v=0.2591
    OK ch=3 v=0.2523
    OK ch=5 v=0.2644
    OK ch=7 v=0.2456
    OK ch=1 v=0.2157
    OK ch=3 v=0.2465
    OK ch=5 v=0.2656
    OK ch=7 v=0.2493
    OK ch=1 v=0.2438
    OK ch=3 v=0.2517
    OK ch=5 v=0.2644
    OK ch=7 v=0.2509
    OK ch=1 v=0.2345
    OK ch=3 v=0.2504
    OK ch=5 v=0.2619
    OK ch=7 v=0.2468
    OK ch=1 v=0.2811
    OK ch=3 v=0.2599
    OK ch=5 v=0.2609
    OK ch=7 v=0.2478
    OK ch=1 v=0.2581
    OK ch=3 v=0.2517
    OK ch=5 v=0.2644
    OK ch=7 v=0.2493
    OK ch=1 v=0.2761
    OK ch=3 v=0.2546
    OK ch=7 v=0.2505
    OK ch=1 v=0.2776
    OK ch=3 v=0.2624
    OK ch=7 v=0.2489
    OK ch=1 v=0.2571
    OK ch=3 v=0.2537
    OK ch=7 v=0.2483
    OK ch=1 v=0.2268
    OK ch=3 v=0.2516
    OK ch=7 v=0.2505
    OK ch=1 v=0.2532
    OK ch=3 v=0.2506
    OK ch=5 v=0.2632
    OK ch=7 v=0.2492
    OK ch=1 v=0.2485
    OK ch=3 v=0.2587
    OK ch=5 v=0.2620
    OK ch=7 v=0.2485
    OK ch=1 v=0.2393
    OK ch=3 v=0.2562
    OK ch=5 v=0.2625
    OK ch=7 v=0.2459
    OK ch=1 v=0.2792
    OK ch=3 v=0.2572
    OK ch=7 v=0.2474
    OK ch=1 v=0.2570
    OK ch=3 v=0.2613
    OK ch=7 v=0.2480
    OK ch=1 v=0.2458
    OK ch=3 v=0.2530
    OK ch=1 v=0.2323
    OK ch=3 v=0.2487
    OK ch=5 v=0.2638
    OK ch=7 v=0.2471
    OK ch=1 v=0.2456
    OK ch=3 v=0.2524
    OK ch=1 v=0.2364
    OK ch=3 v=0.2510
    OK ch=5 v=0.2652
    OK ch=7 v=0.2463
    OK ch=1 v=0.2432
    OK ch=3 v=0.2516
    OK ch=7 v=0.2456
    OK ch=1 v=0.2651
    OK ch=3 v=0.2620
    OK ch=1 v=0.2603
    OK ch=3 v=0.2562
    OK ch=5 v=0.2657
    OK ch=7 v=0.2491
    OK ch=1 v=0.2404
    OK ch=3 v=0.2578
    OK ch=5 v=0.2663
    OK ch=7 v=0.2516
    OK ch=1 v=0.2665
    OK ch=3 v=0.2520
    OK ch=7 v=0.2487
    OK ch=1 v=0.2794
    OK ch=3 v=0.2549
    OK ch=7 v=0.2492
    OK ch=1 v=0.2640
    OK ch=3 v=0.2541
    OK ch=5 v=0.2668
    OK ch=7 v=0.2480
    OK ch=1 v=0.2330
    OK ch=3 v=0.2515
    OK ch=1 v=0.2432
    OK ch=3 v=0.2526
    OK ch=5 v=0.2660
    OK ch=7 v=0.2491
    OK ch=1 v=0.2493
    OK ch=3 v=0.2511
    OK ch=7 v=0.2481
    OK ch=1 v=0.2368
    OK ch=3 v=0.2504
    OK ch=5 v=0.2645
    OK ch=7 v=0.2468
    OK ch=1 v=0.2346
    OK ch=3 v=0.2494
    OK ch=5 v=0.2624
    OK ch=1 v=0.2488
    OK ch=3 v=0.2566
    OK ch=5 v=0.2617
    OK ch=7 v=0.2487
    OK ch=1 v=0.2691
    OK ch=5 v=0.2624
    OK ch=7 v=0.2479
[   30.1s] DAMPING     ch0:.... g=-0.0300 bp=+0.004V ratio=0.14  ch1:.... g=-0.0300 bp=-0.002V ratio=0.08  ch2:.... g=+0.0100 bp=-0.019V ratio=0.07  ch3:.... g=-0.0300 bp=-0.006V ratio=0.06
    OK ch=1 v=0.2526
    OK ch=3 v=0.2511
    OK ch=5 v=0.2611
    OK ch=7 v=0.2491
    OK ch=1 v=0.2509
    OK ch=3 v=0.2486
    OK ch=5 v=0.2620
    OK ch=7 v=0.2480
    OK ch=1 v=0.2440
    OK ch=3 v=0.2549
    OK ch=1 v=0.2708
    OK ch=3 v=0.2572
    OK ch=5 v=0.2610
    OK ch=7 v=0.2515
    OK ch=1 v=0.2601
    OK ch=3 v=0.2513
    OK ch=5 v=0.2618
    OK ch=7 v=0.2506
    OK ch=1 v=0.2469
    OK ch=3 v=0.2595
    OK ch=5 v=0.2624
    OK ch=7 v=0.2519
    OK ch=1 v=0.2519
    OK ch=3 v=0.2545
    OK ch=7 v=0.2507
    OK ch=1 v=0.2432
    OK ch=3 v=0.2583
    OK ch=1 v=0.2357
    OK ch=3 v=0.2595
    OK ch=1 v=0.2477
    OK ch=3 v=0.2543
    OK ch=5 v=0.2605
    OK ch=7 v=0.2497
    OK ch=1 v=0.2389
    OK ch=3 v=0.2499
    OK ch=5 v=0.2621
    OK ch=7 v=0.2487
    OK ch=1 v=0.2809
    OK ch=3 v=0.2481
    OK ch=5 v=0.2632
    OK ch=7 v=0.2447
    OK ch=1 v=0.2800
    OK ch=3 v=0.2558
    OK ch=5 v=0.2638
    OK ch=7 v=0.2462
    OK ch=1 v=0.2308
    OK ch=3 v=0.2533
    OK ch=5 v=0.2653
    OK ch=7 v=0.2472
    OK ch=1 v=0.2301
    OK ch=3 v=0.2497
    OK ch=7 v=0.2501
    OK ch=1 v=0.2360
    OK ch=3 v=0.2540
    OK ch=7 v=0.2465
    OK ch=1 v=0.2639
    OK ch=3 v=0.2552
    OK ch=1 v=0.2476
    OK ch=5 v=0.2647
    OK ch=7 v=0.2476
    OK ch=1 v=0.2710
    OK ch=3 v=0.2588
    OK ch=1 v=0.2562
    OK ch=5 v=0.2659
    OK ch=7 v=0.2461
    OK ch=1 v=0.2505
    OK ch=3 v=0.2456
    OK ch=1 v=0.2470
    OK ch=3 v=0.2566
    OK ch=5 v=0.2669
    OK ch=7 v=0.2468
    OK ch=1 v=0.2833
    OK ch=3 v=0.2587
    OK ch=1 v=0.2589
    OK ch=3 v=0.2594
    OK ch=5 v=0.2662
    OK ch=7 v=0.2491
    OK ch=1 v=0.2662
    OK ch=3 v=0.2624
    OK ch=7 v=0.2511
    OK ch=1 v=0.2330
    OK ch=3 v=0.2521
    OK ch=5 v=0.2649
    OK ch=7 v=0.2496
    OK ch=1 v=0.2389
    OK ch=3 v=0.2500
    OK ch=5 v=0.2657
    OK ch=7 v=0.2465
    OK ch=1 v=0.2269
    OK ch=3 v=0.2510
    OK ch=7 v=0.2489
    OK ch=1 v=0.2496
    OK ch=3 v=0.2580
    OK ch=5 v=0.2628
    OK ch=7 v=0.2457
    OK ch=1 v=0.2541
    OK ch=3 v=0.2536
    OK ch=7 v=0.2470
    OK ch=1 v=0.2690
    OK ch=3 v=0.2589
    OK ch=5 v=0.2607
    OK ch=7 v=0.2477
    OK ch=1 v=0.2596
    OK ch=3 v=0.2514
    OK ch=7 v=0.2494
    OK ch=1 v=0.2400
    OK ch=3 v=0.2578
    OK ch=5 v=0.2618
    OK ch=7 v=0.2531
    OK ch=1 v=0.2495
    OK ch=3 v=0.2592
    OK ch=7 v=0.2512
    OK ch=1 v=0.2569
    OK ch=3 v=0.2579
    OK ch=5 v=0.2612
    OK ch=7 v=0.2500
    OK ch=1 v=0.2708
    OK ch=3 v=0.2525
    OK ch=5 v=0.2624
    OK ch=7 v=0.2467
    OK ch=1 v=0.2290
    OK ch=3 v=0.2437
    OK ch=7 v=0.2454
    OK ch=1 v=0.2444
    OK ch=3 v=0.2511
    OK ch=7 v=0.2496
    OK ch=1 v=0.2431
    OK ch=3 v=0.2561
    OK ch=5 v=0.2633
    OK ch=7 v=0.2503
    OK ch=1 v=0.2402
    OK ch=3 v=0.2521
    OK ch=7 v=0.2497
    OK ch=1 v=0.2635
    OK ch=3 v=0.2555
    OK ch=5 v=0.2650
    OK ch=7 v=0.2516

*** LOCKED -- 11.6s after gain was applied (t=31.6s total) ***

    OK ch=1 v=0.2563
    OK ch=3 v=0.2547
    OK ch=5 v=0.2644
    OK ch=7 v=0.2461
    OK ch=1 v=0.2431
    OK ch=7 v=0.2481
    OK ch=1 v=0.2661
    OK ch=7 v=0.2474
    OK ch=1 v=0.2493
    OK ch=3 v=0.2508
    OK ch=5 v=0.2652
    OK ch=7 v=0.2484
    OK ch=1 v=0.2558
    OK ch=3 v=0.2577
    OK ch=7 v=0.2476
    OK ch=1 v=0.2524
    OK ch=3 v=0.2544
    OK ch=7 v=0.2500
    OK ch=1 v=0.2598
    OK ch=3 v=0.2559
    OK ch=1 v=0.2475
    OK ch=7 v=0.2475
    OK ch=1 v=0.2271
    OK ch=3 v=0.2484
    OK ch=5 v=0.2635
    OK ch=1 v=0.2354
    OK ch=3 v=0.2474
    OK ch=5 v=0.2643
    OK ch=7 v=0.2444
    OK ch=1 v=0.2588
    OK ch=3 v=0.2507
    OK ch=5 v=0.2648
    OK ch=7 v=0.2484
    OK ch=1 v=0.2764
    OK ch=3 v=0.2562
    OK ch=5 v=0.2638
    OK ch=7 v=0.2492
    OK ch=1 v=0.2603
    OK ch=3 v=0.2578
    OK ch=7 v=0.2479
    OK ch=1 v=0.2653
    OK ch=3 v=0.2571
    OK ch=7 v=0.2489
    OK ch=1 v=0.2096
    OK ch=3 v=0.2453
    OK ch=1 v=0.2482
    OK ch=3 v=0.2511
    OK ch=7 v=0.2501
    OK ch=1 v=0.2833
    OK ch=3 v=0.2579
    OK ch=7 v=0.2476
    OK ch=1 v=0.2561
    OK ch=5 v=0.2632
    OK ch=7 v=0.2495
    OK ch=1 v=0.2321
    OK ch=3 v=0.2529
    OK ch=5 v=0.2639
    OK ch=7 v=0.2484
    OK ch=1 v=0.2528
    OK ch=3 v=0.2522
    OK ch=5 v=0.2615
    OK ch=1 v=0.2589
    OK ch=3 v=0.2551
    OK ch=1 v=0.2881
    OK ch=3 v=0.2533
    OK ch=1 v=0.2681
    OK ch=3 v=0.2552
    OK ch=5 v=0.2622
    OK ch=7 v=0.2470
    OK ch=1 v=0.2193
    OK ch=3 v=0.2520
    OK ch=5 v=0.2634
    OK ch=7 v=0.2482
    OK ch=1 v=0.2612
    OK ch=3 v=0.2592
    OK ch=5 v=0.2627
    OK ch=1 v=0.2846
    OK ch=3 v=0.2628
    OK ch=1 v=0.2612
    OK ch=3 v=0.2552
    OK ch=5 v=0.2639
    OK ch=7 v=0.2450
    OK ch=1 v=0.2507
    OK ch=3 v=0.2541
    OK ch=7 v=0.2495
    OK ch=1 v=0.2388
    OK ch=3 v=0.2561
    OK ch=5 v=0.2656
    OK ch=7 v=0.2489
    OK ch=1 v=0.2339
    OK ch=3 v=0.2546
    OK ch=5 v=0.2665
    OK ch=1 v=0.2401
    OK ch=3 v=0.2552
    OK ch=5 v=0.2658
    OK ch=7 v=0.2460
    OK ch=1 v=0.2344
    OK ch=3 v=0.2513
    OK ch=5 v=0.2641
    OK ch=7 v=0.2451
    OK ch=1 v=0.2460
    OK ch=3 v=0.2526
    OK ch=5 v=0.2654
    OK ch=7 v=0.2496
    OK ch=1 v=0.2485
    OK ch=3 v=0.2510
    OK ch=5 v=0.2649
    OK ch=7 v=0.2466
    OK ch=1 v=0.2241
    OK ch=5 v=0.2661
    OK ch=7 v=0.2502
    OK ch=1 v=0.2651
    OK ch=3 v=0.2552
    OK ch=7 v=0.2480
    OK ch=1 v=0.3029
    OK ch=3 v=0.2561
    OK ch=5 v=0.2646
    OK ch=7 v=0.2464
    OK ch=1 v=0.2510
    OK ch=3 v=0.2545
    OK ch=1 v=0.2591
    OK ch=3 v=0.2565
    OK ch=5 v=0.2654
    OK ch=7 v=0.2484
    OK ch=1 v=0.2601
    OK ch=7 v=0.2478
    OK ch=1 v=0.2436
    OK ch=3 v=0.2512
    OK ch=5 v=0.2637
    OK ch=7 v=0.2490
    OK ch=1 v=0.2506
    OK ch=5 v=0.2631
    OK ch=7 v=0.2505
    OK ch=1 v=0.2377
    OK ch=3 v=0.2487
    OK ch=5 v=0.2638
    OK ch=7 v=0.2490
    OK ch=1 v=0.2874
    OK ch=3 v=0.2569
    OK ch=5 v=0.2621
    OK ch=7 v=0.2484
    OK ch=1 v=0.2468
    OK ch=3 v=0.2530
    OK ch=5 v=0.2612
    OK ch=7 v=0.2494
    OK ch=1 v=0.2394
    OK ch=1 v=0.2262
    OK ch=3 v=0.2498
    OK ch=1 v=0.2552
    OK ch=3 v=0.2561
    OK ch=5 v=0.2595
    OK ch=7 v=0.2500
    OK ch=1 v=0.2438
    OK ch=5 v=0.2603
    OK ch=1 v=0.2668
    OK ch=3 v=0.2584
    OK ch=7 v=0.2493
    OK ch=1 v=0.2682
    OK ch=3 v=0.2591
    OK ch=5 v=0.2608
    OK ch=7 v=0.2476
    OK ch=1 v=0.2487
    OK ch=3 v=0.2505
    OK ch=5 v=0.2629
    OK ch=7 v=0.2485
    OK ch=1 v=0.2364
    OK ch=5 v=0.2640
    OK ch=7 v=0.2497
    OK ch=1 v=0.2503
    OK ch=3 v=0.2547
    OK ch=1 v=0.2702
    OK ch=3 v=0.2615
    OK ch=7 v=0.2503
    OK ch=1 v=0.2801
    OK ch=3 v=0.2598
    OK ch=5 v=0.2632
    OK ch=7 v=0.2488
    OK ch=1 v=0.2394
    OK ch=3 v=0.2491
    OK ch=5 v=0.2639
    OK ch=1 v=0.2144
    OK ch=3 v=0.2472
    OK ch=5 v=0.2653
    OK ch=1 v=0.2388
    OK ch=3 v=0.2522
    OK ch=7 v=0.2474
    OK ch=1 v=0.2311
    OK ch=3 v=0.2494
    OK ch=7 v=0.2460
    OK ch=1 v=0.2690
    OK ch=3 v=0.2597
    OK ch=5 v=0.2641
    OK ch=1 v=0.2591
    OK ch=3 v=0.2609
    OK ch=5 v=0.2636
    OK ch=7 v=0.2420
    OK ch=1 v=0.2661
    OK ch=3 v=0.2588
    OK ch=5 v=0.2647
    OK ch=7 v=0.2491
    OK ch=1 v=0.2673
    OK ch=3 v=0.2555
    OK ch=7 v=0.2467
    OK ch=1 v=0.2440
    OK ch=3 v=0.2495
    OK ch=5 v=0.2666
    OK ch=7 v=0.2456
    OK ch=1 v=0.2396
    OK ch=5 v=0.2656
    OK ch=7 v=0.2475
    OK ch=1 v=0.2553
    OK ch=3 v=0.2533
    OK ch=5 v=0.2667
    OK ch=7 v=0.2483
    OK ch=1 v=0.2464
    OK ch=3 v=0.2557
    OK ch=5 v=0.2675
    OK ch=1 v=0.2417
    OK ch=3 v=0.2533
    OK ch=5 v=0.2648
    OK ch=7 v=0.2463
    OK ch=1 v=0.2620
    OK ch=3 v=0.2543
    OK ch=5 v=0.2656
    OK ch=1 v=0.2695
    OK ch=3 v=0.2556
    OK ch=1 v=0.2619
    OK ch=7 v=0.2476
    OK ch=1 v=0.2701
    OK ch=3 v=0.2589
    OK ch=5 v=0.2645
    OK ch=7 v=0.2496
    OK ch=1 v=0.2507
    OK ch=3 v=0.2524
    OK ch=5 v=0.2639
    OK ch=7 v=0.2511
    OK ch=1 v=0.2586
    OK ch=3 v=0.2564
    OK ch=7 v=0.2517
    OK ch=1 v=0.2579
    OK ch=3 v=0.2613
    OK ch=5 v=0.2617
    OK ch=7 v=0.2497
    OK ch=1 v=0.2514
    OK ch=3 v=0.2644
    OK ch=7 v=0.2487
    OK ch=1 v=0.2402
    OK ch=3 v=0.2487
    OK ch=5 v=0.2595
    OK ch=7 v=0.2508
    OK ch=1 v=0.2493
    OK ch=7 v=0.2480
    OK ch=1 v=0.2363
    OK ch=3 v=0.2461
    OK ch=7 v=0.2498
    OK ch=1 v=0.2139
    OK ch=3 v=0.2424
    OK ch=5 v=0.2602
    OK ch=7 v=0.2477
    OK ch=1 v=0.2619
    OK ch=3 v=0.2551
    OK ch=5 v=0.2609
    OK ch=7 v=0.2485
    OK ch=1 v=0.2527
    OK ch=5 v=0.2619
    OK ch=7 v=0.2497
    OK ch=1 v=0.2437
    OK ch=3 v=0.2488
    OK ch=5 v=0.2636
    OK ch=7 v=0.2483
    OK ch=1 v=0.2830
    OK ch=3 v=0.2610
    OK ch=7 v=0.2467
    OK ch=1 v=0.2555
    OK ch=3 v=0.2567
    OK ch=7 v=0.2492
    OK ch=1 v=0.2304
    OK ch=3 v=0.2513
    OK ch=5 v=0.2661
    OK ch=7 v=0.2508
    OK ch=1 v=0.2503
    OK ch=3 v=0.2556
    OK ch=7 v=0.2502
    OK ch=1 v=0.2641
    OK ch=3 v=0.2595
    OK ch=7 v=0.2459
    OK ch=1 v=0.2387
    OK ch=3 v=0.2541
    OK ch=5 v=0.2653
    OK ch=7 v=0.2479
    OK ch=1 v=0.2371
    OK ch=3 v=0.2503
    OK ch=7 v=0.2485
    OK ch=1 v=0.2231
    OK ch=3 v=0.2470
    OK ch=1 v=0.2705
    OK ch=3 v=0.2535
    OK ch=5 v=0.2660
    OK ch=1 v=0.2726
    OK ch=3 v=0.2524
    OK ch=5 v=0.2652
    OK ch=1 v=0.2450
    OK ch=3 v=0.2515
    OK ch=7 v=0.2471
    OK ch=1 v=0.2627
    OK ch=3 v=0.2533
    OK ch=5 v=0.2645
    OK ch=7 v=0.2459
    OK ch=1 v=0.2775
    OK ch=3 v=0.2601
    OK ch=5 v=0.2639
    OK ch=7 v=0.2453
    OK ch=1 v=0.2766
    OK ch=3 v=0.2489
    OK ch=5 v=0.2655
    OK ch=7 v=0.2475
    OK ch=1 v=0.2364
    OK ch=3 v=0.2523
    OK ch=5 v=0.2643
    OK ch=7 v=0.2483
[   35.1s] DAMPING     ch0:LOCK g=-0.0300 bp=+0.021V ratio=0.17  ch1:LOCK g=-0.0300 bp=-0.011V ratio=0.10  ch2:LOCK g=+0.0100 bp=-0.020V ratio=0.09  ch3:LOCK g=-0.0300 bp=-0.004V ratio=0.06
    OK ch=1 v=0.2198
    OK ch=5 v=0.2657
    OK ch=7 v=0.2509
    OK ch=1 v=0.2625
    OK ch=3 v=0.2568
    OK ch=5 v=0.2633
    OK ch=7 v=0.2495
    OK ch=1 v=0.2450
    OK ch=3 v=0.2512
    OK ch=5 v=0.2616
    OK ch=7 v=0.2476
    OK ch=1 v=0.2582
    OK ch=3 v=0.2618
    OK ch=7 v=0.2498
    OK ch=1 v=0.2686
    OK ch=3 v=0.2606
    OK ch=5 v=0.2623
    OK ch=5 v=0.2605
    OK ch=7 v=0.2505
    OK ch=1 v=0.2398
    OK ch=3 v=0.2513
    OK ch=7 v=0.2480
    OK ch=1 v=0.2353
    OK ch=3 v=0.2495
    OK ch=7 v=0.2470
    OK ch=1 v=0.2504
    OK ch=3 v=0.2538
    OK ch=7 v=0.2483
    OK ch=1 v=0.2522
    OK ch=5 v=0.2624
    OK ch=1 v=0.2572
    OK ch=3 v=0.2572
    OK ch=7 v=0.2497
    OK ch=1 v=0.2635
    OK ch=3 v=0.2588
    OK ch=7 v=0.2486
    OK ch=1 v=0.2557
    OK ch=3 v=0.2554
    OK ch=5 v=0.2634
    OK ch=7 v=0.2493
    OK ch=1 v=0.2439
    OK ch=3 v=0.2528
    OK ch=5 v=0.2641
    OK ch=7 v=0.2479
    OK ch=1 v=0.2628
    OK ch=3 v=0.2538
    OK ch=5 v=0.2655
    OK ch=7 v=0.2489
    OK ch=1 v=0.2494
    OK ch=3 v=0.2516
    OK ch=5 v=0.2645
    OK ch=1 v=0.2315
    OK ch=3 v=0.2494
    OK ch=5 v=0.2661
    OK ch=7 v=0.2474
    OK ch=1 v=0.2436
    OK ch=3 v=0.2517
    OK ch=5 v=0.2654
    OK ch=7 v=0.2462
    OK ch=1 v=0.2652
    OK ch=3 v=0.2601
    OK ch=5 v=0.2664
    OK ch=7 v=0.2479
    OK ch=1 v=0.2307
    OK ch=3 v=0.2526
    OK ch=7 v=0.2472
    OK ch=1 v=0.2500
    OK ch=3 v=0.2550
    OK ch=7 v=0.2462
    OK ch=1 v=0.2569
    OK ch=3 v=0.2506
    OK ch=7 v=0.2454
    OK ch=1 v=0.2336
    OK ch=3 v=0.2600
    OK ch=7 v=0.2449
    OK ch=1 v=0.2509
    OK ch=3 v=0.2536
    OK ch=5 v=0.2658
    OK ch=7 v=0.2482
    OK ch=1 v=0.2700
    OK ch=3 v=0.2521
    OK ch=5 v=0.2647
    OK ch=7 v=0.2492
    OK ch=1 v=0.2242
    OK ch=3 v=0.2490
    OK ch=5 v=0.2652
    OK ch=7 v=0.2469
    OK ch=1 v=0.2482
    OK ch=3 v=0.2481
    OK ch=7 v=0.2494
    OK ch=1 v=0.2603
    OK ch=3 v=0.2557
    OK ch=5 v=0.2640
    OK ch=7 v=0.2485
    OK ch=1 v=0.2469
    OK ch=5 v=0.2616
    OK ch=7 v=0.2495
    OK ch=1 v=0.2593
    OK ch=3 v=0.2581
    OK ch=1 v=0.2867
    OK ch=3 v=0.2626
    OK ch=7 v=0.2503
    OK ch=1 v=0.2770
    OK ch=3 v=0.2596
    OK ch=5 v=0.2630
    OK ch=1 v=0.2374
    OK ch=3 v=0.2548
    OK ch=5 v=0.2617
    OK ch=7 v=0.2484
    OK ch=1 v=0.2243
    OK ch=3 v=0.2486
    OK ch=5 v=0.2606
    OK ch=7 v=0.2502
    OK ch=1 v=0.2668
    OK ch=3 v=0.2528
    OK ch=5 v=0.2600
    OK ch=7 v=0.2475
    OK ch=1 v=0.2683
    OK ch=3 v=0.2564
    OK ch=1 v=0.2322
    OK ch=3 v=0.2531
    OK ch=5 v=0.2609
    OK ch=1 v=0.2370
    OK ch=3 v=0.2486
    OK ch=5 v=0.2625
    OK ch=7 v=0.2501
    OK ch=1 v=0.2575
    OK ch=3 v=0.2518
    OK ch=1 v=0.2700
    OK ch=3 v=0.2612
    OK ch=1 v=0.2836
    OK ch=3 v=0.2515
    OK ch=1 v=0.2610
    OK ch=3 v=0.2542
    OK ch=5 v=0.2638
    OK ch=7 v=0.2480
    OK ch=1 v=0.2557
    OK ch=3 v=0.2575
    OK ch=5 v=0.2644
    OK ch=7 v=0.2506
    OK ch=1 v=0.2456
    OK ch=3 v=0.2511
    OK ch=5 v=0.2663
    OK ch=7 v=0.2466
    OK ch=1 v=0.2465
    OK ch=3 v=0.2556
    OK ch=5 v=0.2676
    OK ch=7 v=0.2487
    OK ch=1 v=0.2517
    OK ch=3 v=0.2571
    OK ch=5 v=0.2636
    OK ch=7 v=0.2501
    OK ch=1 v=0.2165
    OK ch=3 v=0.2505
    OK ch=5 v=0.2648
    OK ch=7 v=0.2461
    OK ch=1 v=0.2382
    OK ch=3 v=0.2482
    OK ch=1 v=0.2561
    OK ch=3 v=0.2538
    OK ch=5 v=0.2660
    OK ch=1 v=0.2593
    OK ch=7 v=0.2472
    OK ch=1 v=0.2861
    OK ch=3 v=0.2584
    OK ch=5 v=0.2651
    OK ch=1 v=0.2885
    OK ch=3 v=0.2601
    OK ch=1 v=0.2594
    OK ch=3 v=0.2561
    OK ch=5 v=0.2657
    OK ch=1 v=0.2599
    OK ch=3 v=0.2539
    OK ch=7 v=0.2462
    OK ch=1 v=0.2404
    OK ch=3 v=0.2582
    OK ch=5 v=0.2675
    OK ch=7 v=0.2491
    OK ch=1 v=0.2379
    OK ch=3 v=0.2507
    OK ch=5 v=0.2669
    OK ch=7 v=0.2473
    OK ch=1 v=0.2445
    OK ch=3 v=0.2517
    OK ch=5 v=0.2634
    OK ch=7 v=0.2498
    OK ch=1 v=0.2306
    OK ch=3 v=0.2457
    OK ch=7 v=0.2486
    OK ch=1 v=0.2351
    OK ch=3 v=0.2553
    OK ch=5 v=0.2627
    OK ch=1 v=0.2462
    OK ch=5 v=0.2615
    OK ch=1 v=0.2589
    OK ch=3 v=0.2562
    OK ch=5 v=0.2605
    OK ch=1 v=0.2834
    OK ch=3 v=0.2609
    OK ch=5 v=0.2619
    OK ch=7 v=0.2472
    OK ch=1 v=0.2533
    OK ch=5 v=0.2624
    OK ch=7 v=0.2497
    OK ch=1 v=0.2611
    OK ch=3 v=0.2566
    OK ch=7 v=0.2486
    OK ch=1 v=0.2712
    OK ch=5 v=0.2617
    OK ch=7 v=0.2459
    OK ch=1 v=0.2549
    OK ch=3 v=0.2537
    OK ch=5 v=0.2624
    OK ch=7 v=0.2483
    OK ch=1 v=0.2376
    OK ch=3 v=0.2505
    OK ch=7 v=0.2501
    OK ch=1 v=0.2272
    OK ch=3 v=0.2472
    OK ch=5 v=0.2634
    OK ch=1 v=0.2446
    OK ch=3 v=0.2518
    OK ch=7 v=0.2495
    OK ch=1 v=0.2346
    OK ch=3 v=0.2549
    OK ch=1 v=0.2643
    OK ch=3 v=0.2613
    OK ch=5 v=0.2645
    OK ch=7 v=0.2476
    OK ch=1 v=0.2878
    OK ch=7 v=0.2496
    OK ch=1 v=0.2535
    OK ch=3 v=0.2563
    OK ch=1 v=0.2434
    OK ch=3 v=0.2492
    OK ch=5 v=0.2624
    OK ch=1 v=0.2315
    OK ch=3 v=0.2433
    OK ch=5 v=0.2635
    OK ch=7 v=0.2477
    OK ch=1 v=0.2650
    OK ch=3 v=0.2527
    OK ch=5 v=0.2651
    OK ch=1 v=0.2705
    OK ch=3 v=0.2551
    OK ch=5 v=0.2657
    OK ch=1 v=0.2737
    OK ch=3 v=0.2603
    OK ch=7 v=0.2490
    OK ch=1 v=0.2584
    OK ch=5 v=0.2652
    OK ch=7 v=0.2480
    OK ch=1 v=0.2376
    OK ch=3 v=0.2546
    OK ch=1 v=0.2512
    OK ch=3 v=0.2519
    OK ch=1 v=0.2359
    OK ch=3 v=0.2524
    OK ch=7 v=0.2468
    OK ch=1 v=0.2412
    OK ch=3 v=0.2495
    OK ch=5 v=0.2666
    OK ch=1 v=0.2598
    OK ch=3 v=0.2440
    OK ch=5 v=0.2653
    OK ch=1 v=0.2418
    OK ch=3 v=0.2538
    OK ch=5 v=0.2637
    OK ch=7 v=0.2477
    OK ch=1 v=0.2537
    OK ch=3 v=0.2554
    OK ch=5 v=0.2620
    OK ch=7 v=0.2504
    OK ch=1 v=0.2576
    OK ch=3 v=0.2625
    OK ch=5 v=0.2636
    OK ch=7 v=0.2514
    OK ch=1 v=0.2642
    OK ch=3 v=0.2573
    OK ch=5 v=0.2627
    OK ch=7 v=0.2504
    OK ch=1 v=0.2304
    OK ch=3 v=0.2482
    OK ch=7 v=0.2471
    OK ch=1 v=0.2285
    OK ch=3 v=0.2468
    OK ch=1 v=0.2589
    OK ch=3 v=0.2559
    OK ch=5 v=0.2619
    OK ch=7 v=0.2480
    OK ch=1 v=0.2426
    OK ch=3 v=0.2541
    OK ch=5 v=0.2611
    OK ch=7 v=0.2463
    OK ch=1 v=0.2619
    OK ch=3 v=0.2562
    OK ch=7 v=0.2490
    OK ch=3 v=0.2585
    OK ch=5 v=0.2631
    OK ch=1 v=0.2484
    OK ch=3 v=0.2594
    OK ch=5 v=0.2644
    OK ch=7 v=0.2504
    OK ch=1 v=0.2415
    OK ch=3 v=0.2508
    OK ch=5 v=0.2628
    OK ch=7 v=0.2465
    OK ch=1 v=0.2742
    OK ch=3 v=0.2549
    OK ch=7 v=0.2487
    OK ch=1 v=0.2468
    OK ch=3 v=0.2590
    OK ch=5 v=0.2647
    OK ch=1 v=0.2613
    OK ch=3 v=0.2562
    OK ch=5 v=0.2662
    OK ch=7 v=0.2465
    OK ch=1 v=0.2438
    OK ch=3 v=0.2500
    OK ch=5 v=0.2650
    OK ch=7 v=0.2477
    OK ch=1 v=0.2548
    OK ch=3 v=0.2525
    OK ch=7 v=0.2493
    OK ch=1 v=0.2669
    OK ch=3 v=0.2594
    OK ch=5 v=0.2645
    OK ch=7 v=0.2506
    OK ch=1 v=0.2305
    OK ch=3 v=0.2476
    OK ch=5 v=0.2653
    OK ch=7 v=0.2477
    OK ch=1 v=0.2523
    OK ch=3 v=0.2535
    OK ch=5 v=0.2660
    OK ch=1 v=0.2695
    OK ch=3 v=0.2573
    OK ch=7 v=0.2464
    OK ch=1 v=0.2539
    OK ch=3 v=0.2537
    OK ch=5 v=0.2644
    OK ch=1 v=0.2626
    OK ch=7 v=0.2473
    OK ch=1 v=0.2441
    OK ch=3 v=0.2543
    OK ch=7 v=0.2454
    OK ch=1 v=0.2604
    OK ch=3 v=0.2555
    OK ch=7 v=0.2467
    OK ch=1 v=0.2594
    OK ch=3 v=0.2542
    OK ch=7 v=0.2488
    OK ch=1 v=0.2507
    OK ch=3 v=0.2562
    OK ch=5 v=0.2652
    OK ch=7 v=0.2505
    OK ch=1 v=0.2252
    OK ch=3 v=0.2536
    OK ch=5 v=0.2642
    OK ch=7 v=0.2490
    OK ch=1 v=0.2306
    OK ch=3 v=0.2544
    OK ch=5 v=0.2625
    OK ch=7 v=0.2509
    OK ch=1 v=0.2503
    OK ch=5 v=0.2615
    OK ch=7 v=0.2492
    OK ch=1 v=0.2694
    OK ch=3 v=0.2555
    OK ch=7 v=0.2498
    OK ch=1 v=0.2506
    OK ch=3 v=0.2518
    OK ch=5 v=0.2602
    OK ch=1 v=0.2631
    OK ch=3 v=0.2562
    OK ch=5 v=0.2612
    OK ch=7 v=0.2490
    OK ch=1 v=0.2865
    OK ch=3 v=0.2519
    OK ch=5 v=0.2620
    OK ch=7 v=0.2474
    OK ch=1 v=0.2550
    OK ch=3 v=0.2541
    OK ch=5 v=0.2637
    OK ch=1 v=0.2339
    OK ch=3 v=0.2522
    OK ch=7 v=0.2500
    OK ch=1 v=0.2209
    OK ch=3 v=0.2618
    OK ch=5 v=0.2644
    OK ch=7 v=0.2490
    OK ch=1 v=0.2276
    OK ch=3 v=0.2509
    OK ch=5 v=0.2632
    OK ch=7 v=0.2507
    OK ch=1 v=0.2660
    OK ch=3 v=0.2546
    OK ch=5 v=0.2621
    OK ch=7 v=0.2466
    OK ch=1 v=0.2801
    OK ch=3 v=0.2574
    OK ch=7 v=0.2475
    OK ch=1 v=0.2389
    OK ch=3 v=0.2510
    OK ch=5 v=0.2640
    OK ch=7 v=0.2467
    OK ch=1 v=0.2424
    OK ch=3 v=0.2528
    OK ch=5 v=0.2650
    OK ch=7 v=0.2482
    OK ch=1 v=0.2302
    OK ch=3 v=0.2501
    OK ch=1 v=0.2655
    OK ch=3 v=0.2540
    OK ch=7 v=0.2474
    OK ch=1 v=0.2670
    OK ch=3 v=0.2590
    OK ch=5 v=0.2661
    OK ch=7 v=0.2448
    OK ch=1 v=0.2609
    OK ch=3 v=0.2550
    OK ch=5 v=0.2678
    OK ch=7 v=0.2467
    OK ch=1 v=0.2519
    OK ch=3 v=0.2563
    OK ch=5 v=0.2664
    OK ch=7 v=0.2488
    OK ch=1 v=0.2441
    OK ch=3 v=0.2534
    OK ch=7 v=0.2503
    OK ch=1 v=0.2626
    OK ch=3 v=0.2565
    OK ch=5 v=0.2658
    OK ch=1 v=0.2356
    OK ch=3 v=0.2482
    OK ch=7 v=0.2483
    OK ch=1 v=0.2475
    OK ch=3 v=0.2513
    OK ch=7 v=0.2467
    OK ch=1 v=0.2591
    OK ch=5 v=0.2634
    OK ch=1 v=0.2295
    OK ch=7 v=0.2482
    OK ch=1 v=0.2324
    OK ch=3 v=0.2492
    OK ch=7 v=0.2452
    OK ch=1 v=0.2713
    OK ch=3 v=0.2560
    OK ch=7 v=0.2475
    OK ch=1 v=0.2559
    OK ch=3 v=0.2538
    OK ch=5 v=0.2618
    OK ch=7 v=0.2496
    OK ch=1 v=0.2554
    OK ch=3 v=0.2593
    OK ch=5 v=0.2624
    OK ch=7 v=0.2520
[   40.1s] DAMPING     ch0:LOCK g=-0.0300 bp=-0.003V ratio=0.15  ch1:LOCK g=-0.0300 bp=+0.001V ratio=0.06  ch2:LOCK g=+0.0100 bp=-0.012V ratio=0.08  ch3:LOCK g=-0.0300 bp=+0.003V ratio=0.05
    OK ch=1 v=0.2702
    OK ch=3 v=0.2608
    OK ch=5 v=0.2613
    OK ch=7 v=0.2488
    OK ch=1 v=0.2347
    OK ch=3 v=0.2493
    OK ch=5 v=0.2629
    OK ch=7 v=0.2468
    OK ch=1 v=0.2492
    OK ch=3 v=0.2500
    OK ch=7 v=0.2481
    OK ch=1 v=0.2480
    OK ch=3 v=0.2561
    OK ch=5 v=0.2622
    OK ch=7 v=0.2496
    OK ch=1 v=0.2399
    OK ch=3 v=0.2511
    OK ch=5 v=0.2615
    OK ch=1 v=0.2419
    OK ch=3 v=0.2547
    OK ch=5 v=0.2623
    OK ch=7 v=0.2491
    OK ch=1 v=0.2476
    OK ch=3 v=0.2577
    OK ch=1 v=0.2582
    OK ch=3 v=0.2564
    OK ch=7 v=0.2450
    OK ch=1 v=0.2772
    OK ch=3 v=0.2601
    OK ch=7 v=0.2494
    OK ch=3 v=0.2569
    OK ch=7 v=0.2502
    OK ch=1 v=0.2488
    OK ch=3 v=0.2509
    OK ch=5 v=0.2632
    OK ch=7 v=0.2489
    OK ch=1 v=0.2526
    OK ch=5 v=0.2650
    OK ch=7 v=0.2481
    OK ch=1 v=0.2731
    OK ch=3 v=0.2540
    OK ch=5 v=0.2664
    OK ch=7 v=0.2468
    OK ch=1 v=0.2316
    OK ch=3 v=0.2525
    OK ch=5 v=0.2669
    OK ch=7 v=0.2493
    OK ch=1 v=0.2456
    OK ch=3 v=0.2574
    OK ch=5 v=0.2657
    OK ch=7 v=0.2471
    OK ch=1 v=0.2493
    OK ch=3 v=0.2537
    OK ch=5 v=0.2652
    OK ch=7 v=0.2482
    OK ch=1 v=0.2405
    OK ch=3 v=0.2461
    OK ch=5 v=0.2644
    OK ch=7 v=0.2450
    OK ch=1 v=0.2640
    OK ch=3 v=0.2534
    OK ch=5 v=0.2651
    OK ch=7 v=0.2467
    OK ch=1 v=0.2470
    OK ch=3 v=0.2517
    OK ch=5 v=0.2658
    OK ch=7 v=0.2489
    OK ch=1 v=0.2340
    OK ch=5 v=0.2643
    OK ch=7 v=0.2469
    OK ch=1 v=0.2431
    OK ch=3 v=0.2522
    OK ch=5 v=0.2657
    OK ch=1 v=0.2410
    OK ch=3 v=0.2556
    OK ch=5 v=0.2640
    OK ch=7 v=0.2475
    OK ch=1 v=0.2602
    OK ch=3 v=0.2538
    OK ch=5 v=0.2646
    OK ch=7 v=0.2492
    OK ch=1 v=0.2810
    OK ch=3 v=0.2607
    OK ch=5 v=0.2637
    OK ch=1 v=0.2315
    OK ch=3 v=0.2579
    OK ch=5 v=0.2628
    OK ch=7 v=0.2515
    OK ch=1 v=0.2741
    OK ch=3 v=0.2627
    OK ch=7 v=0.2497
    OK ch=1 v=0.2508
    OK ch=3 v=0.2528
    OK ch=7 v=0.2490
    OK ch=1 v=0.2603
    OK ch=3 v=0.2540
    OK ch=5 v=0.2636
    OK ch=7 v=0.2521
    OK ch=1 v=0.2475
    OK ch=3 v=0.2529
    OK ch=7 v=0.2468
    OK ch=1 v=0.2541
    OK ch=5 v=0.2609
    OK ch=7 v=0.2484
    OK ch=3 v=0.2567
    OK ch=1 v=0.2513
    OK ch=3 v=0.2533
    OK ch=1 v=0.2568
    OK ch=5 v=0.2615
    OK ch=1 v=0.2470
    OK ch=3 v=0.2514
    OK ch=7 v=0.2497
    OK ch=1 v=0.2352
    OK ch=3 v=0.2477
    OK ch=5 v=0.2621
    OK ch=7 v=0.2472
    OK ch=1 v=0.2624
    OK ch=3 v=0.2525
    OK ch=7 v=0.2457
    OK ch=1 v=0.2590
    OK ch=3 v=0.2588
    OK ch=7 v=0.2485
    OK ch=1 v=0.2667
    OK ch=3 v=0.2579
    OK ch=5 v=0.2631
    OK ch=7 v=0.2492
    OK ch=1 v=0.2442
    OK ch=3 v=0.2540
    OK ch=5 v=0.2643
    OK ch=7 v=0.2479
    OK ch=1 v=0.2539
    OK ch=3 v=0.2532
    OK ch=5 v=0.2663
    OK ch=1 v=0.2454
    OK ch=3 v=0.2568
    OK ch=7 v=0.2491
    OK ch=1 v=0.2663
    OK ch=3 v=0.2558
    OK ch=5 v=0.2657
    OK ch=1 v=0.2410
    OK ch=3 v=0.2538
    OK ch=1 v=0.2378
    OK ch=3 v=0.2533
    OK ch=7 v=0.2453
    OK ch=1 v=0.2393
    OK ch=3 v=0.2485
    OK ch=7 v=0.2484
    OK ch=1 v=0.2264
    OK ch=3 v=0.2476
    OK ch=1 v=0.2591
    OK ch=3 v=0.2555
    OK ch=5 v=0.2645
    OK ch=1 v=0.2570
    OK ch=3 v=0.2535
    OK ch=5 v=0.2634
    OK ch=7 v=0.2457
    OK ch=1 v=0.2411
    OK ch=3 v=0.2580
    OK ch=5 v=0.2644
    OK ch=7 v=0.2473
    OK ch=1 v=0.2623
    OK ch=3 v=0.2551
    OK ch=5 v=0.2636
    OK ch=7 v=0.2480
    OK ch=1 v=0.2560
    OK ch=3 v=0.2519
    OK ch=1 v=0.2634
    OK ch=3 v=0.2541
    OK ch=7 v=0.2496
    OK ch=1 v=0.2628
    OK ch=3 v=0.2572
    OK ch=5 v=0.2648
    OK ch=7 v=0.2486
    OK ch=1 v=0.2224
    OK ch=3 v=0.2464
    OK ch=5 v=0.2654
    OK ch=1 v=0.2535
    OK ch=3 v=0.2548
    OK ch=5 v=0.2643
    OK ch=1 v=0.2553
    OK ch=3 v=0.2568
    OK ch=5 v=0.2619
    OK ch=7 v=0.2495
    OK ch=1 v=0.2409
    OK ch=3 v=0.2553
    OK ch=7 v=0.2517
    OK ch=1 v=0.2595
    OK ch=3 v=0.2559
    OK ch=7 v=0.2500
    OK ch=1 v=0.2720
    OK ch=3 v=0.2544
    OK ch=7 v=0.2466
    OK ch=1 v=0.2913
    OK ch=7 v=0.2497
    OK ch=1 v=0.2600
    OK ch=3 v=0.2527
    OK ch=5 v=0.2632
    OK ch=1 v=0.2295
    OK ch=3 v=0.2502
    OK ch=5 v=0.2642
    OK ch=7 v=0.2474
    OK ch=1 v=0.2399
    OK ch=3 v=0.2545
    OK ch=5 v=0.2625
    OK ch=1 v=0.2151
    OK ch=3 v=0.2505
    OK ch=1 v=0.2591
    OK ch=3 v=0.2571
    OK ch=5 v=0.2611
    OK ch=7 v=0.2486
    OK ch=1 v=0.2472
    OK ch=5 v=0.2620
    OK ch=1 v=0.2710
    OK ch=3 v=0.2546
    OK ch=5 v=0.2626
    OK ch=7 v=0.2501
    OK ch=1 v=0.2607
    OK ch=3 v=0.2534
    OK ch=5 v=0.2647
    OK ch=7 v=0.2487
    OK ch=1 v=0.2417
    OK ch=3 v=0.2499
    OK ch=5 v=0.2654
    OK ch=7 v=0.2471
    OK ch=1 v=0.2629
    OK ch=3 v=0.2566
    OK ch=5 v=0.2669
    OK ch=7 v=0.2483
    OK ch=1 v=0.2585
    OK ch=5 v=0.2640
    OK ch=1 v=0.2657
    OK ch=5 v=0.2647
    OK ch=7 v=0.2497
    OK ch=1 v=0.2680
    OK ch=3 v=0.2498
    OK ch=5 v=0.2659
    OK ch=1 v=0.2327
    OK ch=3 v=0.2552
    OK ch=7 v=0.2457
    OK ch=1 v=0.2513
    OK ch=5 v=0.2673
    OK ch=7 v=0.2478
    OK ch=1 v=0.2525
    OK ch=3 v=0.2572
    OK ch=5 v=0.2657
    OK ch=7 v=0.2461
    OK ch=1 v=0.2477
    OK ch=3 v=0.2496
    OK ch=5 v=0.2650
    OK ch=1 v=0.2538
    OK ch=3 v=0.2518
    OK ch=5 v=0.2636
    OK ch=7 v=0.2483
    OK ch=1 v=0.2557
    OK ch=3 v=0.2579
    OK ch=5 v=0.2645
    OK ch=7 v=0.2477
    OK ch=1 v=0.2452
    OK ch=5 v=0.2630
    OK ch=1 v=0.2481
    OK ch=3 v=0.2522
    OK ch=5 v=0.2622
    OK ch=7 v=0.2492
    OK ch=1 v=0.2409
    OK ch=3 v=0.2497
    OK ch=7 v=0.2471
    OK ch=1 v=0.2558
    OK ch=3 v=0.2552
    OK ch=5 v=0.2630
    OK ch=7 v=0.2495
    OK ch=1 v=0.2664
    OK ch=3 v=0.2539
    OK ch=5 v=0.2635
    OK ch=7 v=0.2485
    OK ch=1 v=0.2526
    OK ch=3 v=0.2549
    OK ch=7 v=0.2507
    OK ch=1 v=0.2472
    OK ch=3 v=0.2573
    OK ch=5 v=0.2621
    OK ch=1 v=0.2614
    OK ch=3 v=0.2545
    OK ch=1 v=0.2528
    OK ch=3 v=0.2526
    OK ch=7 v=0.2494
    OK ch=1 v=0.2586
    OK ch=3 v=0.2582
    OK ch=5 v=0.2628
    OK ch=7 v=0.2460
    OK ch=1 v=0.2387
    OK ch=3 v=0.2499
    OK ch=7 v=0.2471
    OK ch=1 v=0.2444
    OK ch=3 v=0.2506
    OK ch=7 v=0.2488
    OK ch=1 v=0.2611
    OK ch=3 v=0.2566
    OK ch=7 v=0.2479
    OK ch=1 v=0.2688
    OK ch=3 v=0.2611
    OK ch=5 v=0.2619
    OK ch=1 v=0.2576
    OK ch=3 v=0.2566
    OK ch=7 v=0.2503
    OK ch=1 v=0.2312
    OK ch=3 v=0.2475
    OK ch=5 v=0.2657
    OK ch=7 v=0.2492
    OK ch=1 v=0.2490
    OK ch=3 v=0.2533
    OK ch=5 v=0.2645
    OK ch=7 v=0.2485
    OK ch=1 v=0.2246
    OK ch=3 v=0.2512
    OK ch=7 v=0.2460
    OK ch=1 v=0.2517
    OK ch=1 v=0.2417
    OK ch=3 v=0.2570
    OK ch=5 v=0.2654
    OK ch=7 v=0.2474
    OK ch=1 v=0.2702
    OK ch=3 v=0.2593
    OK ch=1 v=0.2914
    OK ch=3 v=0.2576
    OK ch=5 v=0.2649
    OK ch=1 v=0.2434
    OK ch=3 v=0.2536
    OK ch=5 v=0.2656
    OK ch=7 v=0.2491
    OK ch=1 v=0.2340
    OK ch=3 v=0.2492
    OK ch=5 v=0.2663
    OK ch=7 v=0.2481
    OK ch=1 v=0.2467
    OK ch=3 v=0.2443
    OK ch=5 v=0.2646
    OK ch=7 v=0.2504
    OK ch=3 v=0.2541
    OK ch=7 v=0.2489
    OK ch=1 v=0.2662
    OK ch=3 v=0.2584
    OK ch=5 v=0.2655
    OK ch=7 v=0.2462
    OK ch=1 v=0.2419
    OK ch=7 v=0.2471
    OK ch=1 v=0.2741
    OK ch=3 v=0.2626
    OK ch=7 v=0.2487
    OK ch=1 v=0.2661
    OK ch=3 v=0.2594
    OK ch=5 v=0.2635
    OK ch=7 v=0.2492
    OK ch=1 v=0.2415
    OK ch=3 v=0.2496
    OK ch=1 v=0.2631
    OK ch=3 v=0.2555
    OK ch=5 v=0.2625
    OK ch=1 v=0.2599
    OK ch=3 v=0.2573
    OK ch=7 v=0.2487
    OK ch=1 v=0.2316
    OK ch=3 v=0.2485
    OK ch=7 v=0.2473
    OK ch=1 v=0.2371
    OK ch=3 v=0.2477
    OK ch=1 v=0.2632
    OK ch=3 v=0.2522
    OK ch=7 v=0.2509
    OK ch=1 v=0.2656
    OK ch=3 v=0.2569
    OK ch=5 v=0.2613
    OK ch=1 v=0.2135
    OK ch=3 v=0.2610
    OK ch=5 v=0.2620
    OK ch=7 v=0.2485
    OK ch=1 v=0.2485
    OK ch=3 v=0.2538
    OK ch=7 v=0.2514
    OK ch=1 v=0.2579
    OK ch=3 v=0.2512
    OK ch=5 v=0.2612
    OK ch=7 v=0.2486
    OK ch=1 v=0.2935
    OK ch=3 v=0.2551
    OK ch=1 v=0.2730
    OK ch=3 v=0.2545
    OK ch=7 v=0.2476
    OK ch=1 v=0.2505
    OK ch=3 v=0.2566
    OK ch=5 v=0.2621
    OK ch=7 v=0.2484
    OK ch=1 v=0.2424
    OK ch=5 v=0.2656
    OK ch=7 v=0.2497
    OK ch=1 v=0.2490
    OK ch=5 v=0.2645
    OK ch=7 v=0.2482
    OK ch=1 v=0.2405
    OK ch=3 v=0.2547
    OK ch=7 v=0.2490
    OK ch=1 v=0.2104
    OK ch=3 v=0.2528
    OK ch=5 v=0.2651
    OK ch=1 v=0.2719
    OK ch=3 v=0.2550
    OK ch=7 v=0.2462
    OK ch=1 v=0.2873
    OK ch=3 v=0.2564
    OK ch=1 v=0.2641
    OK ch=3 v=0.2528
    OK ch=7 v=0.2475
    OK ch=1 v=0.2323
    OK ch=3 v=0.2457
    OK ch=5 v=0.2676
    OK ch=1 v=0.2557
    OK ch=3 v=0.2546
    OK ch=5 v=0.2661
    OK ch=7 v=0.2462
    OK ch=1 v=0.2611
    OK ch=3 v=0.2555
    OK ch=7 v=0.2467
    OK ch=1 v=0.2545
    OK ch=3 v=0.2529
    OK ch=5 v=0.2650
    OK ch=7 v=0.2485
    OK ch=1 v=0.2399
    OK ch=3 v=0.2550
    OK ch=5 v=0.2660
    OK ch=7 v=0.2455
    OK ch=1 v=0.2341
    OK ch=3 v=0.2505
    OK ch=5 v=0.2645
    OK ch=7 v=0.2448
    OK ch=1 v=0.2745
    OK ch=3 v=0.2545
    OK ch=5 v=0.2637
    OK ch=7 v=0.2473
    OK ch=1 v=0.2543
    OK ch=3 v=0.2517
    OK ch=5 v=0.2648
    OK ch=7 v=0.2483
    OK ch=1 v=0.2341
    OK ch=5 v=0.2657
    OK ch=7 v=0.2499
    OK ch=1 v=0.2507
    OK ch=3 v=0.2600
    OK ch=7 v=0.2462
    OK ch=1 v=0.2435
    OK ch=3 v=0.2508
    OK ch=5 v=0.2638
    OK ch=7 v=0.2496
    OK ch=1 v=0.2764
    OK ch=3 v=0.2592
    OK ch=5 v=0.2621
    OK ch=7 v=0.2489
[   45.1s] DAMPING     ch0:LOCK g=-0.0300 bp=+0.028V ratio=0.17  ch1:LOCK g=-0.0300 bp=+0.004V ratio=0.06  ch2:LOCK g=+0.0100 bp=-0.021V ratio=0.08  ch3:LOCK g=-0.0300 bp=-0.007V ratio=0.09
    OK ch=1 v=0.2561
    OK ch=3 v=0.2578
    OK ch=7 v=0.2521
    OK ch=1 v=0.2568
    OK ch=3 v=0.2552
    OK ch=5 v=0.2611
    OK ch=7 v=0.2529
    OK ch=1 v=0.2651
    OK ch=7 v=0.2502
    OK ch=1 v=0.2571
    OK ch=1 v=0.2608
    OK ch=3 v=0.2537
    OK ch=7 v=0.2483
    OK ch=1 v=0.2504
    OK ch=3 v=0.2554
    OK ch=7 v=0.2517
    OK ch=1 v=0.2308
    OK ch=3 v=0.2493
    OK ch=5 v=0.2605
    OK ch=7 v=0.2479
    OK ch=1 v=0.2609
    OK ch=3 v=0.2553
    OK ch=7 v=0.2469
    OK ch=1 v=0.2495
    OK ch=5 v=0.2619
    OK ch=1 v=0.2307
    OK ch=3 v=0.2442
    OK ch=1 v=0.2481
    OK ch=3 v=0.2535
    OK ch=5 v=0.2614
    OK ch=7 v=0.2463
    OK ch=1 v=0.2396
    OK ch=3 v=0.2526
    OK ch=7 v=0.2478
    OK ch=1 v=0.2522
    OK ch=3 v=0.2517
    OK ch=5 v=0.2633
    OK ch=7 v=0.2446
    OK ch=1 v=0.2473
    OK ch=3 v=0.2525
    OK ch=5 v=0.2659
    OK ch=7 v=0.2498
    OK ch=1 v=0.2599
    OK ch=3 v=0.2556
    OK ch=7 v=0.2492
    OK ch=1 v=0.2628
    OK ch=3 v=0.2607
    OK ch=5 v=0.2677
    OK ch=7 v=0.2464
    OK ch=1 v=0.2397
    OK ch=3 v=0.2550
    OK ch=5 v=0.2671
    OK ch=7 v=0.2510
    OK ch=1 v=0.2294
    OK ch=3 v=0.2535
    OK ch=5 v=0.2661
    OK ch=7 v=0.2463
    OK ch=1 v=0.2649
    OK ch=3 v=0.2429
    OK ch=5 v=0.2667
    OK ch=7 v=0.2484
    OK ch=1 v=0.2746
    OK ch=3 v=0.2577
    OK ch=5 v=0.2641
    OK ch=7 v=0.2476
    OK ch=1 v=0.2286
    OK ch=3 v=0.2524
    OK ch=5 v=0.2670
    OK ch=7 v=0.2466
    OK ch=1 v=0.2344
    OK ch=3 v=0.2533
    OK ch=5 v=0.2660
    OK ch=7 v=0.2459
    OK ch=1 v=0.2620
    OK ch=3 v=0.2527
    OK ch=5 v=0.2640
    OK ch=7 v=0.2468
    OK ch=1 v=0.2605
    OK ch=3 v=0.2545
    OK ch=7 v=0.2488
    OK ch=1 v=0.2458
    OK ch=3 v=0.2572
    OK ch=1 v=0.2756
    OK ch=3 v=0.2667
    OK ch=5 v=0.2617
    OK ch=7 v=0.2479
    OK ch=1 v=0.2745
    OK ch=3 v=0.2571
    OK ch=1 v=0.2366
    OK ch=3 v=0.2443
    OK ch=5 v=0.2636
    OK ch=7 v=0.2490
    OK ch=1 v=0.2587
    OK ch=3 v=0.2546
    OK ch=1 v=0.2659
    OK ch=3 v=0.2552
    OK ch=7 v=0.2516
    OK ch=1 v=0.2460
    OK ch=3 v=0.2563
    OK ch=5 v=0.2622
    OK ch=1 v=0.2277
    OK ch=3 v=0.2511
    OK ch=1 v=0.2434
    OK ch=3 v=0.2550
    OK ch=7 v=0.2500
    OK ch=1 v=0.2577
    OK ch=3 v=0.2598
    OK ch=5 v=0.2610
    OK ch=7 v=0.2488
    OK ch=1 v=0.2615
    OK ch=3 v=0.2577
    OK ch=7 v=0.2482
    OK ch=1 v=0.2414
    OK ch=3 v=0.2525
    OK ch=5 v=0.2619
    OK ch=1 v=0.2199
    OK ch=3 v=0.2455
    OK ch=1 v=0.2492
    OK ch=3 v=0.2534
    OK ch=7 v=0.2491
    OK ch=1 v=0.2747
    OK ch=3 v=0.2602
    OK ch=5 v=0.2609
    OK ch=1 v=0.2668
    OK ch=5 v=0.2630
    OK ch=7 v=0.2478
    OK ch=1 v=0.2570
    OK ch=3 v=0.2572
    OK ch=5 v=0.2639
    OK ch=7 v=0.2487
    OK ch=1 v=0.2466
    OK ch=3 v=0.2493
    OK ch=5 v=0.2661
    OK ch=7 v=0.2475
    OK ch=1 v=0.2475
    OK ch=3 v=0.2529
    OK ch=7 v=0.2487
    OK ch=1 v=0.2224
    OK ch=3 v=0.2479
    OK ch=5 v=0.2650
    OK ch=7 v=0.2476
    OK ch=1 v=0.2769
    OK ch=3 v=0.2546
    OK ch=5 v=0.2643
    OK ch=1 v=0.2489
    OK ch=3 v=0.2535
    OK ch=5 v=0.2659
    OK ch=7 v=0.2489
    OK ch=1 v=0.2510
    OK ch=3 v=0.2581
    OK ch=5 v=0.2672
    OK ch=7 v=0.2467
    OK ch=1 v=0.2331
    OK ch=3 v=0.2413
    OK ch=7 v=0.2480
    OK ch=1 v=0.2614
    OK ch=3 v=0.2501
    OK ch=5 v=0.2659
    OK ch=1 v=0.2686
    OK ch=3 v=0.2608
    OK ch=5 v=0.2640
    OK ch=7 v=0.2449
    OK ch=1 v=0.2412
    OK ch=3 v=0.2591
    OK ch=5 v=0.2652
    OK ch=7 v=0.2476
    OK ch=1 v=0.2721
    OK ch=3 v=0.2582
    OK ch=1 v=0.2326
    OK ch=3 v=0.2492
    OK ch=7 v=0.2452
    OK ch=1 v=0.2237
    OK ch=3 v=0.2458
    OK ch=5 v=0.2643
    OK ch=7 v=0.2465
    OK ch=1 v=0.2480
    OK ch=3 v=0.2550
    OK ch=5 v=0.2624
    OK ch=7 v=0.2511
    OK ch=1 v=0.2567
    OK ch=3 v=0.2577
    OK ch=5 v=0.2632
    OK ch=7 v=0.2464
    OK ch=1 v=0.2722
    OK ch=3 v=0.2547
    OK ch=5 v=0.2623
    OK ch=7 v=0.2498
    OK ch=1 v=0.2551
    OK ch=3 v=0.2597
    OK ch=5 v=0.2609
    OK ch=7 v=0.2512
    OK ch=1 v=0.2402
    OK ch=3 v=0.2503
    OK ch=5 v=0.2626
    OK ch=1 v=0.2586
    OK ch=3 v=0.2520
    OK ch=5 v=0.2621
    OK ch=7 v=0.2506
    OK ch=1 v=0.2746
    OK ch=3 v=0.2602
    OK ch=5 v=0.2610
    OK ch=7 v=0.2471
    OK ch=1 v=0.2271
    OK ch=3 v=0.2443
    OK ch=5 v=0.2634
    OK ch=7 v=0.2457
    OK ch=1 v=0.2491
    OK ch=3 v=0.2542
    OK ch=5 v=0.2623
    OK ch=7 v=0.2486
    OK ch=1 v=0.2519
    OK ch=3 v=0.2550
    OK ch=5 v=0.2616
    OK ch=1 v=0.2501
    OK ch=3 v=0.2562
    OK ch=5 v=0.2636
    OK ch=1 v=0.2371
    OK ch=3 v=0.2547
    OK ch=5 v=0.2630
    OK ch=7 v=0.2475
    OK ch=1 v=0.2557
    OK ch=3 v=0.2542
    OK ch=5 v=0.2639
    OK ch=7 v=0.2509
    OK ch=1 v=0.2534
    OK ch=3 v=0.2575
    OK ch=1 v=0.2645
    OK ch=3 v=0.2563
    OK ch=7 v=0.2464
    OK ch=1 v=0.2745
    OK ch=3 v=0.2600
    OK ch=7 v=0.2454
    OK ch=1 v=0.2586
    OK ch=3 v=0.2532
    OK ch=5 v=0.2666
    OK ch=7 v=0.2471
    OK ch=1 v=0.2135
    OK ch=3 v=0.2447
    OK ch=5 v=0.2660
    OK ch=1 v=0.2609
    OK ch=3 v=0.2505
    OK ch=1 v=0.2735
    OK ch=3 v=0.2549
    OK ch=5 v=0.2665
    OK ch=7 v=0.2486
    OK ch=1 v=0.2497
    OK ch=3 v=0.2541
    OK ch=5 v=0.2653
    OK ch=7 v=0.2480
    OK ch=1 v=0.2657
    OK ch=3 v=0.2587
    OK ch=7 v=0.2468
    OK ch=1 v=0.2528
    OK ch=3 v=0.2595
    OK ch=7 v=0.2483
    OK ch=1 v=0.2298
    OK ch=3 v=0.2546
    OK ch=5 v=0.2644
    OK ch=3 v=0.2507
    OK ch=5 v=0.2638
    OK ch=7 v=0.2476
    OK ch=1 v=0.2578
    OK ch=3 v=0.2566
    OK ch=7 v=0.2451
    OK ch=1 v=0.2636
    OK ch=3 v=0.2514
    OK ch=5 v=0.2628
    OK ch=7 v=0.2479
    OK ch=1 v=0.2401
    OK ch=3 v=0.2487
    OK ch=5 v=0.2611
    OK ch=1 v=0.2487
    OK ch=3 v=0.2473
    OK ch=5 v=0.2636
    OK ch=7 v=0.2467
    OK ch=1 v=0.2662
    OK ch=3 v=0.2554
    OK ch=5 v=0.2631
    OK ch=7 v=0.2518
    OK ch=1 v=0.2530
    OK ch=1 v=0.2666
    OK ch=3 v=0.2584
    OK ch=7 v=0.2503
    OK ch=1 v=0.2637
    OK ch=3 v=0.2627
    OK ch=5 v=0.2623
    OK ch=1 v=0.2487
    OK ch=3 v=0.2590
    OK ch=5 v=0.2634
    OK ch=7 v=0.2495
    OK ch=1 v=0.2586
    OK ch=3 v=0.2550
    OK ch=5 v=0.2620
    OK ch=7 v=0.2477
    OK ch=1 v=0.2601
    OK ch=3 v=0.2526
    OK ch=5 v=0.2626
    OK ch=7 v=0.2486
    OK ch=1 v=0.2476
    OK ch=3 v=0.2514
    OK ch=5 v=0.2633
    OK ch=1 v=0.2317
    OK ch=3 v=0.2506
    OK ch=1 v=0.2381
    OK ch=3 v=0.2545
    OK ch=5 v=0.2638
    OK ch=7 v=0.2496
    OK ch=1 v=0.2305
    OK ch=3 v=0.2524
    OK ch=7 v=0.2471
    OK ch=1 v=0.2592
    OK ch=5 v=0.2629
    OK ch=1 v=0.2827
    OK ch=3 v=0.2586
    OK ch=5 v=0.2634
    OK ch=1 v=0.2655
    OK ch=3 v=0.2598
    OK ch=5 v=0.2644
    OK ch=1 v=0.2525
    OK ch=3 v=0.2549
    OK ch=5 v=0.2658
    OK ch=7 v=0.2490
    OK ch=1 v=0.2593
    OK ch=3 v=0.2579
    OK ch=7 v=0.2480
    OK ch=1 v=0.2523
    OK ch=3 v=0.2562
    OK ch=7 v=0.2503
    OK ch=1 v=0.2345
    OK ch=3 v=0.2502
    OK ch=5 v=0.2665
    OK ch=7 v=0.2467
    OK ch=1 v=0.2571
    OK ch=3 v=0.2535
    OK ch=5 v=0.2654
    OK ch=1 v=0.2609
    OK ch=5 v=0.2645
    OK ch=1 v=0.2289
    OK ch=3 v=0.2484
    OK ch=5 v=0.2654
    OK ch=7 v=0.2473
    OK ch=1 v=0.2622
    OK ch=3 v=0.2580
    OK ch=5 v=0.2642
    OK ch=7 v=0.2502
    OK ch=1 v=0.2249
    OK ch=3 v=0.2491
    OK ch=5 v=0.2657
    OK ch=7 v=0.2478
    OK ch=1 v=0.2738
    OK ch=3 v=0.2526
    OK ch=5 v=0.2638
    OK ch=1 v=0.2556
    OK ch=3 v=0.2538
    OK ch=1 v=0.2353
    OK ch=3 v=0.2484
    OK ch=5 v=0.2627
    OK ch=1 v=0.2571
    OK ch=3 v=0.2539
    OK ch=7 v=0.2469
    OK ch=1 v=0.2731
    OK ch=3 v=0.2627
    OK ch=7 v=0.2483
    OK ch=1 v=0.2639
    OK ch=3 v=0.2566
    OK ch=7 v=0.2523
    OK ch=1 v=0.2338
    OK ch=3 v=0.2531
    OK ch=5 v=0.2633
    OK ch=7 v=0.2511
    OK ch=1 v=0.2138
    OK ch=3 v=0.2491
    OK ch=5 v=0.2618
    OK ch=7 v=0.2497
    OK ch=1 v=0.2694
    OK ch=3 v=0.2536
    OK ch=5 v=0.2612
    OK ch=7 v=0.2489
    OK ch=1 v=0.2748
    OK ch=3 v=0.2594
    OK ch=5 v=0.2623
    OK ch=7 v=0.2473
    OK ch=1 v=0.2429
    OK ch=3 v=0.2562
    OK ch=7 v=0.2461
    OK ch=1 v=0.2331
    OK ch=3 v=0.2489
    OK ch=5 v=0.2632
    OK ch=7 v=0.2477
    OK ch=1 v=0.2525
    OK ch=3 v=0.2559
    OK ch=5 v=0.2625
    OK ch=7 v=0.2483
    OK ch=1 v=0.2363
    OK ch=3 v=0.2519
    OK ch=5 v=0.2618
    OK ch=7 v=0.2496
    OK ch=1 v=0.2428
    OK ch=5 v=0.2651
    OK ch=1 v=0.2598
    OK ch=3 v=0.2535
    OK ch=5 v=0.2662
    OK ch=7 v=0.2468
    OK ch=1 v=0.2534
    OK ch=3 v=0.2544
    OK ch=7 v=0.2487
    OK ch=1 v=0.2808
    OK ch=3 v=0.2605
    OK ch=5 v=0.2648
    OK ch=7 v=0.2477
    OK ch=1 v=0.2424
    OK ch=3 v=0.2481
    OK ch=1 v=0.2370
    OK ch=3 v=0.2505
    OK ch=7 v=0.2490
    OK ch=1 v=0.2262
    OK ch=3 v=0.2488
    OK ch=1 v=0.2607
    OK ch=3 v=0.2552
    OK ch=5 v=0.2669
    OK ch=7 v=0.2503
    OK ch=1 v=0.2710
    OK ch=3 v=0.2585
    OK ch=5 v=0.2648
    OK ch=7 v=0.2488
    OK ch=1 v=0.2616
    OK ch=3 v=0.2553
    OK ch=7 v=0.2460
    OK ch=1 v=0.2460
    OK ch=3 v=0.2496
    OK ch=5 v=0.2641
    OK ch=1 v=0.2594
    OK ch=3 v=0.2579
    OK ch=7 v=0.2468
    OK ch=1 v=0.2571
    OK ch=7 v=0.2474
    OK ch=1 v=0.2231
    OK ch=3 v=0.2479
    OK ch=7 v=0.2501
    OK ch=1 v=0.2561
    OK ch=3 v=0.2518
    OK ch=7 v=0.2471
    OK ch=1 v=0.2407
    OK ch=3 v=0.2547
    OK ch=5 v=0.2631
    OK ch=7 v=0.2491
    OK ch=1 v=0.2585
    OK ch=3 v=0.2576
    OK ch=7 v=0.2482
    OK ch=1 v=0.2554
    OK ch=3 v=0.2536
    OK ch=7 v=0.2505
    OK ch=1 v=0.2572
    OK ch=3 v=0.2491
    OK ch=5 v=0.2623
[   50.2s] DAMPING     ch0:LOCK g=-0.0300 bp=+0.005V ratio=0.15  ch1:LOCK g=-0.0300 bp=-0.008V ratio=0.06  ch2:LOCK g=+0.0100 bp=-0.004V ratio=0.05  ch3:LOCK g=-0.0300 bp=+0.002V ratio=0.04
    OK ch=3 v=0.2518
    OK ch=7 v=0.2475
    OK ch=1 v=0.2852
    OK ch=3 v=0.2552
    OK ch=5 v=0.2616
    OK ch=7 v=0.2480
    OK ch=1 v=0.2460
    OK ch=3 v=0.2585
    OK ch=5 v=0.2625
    OK ch=7 v=0.2506
    OK ch=1 v=0.2378
    OK ch=3 v=0.2553
    OK ch=5 v=0.2633
    OK ch=7 v=0.2491
    OK ch=1 v=0.2538
    OK ch=3 v=0.2565
    OK ch=5 v=0.2619
    OK ch=1 v=0.2431
    OK ch=3 v=0.2524
    OK ch=7 v=0.2481
    OK ch=1 v=0.2440
    OK ch=3 v=0.2530
    OK ch=5 v=0.2611
    OK ch=1 v=0.2453
    OK ch=3 v=0.2462
    OK ch=5 v=0.2624
    OK ch=1 v=0.2464
    OK ch=3 v=0.2575
    OK ch=5 v=0.2639
    OK ch=1 v=0.2353
    OK ch=3 v=0.2523
    OK ch=7 v=0.2468
    OK ch=1 v=0.2770
    OK ch=3 v=0.2587
    OK ch=7 v=0.2457
    OK ch=1 v=0.2858
    OK ch=3 v=0.2639
    OK ch=7 v=0.2474
    OK ch=1 v=0.2522
    OK ch=3 v=0.2577
    OK ch=5 v=0.2650
    OK ch=7 v=0.2493
    OK ch=1 v=0.2548
    OK ch=3 v=0.2523
    OK ch=5 v=0.2667
    OK ch=7 v=0.2460
    OK ch=1 v=0.2585
    OK ch=3 v=0.2552
    OK ch=7 v=0.2486
    OK ch=1 v=0.2354
    OK ch=3 v=0.2518
    OK ch=5 v=0.2674
    OK ch=7 v=0.2491
    OK ch=1 v=0.2190
    OK ch=3 v=0.2505
    OK ch=5 v=0.2666
    OK ch=7 v=0.2502
    OK ch=1 v=0.2675
    OK ch=3 v=0.2538
    OK ch=5 v=0.2645
    OK ch=7 v=0.2474
    OK ch=1 v=0.2665
    OK ch=3 v=0.2557
    OK ch=7 v=0.2495
    OK ch=1 v=0.2730
    OK ch=3 v=0.2532
    OK ch=5 v=0.2659
    OK ch=7 v=0.2472
    OK ch=1 v=0.2282
    OK ch=3 v=0.2482
    OK ch=1 v=0.2389
    OK ch=3 v=0.2495
    OK ch=1 v=0.2597
    OK ch=3 v=0.2593
    OK ch=5 v=0.2634
    OK ch=1 v=0.2516
    OK ch=3 v=0.2601
    OK ch=5 v=0.2621
    OK ch=7 v=0.2479
    OK ch=1 v=0.2450
    OK ch=3 v=0.2500
    OK ch=5 v=0.2643
    OK ch=7 v=0.2494
    OK ch=1 v=0.2417
    OK ch=5 v=0.2632
    OK ch=7 v=0.2482
    OK ch=1 v=0.2465
    OK ch=5 v=0.2619
    OK ch=7 v=0.2456
    OK ch=1 v=0.2735
    OK ch=3 v=0.2618
    OK ch=5 v=0.2609
    OK ch=7 v=0.2481
    OK ch=1 v=0.2812
    OK ch=3 v=0.2631
    OK ch=7 v=0.2501
    OK ch=1 v=0.2490
    OK ch=3 v=0.2512
    OK ch=5 v=0.2619
    OK ch=7 v=0.2535
    OK ch=1 v=0.2330
    OK ch=3 v=0.2503
    OK ch=5 v=0.2631
    OK ch=7 v=0.2503
    OK ch=1 v=0.2526
    OK ch=3 v=0.2526
    OK ch=5 v=0.2600
    OK ch=7 v=0.2488
    OK ch=3 v=0.2547
    OK ch=5 v=0.2613
    OK ch=7 v=0.2494
    OK ch=1 v=0.2532
    OK ch=3 v=0.2538
    OK ch=5 v=0.2626
    OK ch=1 v=0.2660
    OK ch=3 v=0.2573
    OK ch=5 v=0.2642
    OK ch=7 v=0.2475
    OK ch=1 v=0.2568
    OK ch=3 v=0.2593
    OK ch=5 v=0.2633
    OK ch=1 v=0.2328
    OK ch=3 v=0.2570
    OK ch=5 v=0.2647
    OK ch=7 v=0.2451
    OK ch=1 v=0.2636
    OK ch=3 v=0.2564
    OK ch=7 v=0.2492
    OK ch=1 v=0.2337
    OK ch=3 v=0.2495
    OK ch=7 v=0.2497
    OK ch=1 v=0.2525
    OK ch=3 v=0.2512
    OK ch=7 v=0.2470
    OK ch=1 v=0.2535
    OK ch=3 v=0.2524
    OK ch=7 v=0.2479
    OK ch=1 v=0.2449
    OK ch=3 v=0.2507
    OK ch=1 v=0.2416
    OK ch=3 v=0.2521
    OK ch=1 v=0.2496
    OK ch=3 v=0.2460
    OK ch=5 v=0.2656
    OK ch=7 v=0.2460
    OK ch=1 v=0.2356
    OK ch=3 v=0.2527
    OK ch=7 v=0.2472
    OK ch=1 v=0.2412
    OK ch=3 v=0.2570
    OK ch=5 v=0.2662
    OK ch=7 v=0.2490
    OK ch=1 v=0.2540
    OK ch=3 v=0.2548
    OK ch=7 v=0.2457
    OK ch=1 v=0.2456
    OK ch=3 v=0.2507
    OK ch=1 v=0.2784
    OK ch=3 v=0.2619
    OK ch=7 v=0.2441
    OK ch=1 v=0.2709
    OK ch=3 v=0.2593
    OK ch=5 v=0.2654
    OK ch=7 v=0.2483
    OK ch=1 v=0.2529
    OK ch=3 v=0.2556
    OK ch=7 v=0.2460
    OK ch=1 v=0.2263
    OK ch=3 v=0.2520
    OK ch=7 v=0.2499
    OK ch=1 v=0.2517
    OK ch=3 v=0.2504
    OK ch=5 v=0.2645
    OK ch=7 v=0.2482
    OK ch=3 v=0.2525
    OK ch=5 v=0.2627
    OK ch=7 v=0.2503
    OK ch=1 v=0.2625
    OK ch=3 v=0.2558
    OK ch=5 v=0.2633
    OK ch=7 v=0.2526
    OK ch=1 v=0.2782
    OK ch=3 v=0.2549
    OK ch=5 v=0.2624
    OK ch=7 v=0.2506
    OK ch=1 v=0.2703
    OK ch=3 v=0.2568
    OK ch=7 v=0.2482
    OK ch=1 v=0.2427
    OK ch=3 v=0.2504
    OK ch=5 v=0.2614
    OK ch=7 v=0.2489
    OK ch=1 v=0.2383
    OK ch=5 v=0.2624
    OK ch=7 v=0.2476
    OK ch=1 v=0.2173
    OK ch=3 v=0.2513
    OK ch=5 v=0.2606
    OK ch=7 v=0.2488
    OK ch=1 v=0.2737
    OK ch=3 v=0.2621
    OK ch=7 v=0.2500
    OK ch=1 v=0.2673
    OK ch=3 v=0.2561
    OK ch=7 v=0.2474
    OK ch=1 v=0.2791
    OK ch=3 v=0.2588
    OK ch=7 v=0.2505
    OK ch=1 v=0.2406
    OK ch=3 v=0.2509
    OK ch=5 v=0.2629
    OK ch=7 v=0.2494
    OK ch=1 v=0.2518
    OK ch=3 v=0.2558
    OK ch=7 v=0.2487
    OK ch=1 v=0.2547
    OK ch=3 v=0.2586
    OK ch=5 v=0.2646
    OK ch=7 v=0.2496
    OK ch=1 v=0.2457
    OK ch=3 v=0.2471
    OK ch=1 v=0.2426
    OK ch=3 v=0.2545
    OK ch=5 v=0.2661
    OK ch=7 v=0.2513
    OK ch=1 v=0.2482
    OK ch=3 v=0.2568
    OK ch=5 v=0.2645
    OK ch=7 v=0.2473
    OK ch=1 v=0.2434
    OK ch=3 v=0.2562
    OK ch=5 v=0.2665
    OK ch=1 v=0.2700
    OK ch=5 v=0.2652
    OK ch=7 v=0.2482
    OK ch=1 v=0.2442
    OK ch=3 v=0.2536
    OK ch=5 v=0.2644
    OK ch=7 v=0.2462
    OK ch=1 v=0.2427
    OK ch=3 v=0.2528
    OK ch=5 v=0.2656
    OK ch=7 v=0.2453
    OK ch=1 v=0.2354
    OK ch=3 v=0.2461
    OK ch=7 v=0.2486
    OK ch=1 v=0.2496
    OK ch=3 v=0.2495
    OK ch=7 v=0.2480
    OK ch=1 v=0.2458
    OK ch=3 v=0.2481
    OK ch=1 v=0.2476
    OK ch=3 v=0.2527
    OK ch=5 v=0.2649
    OK ch=7 v=0.2457
    OK ch=1 v=0.2758
    OK ch=3 v=0.2619
    OK ch=5 v=0.2660
    OK ch=1 v=0.2556
    OK ch=3 v=0.2581
    OK ch=5 v=0.2667
    OK ch=7 v=0.2479
    OK ch=1 v=0.2304
    OK ch=3 v=0.2511
    OK ch=5 v=0.2655
    OK ch=7 v=0.2499
    OK ch=1 v=0.2577
    OK ch=3 v=0.2578
    OK ch=5 v=0.2632
    OK ch=1 v=0.2567
    OK ch=3 v=0.2568
    OK ch=5 v=0.2622
    OK ch=7 v=0.2506
    OK ch=1 v=0.2397
    OK ch=3 v=0.2521
    OK ch=7 v=0.2488
    OK ch=1 v=0.2340
    OK ch=3 v=0.2493
    OK ch=5 v=0.2630
    OK ch=7 v=0.2471
    OK ch=1 v=0.2628
    OK ch=3 v=0.2550
    OK ch=7 v=0.2448
    OK ch=1 v=0.2680
    OK ch=3 v=0.2583
    OK ch=5 v=0.2612
    OK ch=7 v=0.2478
    OK ch=1 v=0.2648
    OK ch=3 v=0.2599
    OK ch=7 v=0.2511
    OK ch=1 v=0.2532
    OK ch=3 v=0.2561
    OK ch=5 v=0.2624
    OK ch=7 v=0.2546
    OK ch=1 v=0.2646
    OK ch=3 v=0.2519
    OK ch=7 v=0.2473
    OK ch=1 v=0.2629
    OK ch=3 v=0.2552
    OK ch=7 v=0.2462
    OK ch=1 v=0.2490
    OK ch=3 v=0.2532
    OK ch=7 v=0.2488
    OK ch=1 v=0.2208
    OK ch=3 v=0.2517
    OK ch=5 v=0.2636
    OK ch=1 v=0.2399
    OK ch=3 v=0.2483
    OK ch=1 v=0.2294
    OK ch=1 v=0.2462
    OK ch=3 v=0.2541
    OK ch=1 v=0.2447
    OK ch=3 v=0.2506
    OK ch=7 v=0.2474
    OK ch=1 v=0.2705
    OK ch=3 v=0.2539
    OK ch=7 v=0.2447
    OK ch=1 v=0.2758
    OK ch=5 v=0.2648
    OK ch=7 v=0.2486
    OK ch=1 v=0.2718
    OK ch=3 v=0.2599
    OK ch=5 v=0.2641
    OK ch=7 v=0.2495
    OK ch=1 v=0.2341
    OK ch=3 v=0.2524
    OK ch=5 v=0.2650
    OK ch=1 v=0.2147
    OK ch=3 v=0.2455
    OK ch=5 v=0.2668
    OK ch=7 v=0.2478
    OK ch=1 v=0.2580
    OK ch=3 v=0.2551
    OK ch=5 v=0.2647
    OK ch=7 v=0.2499
    OK ch=1 v=0.2520
    OK ch=3 v=0.2545
    OK ch=5 v=0.2638
    OK ch=7 v=0.2462
    OK ch=1 v=0.2593
    OK ch=3 v=0.2579
    OK ch=5 v=0.2648
    OK ch=7 v=0.2474
    OK ch=1 v=0.2477
    OK ch=3 v=0.2549
    OK ch=7 v=0.2492
    OK ch=1 v=0.2466
    OK ch=3 v=0.2529
    OK ch=5 v=0.2660
    OK ch=7 v=0.2469
    OK ch=1 v=0.2345
    OK ch=3 v=0.2506
    OK ch=5 v=0.2652
    OK ch=1 v=0.2541
    OK ch=3 v=0.2559
    OK ch=5 v=0.2638
    OK ch=7 v=0.2485
    OK ch=1 v=0.2596
    OK ch=5 v=0.2631
    OK ch=7 v=0.2476
    OK ch=1 v=0.2509
    OK ch=3 v=0.2516
    OK ch=7 v=0.2461
    OK ch=1 v=0.2558
    OK ch=3 v=0.2500
    OK ch=5 v=0.2641
    OK ch=1 v=0.2443
    OK ch=3 v=0.2544
    OK ch=5 v=0.2635
    OK ch=7 v=0.2471
    OK ch=1 v=0.2806
    OK ch=3 v=0.2626
    OK ch=5 v=0.2629
    OK ch=7 v=0.2513
    OK ch=1 v=0.2693
    OK ch=3 v=0.2600
    OK ch=5 v=0.2619
    OK ch=1 v=0.2343
    OK ch=3 v=0.2517
    OK ch=7 v=0.2479
    OK ch=1 v=0.2430
    OK ch=3 v=0.2525
    OK ch=7 v=0.2460
    OK ch=1 v=0.2523
    OK ch=3 v=0.2543
    OK ch=5 v=0.2629
    OK ch=7 v=0.2473
    OK ch=1 v=0.2404
    OK ch=3 v=0.2511
    OK ch=5 v=0.2623
    OK ch=7 v=0.2480
    OK ch=1 v=0.2621
    OK ch=3 v=0.2538
    OK ch=5 v=0.2648
    OK ch=7 v=0.2495
    OK ch=1 v=0.2581
    OK ch=3 v=0.2533
    OK ch=5 v=0.2625
    OK ch=7 v=0.2517
    OK ch=1 v=0.2468
    OK ch=5 v=0.2633
    OK ch=7 v=0.2497
    OK ch=1 v=0.2401
    OK ch=3 v=0.2514
    OK ch=5 v=0.2617
    OK ch=7 v=0.2488
    OK ch=1 v=0.2555
    OK ch=3 v=0.2554
    OK ch=5 v=0.2648
    OK ch=7 v=0.2472
    OK ch=1 v=0.2388
    OK ch=3 v=0.2535
    OK ch=5 v=0.2657
    OK ch=7 v=0.2460
    OK ch=1 v=0.2662
    OK ch=3 v=0.2615
    OK ch=7 v=0.2489
    OK ch=1 v=0.2589
    OK ch=3 v=0.2548
    OK ch=5 v=0.2644
    OK ch=7 v=0.2469
    OK ch=1 v=0.2641
    OK ch=3 v=0.2564
    OK ch=5 v=0.2651
    OK ch=7 v=0.2493
    OK ch=1 v=0.2511
    OK ch=3 v=0.2546
    OK ch=5 v=0.2665
    OK ch=7 v=0.2482
    OK ch=1 v=0.2334
    OK ch=3 v=0.2469
    OK ch=7 v=0.2469
    OK ch=1 v=0.2522
    OK ch=3 v=0.2488
    OK ch=5 v=0.2650
    OK ch=7 v=0.2459
    OK ch=1 v=0.2589
    OK ch=3 v=0.2535
    OK ch=5 v=0.2634
    OK ch=7 v=0.2477
    OK ch=1 v=0.2542
    OK ch=3 v=0.2559
    OK ch=7 v=0.2495
    OK ch=1 v=0.2657
    OK ch=3 v=0.2584
    OK ch=5 v=0.2625
    OK ch=7 v=0.2484
    OK ch=1 v=0.2308
    OK ch=3 v=0.2517
    OK ch=5 v=0.2641
    OK ch=1 v=0.2614
    OK ch=3 v=0.2547
    OK ch=5 v=0.2630
    OK ch=1 v=0.2636
    OK ch=3 v=0.2553
    OK ch=5 v=0.2617
    OK ch=7 v=0.2506
[   55.2s] DAMPING     ch0:LOCK g=-0.0300 bp=+0.020V ratio=0.11  ch1:LOCK g=-0.0300 bp=-0.000V ratio=0.06  ch2:LOCK g=+0.0100 bp=-0.005V ratio=0.05  ch3:LOCK g=-0.0300 bp=+0.001V ratio=0.04
    OK ch=1 v=0.2389
    OK ch=3 v=0.2527
    OK ch=5 v=0.2636
    OK ch=1 v=0.2472
    OK ch=3 v=0.2562
    OK ch=7 v=0.2486
    OK ch=1 v=0.2627
    OK ch=3 v=0.2541
    OK ch=5 v=0.2629
    OK ch=7 v=0.2468
    OK ch=1 v=0.2464
    OK ch=3 v=0.2536
    OK ch=5 v=0.2607
    OK ch=7 v=0.2457
    OK ch=1 v=0.2488
    OK ch=3 v=0.2502
    OK ch=5 v=0.2617
    OK ch=7 v=0.2499
    OK ch=1 v=0.2504
    OK ch=3 v=0.2533
    OK ch=1 v=0.2346
    OK ch=3 v=0.2542
    OK ch=5 v=0.2635
    OK ch=1 v=0.2811
    OK ch=3 v=0.2605
    OK ch=5 v=0.2628
    OK ch=7 v=0.2480
    OK ch=1 v=0.2583
    OK ch=3 v=0.2574
    OK ch=7 v=0.2488
    OK ch=1 v=0.2361
    OK ch=3 v=0.2487
    OK ch=5 v=0.2650
    OK ch=7 v=0.2500
    OK ch=1 v=0.2500
    OK ch=3 v=0.2530
    OK ch=5 v=0.2639
    OK ch=7 v=0.2485
    OK ch=1 v=0.2520
    OK ch=3 v=0.2601
    OK ch=1 v=0.2385
    OK ch=3 v=0.2487
    OK ch=5 v=0.2656
    OK ch=1 v=0.2418
    OK ch=3 v=0.2530
    OK ch=7 v=0.2492
    OK ch=1 v=0.2373
    OK ch=5 v=0.2636
    OK ch=7 v=0.2480
    OK ch=1 v=0.2465
    OK ch=7 v=0.2466
    OK ch=1 v=0.2754
    OK ch=3 v=0.2583
    OK ch=5 v=0.2651
    OK ch=1 v=0.2793
    OK ch=3 v=0.2590
    OK ch=1 v=0.2594
    OK ch=3 v=0.2522
    OK ch=5 v=0.2667
    OK ch=7 v=0.2450
    OK ch=1 v=0.2487
    OK ch=3 v=0.2552
    OK ch=5 v=0.2672
    OK ch=7 v=0.2467
    OK ch=1 v=0.2370
    OK ch=3 v=0.2472
    OK ch=7 v=0.2477
    OK ch=1 v=0.2747
    OK ch=3 v=0.2547
    OK ch=5 v=0.2650
    OK ch=1 v=0.2684
    OK ch=3 v=0.2565
    OK ch=5 v=0.2658
    OK ch=7 v=0.2496
    OK ch=1 v=0.2534
    OK ch=3 v=0.2585
    OK ch=7 v=0.2472
    OK ch=3 v=0.2540
    OK ch=5 v=0.2641
    OK ch=7 v=0.2507
    OK ch=1 v=0.2487
    OK ch=3 v=0.2564
    OK ch=5 v=0.2629
    OK ch=7 v=0.2498
    OK ch=1 v=0.2401
    OK ch=3 v=0.2502
    OK ch=5 v=0.2622
    OK ch=7 v=0.2490
    OK ch=1 v=0.2586
    OK ch=3 v=0.2538
    OK ch=1 v=0.2307
    OK ch=3 v=0.2499
    OK ch=7 v=0.2462
    OK ch=1 v=0.2365
    OK ch=3 v=0.2483
    OK ch=5 v=0.2604
    OK ch=7 v=0.2482
    OK ch=1 v=0.2575
    OK ch=3 v=0.2571
    OK ch=7 v=0.2488
    OK ch=1 v=0.2637
    OK ch=1 v=0.2570
    OK ch=3 v=0.2555
    OK ch=7 v=0.2477
    OK ch=1 v=0.2513
    OK ch=3 v=0.2531
    OK ch=5 v=0.2621
    OK ch=1 v=0.2307
    OK ch=3 v=0.2576
    OK ch=5 v=0.2627
    OK ch=7 v=0.2486
    OK ch=1 v=0.2516
    OK ch=3 v=0.2528
    OK ch=7 v=0.2500
    OK ch=1 v=0.2489
    OK ch=3 v=0.2521
    OK ch=5 v=0.2616
    OK ch=1 v=0.2636
    OK ch=5 v=0.2643
    OK ch=7 v=0.2469
    OK ch=1 v=0.2726
    OK ch=3 v=0.2579
    OK ch=5 v=0.2656
    OK ch=7 v=0.2501
    OK ch=1 v=0.2323
    OK ch=3 v=0.2543
    OK ch=7 v=0.2491
    OK ch=1 v=0.2395
    OK ch=3 v=0.2500
    OK ch=5 v=0.2640
    OK ch=1 v=0.2425
    OK ch=3 v=0.2560
    OK ch=7 v=0.2484
    OK ch=1 v=0.2342
    OK ch=3 v=0.2510
    OK ch=5 v=0.2653
    OK ch=7 v=0.2494
    OK ch=1 v=0.2520
    OK ch=3 v=0.2556
    OK ch=7 v=0.2481
    OK ch=1 v=0.2535
    OK ch=3 v=0.2525
    OK ch=7 v=0.2454
    OK ch=1 v=0.2719
    OK ch=3 v=0.2534
    OK ch=7 v=0.2467
    OK ch=1 v=0.2797
    OK ch=3 v=0.2550
    OK ch=5 v=0.2645
    OK ch=1 v=0.2464
    OK ch=3 v=0.2624
    OK ch=5 v=0.2659
    OK ch=7 v=0.2492
    OK ch=1 v=0.2584
    OK ch=3 v=0.2554
    OK ch=5 v=0.2671
    OK ch=7 v=0.2473
    OK ch=1 v=0.2509
    OK ch=3 v=0.2535
    OK ch=5 v=0.2658
    OK ch=1 v=0.2710
    OK ch=3 v=0.2556
    OK ch=5 v=0.2647
    OK ch=1 v=0.2358
    OK ch=3 v=0.2508
    OK ch=7 v=0.2480
    OK ch=1 v=0.2476
    OK ch=5 v=0.2642
    OK ch=7 v=0.2494
    OK ch=1 v=0.2504
    OK ch=3 v=0.2525
    OK ch=7 v=0.2460
    OK ch=1 v=0.2466
    OK ch=3 v=0.2511
    OK ch=5 v=0.2637
    OK ch=7 v=0.2494
    OK ch=1 v=0.2660
    OK ch=3 v=0.2577
    OK ch=5 v=0.2624
    OK ch=7 v=0.2499
    OK ch=1 v=0.2376
    OK ch=3 v=0.2542
    OK ch=7 v=0.2529
    OK ch=1 v=0.2420
    OK ch=3 v=0.2511
    OK ch=5 v=0.2612
    OK ch=7 v=0.2474
    OK ch=1 v=0.2490
    OK ch=3 v=0.2561
    OK ch=5 v=0.2601
    OK ch=1 v=0.2478
    OK ch=3 v=0.2493
    OK ch=7 v=0.2465
    OK ch=3 v=0.2513
    OK ch=1 v=0.2520
    OK ch=3 v=0.2481
    OK ch=7 v=0.2489
    OK ch=1 v=0.2550
    OK ch=3 v=0.2574
    OK ch=5 v=0.2612
    OK ch=7 v=0.2501
    OK ch=1 v=0.2678
    OK ch=3 v=0.2599
    OK ch=7 v=0.2510
    OK ch=1 v=0.2636
    OK ch=3 v=0.2588
    OK ch=5 v=0.2625
    OK ch=7 v=0.2516
    OK ch=1 v=0.2719
    OK ch=3 v=0.2556
    OK ch=5 v=0.2635
    OK ch=7 v=0.2481
    OK ch=1 v=0.2481
    OK ch=3 v=0.2497
    OK ch=5 v=0.2640
    OK ch=7 v=0.2474
    OK ch=1 v=0.2489
    OK ch=3 v=0.2547
    OK ch=5 v=0.2667
    OK ch=1 v=0.2578
    OK ch=3 v=0.2591
    OK ch=5 v=0.2657
    OK ch=1 v=0.2329
    OK ch=3 v=0.2552
    OK ch=7 v=0.2491
    OK ch=1 v=0.2302
    OK ch=3 v=0.2502
    OK ch=7 v=0.2480
    OK ch=1 v=0.2535
    OK ch=3 v=0.2559

>>> KICK 1/3 REQUESTED at t=60.0s <<<

    OK ch=5 v=0.2672
    OK ch=7 v=0.2430
    OK ch=1 v=0.2310
    OK ch=3 v=0.2508
    OK ch=5 v=0.2646
    OK ch=7 v=0.2472
    OK ch=1 v=0.2627
    OK ch=3 v=0.2545
    OK ch=7 v=0.2496
    OK ch=1 v=0.2456
    OK ch=3 v=0.2479
    OK ch=5 v=0.2657
    OK ch=7 v=0.2485
    OK ch=1 v=0.2513
    OK ch=3 v=0.2534
    OK ch=5 v=0.2674
    OK ch=7 v=0.2448
    OK ch=1 v=0.2471
    OK ch=3 v=0.2513
    OK ch=5 v=0.2654
    OK ch=7 v=0.2478
    OK ch=1 v=0.2519
    OK ch=3 v=0.2521
    OK ch=5 v=0.2648
    OK ch=7 v=0.2486
    OK ch=1 v=0.2532
    OK ch=3 v=0.2496
    OK ch=5 v=0.2660
    OK ch=1 v=0.2461
    OK ch=3 v=0.2577
    OK ch=1 v=0.2775
    OK ch=3 v=0.2615
    OK ch=5 v=0.2642
    OK ch=7 v=0.2475
    OK ch=1 v=0.2730
    OK ch=3 v=0.2591
    OK ch=5 v=0.2626
    OK ch=7 v=0.2498
    OK ch=1 v=0.2584
    OK ch=3 v=0.2522
    OK ch=7 v=0.2485
    OK ch=1 v=0.2389
    OK ch=3 v=0.2538
    OK ch=5 v=0.2613
    OK ch=1 v=0.2443
    OK ch=3 v=0.2567
    OK ch=5 v=0.2606
    OK ch=7 v=0.2506
    OK ch=1 v=0.2457
    OK ch=3 v=0.2561
    OK ch=7 v=0.2500
    OK ch=1 v=0.2435
    OK ch=3 v=0.2543
    OK ch=1 v=0.2364
    OK ch=3 v=0.2527
    OK ch=1 v=0.2482
    OK ch=3 v=0.2557
    OK ch=7 v=0.2479
    OK ch=1 v=0.2624
    OK ch=3 v=0.2492
    OK ch=7 v=0.2470
    OK ch=1 v=0.2705
    OK ch=3 v=0.2573
    OK ch=5 v=0.2622
    OK ch=7 v=0.2483
    OK ch=1 v=0.2356
    OK ch=3 v=0.2488
    OK ch=1 v=0.2667
    OK ch=3 v=0.2575
    OK ch=7 v=0.2497
    OK ch=1 v=0.2782
    OK ch=3 v=0.2623
    OK ch=5 v=0.2632
    OK ch=7 v=0.2485
    OK ch=1 v=0.2644
    OK ch=3 v=0.2590
    OK ch=5 v=0.2651
    OK ch=7 v=0.2492
    OK ch=1 v=0.2291
    OK ch=3 v=0.2461
    OK ch=5 v=0.2656
    OK ch=1 v=0.2080
    OK ch=3 v=0.2469
    OK ch=7 v=0.2474
    OK ch=1 v=0.2556
    OK ch=3 v=0.2504
    OK ch=1 v=0.2809
    OK ch=3 v=0.2589
    OK ch=5 v=0.2648
    OK ch=1 v=0.2591
    OK ch=3 v=0.2574
    OK ch=5 v=0.2639
    OK ch=1 v=0.2372
    OK ch=3 v=0.2526
    OK ch=5 v=0.2655
    OK ch=7 v=0.2491
    OK ch=1 v=0.2639
    OK ch=3 v=0.2555
    OK ch=5 v=0.2644
    OK ch=7 v=0.2468
    OK ch=1 v=0.2426
    OK ch=3 v=0.2485
    OK ch=5 v=0.2664
    OK ch=1 v=0.2444
    OK ch=3 v=0.2499
    OK ch=5 v=0.2658
    OK ch=7 v=0.2449
    OK ch=1 v=0.2605
    OK ch=3 v=0.2566
    OK ch=5 v=0.2646
    OK ch=7 v=0.2458
    OK ch=1 v=0.2686
    OK ch=3 v=0.2548
    OK ch=7 v=0.2481
    OK ch=1 v=0.2558
    OK ch=3 v=0.2555
    OK ch=5 v=0.2661
    OK ch=7 v=0.2475
    OK ch=1 v=0.2602
    OK ch=3 v=0.2600
    OK ch=5 v=0.2674
    OK ch=1 v=0.2596
    OK ch=3 v=0.2593
    OK ch=5 v=0.2650
    OK ch=7 v=0.2517
    OK ch=1 v=0.2201
    OK ch=3 v=0.2501
    OK ch=5 v=0.2632
    OK ch=7 v=0.2492
    OK ch=1 v=0.2566
    OK ch=3 v=0.2567
    OK ch=5 v=0.2623
    OK ch=7 v=0.2508
    OK ch=1 v=0.2642
    OK ch=3 v=0.2547
    OK ch=7 v=0.2444
    OK ch=1 v=0.2587
    OK ch=3 v=0.2528
    OK ch=5 v=0.2638
    OK ch=7 v=0.2478
    OK ch=1 v=0.2580
    OK ch=3 v=0.2562
    OK ch=5 v=0.2603
    OK ch=7 v=0.2512
    OK ch=1 v=0.2598
    OK ch=5 v=0.2612
    OK ch=7 v=0.2496
    OK ch=1 v=0.2515
    OK ch=3 v=0.2613
    OK ch=7 v=0.2526
    OK ch=1 v=0.2598
    OK ch=3 v=0.2581
    OK ch=7 v=0.2461
    OK ch=1 v=0.2448
    OK ch=3 v=0.2512
    OK ch=5 v=0.2635
    OK ch=7 v=0.2450
    OK ch=7 v=0.2470
    OK ch=1 v=0.2369
    OK ch=3 v=0.2506
    OK ch=5 v=0.2603
    OK ch=7 v=0.2485
    OK ch=1 v=0.2555
    OK ch=3 v=0.2559
    OK ch=5 v=0.2616
    OK ch=7 v=0.2505
    OK ch=1 v=0.2212
    OK ch=3 v=0.2432
    OK ch=5 v=0.2629
    OK ch=1 v=0.2408
    OK ch=3 v=0.2485
    OK ch=5 v=0.2649
    OK ch=7 v=0.2483
    OK ch=1 v=0.2467
    OK ch=3 v=0.2578
    OK ch=7 v=0.2513
    OK ch=1 v=0.2773
    OK ch=7 v=0.2474
    OK ch=1 v=0.2448
    OK ch=3 v=0.2557
    OK ch=1 v=0.2411
    OK ch=3 v=0.2523
    OK ch=5 v=0.2656
    OK ch=1 v=0.2645
    OK ch=3 v=0.2529
    OK ch=5 v=0.2665
    OK ch=7 v=0.2492
    OK ch=1 v=0.2686
    OK ch=3 v=0.2605
    OK ch=5 v=0.2655
    OK ch=7 v=0.2468
    OK ch=1 v=0.2794
    OK ch=3 v=0.2538
    OK ch=5 v=0.2664
    OK ch=7 v=0.2445
    OK ch=1 v=0.2382
    OK ch=3 v=0.2514
    OK ch=5 v=0.2672
    OK ch=7 v=0.2467
    OK ch=1 v=0.2462
    OK ch=5 v=0.2658
    OK ch=7 v=0.2489
    OK ch=1 v=0.2239
    OK ch=3 v=0.2562
    OK ch=5 v=0.2674
    OK ch=7 v=0.2516
    OK ch=1 v=0.2493
    OK ch=3 v=0.2553
    OK ch=5 v=0.2629
    OK ch=7 v=0.2477
    OK ch=1 v=0.2355
    OK ch=3 v=0.2466
    OK ch=5 v=0.2635
    OK ch=7 v=0.2449
    OK ch=1 v=0.2600
    OK ch=3 v=0.2499
    OK ch=5 v=0.2617
    OK ch=7 v=0.2456
    OK ch=1 v=0.2624
    OK ch=3 v=0.2512
    OK ch=7 v=0.2480
    OK ch=1 v=0.2409
    OK ch=3 v=0.2548
    OK ch=7 v=0.2499
[   60.2s] DAMPING     ch0:LOCK g=-0.0300 bp=-0.021V ratio=0.17  ch1:LOCK g=-0.0300 bp=-0.013V ratio=0.10  ch2:LOCK g=+0.0100 bp=-0.006V ratio=0.07  ch3:LOCK g=-0.0300 bp=-0.005V ratio=0.06
    OK ch=1 v=0.2493
    OK ch=3 v=0.2569
    OK ch=5 v=0.2624
    OK ch=1 v=0.2739
    OK ch=3 v=0.2581
    OK ch=5 v=0.2618
    OK ch=7 v=0.2508
    OK ch=1 v=0.2546
    OK ch=3 v=0.2535
    OK ch=5 v=0.2627
    OK ch=7 v=0.2502
    OK ch=1 v=0.2405
    OK ch=3 v=0.2541
    OK ch=5 v=0.2635
    OK ch=7 v=0.2517
    OK ch=1 v=0.2513
    OK ch=3 v=0.2566
    OK ch=5 v=0.2620
    OK ch=7 v=0.2506
    OK ch=1 v=0.2431
    OK ch=5 v=0.2627
    OK ch=1 v=0.2281
    OK ch=3 v=0.2474
    OK ch=5 v=0.2664
    OK ch=7 v=0.2465
    OK ch=1 v=0.2414
    OK ch=5 v=0.2736
    OK ch=7 v=0.2410
    OK ch=1 v=0.2809
    OK ch=3 v=0.2657
    OK ch=5 v=0.2514
    OK ch=7 v=0.2551
    OK ch=1 v=0.2930
    OK ch=3 v=0.2771
    OK ch=5 v=0.2252
    OK ch=7 v=0.2657
    OK ch=1 v=0.2789
    OK ch=3 v=0.2649
    OK ch=5 v=0.2534
    OK ch=7 v=0.2519
    OK ch=1 v=0.2317
    OK ch=3 v=0.2360
    OK ch=5 v=0.2969
    OK ch=7 v=0.2324
    OK ch=1 v=0.2234
    OK ch=3 v=0.2391
    OK ch=5 v=0.2877
    OK ch=7 v=0.2344
    OK ch=1 v=0.2725
    OK ch=3 v=0.2649
    OK ch=5 v=0.2439
    OK ch=7 v=0.2585
    OK ch=1 v=0.2577
    OK ch=3 v=0.2530
    OK ch=5 v=0.2514
    OK ch=7 v=0.2490
    OK ch=1 v=0.2337
    OK ch=3 v=0.2419
    OK ch=5 v=0.2772
    OK ch=7 v=0.2423
    OK ch=1 v=0.2542
    OK ch=3 v=0.2733
    OK ch=5 v=0.2282
    OK ch=7 v=0.2700
    OK ch=1 v=0.3423
    OK ch=3 v=0.3615
    OK ch=5 v=0.1400
    OK ch=7 v=0.3526
    OK ch=1 v=0.4304
    OK ch=3 v=0.4496
    OK ch=5 v=0.2281
    OK ch=7 v=0.2645
    OK ch=1 v=0.3475
    OK ch=3 v=0.3667
    OK ch=5 v=0.3109
    OK ch=7 v=0.1817
    OK ch=1 v=0.2596
    OK ch=3 v=0.2788
    OK ch=5 v=0.3988
    OK ch=7 v=0.0938
    OK ch=1 v=0.2398
    OK ch=3 v=0.2207
    OK ch=5 v=0.3052
    OK ch=7 v=0.1874
    OK ch=1 v=0.3226
    OK ch=3 v=0.2605
    OK ch=5 v=0.2224
    OK ch=7 v=0.2702
    OK ch=1 v=0.2659
    OK ch=3 v=0.2676
    OK ch=5 v=0.1342
    OK ch=7 v=0.3584
    OK ch=1 v=0.1779
    OK ch=3 v=0.1893
    OK ch=5 v=0.1425
    OK ch=7 v=0.4464
    OK ch=1 v=0.0898
    OK ch=3 v=0.1012
    OK ch=5 v=0.2020
    OK ch=7 v=0.5000
    OK ch=1 v=0.0071
    OK ch=3 v=0.0185
    OK ch=5 v=0.1987
    OK ch=7 v=0.4173
    OK ch=1 v=0.0952
    OK ch=3 v=0.1067
    OK ch=5 v=0.1106
    OK ch=7 v=0.5000
    OK ch=1 v=0.1833
    OK ch=3 v=0.1948
    OK ch=5 v=0.0225
    OK ch=1 v=0.2548
    OK ch=3 v=0.2662
    OK ch=5 v=0.0331
    OK ch=7 v=0.4681
    OK ch=1 v=0.2537
    OK ch=3 v=0.1898
    OK ch=5 v=0.1213
    OK ch=7 v=0.3799
    OK ch=1 v=0.1655
    OK ch=3 v=0.1016
    OK ch=5 v=0.2095
    OK ch=7 v=0.2917
    OK ch=1 v=0.2536
    OK ch=3 v=0.1898
    OK ch=5 v=0.2977
    OK ch=7 v=0.2036
    OK ch=1 v=0.3417
    OK ch=3 v=0.2779
    OK ch=5 v=0.3858
    OK ch=7 v=0.1154
    OK ch=1 v=0.4299
    OK ch=3 v=0.3660
    OK ch=5 v=0.4740
    OK ch=7 v=0.0273
    OK ch=1 v=0.3418
    OK ch=3 v=0.2779
    OK ch=5 v=0.3859
    OK ch=7 v=0.1154
    OK ch=1 v=0.2590
    OK ch=3 v=0.1952
    OK ch=5 v=0.3031
    OK ch=7 v=0.1981
    OK ch=1 v=0.1710
    OK ch=3 v=0.1072
    OK ch=5 v=0.2151
    OK ch=7 v=0.2861
    OK ch=1 v=0.2592
    OK ch=3 v=0.1603
    OK ch=5 v=0.1270
    OK ch=7 v=0.3743
    OK ch=1 v=0.3472
    OK ch=3 v=0.2484
    OK ch=5 v=0.2151
    OK ch=7 v=0.2862
    OK ch=1 v=0.4356
    OK ch=3 v=0.3367
    OK ch=5 v=0.3034
    OK ch=7 v=0.2774
    OK ch=1 v=0.5000
    OK ch=3 v=0.4248
    OK ch=5 v=0.2276
    OK ch=7 v=0.1894
    OK ch=3 v=0.5000
    OK ch=5 v=0.1395
    OK ch=7 v=0.1013
    OK ch=3 v=0.4338
    OK ch=5 v=0.0838
    OK ch=7 v=0.1675
    OK ch=3 v=0.3677
    OK ch=5 v=0.0360
    OK ch=7 v=0.2336
    OK ch=1 v=0.4339
    OK ch=3 v=0.3015
    OK ch=5 v=0.1022
    OK ch=7 v=0.1675
    OK ch=1 v=0.3458
    OK ch=3 v=0.2134
    OK ch=5 v=0.1101
    OK ch=7 v=0.2556
    OK ch=1 v=0.2576
    OK ch=3 v=0.1252
    OK ch=5 v=0.0219
    OK ch=7 v=0.3438
    OK ch=1 v=0.1696
    OK ch=3 v=0.0372
    OK ch=5 v=0.0000
    OK ch=7 v=0.4318
    OK ch=1 v=0.2578
    OK ch=3 v=0.1254
    OK ch=5 v=0.0635
    OK ch=7 v=0.4533
    OK ch=1 v=0.3460
    OK ch=3 v=0.2136
    OK ch=5 v=0.1517
    OK ch=7 v=0.3651
    OK ch=1 v=0.4234
    OK ch=3 v=0.3017
    OK ch=5 v=0.2398
    OK ch=7 v=0.2770
    OK ch=1 v=0.4130
    OK ch=3 v=0.3898
    OK ch=5 v=0.3279
    OK ch=7 v=0.1890
    OK ch=1 v=0.3972
    OK ch=3 v=0.4726
    OK ch=5 v=0.4107
    OK ch=7 v=0.2335
    OK ch=1 v=0.4094
    OK ch=3 v=0.5000
    OK ch=5 v=0.3226
    OK ch=7 v=0.2897
    OK ch=1 v=0.3716
    OK ch=3 v=0.4691
    OK ch=5 v=0.2345
    OK ch=7 v=0.3321
    OK ch=1 v=0.4310
    OK ch=3 v=0.4030
    OK ch=5 v=0.1465
    OK ch=7 v=0.3747
    OK ch=1 v=0.4934
    OK ch=3 v=0.3211
    OK ch=5 v=0.1051
    OK ch=7 v=0.2865
    OK ch=1 v=0.5000
    OK ch=3 v=0.2574
    OK ch=5 v=0.1092
    OK ch=7 v=0.1984
    OK ch=3 v=0.2058
    OK ch=5 v=0.1308
    OK ch=7 v=0.2866
    OK ch=3 v=0.1996
    OK ch=5 v=0.1335
    OK ch=7 v=0.2151
    OK ch=1 v=0.4338
    OK ch=3 v=0.1924
    OK ch=5 v=0.1347
    OK ch=7 v=0.1490
    OK ch=1 v=0.3456
    OK ch=3 v=0.2133
    OK ch=5 v=0.1259
    OK ch=7 v=0.2037
    OK ch=1 v=0.2575
    OK ch=3 v=0.2268
    OK ch=5 v=0.1374
    OK ch=7 v=0.2918
    OK ch=1 v=0.1693
    OK ch=3 v=0.2394
    OK ch=5 v=0.1421
    OK ch=7 v=0.3548
    OK ch=1 v=0.0813
    OK ch=3 v=0.2380
    OK ch=5 v=0.1778
    OK ch=7 v=0.3947
    OK ch=1 v=0.0000
    OK ch=3 v=0.2612
    OK ch=5 v=0.2336
    OK ch=7 v=0.4208
    OK ch=3 v=0.2626
    OK ch=5 v=0.2554
    OK ch=7 v=0.4233
    OK ch=1 v=0.0661
    OK ch=3 v=0.2500
    OK ch=5 v=0.2500
    OK ch=7 v=0.3572

!! ch3 runaway/saturation -- freezing all channels, entering FAULT.

    OK ch=1 v=0.1542
    OK ch=7 v=0.2691
    OK ch=1 v=0.2036
    OK ch=7 v=0.2500
    OK ch=1 v=0.2478
    OK ch=1 v=0.2500
[   65.2s] FAULT       ch0:.... g=+0.0000 bp=-0.476V ratio=4.96  ch1:.... g=+0.0000 bp=-0.550V ratio=4.80  ch2:.... g=+0.0000 bp=+0.788V ratio=2.91  ch3:.... g=+0.0000 bp=+0.100V ratio=3.30

[recovered] all channels clear for 5s -- re-calibrating and resuming.

[   70.2s] CALIBRATING ch0:.... g=+0.0000 bp=+1.029V ratio=0.00  ch1:.... g=+0.0000 bp=-0.183V ratio=0.00  ch2:.... g=+0.0000 bp=+1.331V ratio=0.00  ch3:.... g=+0.0000 bp=+0.156V ratio=0.00
[   75.2s] CALIBRATING ch0:.... g=+0.0000 bp=-0.322V ratio=0.00  ch1:.... g=+0.0000 bp=-0.472V ratio=0.00  ch2:.... g=+0.0000 bp=-0.175V ratio=0.00  ch3:.... g=+0.0000 bp=-0.535V ratio=0.00
[   80.2s] CALIBRATING ch0:.... g=+0.0000 bp=-0.949V ratio=0.00  ch1:.... g=+0.0000 bp=+0.106V ratio=0.00  ch2:.... g=+0.0000 bp=-1.253V ratio=0.00  ch3:.... g=+0.0000 bp=+0.623V ratio=0.00
[   85.2s] CALIBRATING ch0:.... g=+0.0000 bp=-0.099V ratio=0.00  ch1:.... g=+0.0000 bp=+0.365V ratio=0.00  ch2:.... g=+0.0000 bp=-0.744V ratio=0.00  ch3:.... g=+0.0000 bp=+0.134V ratio=0.00
    OK ch=1 v=0.2488

[DAMPING] baseline set (ch0=0.9635V, ch1=0.5591V, ch2=1.0571V, ch3=0.5975V). Gain schedules -0.035 -> -0.030...

    OK ch=1 v=0.2838
    OK ch=3 v=0.2418
    OK ch=5 v=0.2358
    OK ch=7 v=0.2219
    OK ch=1 v=0.3600
    OK ch=3 v=0.2333
    OK ch=5 v=0.2143
    OK ch=7 v=0.1925
    OK ch=1 v=0.3891
    OK ch=3 v=0.2132
    OK ch=5 v=0.1901
    OK ch=7 v=0.1887
    OK ch=1 v=0.3636
    OK ch=3 v=0.1673
    OK ch=5 v=0.1406
    OK ch=7 v=0.1867
    OK ch=1 v=0.3377
    OK ch=3 v=0.1460
    OK ch=5 v=0.0905
    OK ch=1 v=0.3313
    OK ch=3 v=0.1716
    OK ch=5 v=0.1367
    OK ch=7 v=0.2007
    OK ch=1 v=0.3099
    OK ch=3 v=0.2100
    OK ch=5 v=0.1931
    OK ch=7 v=0.2189
    OK ch=1 v=0.2834
    OK ch=3 v=0.2697
    OK ch=5 v=0.2257
    OK ch=7 v=0.2402
    OK ch=1 v=0.2551
    OK ch=3 v=0.2876
    OK ch=5 v=0.2385
    OK ch=7 v=0.2690
    OK ch=1 v=0.2291
    OK ch=3 v=0.2793
    OK ch=5 v=0.2754
    OK ch=7 v=0.2845
    OK ch=1 v=0.2540
    OK ch=3 v=0.2848
    OK ch=5 v=0.3635
    OK ch=7 v=0.2503
    OK ch=1 v=0.2922
    OK ch=3 v=0.3247
    OK ch=5 v=0.4579
    OK ch=7 v=0.2523
    OK ch=1 v=0.2964
    OK ch=3 v=0.3223
    OK ch=5 v=0.4845
    OK ch=7 v=0.2450
    OK ch=1 v=0.3141
    OK ch=3 v=0.3108
    OK ch=5 v=0.3965
    OK ch=7 v=0.2169
    OK ch=1 v=0.3005
    OK ch=3 v=0.2843
    OK ch=5 v=0.3082
    OK ch=7 v=0.2022
    OK ch=1 v=0.3263
    OK ch=3 v=0.2339
    OK ch=5 v=0.2199
    OK ch=7 v=0.1931
    OK ch=1 v=0.3551
    OK ch=3 v=0.1905
    OK ch=5 v=0.1321
    OK ch=7 v=0.1610
    OK ch=1 v=0.4437
    OK ch=3 v=0.1717
    OK ch=5 v=0.0809
    OK ch=7 v=0.1157
    OK ch=1 v=0.5000
    OK ch=3 v=0.1698
    OK ch=5 v=0.0937
    OK ch=7 v=0.1045
    OK ch=1 v=0.4775
    OK ch=3 v=0.1756
    OK ch=5 v=0.1211
    OK ch=7 v=0.1193
    OK ch=1 v=0.3890
    OK ch=3 v=0.1963
    OK ch=5 v=0.1851
    OK ch=7 v=0.1626
    OK ch=1 v=0.3009
    OK ch=3 v=0.2467
    OK ch=5 v=0.2732
    OK ch=7 v=0.2184
    OK ch=1 v=0.2133
    OK ch=3 v=0.2825
    OK ch=5 v=0.3581
    OK ch=7 v=0.2965
    OK ch=1 v=0.1304
    OK ch=3 v=0.3062
    OK ch=5 v=0.3651
    OK ch=7 v=0.3400
    OK ch=1 v=0.0426
    OK ch=3 v=0.3022
    OK ch=5 v=0.3446
    OK ch=7 v=0.3656
    OK ch=1 v=0.0011
    OK ch=3 v=0.2795
    OK ch=5 v=0.2939
    OK ch=7 v=0.3529
    OK ch=1 v=0.0186
    OK ch=3 v=0.2416
    OK ch=5 v=0.2367
    OK ch=7 v=0.3295
    OK ch=1 v=0.0652
    OK ch=3 v=0.2187
    OK ch=5 v=0.1941
    OK ch=7 v=0.2415
    OK ch=1 v=0.1532
    OK ch=3 v=0.1983
    OK ch=5 v=0.1636
    OK ch=7 v=0.2139
    OK ch=1 v=0.2475
    OK ch=3 v=0.1530
    OK ch=5 v=0.1478
    OK ch=7 v=0.1690
    OK ch=1 v=0.3352
    OK ch=3 v=0.1111
    OK ch=5 v=0.1290
    OK ch=7 v=0.1386
    OK ch=1 v=0.4216
    OK ch=3 v=0.0897
    OK ch=5 v=0.1009
    OK ch=1 v=0.3815
    OK ch=3 v=0.0874
    OK ch=5 v=0.0830
    OK ch=7 v=0.1548
    OK ch=1 v=0.3571
    OK ch=3 v=0.1311
    OK ch=5 v=0.0761
    OK ch=7 v=0.1806
    OK ch=1 v=0.2941
    OK ch=3 v=0.1952
    OK ch=5 v=0.1485
    OK ch=7 v=0.2199
    OK ch=1 v=0.2929
    OK ch=3 v=0.2570
    OK ch=5 v=0.2131
    OK ch=7 v=0.2603
    OK ch=1 v=0.2644
    OK ch=3 v=0.2976
    OK ch=5 v=0.2607
    OK ch=7 v=0.2911
    OK ch=1 v=0.2392
    OK ch=3 v=0.3209
    OK ch=5 v=0.2911
    OK ch=7 v=0.3060
    OK ch=1 v=0.2728
    OK ch=3 v=0.3272
    OK ch=5 v=0.2937
    OK ch=7 v=0.3075
    OK ch=1 v=0.2642
    OK ch=3 v=0.3226
    OK ch=5 v=0.2849
    OK ch=7 v=0.2931
    OK ch=1 v=0.3079
    OK ch=3 v=0.3154
    OK ch=5 v=0.2689
    OK ch=7 v=0.2299
    OK ch=1 v=0.3467
    OK ch=3 v=0.2965
    OK ch=5 v=0.2432
    OK ch=7 v=0.1954
    OK ch=1 v=0.3111
    OK ch=3 v=0.2541
    OK ch=5 v=0.2146
    OK ch=7 v=0.1848
    OK ch=1 v=0.3263
    OK ch=3 v=0.2299
    OK ch=5 v=0.1947
    OK ch=7 v=0.1841
    OK ch=1 v=0.3459
    OK ch=3 v=0.2029
    OK ch=5 v=0.1881
    OK ch=7 v=0.1783
    OK ch=1 v=0.3755
    OK ch=3 v=0.1961
    OK ch=5 v=0.1978
    OK ch=7 v=0.1715
    OK ch=1 v=0.3642
    OK ch=3 v=0.1916
    OK ch=5 v=0.2184
    OK ch=7 v=0.1344
    OK ch=1 v=0.4083
    OK ch=3 v=0.2156
    OK ch=5 v=0.2474
    OK ch=7 v=0.1293
[   90.2s] DAMPING     ch0:.... g=-0.0334 bp=+0.354V ratio=0.47  ch1:.... g=-0.0340 bp=-0.066V ratio=0.52  ch2:.... g=+0.0117 bp=+0.105V ratio=0.54  ch3:.... g=-0.0318 bp=-0.179V ratio=0.34
    OK ch=1 v=0.4146
    OK ch=3 v=0.2469
    OK ch=5 v=0.2825
    OK ch=7 v=0.1500
    OK ch=1 v=0.3520
    OK ch=3 v=0.2711
    OK ch=5 v=0.3031
    OK ch=7 v=0.1826
    OK ch=1 v=0.2711
    OK ch=3 v=0.2978
    OK ch=5 v=0.3246
    OK ch=7 v=0.2135
    OK ch=1 v=0.2056
    OK ch=3 v=0.3221
    OK ch=5 v=0.3525
    OK ch=7 v=0.2408
    OK ch=1 v=0.1908
    OK ch=3 v=0.3216
    OK ch=5 v=0.3326
    OK ch=7 v=0.2559
    OK ch=1 v=0.1787
    OK ch=3 v=0.2960
    OK ch=5 v=0.2729
    OK ch=7 v=0.2581
    OK ch=1 v=0.2275
    OK ch=3 v=0.2746
    OK ch=5 v=0.2212
    OK ch=7 v=0.2511
    OK ch=1 v=0.2605
    OK ch=3 v=0.2384
    OK ch=5 v=0.1884
    OK ch=7 v=0.2368
    OK ch=1 v=0.2829
    OK ch=3 v=0.2006
    OK ch=5 v=0.1766
    OK ch=7 v=0.2161
    OK ch=1 v=0.3188
    OK ch=3 v=0.1842
    OK ch=5 v=0.1702
    OK ch=7 v=0.1897
    OK ch=1 v=0.3506
    OK ch=3 v=0.1746
    OK ch=5 v=0.1731
    OK ch=7 v=0.1829
    OK ch=1 v=0.3283
    OK ch=3 v=0.1681
    OK ch=5 v=0.1745
    OK ch=7 v=0.1915
    OK ch=1 v=0.3083
    OK ch=5 v=0.1708
    OK ch=7 v=0.2084
    OK ch=1 v=0.2993
    OK ch=3 v=0.1804
    OK ch=5 v=0.1725
    OK ch=7 v=0.2230
    OK ch=1 v=0.2560
    OK ch=3 v=0.1924
    OK ch=5 v=0.1786
    OK ch=7 v=0.2491
    OK ch=1 v=0.2010
    OK ch=3 v=0.2120
    OK ch=5 v=0.1876
    OK ch=7 v=0.2684
    OK ch=1 v=0.1870
    OK ch=3 v=0.2358
    OK ch=5 v=0.1995
    OK ch=7 v=0.2839
    OK ch=1 v=0.1910
    OK ch=3 v=0.2479
    OK ch=5 v=0.2111
    OK ch=7 v=0.2871
    OK ch=1 v=0.1919
    OK ch=3 v=0.2577
    OK ch=5 v=0.2238
    OK ch=7 v=0.2736
    OK ch=1 v=0.2159
    OK ch=3 v=0.2519
    OK ch=5 v=0.2286
    OK ch=7 v=0.2644
    OK ch=1 v=0.2724
    OK ch=3 v=0.2471
    OK ch=5 v=0.2235
    OK ch=7 v=0.2515
    OK ch=1 v=0.2790
    OK ch=3 v=0.2353
    OK ch=5 v=0.2183
    OK ch=7 v=0.2340
    OK ch=1 v=0.3149
    OK ch=3 v=0.2168
    OK ch=5 v=0.2105
    OK ch=7 v=0.2110
    OK ch=1 v=0.3101
    OK ch=3 v=0.2051
    OK ch=5 v=0.2063
    OK ch=7 v=0.1923
    OK ch=1 v=0.3265
    OK ch=3 v=0.2006
    OK ch=5 v=0.2083
    OK ch=7 v=0.1893
    OK ch=1 v=0.2912
    OK ch=3 v=0.2082
    OK ch=5 v=0.2132
    OK ch=7 v=0.1856
    OK ch=1 v=0.3090
    OK ch=3 v=0.2050
    OK ch=5 v=0.2259
    OK ch=7 v=0.1805
    OK ch=1 v=0.3294
    OK ch=3 v=0.2291
    OK ch=5 v=0.2399
    OK ch=7 v=0.1840
    OK ch=1 v=0.3315
    OK ch=3 v=0.2447
    OK ch=5 v=0.2540
    OK ch=7 v=0.1921
    OK ch=1 v=0.3016
    OK ch=3 v=0.2563
    OK ch=5 v=0.2674
    OK ch=7 v=0.2011
    OK ch=1 v=0.2853
    OK ch=3 v=0.2667
    OK ch=5 v=0.2751
    OK ch=7 v=0.2085
    OK ch=1 v=0.2810
    OK ch=3 v=0.2791
    OK ch=5 v=0.2789
    OK ch=7 v=0.2213
    OK ch=1 v=0.2819
    OK ch=3 v=0.2816
    OK ch=5 v=0.2748
    OK ch=7 v=0.2268
    OK ch=1 v=0.3106
    OK ch=3 v=0.2758
    OK ch=5 v=0.2695
    OK ch=7 v=0.2238
    OK ch=1 v=0.2963
    OK ch=3 v=0.2789
    OK ch=5 v=0.2555
    OK ch=7 v=0.2190
    OK ch=1 v=0.3129
    OK ch=3 v=0.2679
    OK ch=5 v=0.2318
    OK ch=7 v=0.2142
    OK ch=1 v=0.3206
    OK ch=3 v=0.2506
    OK ch=5 v=0.2133
    OK ch=7 v=0.2042
    OK ch=1 v=0.3289
    OK ch=3 v=0.2394
    OK ch=5 v=0.2038
    OK ch=7 v=0.2006
    OK ch=1 v=0.3750
    OK ch=3 v=0.2348
    OK ch=5 v=0.1998
    OK ch=7 v=0.1997
    OK ch=1 v=0.3408
    OK ch=3 v=0.2228
    OK ch=5 v=0.2017
    OK ch=1 v=0.3249
    OK ch=3 v=0.2220
    OK ch=5 v=0.2050
    OK ch=7 v=0.2039
    OK ch=1 v=0.3347
    OK ch=3 v=0.2292
    OK ch=5 v=0.2138
    OK ch=7 v=0.2101
    OK ch=1 v=0.2895
    OK ch=3 v=0.2251
    OK ch=5 v=0.2216
    OK ch=7 v=0.2203
    OK ch=1 v=0.2318
    OK ch=3 v=0.2219
    OK ch=5 v=0.2268
    OK ch=7 v=0.2307
    OK ch=1 v=0.2250
    OK ch=3 v=0.2308
    OK ch=5 v=0.2311
    OK ch=7 v=0.2408
    OK ch=1 v=0.2001
    OK ch=3 v=0.2334
    OK ch=5 v=0.2319
    OK ch=7 v=0.2465
    OK ch=1 v=0.2264
    OK ch=3 v=0.2385
    OK ch=5 v=0.2288
    OK ch=7 v=0.2450
    OK ch=1 v=0.2182
    OK ch=3 v=0.2281
    OK ch=5 v=0.2239
    OK ch=7 v=0.2444
    OK ch=3 v=0.2164
    OK ch=5 v=0.2199
    OK ch=7 v=0.2390
    OK ch=1 v=0.2334
    OK ch=3 v=0.2143
    OK ch=5 v=0.2168
    OK ch=7 v=0.2327
    OK ch=1 v=0.2282
    OK ch=3 v=0.2063
    OK ch=5 v=0.2106
    OK ch=7 v=0.2261
    OK ch=1 v=0.2736
    OK ch=5 v=0.2003
    OK ch=7 v=0.2221
    OK ch=1 v=0.2868
    OK ch=3 v=0.2085
    OK ch=5 v=0.1998
    OK ch=7 v=0.2195
    OK ch=1 v=0.2962
    OK ch=3 v=0.2062
    OK ch=5 v=0.2010
    OK ch=7 v=0.2164
    OK ch=1 v=0.2695
    OK ch=3 v=0.2009
    OK ch=5 v=0.2048
    OK ch=7 v=0.2193
    OK ch=1 v=0.2736
    OK ch=3 v=0.2161
    OK ch=5 v=0.2095
    OK ch=7 v=0.2201
    OK ch=1 v=0.3065
    OK ch=3 v=0.2286
    OK ch=5 v=0.2148
    OK ch=7 v=0.2192
    OK ch=1 v=0.2688
    OK ch=3 v=0.2338
    OK ch=5 v=0.2223
    OK ch=7 v=0.2229
    OK ch=1 v=0.2903
    OK ch=3 v=0.2460
    OK ch=5 v=0.2286
    OK ch=1 v=0.3070
    OK ch=3 v=0.2530
    OK ch=5 v=0.2307
    OK ch=7 v=0.2272
    OK ch=1 v=0.3134
    OK ch=3 v=0.2546
    OK ch=7 v=0.2258
    OK ch=1 v=0.3271
    OK ch=3 v=0.2491
    OK ch=5 v=0.2320
    OK ch=7 v=0.2206
    OK ch=1 v=0.3086
    OK ch=3 v=0.2549
    OK ch=5 v=0.2327
    OK ch=7 v=0.2215
    OK ch=1 v=0.3044
    OK ch=3 v=0.2536
    OK ch=5 v=0.2334
    OK ch=7 v=0.2177
    OK ch=1 v=0.2713
    OK ch=3 v=0.2452
    OK ch=5 v=0.2304
    OK ch=7 v=0.2121
    OK ch=1 v=0.2974
    OK ch=3 v=0.2464
    OK ch=5 v=0.2279
    OK ch=7 v=0.2108
    OK ch=1 v=0.3192
    OK ch=5 v=0.2290
    OK ch=7 v=0.2064
    OK ch=1 v=0.3155
    OK ch=3 v=0.2485
    OK ch=7 v=0.2055
    OK ch=1 v=0.3096
    OK ch=3 v=0.2457
    OK ch=5 v=0.2309
    OK ch=7 v=0.2009
    OK ch=1 v=0.3112
    OK ch=3 v=0.2435
    OK ch=5 v=0.2357
    OK ch=1 v=0.3167
    OK ch=3 v=0.2385
    OK ch=5 v=0.2400
    OK ch=7 v=0.2032
    OK ch=1 v=0.3143
    OK ch=3 v=0.2441
    OK ch=5 v=0.2405
    OK ch=7 v=0.2061
    OK ch=1 v=0.2885
    OK ch=3 v=0.2394
    OK ch=5 v=0.2443
    OK ch=7 v=0.2104
    OK ch=1 v=0.2874
    OK ch=3 v=0.2472
    OK ch=5 v=0.2457
    OK ch=7 v=0.2147
    OK ch=1 v=0.2568
    OK ch=3 v=0.2382
    OK ch=5 v=0.2449
    OK ch=7 v=0.2174
    OK ch=1 v=0.2893
    OK ch=3 v=0.2444
    OK ch=5 v=0.2383
    OK ch=7 v=0.2211
    OK ch=1 v=0.2781
    OK ch=3 v=0.2407
    OK ch=5 v=0.2323
    OK ch=1 v=0.2503
    OK ch=3 v=0.2348
    OK ch=5 v=0.2293
    OK ch=7 v=0.2202
    OK ch=1 v=0.2688
    OK ch=3 v=0.2355
    OK ch=5 v=0.2230
    OK ch=7 v=0.2217
    OK ch=1 v=0.3032
    OK ch=3 v=0.2272
    OK ch=5 v=0.2155
    OK ch=1 v=0.2707
    OK ch=3 v=0.2209
    OK ch=1 v=0.2473
    OK ch=3 v=0.2134
    OK ch=5 v=0.2145
    OK ch=7 v=0.2227
    OK ch=1 v=0.2309
    OK ch=3 v=0.2148
    OK ch=5 v=0.2119
    OK ch=7 v=0.2246
    OK ch=1 v=0.2819
    OK ch=3 v=0.2189
    OK ch=5 v=0.2074
    OK ch=3 v=0.2244
    OK ch=5 v=0.2055
    OK ch=7 v=0.2257
    OK ch=1 v=0.2833
    OK ch=3 v=0.2232
    OK ch=5 v=0.2067
    OK ch=7 v=0.2291
    OK ch=1 v=0.2842
    OK ch=3 v=0.2244
    OK ch=5 v=0.2101
    OK ch=1 v=0.2937
    OK ch=3 v=0.2345
    OK ch=1 v=0.2498
    OK ch=3 v=0.2221
    OK ch=7 v=0.2317
    OK ch=1 v=0.2439
    OK ch=3 v=0.2245
    OK ch=5 v=0.2121
    OK ch=7 v=0.2324
    OK ch=1 v=0.2807
    OK ch=3 v=0.2380
    OK ch=5 v=0.2146
    OK ch=7 v=0.2329
    OK ch=1 v=0.2826
    OK ch=3 v=0.2333
    OK ch=5 v=0.2158
    OK ch=7 v=0.2318
    OK ch=1 v=0.2888
    OK ch=3 v=0.2303
    OK ch=5 v=0.2185
    OK ch=7 v=0.2259
    OK ch=1 v=0.2736
    OK ch=5 v=0.2193
    OK ch=7 v=0.2270
    OK ch=1 v=0.2700
    OK ch=5 v=0.2218
    OK ch=7 v=0.2241
    OK ch=1 v=0.2612
    OK ch=3 v=0.2339
    OK ch=5 v=0.2230
    OK ch=7 v=0.2199
    OK ch=1 v=0.3075
    OK ch=3 v=0.2370
    OK ch=7 v=0.2174
    OK ch=1 v=0.3028
    OK ch=3 v=0.2340
    OK ch=1 v=0.3115
    OK ch=3 v=0.2362
    OK ch=5 v=0.2250
    OK ch=7 v=0.2130
    OK ch=1 v=0.2753
    OK ch=3 v=0.2300
    OK ch=5 v=0.2301
    OK ch=7 v=0.2116
    OK ch=1 v=0.2998
    OK ch=3 v=0.2381
    OK ch=5 v=0.2313
    OK ch=7 v=0.2089
    OK ch=1 v=0.2806
    OK ch=3 v=0.2402
    OK ch=5 v=0.2335
    OK ch=1 v=0.2688
    OK ch=3 v=0.2357
    OK ch=5 v=0.2352
    OK ch=1 v=0.2898
    OK ch=5 v=0.2371
    OK ch=7 v=0.2111
    OK ch=1 v=0.3026
    OK ch=3 v=0.2466
    OK ch=5 v=0.2391
    OK ch=7 v=0.2117
    OK ch=1 v=0.2940
    OK ch=3 v=0.2454
    OK ch=5 v=0.2402
    OK ch=7 v=0.2149
    OK ch=1 v=0.2970
    OK ch=3 v=0.2505
    OK ch=5 v=0.2419
    OK ch=7 v=0.2165
    OK ch=1 v=0.3160
    OK ch=3 v=0.2477
    OK ch=5 v=0.2392
    OK ch=7 v=0.2125
    OK ch=1 v=0.3108
    OK ch=3 v=0.2464
    OK ch=5 v=0.2355
    OK ch=7 v=0.2136
    OK ch=1 v=0.2769
    OK ch=3 v=0.2388
    OK ch=5 v=0.2333
    OK ch=7 v=0.2154
    OK ch=1 v=0.2790
    OK ch=3 v=0.2419
    OK ch=5 v=0.2300
    OK ch=7 v=0.2143
    OK ch=1 v=0.3048
    OK ch=3 v=0.2436
    OK ch=5 v=0.2256
    OK ch=1 v=0.2984
    OK ch=3 v=0.2394
    OK ch=5 v=0.2233
    OK ch=7 v=0.2163
    OK ch=1 v=0.3044
    OK ch=5 v=0.2198
    OK ch=7 v=0.2198
    OK ch=1 v=0.3227
    OK ch=3 v=0.2334
    OK ch=5 v=0.2181
    OK ch=7 v=0.2173
    OK ch=1 v=0.2708
    OK ch=3 v=0.2315
    OK ch=5 v=0.2201
    OK ch=7 v=0.2193
    OK ch=3 v=0.2292
    OK ch=1 v=0.2511
    OK ch=3 v=0.2271
    OK ch=5 v=0.2207
    OK ch=7 v=0.2213
    OK ch=1 v=0.2778
    OK ch=3 v=0.2339
    OK ch=5 v=0.2189
    OK ch=7 v=0.2236
    OK ch=1 v=0.3007
    OK ch=3 v=0.2304
    OK ch=5 v=0.2201
    OK ch=7 v=0.2252
    OK ch=1 v=0.2728
    OK ch=3 v=0.2240
    OK ch=7 v=0.2271
    OK ch=1 v=0.2868
    OK ch=3 v=0.2365
    OK ch=5 v=0.2191
    OK ch=7 v=0.2266
[   95.2s] DAMPING     ch0:.... g=-0.0300 bp=+0.071V ratio=0.08  ch1:.... g=-0.0300 bp=+0.024V ratio=0.08  ch2:.... g=+0.0100 bp=+0.009V ratio=0.13  ch3:.... g=-0.0300 bp=-0.005V ratio=0.07
    OK ch=1 v=0.2459
    OK ch=3 v=0.2273
    OK ch=5 v=0.2185
    OK ch=7 v=0.2261
    OK ch=1 v=0.2527
    OK ch=3 v=0.2305
    OK ch=5 v=0.2198
    OK ch=1 v=0.2539
    OK ch=3 v=0.2289
    OK ch=5 v=0.2205
    OK ch=7 v=0.2273
    OK ch=1 v=0.2759
    OK ch=3 v=0.2204
    OK ch=5 v=0.2182
    OK ch=7 v=0.2244
    OK ch=1 v=0.2870
    OK ch=3 v=0.2292
    OK ch=7 v=0.2238
    OK ch=1 v=0.2526
    OK ch=3 v=0.2259
    OK ch=5 v=0.2203
    OK ch=7 v=0.2231
    OK ch=1 v=0.3016
    OK ch=3 v=0.2335
    OK ch=1 v=0.2806
    OK ch=3 v=0.2322
    OK ch=5 v=0.2213
    OK ch=7 v=0.2211
    OK ch=1 v=0.2901
    OK ch=3 v=0.2286
    OK ch=5 v=0.2207
    OK ch=7 v=0.2203
    OK ch=1 v=0.2655
    OK ch=3 v=0.2274
    OK ch=5 v=0.2213
    OK ch=7 v=0.2181
    OK ch=1 v=0.2748
    OK ch=3 v=0.2295
    OK ch=5 v=0.2236
    OK ch=7 v=0.2188
    OK ch=1 v=0.2641
    OK ch=5 v=0.2252
    OK ch=7 v=0.2175
    OK ch=1 v=0.2893
    OK ch=3 v=0.2374
    OK ch=5 v=0.2266
    OK ch=7 v=0.2199
    OK ch=1 v=0.2874
    OK ch=5 v=0.2260
    OK ch=7 v=0.2165
    OK ch=1 v=0.3005
    OK ch=3 v=0.2381
    OK ch=5 v=0.2278
    OK ch=1 v=0.3231
    OK ch=3 v=0.2439
    OK ch=7 v=0.2159
    OK ch=1 v=0.3067
    OK ch=3 v=0.2432
    OK ch=5 v=0.2289
    OK ch=7 v=0.2166
    OK ch=1 v=0.2586
    OK ch=3 v=0.2356
    OK ch=7 v=0.2189
    OK ch=1 v=0.3002
    OK ch=3 v=0.2424
    OK ch=5 v=0.2275
    OK ch=7 v=0.2183
    OK ch=1 v=0.2965
    OK ch=3 v=0.2391
    OK ch=5 v=0.2300
    OK ch=7 v=0.2173
    OK ch=1 v=0.2937
    OK ch=3 v=0.2403
    OK ch=7 v=0.2155
    OK ch=1 v=0.3060
    OK ch=3 v=0.2413
    OK ch=5 v=0.2280
    OK ch=1 v=0.3004
    OK ch=3 v=0.2455
    OK ch=5 v=0.2274
    OK ch=7 v=0.2163
    OK ch=3 v=0.2470
    OK ch=5 v=0.2280
    OK ch=7 v=0.2109
    OK ch=1 v=0.2978
    OK ch=3 v=0.2374
    OK ch=7 v=0.2149
    OK ch=1 v=0.3116
    OK ch=3 v=0.2409
    OK ch=5 v=0.2272
    OK ch=7 v=0.2163
    OK ch=1 v=0.3083
    OK ch=3 v=0.2446
    OK ch=5 v=0.2281
    OK ch=7 v=0.2193
    OK ch=1 v=0.2844
    OK ch=3 v=0.2351
    OK ch=5 v=0.2291
    OK ch=7 v=0.2180
    OK ch=1 v=0.2851
    OK ch=3 v=0.2278
    OK ch=7 v=0.2198
    OK ch=1 v=0.2646
    OK ch=3 v=0.2338
    OK ch=5 v=0.2275
    OK ch=7 v=0.2179
    OK ch=1 v=0.2515
    OK ch=3 v=0.2317
    OK ch=5 v=0.2264
    OK ch=7 v=0.2172
    OK ch=1 v=0.2954
    OK ch=3 v=0.2378
    OK ch=5 v=0.2273
    OK ch=7 v=0.2182
    OK ch=1 v=0.2854
    OK ch=3 v=0.2364
    OK ch=5 v=0.2264
    OK ch=7 v=0.2191
    OK ch=1 v=0.2652
    OK ch=3 v=0.2317
    OK ch=5 v=0.2224
    OK ch=7 v=0.2197
    OK ch=1 v=0.2890
    OK ch=7 v=0.2223
    OK ch=1 v=0.2857
    OK ch=3 v=0.2331
    OK ch=7 v=0.2212
    OK ch=1 v=0.2984
    OK ch=3 v=0.2364
    OK ch=7 v=0.2228
    OK ch=1 v=0.2821
    OK ch=3 v=0.2319
    OK ch=5 v=0.2219
    OK ch=7 v=0.2212
    OK ch=1 v=0.2693
    OK ch=3 v=0.2270
    OK ch=5 v=0.2209
    OK ch=7 v=0.2202
    OK ch=1 v=0.2654
    OK ch=5 v=0.2202
    OK ch=7 v=0.2244
    OK ch=1 v=0.2850
    OK ch=3 v=0.2327
    OK ch=5 v=0.2221
    OK ch=7 v=0.2236
    OK ch=1 v=0.2759
    OK ch=5 v=0.2197
    OK ch=7 v=0.2218
    OK ch=1 v=0.2854
    OK ch=3 v=0.2312
    OK ch=7 v=0.2242
    OK ch=1 v=0.2689
    OK ch=3 v=0.2272
    OK ch=7 v=0.2221
    OK ch=1 v=0.2959
    OK ch=3 v=0.2310
    OK ch=7 v=0.2230
    OK ch=1 v=0.2834
    OK ch=3 v=0.2321
    OK ch=5 v=0.2189
    OK ch=7 v=0.2208
    OK ch=1 v=0.2383
    OK ch=3 v=0.2246
    OK ch=5 v=0.2216
    OK ch=7 v=0.2217
    OK ch=1 v=0.2722
    OK ch=3 v=0.2356
    OK ch=1 v=0.2868
    OK ch=3 v=0.2343
    OK ch=5 v=0.2223
    OK ch=7 v=0.2212
    OK ch=1 v=0.2994
    OK ch=3 v=0.2369
    OK ch=5 v=0.2237
    OK ch=7 v=0.2222
    OK ch=1 v=0.2815
    OK ch=3 v=0.2313
    OK ch=7 v=0.2199
    OK ch=1 v=0.2830
    OK ch=3 v=0.2327
    OK ch=5 v=0.2230
    OK ch=1 v=0.3074
    OK ch=3 v=0.2364
    OK ch=5 v=0.2255
    OK ch=3 v=0.2408
    OK ch=5 v=0.2265
    OK ch=7 v=0.2192
    OK ch=1 v=0.3017
    OK ch=3 v=0.2441
    OK ch=1 v=0.3025
    OK ch=3 v=0.2432
    OK ch=5 v=0.2275
    OK ch=7 v=0.2187
    OK ch=1 v=0.2693
    OK ch=3 v=0.2342
    OK ch=7 v=0.2163
    OK ch=1 v=0.2486
    OK ch=3 v=0.2313
    OK ch=1 v=0.2907
    OK ch=3 v=0.2348
    OK ch=5 v=0.2268
    OK ch=1 v=0.3216
    OK ch=3 v=0.2456
    OK ch=5 v=0.2276
    OK ch=7 v=0.2154
    OK ch=1 v=0.2880
    OK ch=3 v=0.2349
    OK ch=1 v=0.2816
    OK ch=3 v=0.2362
    OK ch=1 v=0.3030
    OK ch=3 v=0.2375
    OK ch=5 v=0.2283
    OK ch=1 v=0.2927
    OK ch=3 v=0.2395
    OK ch=5 v=0.2289
    OK ch=7 v=0.2160
    OK ch=1 v=0.3017
    OK ch=3 v=0.2416
    OK ch=5 v=0.2300
    OK ch=7 v=0.2152
    OK ch=1 v=0.2593
    OK ch=3 v=0.2276
    OK ch=5 v=0.2309
    OK ch=7 v=0.2179
    OK ch=1 v=0.2956
    OK ch=3 v=0.2377
    OK ch=5 v=0.2274
    OK ch=3 v=0.2446
    OK ch=5 v=0.2255
    OK ch=1 v=0.3003
    OK ch=3 v=0.2398
    OK ch=5 v=0.2279
    OK ch=7 v=0.2167
    OK ch=1 v=0.2807
    OK ch=5 v=0.2290
    OK ch=7 v=0.2188
    OK ch=1 v=0.2798
    OK ch=3 v=0.2364
    OK ch=5 v=0.2256
    OK ch=1 v=0.2721
    OK ch=3 v=0.2313
    OK ch=5 v=0.2237
    OK ch=7 v=0.2200
    OK ch=1 v=0.2988
    OK ch=3 v=0.2401
    OK ch=7 v=0.2193
    OK ch=1 v=0.2877
    OK ch=3 v=0.2328
    OK ch=5 v=0.2250
    OK ch=1 v=0.2656
    OK ch=3 v=0.2300
    OK ch=5 v=0.2226
    OK ch=7 v=0.2207
    OK ch=1 v=0.2827
    OK ch=3 v=0.2310
    OK ch=5 v=0.2220
    OK ch=1 v=0.3099
    OK ch=3 v=0.2357
    OK ch=7 v=0.2192
    OK ch=1 v=0.2954
    OK ch=5 v=0.2236
    OK ch=7 v=0.2214
    OK ch=1 v=0.2917
    OK ch=3 v=0.2385
    OK ch=5 v=0.2226
    OK ch=1 v=0.2559
    OK ch=3 v=0.2260
    OK ch=7 v=0.2208
    OK ch=1 v=0.2712
    OK ch=3 v=0.2316
    OK ch=5 v=0.2205
    OK ch=7 v=0.2226
    OK ch=1 v=0.2679
    OK ch=3 v=0.2283
    OK ch=5 v=0.2222
    OK ch=7 v=0.2207
    OK ch=1 v=0.2656
    OK ch=3 v=0.2301
    OK ch=5 v=0.2233
    OK ch=1 v=0.2651
    OK ch=3 v=0.2296
    OK ch=5 v=0.2223
    OK ch=7 v=0.2216
    OK ch=1 v=0.2974
    OK ch=3 v=0.2305
    OK ch=5 v=0.2209
    OK ch=7 v=0.2186
    OK ch=1 v=0.2707
    OK ch=5 v=0.2232
    OK ch=7 v=0.2216
    OK ch=1 v=0.2821
    OK ch=3 v=0.2342
    OK ch=5 v=0.2237
    OK ch=1 v=0.2685
    OK ch=3 v=0.2310
    OK ch=7 v=0.2195
    OK ch=1 v=0.2991
    OK ch=3 v=0.2375
    OK ch=5 v=0.2242
    OK ch=7 v=0.2201
    OK ch=1 v=0.3000
    OK ch=3 v=0.2397
    OK ch=7 v=0.2233
    OK ch=1 v=0.2736
    OK ch=3 v=0.2378
    OK ch=7 v=0.2202
    OK ch=1 v=0.2894
    OK ch=3 v=0.2342
    OK ch=5 v=0.2249
    OK ch=7 v=0.2190
    OK ch=1 v=0.2804
    OK ch=3 v=0.2360
    OK ch=5 v=0.2243
    OK ch=1 v=0.2899
    OK ch=3 v=0.2337
    OK ch=5 v=0.2256
    OK ch=1 v=0.3147
    OK ch=3 v=0.2360
    OK ch=5 v=0.2249
    OK ch=7 v=0.2175
    OK ch=1 v=0.2644
    OK ch=3 v=0.2315
    OK ch=7 v=0.2190
    OK ch=1 v=0.2705
    OK ch=3 v=0.2304
    OK ch=5 v=0.2263
    OK ch=1 v=0.2942
    OK ch=3 v=0.2327
    OK ch=5 v=0.2252
    OK ch=7 v=0.2170
    OK ch=1 v=0.2923
    OK ch=3 v=0.2366
    OK ch=7 v=0.2195
    OK ch=5 v=0.2269
    OK ch=7 v=0.2188
    OK ch=1 v=0.3153
    OK ch=3 v=0.2449
    OK ch=5 v=0.2280
    OK ch=1 v=0.3047
    OK ch=3 v=0.2440
    OK ch=5 v=0.2259
    OK ch=1 v=0.2768
    OK ch=3 v=0.2388
    OK ch=5 v=0.2248
    OK ch=7 v=0.2178
    OK ch=1 v=0.2801
    OK ch=3 v=0.2393
    OK ch=5 v=0.2255
    OK ch=7 v=0.2170
    OK ch=1 v=0.2866
    OK ch=3 v=0.2329
    OK ch=5 v=0.2264
    OK ch=1 v=0.2762
    OK ch=3 v=0.2308
    OK ch=1 v=0.2867
    OK ch=3 v=0.2390
    OK ch=5 v=0.2247
    OK ch=7 v=0.2192
    OK ch=1 v=0.2735
    OK ch=3 v=0.2335
    OK ch=7 v=0.2201
    OK ch=1 v=0.2814
    OK ch=5 v=0.2271
    OK ch=7 v=0.2178
    OK ch=1 v=0.2783
    OK ch=3 v=0.2389
    OK ch=5 v=0.2262
    OK ch=1 v=0.2914
    OK ch=5 v=0.2254
    OK ch=7 v=0.2195
    OK ch=1 v=0.3170
    OK ch=3 v=0.2413
    OK ch=5 v=0.2243
    OK ch=7 v=0.2176
    OK ch=1 v=0.2593
    OK ch=3 v=0.2324
    OK ch=5 v=0.2260
    OK ch=7 v=0.2214
    OK ch=1 v=0.2790
    OK ch=3 v=0.2312
    OK ch=7 v=0.2181
    OK ch=1 v=0.2833
    OK ch=3 v=0.2342
    OK ch=1 v=0.3137
    OK ch=3 v=0.2397
    OK ch=7 v=0.2193
    OK ch=1 v=0.3234
    OK ch=3 v=0.2451
    OK ch=5 v=0.2238
    OK ch=7 v=0.2212
    OK ch=1 v=0.2892
    OK ch=3 v=0.2366
    OK ch=5 v=0.2257
    OK ch=7 v=0.2199
    OK ch=1 v=0.2952
    OK ch=3 v=0.2352

*** LOCKED -- 11.5s after gain was applied (t=99.6s total) ***

    OK ch=1 v=0.2835
    OK ch=3 v=0.2312
    OK ch=7 v=0.2183
    OK ch=1 v=0.2797
    OK ch=3 v=0.2280
    OK ch=5 v=0.2239
    OK ch=7 v=0.2194
    OK ch=1 v=0.2205
    OK ch=3 v=0.2295
    OK ch=5 v=0.2264
    OK ch=1 v=0.2584
    OK ch=3 v=0.2230
    OK ch=5 v=0.2244
    OK ch=1 v=0.2803
    OK ch=3 v=0.2278
    OK ch=5 v=0.2209
    OK ch=1 v=0.3006
    OK ch=3 v=0.2373
    OK ch=5 v=0.2197
    OK ch=7 v=0.2184
    OK ch=1 v=0.3164
    OK ch=3 v=0.2387
    OK ch=5 v=0.2211
    OK ch=7 v=0.2232
    OK ch=1 v=0.2902
    OK ch=3 v=0.2354
    OK ch=5 v=0.2238
    OK ch=7 v=0.2226
    OK ch=1 v=0.2823
    OK ch=3 v=0.2312
    OK ch=7 v=0.2201
    OK ch=1 v=0.2681
    OK ch=5 v=0.2221
    OK ch=1 v=0.2756
    OK ch=5 v=0.2229
    OK ch=1 v=0.2980
    OK ch=3 v=0.2413
    OK ch=5 v=0.2217
    OK ch=7 v=0.2212
    OK ch=1 v=0.2846
    OK ch=3 v=0.2356
    OK ch=5 v=0.2234
    OK ch=7 v=0.2207
    OK ch=1 v=0.3019
    OK ch=3 v=0.2378
    OK ch=7 v=0.2199
    OK ch=1 v=0.2848
    OK ch=3 v=0.2339
    OK ch=5 v=0.2224
    OK ch=7 v=0.2231
    OK ch=1 v=0.2964
    OK ch=3 v=0.2402
    OK ch=5 v=0.2246
    OK ch=7 v=0.2200
[  100.2s] DAMPING     ch0:LOCK g=-0.0300 bp=+0.033V ratio=0.04  ch1:LOCK g=-0.0300 bp=+0.004V ratio=0.02  ch2:LOCK g=+0.0100 bp=+0.036V ratio=0.02  ch3:LOCK g=-0.0300 bp=+0.013V ratio=0.01
    OK ch=1 v=0.2810
    OK ch=3 v=0.2348
    OK ch=5 v=0.2251
    OK ch=7 v=0.2190
    OK ch=1 v=0.2709
    OK ch=3 v=0.2314
    OK ch=7 v=0.2176
    OK ch=1 v=0.2583
    OK ch=3 v=0.2292
    OK ch=5 v=0.2243
    OK ch=7 v=0.2189
    OK ch=1 v=0.2951
    OK ch=3 v=0.2354
    OK ch=5 v=0.2255
    OK ch=7 v=0.2170
    OK ch=1 v=0.2833
    OK ch=3 v=0.2365
    OK ch=7 v=0.2186
    OK ch=1 v=0.2804
    OK ch=3 v=0.2327
    OK ch=5 v=0.2268
    OK ch=7 v=0.2179
    OK ch=1 v=0.2606
    OK ch=3 v=0.2279
    OK ch=5 v=0.2260
    OK ch=7 v=0.2194
    OK ch=1 v=0.2929
    OK ch=3 v=0.2413
    OK ch=5 v=0.2283
    OK ch=7 v=0.2174
    OK ch=1 v=0.3011
    OK ch=3 v=0.2404
    OK ch=5 v=0.2270
    OK ch=7 v=0.2189
    OK ch=1 v=0.3259
    OK ch=3 v=0.2463
    OK ch=5 v=0.2262
    OK ch=7 v=0.2182
    OK ch=1 v=0.2918
    OK ch=3 v=0.2372
    OK ch=5 v=0.2283
    OK ch=1 v=0.2739
    OK ch=3 v=0.2344
    OK ch=7 v=0.2190
    OK ch=1 v=0.2770
    OK ch=3 v=0.2336
    OK ch=7 v=0.2180
    OK ch=1 v=0.2592
    OK ch=3 v=0.2323
    OK ch=5 v=0.2262
    OK ch=7 v=0.2195
    OK ch=1 v=0.2759
    OK ch=3 v=0.2304
    OK ch=5 v=0.2236
    OK ch=7 v=0.2187
    OK ch=1 v=0.2962
    OK ch=3 v=0.2396
    OK ch=7 v=0.2166
    OK ch=1 v=0.2887
    OK ch=3 v=0.2292
    OK ch=5 v=0.2244
    OK ch=7 v=0.2146
    OK ch=1 v=0.2783
    OK ch=3 v=0.2285
    OK ch=7 v=0.2184
    OK ch=1 v=0.2852
    OK ch=3 v=0.2337
    OK ch=5 v=0.2235
    OK ch=7 v=0.2195
    OK ch=1 v=0.3055
    OK ch=3 v=0.2402
    OK ch=7 v=0.2223
    OK ch=1 v=0.2833
    OK ch=3 v=0.2364
    OK ch=5 v=0.2230
    OK ch=1 v=0.2729
    OK ch=3 v=0.2290
    OK ch=5 v=0.2256
    OK ch=7 v=0.2202
    OK ch=1 v=0.2685
    OK ch=3 v=0.2339
    OK ch=5 v=0.2242
    OK ch=1 v=0.2722
    OK ch=5 v=0.2223
    OK ch=7 v=0.2192
    OK ch=1 v=0.2792
    OK ch=3 v=0.2354
    OK ch=1 v=0.2903
    OK ch=3 v=0.2311
    OK ch=7 v=0.2212
    OK ch=1 v=0.2802
    OK ch=3 v=0.2353
    OK ch=5 v=0.2248
    OK ch=7 v=0.2204
    OK ch=1 v=0.3169
    OK ch=3 v=0.2432
    OK ch=5 v=0.2225
    OK ch=7 v=0.2210
    OK ch=1 v=0.2829
    OK ch=3 v=0.2335
    OK ch=5 v=0.2238
    OK ch=7 v=0.2204
    OK ch=1 v=0.2874
    OK ch=5 v=0.2233
    OK ch=7 v=0.2211
    OK ch=1 v=0.2825
    OK ch=3 v=0.2311
    OK ch=7 v=0.2231
    OK ch=1 v=0.2852
    OK ch=3 v=0.2340
    OK ch=7 v=0.2212
    OK ch=1 v=0.2796
    OK ch=3 v=0.2350
    OK ch=5 v=0.2244
    OK ch=7 v=0.2201
    OK ch=1 v=0.2845
    OK ch=5 v=0.2230
    OK ch=7 v=0.2194
    OK ch=1 v=0.2818
    OK ch=3 v=0.2304
    OK ch=1 v=0.2770
    OK ch=3 v=0.2323
    OK ch=5 v=0.2245
    OK ch=7 v=0.2202
    OK ch=1 v=0.2849
    OK ch=3 v=0.2259
    OK ch=5 v=0.2237
    OK ch=7 v=0.2178
    OK ch=1 v=0.2817
    OK ch=3 v=0.2328
    OK ch=5 v=0.2259
    OK ch=7 v=0.2213
    OK ch=1 v=0.2684
    OK ch=5 v=0.2271
    OK ch=7 v=0.2177
    OK ch=1 v=0.2586
    OK ch=5 v=0.2265
    OK ch=7 v=0.2162
    OK ch=1 v=0.2842
    OK ch=3 v=0.2405
    OK ch=7 v=0.2154
    OK ch=1 v=0.2940
    OK ch=3 v=0.2448
    OK ch=5 v=0.2250
    OK ch=7 v=0.2187
    OK ch=1 v=0.2903
    OK ch=3 v=0.2400
    OK ch=5 v=0.2263
    OK ch=1 v=0.2954
    OK ch=3 v=0.2363
    OK ch=5 v=0.2271
    OK ch=1 v=0.2771
    OK ch=3 v=0.2325
    OK ch=5 v=0.2264
    OK ch=7 v=0.2204
    OK ch=1 v=0.2929
    OK ch=3 v=0.2451
    OK ch=5 v=0.2253
    OK ch=7 v=0.2216
    OK ch=1 v=0.2802
    OK ch=3 v=0.2272
    OK ch=5 v=0.2278
    OK ch=7 v=0.2198
    OK ch=1 v=0.3133
    OK ch=3 v=0.2393
    OK ch=5 v=0.2249
    OK ch=7 v=0.2170
    OK ch=1 v=0.2914
    OK ch=3 v=0.2328
    OK ch=5 v=0.2260
    OK ch=1 v=0.2777
    OK ch=3 v=0.2356
    OK ch=5 v=0.2244
    OK ch=7 v=0.2180
    OK ch=1 v=0.2716
    OK ch=3 v=0.2336
    OK ch=7 v=0.2164
    OK ch=1 v=0.2883
    OK ch=3 v=0.2346
    OK ch=5 v=0.2261
    OK ch=7 v=0.2194
    OK ch=1 v=0.2991
    OK ch=5 v=0.2241
    OK ch=7 v=0.2180
    OK ch=1 v=0.2958
    OK ch=3 v=0.2289
    OK ch=5 v=0.2233
    OK ch=7 v=0.2206
    OK ch=1 v=0.2764
    OK ch=3 v=0.2353
    OK ch=5 v=0.2243
    OK ch=7 v=0.2186
    OK ch=1 v=0.2775
    OK ch=3 v=0.2399
    OK ch=5 v=0.2254
    OK ch=3 v=0.2322
    OK ch=5 v=0.2241
    OK ch=7 v=0.2237
    OK ch=1 v=0.2623
    OK ch=3 v=0.2345
    OK ch=5 v=0.2247
    OK ch=7 v=0.2227
    OK ch=1 v=0.3006
    OK ch=3 v=0.2363
    OK ch=5 v=0.2224
    OK ch=7 v=0.2201
    OK ch=1 v=0.2673
    OK ch=3 v=0.2302
    OK ch=5 v=0.2243
    OK ch=7 v=0.2181
    OK ch=1 v=0.2931
    OK ch=3 v=0.2377
    OK ch=5 v=0.2250
    OK ch=7 v=0.2194
    OK ch=1 v=0.2858
    OK ch=3 v=0.2369
    OK ch=5 v=0.2232
    OK ch=7 v=0.2219
    OK ch=1 v=0.3027
    OK ch=3 v=0.2406
    OK ch=7 v=0.2191
    OK ch=1 v=0.3051
    OK ch=3 v=0.2346
    OK ch=5 v=0.2255
    OK ch=7 v=0.2174
    OK ch=1 v=0.2698
    OK ch=3 v=0.2285
    OK ch=7 v=0.2212
    OK ch=1 v=0.2525
    OK ch=3 v=0.2242
    OK ch=7 v=0.2202
    OK ch=1 v=0.2749
    OK ch=3 v=0.2297
    OK ch=5 v=0.2235
    OK ch=7 v=0.2197
    OK ch=1 v=0.2821
    OK ch=3 v=0.2389
    OK ch=5 v=0.2229
    OK ch=7 v=0.2205
    OK ch=1 v=0.2837
    OK ch=3 v=0.2417
    OK ch=5 v=0.2248
    OK ch=7 v=0.2190
    OK ch=1 v=0.2790
    OK ch=3 v=0.2293
    OK ch=5 v=0.2239
    OK ch=7 v=0.2177
    OK ch=1 v=0.3051
    OK ch=3 v=0.2302
    OK ch=7 v=0.2203
    OK ch=1 v=0.2927
    OK ch=3 v=0.2365
    OK ch=5 v=0.2251
    OK ch=1 v=0.2896
    OK ch=3 v=0.2282
    OK ch=1 v=0.2682
    OK ch=3 v=0.2355
    OK ch=7 v=0.2211
    OK ch=1 v=0.2704
    OK ch=3 v=0.2335
    OK ch=7 v=0.2197
    OK ch=1 v=0.3001
    OK ch=3 v=0.2407
    OK ch=7 v=0.2192
    OK ch=1 v=0.3083
    OK ch=1 v=0.2909
    OK ch=3 v=0.2386
    OK ch=5 v=0.2244
    OK ch=7 v=0.2200
    OK ch=1 v=0.2719
    OK ch=3 v=0.2357
    OK ch=5 v=0.2251
    OK ch=7 v=0.2191
    OK ch=1 v=0.2911
    OK ch=5 v=0.2263
    OK ch=1 v=0.2900
    OK ch=5 v=0.2241
    OK ch=7 v=0.2178
    OK ch=1 v=0.3011
    OK ch=3 v=0.2413
    OK ch=1 v=0.2591
    OK ch=3 v=0.2334
    OK ch=5 v=0.2249
    OK ch=7 v=0.2193
    OK ch=1 v=0.2604
    OK ch=3 v=0.2319
    OK ch=5 v=0.2238
    OK ch=7 v=0.2198
    OK ch=1 v=0.2937
    OK ch=3 v=0.2360
    OK ch=5 v=0.2232
    OK ch=1 v=0.2910
    OK ch=3 v=0.2257
    OK ch=5 v=0.2243
    OK ch=7 v=0.2185
    OK ch=1 v=0.3089
    OK ch=3 v=0.2380
    OK ch=5 v=0.2253
    OK ch=7 v=0.2173
    OK ch=1 v=0.2602
    OK ch=3 v=0.2311
    OK ch=5 v=0.2259
    OK ch=7 v=0.2190
    OK ch=1 v=0.2979
    OK ch=3 v=0.2393
    OK ch=5 v=0.2249
    OK ch=7 v=0.2183
    OK ch=1 v=0.2610
    OK ch=3 v=0.2312
    OK ch=5 v=0.2259
    OK ch=7 v=0.2198
    OK ch=1 v=0.2837
    OK ch=3 v=0.2391
    OK ch=7 v=0.2211
    OK ch=1 v=0.2934
    OK ch=3 v=0.2370
    OK ch=7 v=0.2185
    OK ch=1 v=0.2968
    OK ch=5 v=0.2235
    OK ch=7 v=0.2193
    OK ch=1 v=0.3098
    OK ch=3 v=0.2327
    OK ch=1 v=0.2641
    OK ch=3 v=0.2296
    OK ch=5 v=0.2255
    OK ch=7 v=0.2184
    OK ch=1 v=0.2955
    OK ch=3 v=0.2374
    OK ch=5 v=0.2265
    OK ch=7 v=0.2207
    OK ch=1 v=0.2703
    OK ch=3 v=0.2355
    OK ch=7 v=0.2183
    OK ch=1 v=0.2800
    OK ch=3 v=0.2373
    OK ch=5 v=0.2247
    OK ch=7 v=0.2170
    OK ch=1 v=0.2701
    OK ch=3 v=0.2321
    OK ch=7 v=0.2175
    OK ch=1 v=0.2772
    OK ch=3 v=0.2342
    OK ch=7 v=0.2194
    OK ch=1 v=0.2958
    OK ch=3 v=0.2361
    OK ch=5 v=0.2241
    OK ch=7 v=0.2188
    OK ch=1 v=0.3129
    OK ch=3 v=0.2291
    OK ch=1 v=0.2632
    OK ch=3 v=0.2313
    OK ch=7 v=0.2203
    OK ch=1 v=0.2671
    OK ch=3 v=0.2307
    OK ch=5 v=0.2258
    OK ch=7 v=0.2193
    OK ch=1 v=0.3062
    OK ch=3 v=0.2392
    OK ch=5 v=0.2239
    OK ch=7 v=0.2215
    OK ch=1 v=0.2674
    OK ch=3 v=0.2335
    OK ch=7 v=0.2189
    OK ch=1 v=0.2522
    OK ch=3 v=0.2316
    OK ch=1 v=0.2822
    OK ch=3 v=0.2412
    OK ch=7 v=0.2209
    OK ch=1 v=0.2854
    OK ch=3 v=0.2393
    OK ch=5 v=0.2227
    OK ch=7 v=0.2238
    OK ch=1 v=0.3170
    OK ch=3 v=0.2349
    OK ch=5 v=0.2239
    OK ch=7 v=0.2206
    OK ch=1 v=0.2781
    OK ch=3 v=0.2293
    OK ch=5 v=0.2246
    OK ch=1 v=0.2843
    OK ch=3 v=0.2370
    OK ch=5 v=0.2235
    OK ch=7 v=0.2214
    OK ch=1 v=0.2674
    OK ch=3 v=0.2347
    OK ch=7 v=0.2207
    OK ch=1 v=0.2799
    OK ch=3 v=0.2259
    OK ch=7 v=0.2177
    OK ch=1 v=0.3123
    OK ch=3 v=0.2358
    OK ch=5 v=0.2249
    OK ch=7 v=0.2185
    OK ch=1 v=0.2783
    OK ch=3 v=0.2405
    OK ch=7 v=0.2177
    OK ch=1 v=0.2744
    OK ch=3 v=0.2351
    OK ch=1 v=0.3026
    OK ch=3 v=0.2432
    OK ch=5 v=0.2240
    OK ch=7 v=0.2195
    OK ch=1 v=0.2791
    OK ch=3 v=0.2324
    OK ch=5 v=0.2247
    OK ch=7 v=0.2188
    OK ch=1 v=0.2893
    OK ch=3 v=0.2357
    OK ch=7 v=0.2212
    OK ch=1 v=0.2972
    OK ch=3 v=0.2385
    OK ch=1 v=0.2656
    OK ch=3 v=0.2280
    OK ch=7 v=0.2219
    OK ch=1 v=0.2970
    OK ch=3 v=0.2354
    OK ch=7 v=0.2179
    OK ch=1 v=0.2944
    OK ch=3 v=0.2431
    OK ch=5 v=0.2264
    OK ch=7 v=0.2160
    OK ch=1 v=0.2888
    OK ch=3 v=0.2349
    OK ch=5 v=0.2253
    OK ch=1 v=0.2898
    OK ch=3 v=0.2332
    OK ch=7 v=0.2178
    OK ch=1 v=0.2752
    OK ch=3 v=0.2319
    OK ch=5 v=0.2259
    OK ch=7 v=0.2224
    OK ch=1 v=0.2920
    OK ch=3 v=0.2372
    OK ch=5 v=0.2279
    OK ch=7 v=0.2202
    OK ch=1 v=0.3014
    OK ch=3 v=0.2360
    OK ch=5 v=0.2256
    OK ch=1 v=0.2945
    OK ch=3 v=0.2378
    OK ch=5 v=0.2247
    OK ch=7 v=0.2192
    OK ch=1 v=0.2548
    OK ch=3 v=0.2312
    OK ch=5 v=0.2256
    OK ch=7 v=0.2200
    OK ch=1 v=0.2706
    OK ch=3 v=0.2335
    OK ch=5 v=0.2266
    OK ch=7 v=0.2176
    OK ch=1 v=0.2715
    OK ch=3 v=0.2285
    OK ch=5 v=0.2246
    OK ch=7 v=0.2201
[  105.2s] DAMPING     ch0:LOCK g=-0.0300 bp=-0.024V ratio=0.03  ch1:LOCK g=-0.0300 bp=-0.006V ratio=0.01  ch2:LOCK g=+0.0100 bp=-0.018V ratio=0.01  ch3:LOCK g=-0.0300 bp=+0.001V ratio=0.01
    OK ch=1 v=0.2792
    OK ch=3 v=0.2368
    OK ch=5 v=0.2229
    OK ch=7 v=0.2180
    OK ch=1 v=0.3041
    OK ch=3 v=0.2400
    OK ch=1 v=0.2869
    OK ch=3 v=0.2374
    OK ch=5 v=0.2237
    OK ch=1 v=0.2858
    OK ch=3 v=0.2332
    OK ch=5 v=0.2248
    OK ch=7 v=0.2188
    OK ch=1 v=0.2735
    OK ch=3 v=0.2338
    OK ch=1 v=0.3089
    OK ch=3 v=0.2388
    OK ch=7 v=0.2205
    OK ch=1 v=0.2916
    OK ch=3 v=0.2369
    OK ch=7 v=0.2219
    OK ch=1 v=0.2935
    OK ch=3 v=0.2358
    OK ch=1 v=0.2761
    OK ch=3 v=0.2329
    OK ch=7 v=0.2211
    OK ch=1 v=0.2583
    OK ch=3 v=0.2287
    OK ch=7 v=0.2192
    OK ch=1 v=0.2838
    OK ch=3 v=0.2304
    OK ch=7 v=0.2175
    OK ch=1 v=0.3039
    OK ch=3 v=0.2381
    OK ch=7 v=0.2188
    OK ch=1 v=0.2823
    OK ch=3 v=0.2392
    OK ch=5 v=0.2258
    OK ch=7 v=0.2180
    OK ch=1 v=0.2939
    OK ch=3 v=0.2379
    OK ch=5 v=0.2245
    OK ch=7 v=0.2195
    OK ch=1 v=0.2519
    OK ch=3 v=0.2271
    OK ch=5 v=0.2237
    OK ch=7 v=0.2186
    OK ch=1 v=0.2932
    OK ch=3 v=0.2348
    OK ch=5 v=0.2222
    OK ch=7 v=0.2210
    OK ch=1 v=0.2669
    OK ch=3 v=0.2282
    OK ch=5 v=0.2249
    OK ch=7 v=0.2197
    OK ch=1 v=0.2968
    OK ch=3 v=0.2400
    OK ch=5 v=0.2241
    OK ch=1 v=0.2886
    OK ch=3 v=0.2336
    OK ch=5 v=0.2236
    OK ch=1 v=0.3085
    OK ch=3 v=0.2397
    OK ch=5 v=0.2246
    OK ch=1 v=0.2782
    OK ch=3 v=0.2363
    OK ch=5 v=0.2262
    OK ch=7 v=0.2205
    OK ch=1 v=0.2579
    OK ch=3 v=0.2233
    OK ch=5 v=0.2254
    OK ch=1 v=0.2879
    OK ch=3 v=0.2325
    OK ch=7 v=0.2176
    OK ch=1 v=0.2832
    OK ch=3 v=0.2381
    OK ch=5 v=0.2242
    OK ch=7 v=0.2198
    OK ch=1 v=0.2876
    OK ch=3 v=0.2362
    OK ch=7 v=0.2225
    OK ch=1 v=0.2604
    OK ch=3 v=0.2308
    OK ch=5 v=0.2250
    OK ch=7 v=0.2197
    OK ch=1 v=0.2920
    OK ch=3 v=0.2392
    OK ch=5 v=0.2244
    OK ch=1 v=0.3085
    OK ch=5 v=0.2251
    OK ch=7 v=0.2186
    OK ch=1 v=0.2998
    OK ch=5 v=0.2231
    OK ch=1 v=0.2916
    OK ch=3 v=0.2317
    OK ch=5 v=0.2243
    OK ch=1 v=0.3126
    OK ch=3 v=0.2366
    OK ch=1 v=0.2884
    OK ch=3 v=0.2339
    OK ch=5 v=0.2263
    OK ch=1 v=0.2699
    OK ch=3 v=0.2296
    OK ch=5 v=0.2258
    OK ch=7 v=0.2179
    OK ch=1 v=0.2799
    OK ch=3 v=0.2329
    OK ch=5 v=0.2239
    OK ch=7 v=0.2205
    OK ch=1 v=0.2628
    OK ch=3 v=0.2343
    OK ch=5 v=0.2246
    OK ch=7 v=0.2182
    OK ch=1 v=0.3029
    OK ch=3 v=0.2394
    OK ch=1 v=0.2993
    OK ch=3 v=0.2417
    OK ch=5 v=0.2227
    OK ch=1 v=0.3058
    OK ch=3 v=0.2382
    OK ch=5 v=0.2240
    OK ch=7 v=0.2201
    OK ch=1 v=0.2656
    OK ch=3 v=0.2278
    OK ch=5 v=0.2271
    OK ch=7 v=0.2179
    OK ch=1 v=0.2983
    OK ch=3 v=0.2353
    OK ch=1 v=0.2814
    OK ch=5 v=0.2261
    OK ch=7 v=0.2208
    OK ch=1 v=0.2787
    OK ch=3 v=0.2400
    OK ch=7 v=0.2178
    OK ch=1 v=0.2771
    OK ch=3 v=0.2323
    OK ch=1 v=0.2853
    OK ch=5 v=0.2251
    OK ch=7 v=0.2191
    OK ch=1 v=0.2926
    OK ch=3 v=0.2376
    OK ch=7 v=0.2186
    OK ch=1 v=0.2849
    OK ch=3 v=0.2394
    OK ch=5 v=0.2243
    OK ch=7 v=0.2236
    OK ch=1 v=0.2711
    OK ch=3 v=0.2334
    OK ch=5 v=0.2248
    OK ch=7 v=0.2199
    OK ch=1 v=0.2743
    OK ch=3 v=0.2326
    OK ch=5 v=0.2255
    OK ch=7 v=0.2190
    OK ch=1 v=0.3045
    OK ch=3 v=0.2344
    OK ch=5 v=0.2246
    OK ch=7 v=0.2201
    OK ch=1 v=0.2832
    OK ch=3 v=0.2290
    OK ch=5 v=0.2239
    OK ch=7 v=0.2166
    OK ch=1 v=0.2866
    OK ch=3 v=0.2371
    OK ch=7 v=0.2193
    OK ch=1 v=0.3021
    OK ch=3 v=0.2381
    OK ch=5 v=0.2252
    OK ch=7 v=0.2223
    OK ch=1 v=0.2784
    OK ch=3 v=0.2348
    OK ch=7 v=0.2208
    OK ch=1 v=0.2669
    OK ch=3 v=0.2354
    OK ch=5 v=0.2233
    OK ch=7 v=0.2201
    OK ch=1 v=0.2890
    OK ch=3 v=0.2376
    OK ch=7 v=0.2185
    OK ch=1 v=0.2705
    OK ch=3 v=0.2360
    OK ch=5 v=0.2239
    OK ch=7 v=0.2208
    OK ch=1 v=0.2884
    OK ch=5 v=0.2244
    OK ch=7 v=0.2185
    OK ch=1 v=0.2983
    OK ch=3 v=0.2382
    OK ch=5 v=0.2221
    OK ch=7 v=0.2194
    OK ch=1 v=0.2842
    OK ch=3 v=0.2326
    OK ch=7 v=0.2185
    OK ch=1 v=0.2827
    OK ch=3 v=0.2285
    OK ch=5 v=0.2237
    OK ch=7 v=0.2197
    OK ch=1 v=0.2655
    OK ch=3 v=0.2308
    OK ch=5 v=0.2259
    OK ch=1 v=0.2634
    OK ch=3 v=0.2290
    OK ch=7 v=0.2186
    OK ch=1 v=0.2852
    OK ch=3 v=0.2340
    OK ch=5 v=0.2250
    OK ch=7 v=0.2221
    OK ch=1 v=0.2997
    OK ch=3 v=0.2379
    OK ch=5 v=0.2228
    OK ch=7 v=0.2195
    OK ch=1 v=0.2715
    OK ch=3 v=0.2329
    OK ch=5 v=0.2252
    OK ch=7 v=0.2178
    OK ch=1 v=0.2927
    OK ch=3 v=0.2352
    OK ch=5 v=0.2266
    OK ch=7 v=0.2204
    OK ch=1 v=0.2996
    OK ch=3 v=0.2379
    OK ch=5 v=0.2260
    OK ch=1 v=0.3120
    OK ch=3 v=0.2411
    OK ch=5 v=0.2241
    OK ch=7 v=0.2189
    OK ch=1 v=0.2859
    OK ch=3 v=0.2395
    OK ch=5 v=0.2251
    OK ch=7 v=0.2210
    OK ch=1 v=0.2881
    OK ch=3 v=0.2408
    OK ch=5 v=0.2276
    OK ch=7 v=0.2172
    OK ch=1 v=0.2487
    OK ch=3 v=0.2247
    OK ch=5 v=0.2267
    OK ch=1 v=0.2833
    OK ch=5 v=0.2238
    OK ch=7 v=0.2192
    OK ch=1 v=0.3113
    OK ch=3 v=0.2311
    OK ch=5 v=0.2226
    OK ch=7 v=0.2185
    OK ch=1 v=0.2917
    OK ch=3 v=0.2366
    OK ch=5 v=0.2256
    OK ch=1 v=0.2652
    OK ch=3 v=0.2301
    OK ch=7 v=0.2201
    OK ch=1 v=0.2673
    OK ch=3 v=0.2335
    OK ch=5 v=0.2249
    OK ch=1 v=0.2919
    OK ch=3 v=0.2433
    OK ch=5 v=0.2234
    OK ch=7 v=0.2213
    OK ch=1 v=0.2563
    OK ch=3 v=0.2382
    OK ch=7 v=0.2197
    OK ch=1 v=0.2877
    OK ch=3 v=0.2350
    OK ch=5 v=0.2241
    OK ch=7 v=0.2205
    OK ch=1 v=0.2975
    OK ch=3 v=0.2341
    OK ch=5 v=0.2247
    OK ch=7 v=0.2167
    OK ch=1 v=0.3126
    OK ch=3 v=0.2400
    OK ch=7 v=0.2193
    OK ch=1 v=0.3029
    OK ch=3 v=0.2384
    OK ch=7 v=0.2210
    OK ch=1 v=0.3081
    OK ch=3 v=0.2393
    OK ch=7 v=0.2198
    OK ch=1 v=0.2843
    OK ch=3 v=0.2381
    OK ch=7 v=0.2206
    OK ch=1 v=0.2727
    OK ch=3 v=0.2307
    OK ch=5 v=0.2256
    OK ch=7 v=0.2216
    OK ch=1 v=0.2873
    OK ch=3 v=0.2324
    OK ch=5 v=0.2242
    OK ch=7 v=0.2198
    OK ch=1 v=0.2675
    OK ch=3 v=0.2265
    OK ch=5 v=0.2254
    OK ch=7 v=0.2181
    OK ch=1 v=0.2640
    OK ch=3 v=0.2308
    OK ch=5 v=0.2241
    OK ch=1 v=0.2596
    OK ch=3 v=0.2364
    OK ch=5 v=0.2234
    OK ch=7 v=0.2173
    OK ch=1 v=0.2902
    OK ch=3 v=0.2397
    OK ch=7 v=0.2202
    OK ch=1 v=0.2676
    OK ch=3 v=0.2270
    OK ch=5 v=0.2242
    OK ch=7 v=0.2181
    OK ch=1 v=0.3006
    OK ch=3 v=0.2351
    OK ch=7 v=0.2193
    OK ch=1 v=0.2991
    OK ch=3 v=0.2415
    OK ch=5 v=0.2255
    OK ch=1 v=0.3041
    OK ch=3 v=0.2362
    OK ch=1 v=0.2941
    OK ch=3 v=0.2335
    OK ch=5 v=0.2261
    OK ch=7 v=0.2184
    OK ch=1 v=0.2963
    OK ch=3 v=0.2412
    OK ch=7 v=0.2207
    OK ch=1 v=0.2701
    OK ch=3 v=0.2323
    OK ch=5 v=0.2277
    OK ch=7 v=0.2195
    OK ch=1 v=0.2650
    OK ch=3 v=0.2289
    OK ch=5 v=0.2266
    OK ch=1 v=0.2772
    OK ch=3 v=0.2349
    OK ch=7 v=0.2168
    OK ch=1 v=0.2754
    OK ch=3 v=0.2327
    OK ch=5 v=0.2243
    OK ch=7 v=0.2206
    OK ch=1 v=0.2765
    OK ch=3 v=0.2308
    OK ch=5 v=0.2233
    OK ch=7 v=0.2199
    OK ch=1 v=0.2884
    OK ch=3 v=0.2401
    OK ch=1 v=0.2903
    OK ch=3 v=0.2387
    OK ch=5 v=0.2220
    OK ch=7 v=0.2183
    OK ch=1 v=0.2789
    OK ch=3 v=0.2356
    OK ch=5 v=0.2240
    OK ch=7 v=0.2171
    OK ch=1 v=0.2829
    OK ch=3 v=0.2393
    OK ch=5 v=0.2229
    OK ch=7 v=0.2189
    OK ch=1 v=0.3091
    OK ch=3 v=0.2335
    OK ch=5 v=0.2223
    OK ch=7 v=0.2218
    OK ch=1 v=0.3052
    OK ch=3 v=0.2363
    OK ch=5 v=0.2246
    OK ch=7 v=0.2203
    OK ch=1 v=0.2629
    OK ch=3 v=0.2292
    OK ch=5 v=0.2271
    OK ch=7 v=0.2197
    OK ch=1 v=0.2546
    OK ch=3 v=0.2299
    OK ch=5 v=0.2254
    OK ch=7 v=0.2206
    OK ch=1 v=0.3096
    OK ch=3 v=0.2400
    OK ch=5 v=0.2242
    OK ch=1 v=0.2992
    OK ch=3 v=0.2382
    OK ch=7 v=0.2211
    OK ch=1 v=0.2757
    OK ch=3 v=0.2284
    OK ch=5 v=0.2250
    OK ch=7 v=0.2184
    OK ch=1 v=0.2996
    OK ch=3 v=0.2399
    OK ch=5 v=0.2244
    OK ch=7 v=0.2191
    OK ch=1 v=0.2983
    OK ch=3 v=0.2390
    OK ch=5 v=0.2238
    OK ch=7 v=0.2205
    OK ch=1 v=0.3019
    OK ch=3 v=0.2325
    OK ch=5 v=0.2253
    OK ch=7 v=0.2191
    OK ch=1 v=0.2861
    OK ch=3 v=0.2320
    OK ch=5 v=0.2247
    OK ch=1 v=0.2306
    OK ch=3 v=0.2268
    OK ch=5 v=0.2252
    OK ch=7 v=0.2177
    OK ch=1 v=0.2836
    OK ch=3 v=0.2344
    OK ch=7 v=0.2169
    OK ch=1 v=0.2691
    OK ch=3 v=0.2360
    OK ch=5 v=0.2236
    OK ch=7 v=0.2174
    OK ch=1 v=0.2715
    OK ch=3 v=0.2338
    OK ch=5 v=0.2224
    OK ch=7 v=0.2207
    OK ch=1 v=0.2960
    OK ch=3 v=0.2362
    OK ch=5 v=0.2244
    OK ch=7 v=0.2197
    OK ch=1 v=0.3085
    OK ch=3 v=0.2397
    OK ch=5 v=0.2249
    OK ch=1 v=0.2876
    OK ch=3 v=0.2354
    OK ch=5 v=0.2269
    OK ch=7 v=0.2182
    OK ch=1 v=0.2590
    OK ch=3 v=0.2306
    OK ch=1 v=0.2837
    OK ch=3 v=0.2339
    OK ch=7 v=0.2209
    OK ch=1 v=0.3140
    OK ch=3 v=0.2426
    OK ch=5 v=0.2251
    OK ch=7 v=0.2203
    OK ch=1 v=0.2901
    OK ch=3 v=0.2373
    OK ch=7 v=0.2187
    OK ch=1 v=0.2825
    OK ch=3 v=0.2343
    OK ch=5 v=0.2266
    OK ch=7 v=0.2198
    OK ch=1 v=0.2916
    OK ch=3 v=0.2359
    OK ch=7 v=0.2211
    OK ch=1 v=0.2945
    OK ch=5 v=0.2232
    OK ch=1 v=0.2763
    OK ch=3 v=0.2343
    OK ch=5 v=0.2247
    OK ch=7 v=0.2192
    OK ch=1 v=0.2590
    OK ch=3 v=0.2315
    OK ch=7 v=0.2199
[  110.3s] DAMPING     ch0:LOCK g=-0.0300 bp=-0.021V ratio=0.03  ch1:LOCK g=-0.0300 bp=+0.002V ratio=0.01  ch2:LOCK g=+0.0100 bp=-0.013V ratio=0.01  ch3:LOCK g=-0.0300 bp=+0.002V ratio=0.00
    OK ch=1 v=0.3014
    OK ch=3 v=0.2367
    OK ch=5 v=0.2238
    OK ch=7 v=0.2186
    OK ch=1 v=0.2646
    OK ch=3 v=0.2278
    OK ch=7 v=0.2174
    OK ch=1 v=0.2771
    OK ch=3 v=0.2268
    OK ch=1 v=0.2891
    OK ch=3 v=0.2376
    OK ch=5 v=0.2225
    OK ch=7 v=0.2181
    OK ch=1 v=0.2662
    OK ch=3 v=0.2347
    OK ch=5 v=0.2231
    OK ch=7 v=0.2187
    OK ch=1 v=0.2702
    OK ch=5 v=0.2240
    OK ch=7 v=0.2180
    OK ch=1 v=0.2852
    OK ch=3 v=0.2321
    OK ch=5 v=0.2231
    OK ch=1 v=0.3053
    OK ch=3 v=0.2396
    OK ch=7 v=0.2211
    OK ch=1 v=0.3076
    OK ch=3 v=0.2403
    OK ch=5 v=0.2241
    OK ch=1 v=0.2997
    OK ch=3 v=0.2318
    OK ch=5 v=0.2259
    OK ch=7 v=0.2222
    OK ch=1 v=0.2944
    OK ch=3 v=0.2389
    OK ch=5 v=0.2272
    OK ch=7 v=0.2213
    OK ch=1 v=0.2976
    OK ch=3 v=0.2399
    OK ch=5 v=0.2264
    OK ch=7 v=0.2227
    OK ch=1 v=0.2731
    OK ch=3 v=0.2299
    OK ch=7 v=0.2193
    OK ch=1 v=0.2760
    OK ch=3 v=0.2353
    OK ch=5 v=0.2237
    OK ch=7 v=0.2186
    OK ch=1 v=0.2842
    OK ch=7 v=0.2197
    OK ch=3 v=0.2363
    OK ch=5 v=0.2223
    OK ch=7 v=0.2174
    OK ch=3 v=0.2302
    OK ch=7 v=0.2159
    OK ch=1 v=0.2869
    OK ch=3 v=0.2318
    OK ch=7 v=0.2185
    OK ch=1 v=0.2883
    OK ch=3 v=0.2333
    OK ch=5 v=0.2241
    OK ch=1 v=0.2875
    OK ch=3 v=0.2317
    OK ch=5 v=0.2248
    OK ch=7 v=0.2176
    OK ch=1 v=0.2710
    OK ch=3 v=0.2337
    OK ch=7 v=0.2192
    OK ch=1 v=0.2608
    OK ch=3 v=0.2321
    OK ch=7 v=0.2184
    OK ch=1 v=0.2926
    OK ch=3 v=0.2338
    OK ch=5 v=0.2266
    OK ch=7 v=0.2173
    OK ch=1 v=0.2969
    OK ch=3 v=0.2394
    OK ch=5 v=0.2238
    OK ch=7 v=0.2214
    OK ch=1 v=0.2960
    OK ch=3 v=0.2378
    OK ch=5 v=0.2269
    OK ch=7 v=0.2191
    OK ch=1 v=0.3008
    OK ch=3 v=0.2422
    OK ch=7 v=0.2211
    OK ch=1 v=0.2790
    OK ch=3 v=0.2349
    OK ch=1 v=0.3032
    OK ch=3 v=0.2376
    OK ch=7 v=0.2196
    OK ch=1 v=0.2890
    OK ch=3 v=0.2353
    OK ch=7 v=0.2189
    OK ch=1 v=0.2800
    OK ch=5 v=0.2260
    OK ch=7 v=0.2200
    OK ch=1 v=0.2833
    OK ch=3 v=0.2246
    OK ch=5 v=0.2253
    OK ch=7 v=0.2213
    OK ch=1 v=0.2725
    OK ch=3 v=0.2289
    OK ch=5 v=0.2241
    OK ch=7 v=0.2197
    OK ch=1 v=0.2955
    OK ch=3 v=0.2401
    OK ch=5 v=0.2234
    OK ch=7 v=0.2181
    OK ch=1 v=0.2689
    OK ch=3 v=0.2381
    OK ch=7 v=0.2205
    OK ch=1 v=0.2581
    OK ch=3 v=0.2284
    OK ch=5 v=0.2241
    OK ch=7 v=0.2182
    OK ch=1 v=0.2932
    OK ch=3 v=0.2364
    OK ch=5 v=0.2226
    OK ch=7 v=0.2157
    OK ch=1 v=0.2830
    OK ch=3 v=0.2327
    OK ch=5 v=0.2239
    OK ch=7 v=0.2166
    OK ch=1 v=0.2681
    OK ch=3 v=0.2340
    OK ch=7 v=0.2202
    OK ch=1 v=0.2929
    OK ch=3 v=0.2345
    OK ch=7 v=0.2207
    OK ch=1 v=0.3117
    OK ch=3 v=0.2384
    OK ch=5 v=0.2252
    OK ch=1 v=0.2948
    OK ch=7 v=0.2178
    OK ch=1 v=0.2943
    OK ch=3 v=0.2424
    OK ch=5 v=0.2260
    OK ch=7 v=0.2186
    OK ch=1 v=0.2892
    OK ch=3 v=0.2293
    OK ch=5 v=0.2270
    OK ch=7 v=0.2216
    OK ch=1 v=0.2628
    OK ch=3 v=0.2333
    OK ch=7 v=0.2202
    OK ch=1 v=0.2660
    OK ch=3 v=0.2321
    OK ch=5 v=0.2255
    OK ch=7 v=0.2221
    OK ch=1 v=0.3005
    OK ch=3 v=0.2386
    OK ch=5 v=0.2248
    OK ch=7 v=0.2204
    OK ch=1 v=0.2793
    OK ch=3 v=0.2373
    OK ch=7 v=0.2196
    OK ch=1 v=0.2744
    OK ch=3 v=0.2339
    OK ch=5 v=0.2224
    OK ch=1 v=0.2953
    OK ch=3 v=0.2344
    OK ch=5 v=0.2211
    OK ch=7 v=0.2180
    OK ch=1 v=0.2933
    OK ch=3 v=0.2335
    OK ch=5 v=0.2229
    OK ch=1 v=0.2869
    OK ch=3 v=0.2348
    OK ch=5 v=0.2252
    OK ch=1 v=0.2845
    OK ch=3 v=0.2375
    OK ch=5 v=0.2237
    OK ch=7 v=0.2188
    OK ch=1 v=0.2826
    OK ch=3 v=0.2314
    OK ch=7 v=0.2180
    OK ch=1 v=0.2852
    OK ch=3 v=0.2348
    OK ch=5 v=0.2250
    OK ch=1 v=0.2915
    OK ch=3 v=0.2332
    OK ch=5 v=0.2274
    OK ch=1 v=0.2730
    OK ch=5 v=0.2265
    OK ch=7 v=0.2191
    OK ch=1 v=0.2738
    OK ch=3 v=0.2314
    OK ch=5 v=0.2257
    OK ch=7 v=0.2197
    OK ch=1 v=0.3072
    OK ch=3 v=0.2369
    OK ch=5 v=0.2244
    OK ch=7 v=0.2210
    OK ch=1 v=0.2997
    OK ch=3 v=0.2408
    OK ch=7 v=0.2218
    OK ch=1 v=0.2913
    OK ch=3 v=0.2375
    OK ch=7 v=0.2213
    OK ch=1 v=0.2604
    OK ch=3 v=0.2358
    OK ch=5 v=0.2258
    OK ch=7 v=0.2194
    OK ch=1 v=0.2820
    OK ch=3 v=0.2314
    OK ch=5 v=0.2244
    OK ch=7 v=0.2212
    OK ch=1 v=0.2578
    OK ch=7 v=0.2184
    OK ch=1 v=0.2764
    OK ch=3 v=0.2371
    OK ch=7 v=0.2204
    OK ch=1 v=0.3107
    OK ch=3 v=0.2420
    OK ch=5 v=0.2235
    OK ch=7 v=0.2184
    OK ch=1 v=0.2626
    OK ch=3 v=0.2277
    OK ch=5 v=0.2225
    OK ch=7 v=0.2193
    OK ch=1 v=0.2847
    OK ch=3 v=0.2286
    OK ch=5 v=0.2239
    OK ch=7 v=0.2183
    OK ch=1 v=0.2870
    OK ch=3 v=0.2336
    OK ch=7 v=0.2174
    OK ch=1 v=0.2811
    OK ch=3 v=0.2374
    OK ch=5 v=0.2249
    OK ch=1 v=0.2762
    OK ch=3 v=0.2413
    OK ch=5 v=0.2271
    OK ch=7 v=0.2196
    OK ch=1 v=0.3018
    OK ch=3 v=0.2377
    OK ch=5 v=0.2254
    OK ch=7 v=0.2212
    OK ch=1 v=0.3032
    OK ch=3 v=0.2394
    OK ch=5 v=0.2261
    OK ch=7 v=0.2197
    OK ch=1 v=0.2792
    OK ch=3 v=0.2321
    OK ch=1 v=0.3067
    OK ch=3 v=0.2393
    OK ch=1 v=0.2770
    OK ch=3 v=0.2330
    OK ch=1 v=0.2778
    OK ch=5 v=0.2271
    OK ch=7 v=0.2181
    OK ch=1 v=0.2870
    OK ch=3 v=0.2361
    OK ch=5 v=0.2265
    OK ch=1 v=0.2788
    OK ch=3 v=0.2352
    OK ch=5 v=0.2257
    OK ch=7 v=0.2209
    OK ch=1 v=0.2609
    OK ch=3 v=0.2268
    OK ch=7 v=0.2198
    OK ch=1 v=0.2772
    OK ch=3 v=0.2326
    OK ch=5 v=0.2232
    OK ch=7 v=0.2207
    OK ch=1 v=0.3027
    OK ch=3 v=0.2406
    OK ch=7 v=0.2181
    OK ch=1 v=0.2966
    OK ch=3 v=0.2393
    OK ch=7 v=0.2168
    OK ch=1 v=0.2953
    OK ch=3 v=0.2365
    OK ch=5 v=0.2242
    OK ch=7 v=0.2196
    OK ch=1 v=0.2712
    OK ch=3 v=0.2293
    OK ch=7 v=0.2226
    OK ch=1 v=0.2642
    OK ch=7 v=0.2187
    OK ch=1 v=0.2585
    OK ch=3 v=0.2282
    OK ch=1 v=0.2951
    OK ch=3 v=0.2339
    OK ch=7 v=0.2180
    OK ch=1 v=0.3206
    OK ch=3 v=0.2411
    OK ch=5 v=0.2237
    OK ch=7 v=0.2192
    OK ch=1 v=0.2880
    OK ch=3 v=0.2371
    OK ch=5 v=0.2248
    OK ch=7 v=0.2219
    OK ch=1 v=0.2898
    OK ch=5 v=0.2257
    OK ch=1 v=0.2995
    OK ch=3 v=0.2351
    OK ch=5 v=0.2250
    OK ch=7 v=0.2186
    OK ch=1 v=0.2683
    OK ch=3 v=0.2297
    OK ch=1 v=0.3000
    OK ch=3 v=0.2343
    OK ch=5 v=0.2234
    OK ch=7 v=0.2213
    OK ch=1 v=0.2562
    OK ch=3 v=0.2304
    OK ch=5 v=0.2241
    OK ch=1 v=0.3053
    OK ch=3 v=0.2419
    OK ch=7 v=0.2196
    OK ch=1 v=0.2864
    OK ch=3 v=0.2391
    OK ch=5 v=0.2227
    OK ch=7 v=0.2202
    OK ch=1 v=0.3101
    OK ch=3 v=0.2369
    OK ch=5 v=0.2221
    OK ch=7 v=0.2153
    OK ch=1 v=0.2979
    OK ch=3 v=0.2333
    OK ch=7 v=0.2193
    OK ch=1 v=0.2973
    OK ch=3 v=0.2318
    OK ch=5 v=0.2247
    OK ch=1 v=0.2534
    OK ch=3 v=0.2310
    OK ch=5 v=0.2260
    OK ch=1 v=0.2621
    OK ch=3 v=0.2331
    OK ch=5 v=0.2253
    OK ch=7 v=0.2154
    OK ch=1 v=0.2735
    OK ch=3 v=0.2320
    OK ch=7 v=0.2184
    OK ch=1 v=0.2538
    OK ch=3 v=0.2315
    OK ch=7 v=0.2193
    OK ch=1 v=0.2878
    OK ch=3 v=0.2348
    OK ch=1 v=0.3226
    OK ch=3 v=0.2461
    OK ch=7 v=0.2174
    OK ch=1 v=0.3081
    OK ch=3 v=0.2415
    OK ch=5 v=0.2269
    OK ch=7 v=0.2207
    OK ch=1 v=0.2948
    OK ch=3 v=0.2344
    OK ch=5 v=0.2280
    OK ch=7 v=0.2200
    OK ch=1 v=0.2581
    OK ch=3 v=0.2355
    OK ch=5 v=0.2261
    OK ch=1 v=0.2768
    OK ch=3 v=0.2318
    OK ch=5 v=0.2271
    OK ch=1 v=0.2802
    OK ch=3 v=0.2354
    OK ch=5 v=0.2257
    OK ch=1 v=0.2730
    OK ch=3 v=0.2349
    OK ch=7 v=0.2194
    OK ch=1 v=0.2784
    OK ch=3 v=0.2335
    OK ch=1 v=0.2915
    OK ch=3 v=0.2345
    OK ch=7 v=0.2206
    OK ch=1 v=0.3167
    OK ch=3 v=0.2398
    OK ch=5 v=0.2244
    OK ch=7 v=0.2195
    OK ch=1 v=0.2802
    OK ch=3 v=0.2335
    OK ch=7 v=0.2168
    OK ch=1 v=0.2853
    OK ch=3 v=0.2314
    OK ch=5 v=0.2249
    OK ch=1 v=0.2756
    OK ch=3 v=0.2344
    OK ch=5 v=0.2237
    OK ch=7 v=0.2192
    OK ch=1 v=0.2989
    OK ch=3 v=0.2363
    OK ch=7 v=0.2198
    OK ch=1 v=0.2904
    OK ch=3 v=0.2374
    OK ch=7 v=0.2210
    OK ch=1 v=0.2806
    OK ch=3 v=0.2381
    OK ch=7 v=0.2197
    OK ch=1 v=0.2673
    OK ch=3 v=0.2312
    OK ch=5 v=0.2245
    OK ch=1 v=0.3100
    OK ch=3 v=0.2389
    OK ch=7 v=0.2180
    OK ch=1 v=0.2659
    OK ch=3 v=0.2299
    OK ch=5 v=0.2238
    OK ch=7 v=0.2194
    OK ch=1 v=0.2915
    OK ch=3 v=0.2400
    OK ch=5 v=0.2246
    OK ch=7 v=0.2209
    OK ch=1 v=0.2810
    OK ch=3 v=0.2341
    OK ch=5 v=0.2237
    OK ch=7 v=0.2229
    OK ch=1 v=0.2930
    OK ch=3 v=0.2332
    OK ch=7 v=0.2185
    OK ch=1 v=0.2938
    OK ch=3 v=0.2394
    OK ch=5 v=0.2246
    OK ch=7 v=0.2214
    OK ch=1 v=0.2811
    OK ch=3 v=0.2344
    OK ch=5 v=0.2237
    OK ch=1 v=0.3033
    OK ch=3 v=0.2359
    OK ch=5 v=0.2226
    OK ch=7 v=0.2194
    OK ch=1 v=0.2808
    OK ch=3 v=0.2346
    OK ch=5 v=0.2246
    OK ch=7 v=0.2188
    OK ch=1 v=0.2601
    OK ch=3 v=0.2285
    OK ch=7 v=0.2200
    OK ch=1 v=0.2856
    OK ch=3 v=0.2303
    OK ch=5 v=0.2257
    OK ch=7 v=0.2188
    OK ch=1 v=0.2884
    OK ch=3 v=0.2382
    OK ch=5 v=0.2236
    OK ch=1 v=0.3024
    OK ch=3 v=0.2354
    OK ch=5 v=0.2249
    OK ch=7 v=0.2175
    OK ch=1 v=0.2750
    OK ch=3 v=0.2322
    OK ch=5 v=0.2257
    OK ch=7 v=0.2191
    OK ch=1 v=0.2872
    OK ch=3 v=0.2337
[  115.3s] DAMPING     ch0:LOCK g=-0.0300 bp=+0.008V ratio=0.02  ch1:LOCK g=-0.0300 bp=-0.005V ratio=0.01  ch2:LOCK g=+0.0100 bp=+0.004V ratio=0.01  ch3:LOCK g=-0.0300 bp=+0.002V ratio=0.01
    OK ch=1 v=0.2716
    OK ch=3 v=0.2320
    OK ch=5 v=0.2245
    OK ch=1 v=0.2537
    OK ch=7 v=0.2183
    OK ch=1 v=0.2931
    OK ch=3 v=0.2374
    OK ch=5 v=0.2259
    OK ch=7 v=0.2193
    OK ch=1 v=0.2960
    OK ch=3 v=0.2327
    OK ch=5 v=0.2252
    OK ch=7 v=0.2174
    OK ch=1 v=0.3008
    OK ch=3 v=0.2397
    OK ch=7 v=0.2201
    OK ch=1 v=0.2957
    OK ch=3 v=0.2420
    OK ch=5 v=0.2258
    OK ch=1 v=0.2789
    OK ch=3 v=0.2332
    OK ch=7 v=0.2214
    OK ch=1 v=0.2588
    OK ch=3 v=0.2280
    OK ch=7 v=0.2186
    OK ch=1 v=0.2967
    OK ch=3 v=0.2325
    OK ch=5 v=0.2250
    OK ch=1 v=0.2807
    OK ch=3 v=0.2379
    OK ch=1 v=0.2778
    OK ch=3 v=0.2351
    OK ch=5 v=0.2238
    OK ch=1 v=0.3158
    OK ch=3 v=0.2400
    OK ch=5 v=0.2229
    OK ch=1 v=0.2825
    OK ch=3 v=0.2325
    OK ch=7 v=0.2180
    OK ch=1 v=0.2815
    OK ch=3 v=0.2348
    OK ch=5 v=0.2244
    OK ch=1 v=0.2950
    OK ch=3 v=0.2377
    OK ch=7 v=0.2210
    OK ch=1 v=0.2988
    OK ch=1 v=0.2853
    OK ch=3 v=0.2383
    OK ch=7 v=0.2192
    OK ch=1 v=0.2582
    OK ch=3 v=0.2293
    OK ch=1 v=0.2767
    OK ch=3 v=0.2384
    OK ch=7 v=0.2180
    OK ch=1 v=0.2919
    OK ch=3 v=0.2409
    OK ch=5 v=0.2250
    OK ch=7 v=0.2192
    OK ch=1 v=0.2907
    OK ch=3 v=0.2438
    OK ch=7 v=0.2172
    OK ch=1 v=0.2694
    OK ch=3 v=0.2308
    OK ch=7 v=0.2199
    OK ch=1 v=0.2550
    OK ch=3 v=0.2248
    OK ch=5 v=0.2242
    OK ch=7 v=0.2193
    OK ch=1 v=0.2677
    OK ch=3 v=0.2258
    OK ch=5 v=0.2249
    OK ch=1 v=0.2889
    OK ch=3 v=0.2359
    OK ch=5 v=0.2237
    OK ch=7 v=0.2217
    OK ch=1 v=0.2977
    OK ch=3 v=0.2368
    OK ch=5 v=0.2245
    OK ch=7 v=0.2203
    OK ch=1 v=0.2904
    OK ch=5 v=0.2254
    OK ch=7 v=0.2208
    OK ch=1 v=0.2458
    OK ch=3 v=0.2383
    OK ch=5 v=0.2273
    OK ch=1 v=0.2970
    OK ch=3 v=0.2366
    OK ch=5 v=0.2257
    OK ch=7 v=0.2188
    OK ch=1 v=0.2838
    OK ch=3 v=0.2331
    OK ch=5 v=0.2248
    OK ch=1 v=0.3238
    OK ch=3 v=0.2413
    OK ch=5 v=0.2233
    OK ch=1 v=0.2890
    OK ch=3 v=0.2330
    OK ch=1 v=0.2713
    OK ch=3 v=0.2335
    OK ch=5 v=0.2256
    OK ch=1 v=0.2764
    OK ch=3 v=0.2292
    OK ch=5 v=0.2268
    OK ch=7 v=0.2168
    OK ch=1 v=0.2748
    OK ch=3 v=0.2313
    OK ch=5 v=0.2237
    OK ch=7 v=0.2195
    OK ch=1 v=0.2840
    OK ch=3 v=0.2307
    OK ch=5 v=0.2248
    OK ch=7 v=0.2165
    OK ch=1 v=0.2735
    OK ch=3 v=0.2322
    OK ch=7 v=0.2194
    OK ch=1 v=0.2821
    OK ch=3 v=0.2346
    OK ch=5 v=0.2236
    OK ch=7 v=0.2212
    OK ch=1 v=0.2996
    OK ch=3 v=0.2332
    OK ch=7 v=0.2187
    OK ch=1 v=0.3118
    OK ch=3 v=0.2395
    OK ch=5 v=0.2229
    OK ch=7 v=0.2233
    OK ch=1 v=0.2964
    OK ch=3 v=0.2360
    OK ch=5 v=0.2256
    OK ch=7 v=0.2217
    OK ch=1 v=0.2667
    OK ch=3 v=0.2292
    OK ch=5 v=0.2264
    OK ch=7 v=0.2194
    OK ch=1 v=0.2824
    OK ch=3 v=0.2371
    OK ch=5 v=0.2240
    OK ch=7 v=0.2189
    OK ch=1 v=0.2848
    OK ch=3 v=0.2378
    OK ch=7 v=0.2200
    OK ch=1 v=0.2972
    OK ch=3 v=0.2372
    OK ch=7 v=0.2212
    OK ch=1 v=0.3183
    OK ch=3 v=0.2352
    OK ch=5 v=0.2224
    OK ch=7 v=0.2174
    OK ch=1 v=0.2921
    OK ch=3 v=0.2392
    OK ch=5 v=0.2242
    OK ch=7 v=0.2182
    OK ch=1 v=0.2430
    OK ch=3 v=0.2290
    OK ch=5 v=0.2248
    OK ch=7 v=0.2188
    OK ch=1 v=0.2673
    OK ch=5 v=0.2262
    OK ch=1 v=0.2873
    OK ch=3 v=0.2328
    OK ch=5 v=0.2241
    OK ch=7 v=0.2204
    OK ch=1 v=0.2831
    OK ch=3 v=0.2419
    OK ch=5 v=0.2230
    OK ch=7 v=0.2181
    OK ch=1 v=0.2937
    OK ch=5 v=0.2241
    OK ch=7 v=0.2205
    OK ch=1 v=0.2923
    OK ch=3 v=0.2367
    OK ch=5 v=0.2259
    OK ch=1 v=0.2743
    OK ch=3 v=0.2322
    OK ch=5 v=0.2266
    OK ch=7 v=0.2179
    OK ch=1 v=0.2958
    OK ch=3 v=0.2388
    OK ch=5 v=0.2253
    OK ch=7 v=0.2189
    OK ch=1 v=0.2818
    OK ch=3 v=0.2338
    OK ch=5 v=0.2261
    OK ch=1 v=0.2847
    OK ch=5 v=0.2270
    OK ch=1 v=0.2736
    OK ch=3 v=0.2319
    OK ch=1 v=0.2904
    OK ch=3 v=0.2409
    OK ch=5 v=0.2255
    OK ch=7 v=0.2182
    OK ch=1 v=0.2912
    OK ch=3 v=0.2303
    OK ch=7 v=0.2171
    OK ch=1 v=0.2668
    OK ch=3 v=0.2330
    OK ch=7 v=0.2199
    OK ch=1 v=0.2715
    OK ch=3 v=0.2294
    OK ch=5 v=0.2249
    OK ch=7 v=0.2217
    OK ch=1 v=0.3045
    OK ch=3 v=0.2375
    OK ch=7 v=0.2202
    OK ch=1 v=0.2879
    OK ch=3 v=0.2336
    OK ch=7 v=0.2173
    OK ch=1 v=0.2923
    OK ch=3 v=0.2354
    OK ch=5 v=0.2237
    OK ch=7 v=0.2195
    OK ch=1 v=0.2754
    OK ch=5 v=0.2244
    OK ch=7 v=0.2189
    OK ch=1 v=0.2997
    OK ch=3 v=0.2295
    OK ch=7 v=0.2201
    OK ch=1 v=0.2921
    OK ch=3 v=0.2378

>>> KICK 2/3 REQUESTED at t=120.0s <<<

    OK ch=7 v=0.2178
    OK ch=1 v=0.3046
    OK ch=3 v=0.2416
    OK ch=5 v=0.2251
    OK ch=7 v=0.2201
    OK ch=1 v=0.2756
    OK ch=3 v=0.2331
    OK ch=7 v=0.2193
    OK ch=1 v=0.2493
    OK ch=3 v=0.2306
    OK ch=7 v=0.2180
    OK ch=1 v=0.2726
    OK ch=3 v=0.2312
    OK ch=5 v=0.2240
    OK ch=1 v=0.2906
    OK ch=3 v=0.2348
    OK ch=7 v=0.2197
    OK ch=1 v=0.2831
    OK ch=5 v=0.2231
    OK ch=7 v=0.2189
    OK ch=1 v=0.2759
    OK ch=7 v=0.2200
    OK ch=1 v=0.2782
    OK ch=3 v=0.2313
    OK ch=5 v=0.2238
    OK ch=7 v=0.2237
    OK ch=1 v=0.3004
    OK ch=3 v=0.2418
    OK ch=7 v=0.2224
    OK ch=1 v=0.2837
    OK ch=3 v=0.2383
    OK ch=1 v=0.2937
    OK ch=7 v=0.2207
    OK ch=1 v=0.2900
    OK ch=3 v=0.2326
    OK ch=5 v=0.2245
    OK ch=7 v=0.2174
    OK ch=1 v=0.2716
    OK ch=3 v=0.2301
    OK ch=5 v=0.2254
    OK ch=7 v=0.2203
    OK ch=1 v=0.2974
    OK ch=3 v=0.2394
    OK ch=5 v=0.2247
    OK ch=7 v=0.2192
    OK ch=1 v=0.2861
    OK ch=3 v=0.2313
    OK ch=5 v=0.2253
    OK ch=7 v=0.2178
    OK ch=1 v=0.3053
    OK ch=3 v=0.2402
    OK ch=5 v=0.2245
    OK ch=7 v=0.2192
    OK ch=1 v=0.2847
    OK ch=3 v=0.2340
    OK ch=5 v=0.2257
    OK ch=1 v=0.2635
    OK ch=3 v=0.2318
    OK ch=1 v=0.2757
    OK ch=3 v=0.2294
    OK ch=7 v=0.2206
    OK ch=1 v=0.2744
    OK ch=3 v=0.2311
    OK ch=5 v=0.2250
    OK ch=7 v=0.2182
    OK ch=1 v=0.3011
    OK ch=3 v=0.2364
    OK ch=5 v=0.2241
    OK ch=1 v=0.2849
    OK ch=3 v=0.2371
    OK ch=5 v=0.2254
    OK ch=7 v=0.2207
    OK ch=1 v=0.2965
    OK ch=3 v=0.2397
    OK ch=5 v=0.2247
    OK ch=7 v=0.2186
    OK ch=1 v=0.3002
    OK ch=3 v=0.2336
    OK ch=7 v=0.2174
    OK ch=1 v=0.2813
    OK ch=3 v=0.2328
    OK ch=7 v=0.2190
    OK ch=1 v=0.2760
    OK ch=3 v=0.2367
    OK ch=5 v=0.2271
    OK ch=7 v=0.2195
    OK ch=1 v=0.2844
    OK ch=3 v=0.2391
    OK ch=5 v=0.2240
    OK ch=7 v=0.2208
    OK ch=1 v=0.2728
    OK ch=3 v=0.2320
    OK ch=7 v=0.2182
    OK ch=1 v=0.2632
    OK ch=3 v=0.2314
    OK ch=5 v=0.2251
    OK ch=7 v=0.2204
    OK ch=1 v=0.2875
    OK ch=3 v=0.2324
    OK ch=7 v=0.2194
    OK ch=1 v=0.2832
    OK ch=3 v=0.2309
    OK ch=7 v=0.2180
    OK ch=1 v=0.2576
    OK ch=3 v=0.2329
    OK ch=5 v=0.2235
    OK ch=7 v=0.2192
    OK ch=1 v=0.2963
    OK ch=3 v=0.2376
    OK ch=5 v=0.2224
    OK ch=1 v=0.2649
    OK ch=3 v=0.2306
    OK ch=5 v=0.2243
    OK ch=1 v=0.2897
    OK ch=3 v=0.2398
    OK ch=5 v=0.2249
    OK ch=7 v=0.2172
    OK ch=1 v=0.3190
    OK ch=3 v=0.2380
    OK ch=5 v=0.2257
    OK ch=7 v=0.2197
    OK ch=1 v=0.2922
    OK ch=1 v=0.2931
    OK ch=3 v=0.2353
    OK ch=7 v=0.2191
    OK ch=1 v=0.2873
    OK ch=3 v=0.2360
    OK ch=5 v=0.2264
    OK ch=7 v=0.2162
    OK ch=1 v=0.2496
    OK ch=3 v=0.2368
    OK ch=5 v=0.2272
    OK ch=7 v=0.2224
    OK ch=1 v=0.2924
    OK ch=3 v=0.2349
    OK ch=5 v=0.2256
    OK ch=7 v=0.2179
    OK ch=1 v=0.2758
    OK ch=3 v=0.2297
    OK ch=5 v=0.2243
    OK ch=7 v=0.2199
    OK ch=1 v=0.3087
    OK ch=3 v=0.2386
    OK ch=1 v=0.2978
    OK ch=3 v=0.2361
    OK ch=5 v=0.2249
    OK ch=7 v=0.2188
    OK ch=1 v=0.2922
    OK ch=3 v=0.2311
    OK ch=7 v=0.2197
    OK ch=1 v=0.2598
    OK ch=5 v=0.2238
    OK ch=7 v=0.2210
    OK ch=1 v=0.2522
    OK ch=3 v=0.2240
    OK ch=7 v=0.2196
    OK ch=1 v=0.2752
    OK ch=3 v=0.2278
    OK ch=5 v=0.2243
    OK ch=1 v=0.2627
    OK ch=3 v=0.2298
    OK ch=5 v=0.2232
    OK ch=1 v=0.3039
    OK ch=3 v=0.2429
    OK ch=7 v=0.2203
    OK ch=1 v=0.2946
    OK ch=3 v=0.2368
    OK ch=7 v=0.2167
    OK ch=1 v=0.2935
    OK ch=3 v=0.2397
    OK ch=7 v=0.2213
    OK ch=1 v=0.2862
    OK ch=3 v=0.2367
    OK ch=7 v=0.2195
    OK ch=1 v=0.2888
    OK ch=3 v=0.2307
    OK ch=5 v=0.2242
    OK ch=7 v=0.2214
    OK ch=1 v=0.3080
    OK ch=3 v=0.2424
    OK ch=7 v=0.2200
    OK ch=1 v=0.2980
    OK ch=3 v=0.2414
    OK ch=5 v=0.2248
    OK ch=7 v=0.2206
    OK ch=1 v=0.2739
    OK ch=3 v=0.2352
    OK ch=7 v=0.2179
    OK ch=1 v=0.2790
    OK ch=1 v=0.2656
    OK ch=3 v=0.2318
    OK ch=7 v=0.2199
    OK ch=1 v=0.2680
    OK ch=3 v=0.2283
    OK ch=7 v=0.2186
    OK ch=1 v=0.2880
    OK ch=3 v=0.2342
    OK ch=5 v=0.2241
    OK ch=7 v=0.2197
    OK ch=1 v=0.3201
    OK ch=3 v=0.2427
    OK ch=5 v=0.2236
    OK ch=7 v=0.2153
    OK ch=1 v=0.2951
    OK ch=3 v=0.2354
    OK ch=5 v=0.2258
    OK ch=7 v=0.2207
    OK ch=1 v=0.2742
    OK ch=3 v=0.2268
    OK ch=5 v=0.2263
    OK ch=7 v=0.2189
    OK ch=1 v=0.2682
    OK ch=3 v=0.2341
    OK ch=5 v=0.2257
    OK ch=7 v=0.2200
    OK ch=1 v=0.2787
    OK ch=3 v=0.2357
    OK ch=5 v=0.2251
    OK ch=7 v=0.2212
    OK ch=1 v=0.2968
    OK ch=3 v=0.2334
    OK ch=7 v=0.2172
    OK ch=1 v=0.3052
    OK ch=3 v=0.2274
    OK ch=5 v=0.2245
    OK ch=7 v=0.2195
    OK ch=1 v=0.2809
    OK ch=3 v=0.2334
    OK ch=5 v=0.2255
    OK ch=7 v=0.2200
[  120.3s] DAMPING     ch0:LOCK g=-0.0300 bp=+0.025V ratio=0.03  ch1:LOCK g=-0.0300 bp=-0.011V ratio=0.02  ch2:LOCK g=+0.0100 bp=-0.007V ratio=0.01  ch3:LOCK g=-0.0300 bp=-0.001V ratio=0.00
    OK ch=1 v=0.2796
    OK ch=3 v=0.2364
    OK ch=7 v=0.2188
    OK ch=1 v=0.2924
    OK ch=3 v=0.2414
    OK ch=5 v=0.2243
    OK ch=7 v=0.2199
    OK ch=1 v=0.2820
    OK ch=3 v=0.2369
    OK ch=5 v=0.2259
    OK ch=7 v=0.2177
    OK ch=1 v=0.2772
    OK ch=3 v=0.2341
    OK ch=7 v=0.2191
    OK ch=1 v=0.2796
    OK ch=3 v=0.2373
    OK ch=5 v=0.2251
    OK ch=1 v=0.2769
    OK ch=3 v=0.2385
    OK ch=7 v=0.2196
    OK ch=1 v=0.2689
    OK ch=3 v=0.2341
    OK ch=5 v=0.2232
    OK ch=1 v=0.2499
    OK ch=3 v=0.2318
    OK ch=1 v=0.2738
    OK ch=3 v=0.2271
    OK ch=1 v=0.2842
    OK ch=3 v=0.2327
    OK ch=5 v=0.2240
    OK ch=1 v=0.3179
    OK ch=3 v=0.2379
    OK ch=5 v=0.2224
    OK ch=1 v=0.3084
    OK ch=3 v=0.2420
    OK ch=5 v=0.2242
    OK ch=1 v=0.2851
    OK ch=3 v=0.2386
    OK ch=5 v=0.2255
    OK ch=7 v=0.2218
    OK ch=1 v=0.2930
    OK ch=3 v=0.2397
    OK ch=1 v=0.2974
    OK ch=3 v=0.2309
    OK ch=7 v=0.2199
    OK ch=1 v=0.2810
    OK ch=1 v=0.2549
    OK ch=3 v=0.2271
    OK ch=7 v=0.2192
    OK ch=1 v=0.2657
    OK ch=3 v=0.2280
    OK ch=7 v=0.2186
    OK ch=1 v=0.2462
    OK ch=3 v=0.2289
    OK ch=7 v=0.2197
    OK ch=1 v=0.2834
    OK ch=3 v=0.2345
    OK ch=7 v=0.2187
    OK ch=1 v=0.2940
    OK ch=3 v=0.2397
    OK ch=5 v=0.2238
    OK ch=7 v=0.2174
    OK ch=1 v=0.3068
    OK ch=3 v=0.2405
    OK ch=5 v=0.2231
    OK ch=1 v=0.2986
    OK ch=3 v=0.2391
    OK ch=7 v=0.2183
    OK ch=1 v=0.2711
    OK ch=3 v=0.2315
    OK ch=5 v=0.2241
    OK ch=1 v=0.2677
    OK ch=3 v=0.2267
    OK ch=7 v=0.2191
    OK ch=1 v=0.2781
    OK ch=3 v=0.2291
    OK ch=5 v=0.2249
    OK ch=1 v=0.2958
    OK ch=3 v=0.2338
    OK ch=1 v=0.2802
    OK ch=7 v=0.2207
    OK ch=1 v=0.2848
    OK ch=3 v=0.2356
    OK ch=5 v=0.2243
    OK ch=1 v=0.2818
    OK ch=3 v=0.2373
    OK ch=5 v=0.2231
    OK ch=7 v=0.2216
    OK ch=1 v=0.2755
    OK ch=3 v=0.2392
    OK ch=5 v=0.2261
    OK ch=7 v=0.2186
    OK ch=1 v=0.2677
    OK ch=3 v=0.2298
    OK ch=5 v=0.2254
    OK ch=7 v=0.2206
    OK ch=1 v=0.3125
    OK ch=3 v=0.2358
    OK ch=7 v=0.2193
    OK ch=1 v=0.3048
    OK ch=5 v=0.2274
    OK ch=7 v=0.2155
    OK ch=1 v=0.2897
    OK ch=3 v=0.2353
    OK ch=7 v=0.2181
    OK ch=1 v=0.2748
    OK ch=3 v=0.2399
    OK ch=5 v=0.2188
    OK ch=7 v=0.2251
    OK ch=1 v=0.2886
    OK ch=3 v=0.2367
    OK ch=5 v=0.2211
    OK ch=7 v=0.2211
    OK ch=1 v=0.2618
    OK ch=3 v=0.2272
    OK ch=5 v=0.2280
    OK ch=7 v=0.2185
    OK ch=1 v=0.2896
    OK ch=3 v=0.2340
    OK ch=5 v=0.2305
    OK ch=7 v=0.2159
    OK ch=1 v=0.3002
    OK ch=3 v=0.2380
    OK ch=5 v=0.2216
    OK ch=7 v=0.2202
    OK ch=1 v=0.2930
    OK ch=3 v=0.2411
    OK ch=5 v=0.2161
    OK ch=7 v=0.2230
    OK ch=1 v=0.2861
    OK ch=3 v=0.2335
    OK ch=5 v=0.2269
    OK ch=7 v=0.2175
    OK ch=1 v=0.2654
    OK ch=3 v=0.2278
    OK ch=5 v=0.2299
    OK ch=7 v=0.2160
    OK ch=1 v=0.2813
    OK ch=3 v=0.2293
    OK ch=5 v=0.2309
    OK ch=7 v=0.2169
    OK ch=1 v=0.2891
    OK ch=3 v=0.2364
    OK ch=5 v=0.2278
    OK ch=1 v=0.3061
    OK ch=3 v=0.2446
    OK ch=5 v=0.2182
    OK ch=7 v=0.2237
    OK ch=1 v=0.3229
    OK ch=3 v=0.2510
    OK ch=5 v=0.2022
    OK ch=7 v=0.2342
    OK ch=1 v=0.3043
    OK ch=3 v=0.2483
    OK ch=7 v=0.2317
    OK ch=1 v=0.2714
    OK ch=3 v=0.2400
    OK ch=5 v=0.2121
    OK ch=7 v=0.2263
    OK ch=1 v=0.2922
    OK ch=3 v=0.2365
    OK ch=5 v=0.2174
    OK ch=7 v=0.2218
    OK ch=1 v=0.3856
    OK ch=3 v=0.3299
    OK ch=5 v=0.1239
    OK ch=7 v=0.3152
    OK ch=1 v=0.4793
    OK ch=3 v=0.3032
    OK ch=5 v=0.0998
    OK ch=7 v=0.2680
    OK ch=1 v=0.3909
    OK ch=3 v=0.2149
    OK ch=5 v=0.1881
    OK ch=7 v=0.1797
    OK ch=1 v=0.3083
    OK ch=3 v=0.1322
    OK ch=5 v=0.2708
    OK ch=7 v=0.0971
    OK ch=1 v=0.2568
    OK ch=3 v=0.2006
    OK ch=5 v=0.2552
    OK ch=7 v=0.0392
    OK ch=1 v=0.3451
    OK ch=3 v=0.2888
    OK ch=5 v=0.1670
    OK ch=7 v=0.1274
    OK ch=1 v=0.4333
    OK ch=3 v=0.3770
    OK ch=5 v=0.0788
    OK ch=7 v=0.2156
    OK ch=1 v=0.3398
    OK ch=3 v=0.2835
    OK ch=5 v=0.1124
    OK ch=7 v=0.3091
    OK ch=1 v=0.2516
    OK ch=3 v=0.3500
    OK ch=5 v=0.0242
    OK ch=7 v=0.3973
    OK ch=1 v=0.1635
    OK ch=3 v=0.2619
    OK ch=5 v=0.1123
    OK ch=7 v=0.3092
    OK ch=1 v=0.2518
    OK ch=3 v=0.3081
    OK ch=5 v=0.2007
    OK ch=7 v=0.3001
    OK ch=1 v=0.3456
    OK ch=3 v=0.3267
    OK ch=5 v=0.1493
    OK ch=7 v=0.3938
    OK ch=1 v=0.4389
    OK ch=3 v=0.2668
    OK ch=5 v=0.0561
    OK ch=7 v=0.3177
    OK ch=1 v=0.3451
    OK ch=3 v=0.1731
    OK ch=5 v=0.0576
    OK ch=7 v=0.2240
    OK ch=1 v=0.2570
    OK ch=3 v=0.0850
    OK ch=5 v=0.1457
    OK ch=7 v=0.1359
    OK ch=1 v=0.1689
    OK ch=3 v=0.1090
    OK ch=5 v=0.0575
    OK ch=7 v=0.2240
    OK ch=1 v=0.2571
    OK ch=3 v=0.1973
    OK ch=5 v=0.0878
    OK ch=7 v=0.3029
    OK ch=1 v=0.3148
    OK ch=3 v=0.2853
    OK ch=5 v=0.1758
    OK ch=7 v=0.2931
    OK ch=1 v=0.2208
    OK ch=3 v=0.3586
    OK ch=5 v=0.2698
    OK ch=7 v=0.2250
    OK ch=1 v=0.3201
    OK ch=3 v=0.2593
    OK ch=5 v=0.1705
    OK ch=7 v=0.1817
    OK ch=1 v=0.2271
    OK ch=3 v=0.1791
    OK ch=5 v=0.1628
    OK ch=7 v=0.0887
    OK ch=1 v=0.1383
    OK ch=3 v=0.1822
    OK ch=5 v=0.0741
    OK ch=7 v=0.1316
    OK ch=1 v=0.0560
    OK ch=3 v=0.0999
    OK ch=5 v=0.0000
    OK ch=7 v=0.2139
    OK ch=1 v=0.1438
    OK ch=3 v=0.0122
    OK ch=5 v=0.0878
    OK ch=7 v=0.1262
    OK ch=1 v=0.2323
    OK ch=3 v=0.0000
    OK ch=5 v=0.0000
    OK ch=7 v=0.0377
    OK ch=1 v=0.3256
    OK ch=3 v=0.0934
    OK ch=7 v=0.1310
    OK ch=1 v=0.3973
    OK ch=3 v=0.1650
    OK ch=7 v=0.2026
    OK ch=1 v=0.4689
    OK ch=3 v=0.2366
    OK ch=5 v=0.0716
    OK ch=7 v=0.2504
    OK ch=1 v=0.5000
    OK ch=3 v=0.3305
    OK ch=5 v=0.1269
    OK ch=7 v=0.3443
    OK ch=1 v=0.4199
    OK ch=3 v=0.4293
    OK ch=5 v=0.2258
    OK ch=7 v=0.4432
    OK ch=1 v=0.5000
    OK ch=3 v=0.5000
    OK ch=5 v=0.3141
    OK ch=7 v=0.5000
    OK ch=3 v=0.4119
    OK ch=5 v=0.2257
    OK ch=7 v=0.4116
    OK ch=1 v=0.4285
    OK ch=3 v=0.3403
    OK ch=5 v=0.1542
    OK ch=7 v=0.3400
    OK ch=1 v=0.3348
    OK ch=3 v=0.2467
    OK ch=5 v=0.0605
    OK ch=7 v=0.2763
    OK ch=1 v=0.2463
    OK ch=3 v=0.1581
    OK ch=5 v=0.0000
    OK ch=7 v=0.1878
    OK ch=1 v=0.1584
    OK ch=3 v=0.1158
    OK ch=7 v=0.1034
    OK ch=1 v=0.1036
    OK ch=3 v=0.0526
    OK ch=5 v=0.0178
    OK ch=7 v=0.1244
    OK ch=1 v=0.1918
    OK ch=3 v=0.0117
    OK ch=5 v=0.1060
    OK ch=7 v=0.0361
    OK ch=1 v=0.2906
    OK ch=3 v=0.0563
    OK ch=5 v=0.2048
    OK ch=7 v=0.0000
    OK ch=1 v=0.3847
    OK ch=3 v=0.1504
    OK ch=5 v=0.1528
    OK ch=1 v=0.3132
    OK ch=3 v=0.2010
    OK ch=5 v=0.2243
    OK ch=7 v=0.0638
    OK ch=1 v=0.2251
    OK ch=3 v=0.2891
    OK ch=5 v=0.3124
    OK ch=7 v=0.1520
    OK ch=1 v=0.1365
    OK ch=3 v=0.3778
    OK ch=5 v=0.4010
    OK ch=7 v=0.2406
    OK ch=1 v=0.0485
    OK ch=3 v=0.4600
    OK ch=5 v=0.3131
    OK ch=7 v=0.3285
    OK ch=1 v=0.0000
    OK ch=3 v=0.3718
    OK ch=5 v=0.2249
    OK ch=7 v=0.4167
    OK ch=1 v=0.0876
    OK ch=3 v=0.3300
    OK ch=5 v=0.1373
    OK ch=7 v=0.5000
    OK ch=1 v=0.0080
    OK ch=3 v=0.2416
    OK ch=5 v=0.2257
    OK ch=7 v=0.4116
    OK ch=1 v=0.1016
    OK ch=3 v=0.1643
    OK ch=5 v=0.3193
    OK ch=7 v=0.3180
    OK ch=1 v=0.1899
    OK ch=3 v=0.1708
    OK ch=5 v=0.2310
    OK ch=7 v=0.3226
    OK ch=1 v=0.2835
    OK ch=3 v=0.1041
    OK ch=5 v=0.2271
    OK ch=7 v=0.2290
    OK ch=1 v=0.3715
    OK ch=3 v=0.0161
    OK ch=5 v=0.1390
    OK ch=7 v=0.1410
    OK ch=1 v=0.4597
    OK ch=3 v=0.0955
    OK ch=5 v=0.0508
    OK ch=7 v=0.2292
    OK ch=1 v=0.5000
    OK ch=3 v=0.1840
    OK ch=5 v=0.0000
    OK ch=7 v=0.3176
    OK ch=1 v=0.4107
    OK ch=3 v=0.1944
    OK ch=5 v=0.0929
    OK ch=7 v=0.3900
    OK ch=1 v=0.3228
    OK ch=3 v=0.2823
    OK ch=5 v=0.1808
    OK ch=7 v=0.3021
    OK ch=1 v=0.2399
    OK ch=3 v=0.3653
    OK ch=5 v=0.2638
    OK ch=7 v=0.2191
    OK ch=1 v=0.1573
    OK ch=3 v=0.2827
    OK ch=5 v=0.3464
    OK ch=7 v=0.3017
    OK ch=1 v=0.1911
    OK ch=3 v=0.1890
    OK ch=5 v=0.2527
    OK ch=7 v=0.3621
    OK ch=1 v=0.1030
    OK ch=3 v=0.1435
    OK ch=5 v=0.1646
    OK ch=7 v=0.2740
    OK ch=1 v=0.1911
    OK ch=3 v=0.1194
    OK ch=5 v=0.2527
    OK ch=7 v=0.1858
    OK ch=1 v=0.2531
    OK ch=3 v=0.0309
    OK ch=5 v=0.1643
    OK ch=7 v=0.1783
    OK ch=1 v=0.1652
    OK ch=3 v=0.0000
    OK ch=5 v=0.2521
    OK ch=7 v=0.0905
    OK ch=1 v=0.2533
    OK ch=3 v=0.0881
    OK ch=5 v=0.1640
    OK ch=7 v=0.0024
    OK ch=1 v=0.3415
    OK ch=3 v=0.1763
    OK ch=5 v=0.0759
    OK ch=7 v=0.0000
    OK ch=1 v=0.4350
    OK ch=3 v=0.2698
    OK ch=5 v=0.0410
    OK ch=7 v=0.0936
    OK ch=1 v=0.5000
    OK ch=3 v=0.3582
    OK ch=5 v=0.1291
    OK ch=7 v=0.1819
    OK ch=3 v=0.4518
    OK ch=5 v=0.2227
    OK ch=7 v=0.2755
    OK ch=1 v=0.4444
    OK ch=3 v=0.5000
    OK ch=5 v=0.2889
    OK ch=7 v=0.3417
    OK ch=1 v=0.3564
    OK ch=5 v=0.3769
    OK ch=7 v=0.4297
    OK ch=1 v=0.2851
    OK ch=3 v=0.4286
    OK ch=5 v=0.3936
    OK ch=7 v=0.5000
    OK ch=1 v=0.1913
    OK ch=3 v=0.3349
    OK ch=5 v=0.2999
    OK ch=7 v=0.4063
    OK ch=1 v=0.0977
    OK ch=3 v=0.2412
    OK ch=5 v=0.2063
    OK ch=7 v=0.3126
[  125.3s] DAMPING     ch0:.... g=-0.0350 bp=-1.544V ratio=0.98  ch1:.... g=-0.0350 bp=+0.414V ratio=1.12  ch2:.... g=+0.0120 bp=+0.726V ratio=0.78  ch3:.... g=-0.0350 bp=+0.582V ratio=0.88
    OK ch=1 v=0.1914
    OK ch=3 v=0.1475
    OK ch=5 v=0.1126
    OK ch=7 v=0.2189
    OK ch=1 v=0.2796
    OK ch=3 v=0.0593
    OK ch=5 v=0.1173
    OK ch=7 v=0.1307
    OK ch=1 v=0.3730
    OK ch=3 v=0.0000
    OK ch=5 v=0.1862
    OK ch=7 v=0.0372
    OK ch=1 v=0.4560
    OK ch=3 v=0.0155
    OK ch=5 v=0.2166
    OK ch=7 v=0.0000
    OK ch=1 v=0.4856
    OK ch=3 v=0.1091
    OK ch=5 v=0.2277
    OK ch=7 v=0.0519
    OK ch=1 v=0.3976
    OK ch=3 v=0.1971
    OK ch=7 v=0.1399
    OK ch=1 v=0.3261
    OK ch=3 v=0.1256
    OK ch=5 v=0.2994
    OK ch=7 v=0.2115
    OK ch=1 v=0.2378
    OK ch=3 v=0.2138
    OK ch=5 v=0.3877
    OK ch=7 v=0.2997
    OK ch=1 v=0.3313
    OK ch=3 v=0.3073
    OK ch=5 v=0.4812
    OK ch=7 v=0.3932
    OK ch=1 v=0.4250
    OK ch=3 v=0.4010
    OK ch=5 v=0.3874
    OK ch=7 v=0.4869
    OK ch=1 v=0.5000
    OK ch=3 v=0.4948
    OK ch=5 v=0.2937
    OK ch=7 v=0.3931
    OK ch=1 v=0.4119
    OK ch=3 v=0.4067
    OK ch=5 v=0.2296
    OK ch=7 v=0.3050
    OK ch=1 v=0.4975
    OK ch=3 v=0.3185
    OK ch=5 v=0.1414
    OK ch=7 v=0.2168
    OK ch=1 v=0.5000
    OK ch=3 v=0.2302
    OK ch=5 v=0.0531
    OK ch=7 v=0.1285
    OK ch=3 v=0.3234
    OK ch=5 v=0.0106
    OK ch=7 v=0.2218
    OK ch=3 v=0.3900
    OK ch=5 v=0.0772
    OK ch=7 v=0.2884
    OK ch=1 v=0.4368
    OK ch=3 v=0.4614
    OK ch=5 v=0.1485
    OK ch=7 v=0.3597
    OK ch=1 v=0.3488
    OK ch=3 v=0.3733
    OK ch=5 v=0.2366
    OK ch=7 v=0.2716
    OK ch=1 v=0.2605
    OK ch=3 v=0.2850
    OK ch=5 v=0.3249
    OK ch=7 v=0.2628
    OK ch=1 v=0.1719
    OK ch=3 v=0.3735
    OK ch=5 v=0.4135
    OK ch=7 v=0.3513
    OK ch=1 v=0.0842
    OK ch=3 v=0.4221
    OK ch=5 v=0.3257
    OK ch=7 v=0.4391
    OK ch=1 v=0.0000
    OK ch=3 v=0.3341
    OK ch=5 v=0.2377
    OK ch=7 v=0.5000
    OK ch=1 v=0.0933
    OK ch=3 v=0.2408
    OK ch=5 v=0.1444
    OK ch=7 v=0.4067
    OK ch=1 v=0.1816
    OK ch=3 v=0.1525
    OK ch=5 v=0.0561
    OK ch=7 v=0.3184
    OK ch=1 v=0.2751
    OK ch=3 v=0.0590
    OK ch=5 v=0.0000
    OK ch=7 v=0.2249
    OK ch=1 v=0.3689
    OK ch=3 v=0.0000
    OK ch=5 v=0.0719
    OK ch=7 v=0.2205
    OK ch=1 v=0.2749
    OK ch=3 v=0.0941
    OK ch=5 v=0.1660
    OK ch=7 v=0.3146
    OK ch=1 v=0.1870
    OK ch=3 v=0.1819
    OK ch=5 v=0.2538
    OK ch=7 v=0.4025
    OK ch=1 v=0.0990
    OK ch=3 v=0.2699
    OK ch=5 v=0.3418
    OK ch=7 v=0.4904
    OK ch=1 v=0.0110
    OK ch=3 v=0.3580
    OK ch=5 v=0.4299
    OK ch=7 v=0.5000
    OK ch=1 v=0.0940
    OK ch=3 v=0.3721
    OK ch=5 v=0.3469
    OK ch=7 v=0.4170
    OK ch=1 v=0.1824
    OK ch=3 v=0.2836
    OK ch=5 v=0.2584
    OK ch=7 v=0.3285
    OK ch=1 v=0.2755
    OK ch=3 v=0.1905
    OK ch=5 v=0.1653
    OK ch=7 v=0.2354
    OK ch=1 v=0.1873
    OK ch=3 v=0.1023
    OK ch=5 v=0.0771
    OK ch=7 v=0.1472
    OK ch=1 v=0.2762
    OK ch=3 v=0.0134
    OK ch=5 v=0.0000
    OK ch=7 v=0.0584
    OK ch=1 v=0.3694
    OK ch=3 v=0.1066
    OK ch=5 v=0.0367
    OK ch=7 v=0.0000
    OK ch=1 v=0.4576
    OK ch=3 v=0.1949
    OK ch=5 v=0.1250
    OK ch=7 v=0.0882
    OK ch=1 v=0.3644
    OK ch=3 v=0.2881
    OK ch=5 v=0.1952
    OK ch=7 v=0.1814
    OK ch=1 v=0.2760
    OK ch=3 v=0.1996
    OK ch=5 v=0.2819
    OK ch=7 v=0.0930
    OK ch=1 v=0.1880
    OK ch=3 v=0.2876
    OK ch=5 v=0.3699
    OK ch=7 v=0.1810
    OK ch=1 v=0.1057
    OK ch=3 v=0.3699
    OK ch=5 v=0.4521
    OK ch=7 v=0.2632
    OK ch=1 v=0.0377
    OK ch=3 v=0.2763
    OK ch=5 v=0.3586
    OK ch=7 v=0.1858
    OK ch=1 v=0.1262
    OK ch=3 v=0.1878
    OK ch=5 v=0.2701
    OK ch=7 v=0.0972
    OK ch=1 v=0.2147
    OK ch=3 v=0.0993
    OK ch=5 v=0.1816
    OK ch=7 v=0.0088
    OK ch=1 v=0.3026
    OK ch=3 v=0.0114
    OK ch=5 v=0.0937
    OK ch=7 v=0.0000
    OK ch=1 v=0.3961
    OK ch=3 v=0.0176
    OK ch=5 v=0.0002
    OK ch=1 v=0.3429
    OK ch=3 v=0.0891
    OK ch=5 v=0.0718
    OK ch=7 v=0.0716
    OK ch=1 v=0.2493
    OK ch=3 v=0.0586
    OK ch=5 v=0.1654
    OK ch=7 v=0.1651
    OK ch=1 v=0.1613
    OK ch=3 v=0.1466
    OK ch=5 v=0.2534
    OK ch=7 v=0.2531
    OK ch=1 v=0.0674
    OK ch=3 v=0.2404
    OK ch=5 v=0.3472
    OK ch=7 v=0.3470
    OK ch=1 v=0.0000
    OK ch=3 v=0.3343
    OK ch=5 v=0.4090
    OK ch=7 v=0.4408
    OK ch=3 v=0.4167
    OK ch=5 v=0.3266
    OK ch=7 v=0.5000
    OK ch=1 v=0.0661
    OK ch=3 v=0.3506
    OK ch=5 v=0.2605
    OK ch=7 v=0.4339
    OK ch=1 v=0.1595
    OK ch=3 v=0.2571
    OK ch=5 v=0.1670
    OK ch=7 v=0.3405
    OK ch=1 v=0.2534
    OK ch=3 v=0.1633
    OK ch=5 v=0.0732
    OK ch=7 v=0.2466
    OK ch=1 v=0.1653
    OK ch=3 v=0.0753
    OK ch=5 v=0.1613
    OK ch=7 v=0.1586
    OK ch=1 v=0.2591
    OK ch=3 v=0.0000
    OK ch=5 v=0.0675
    OK ch=7 v=0.0648
    OK ch=1 v=0.3474
    OK ch=3 v=0.0091
    OK ch=5 v=0.0000
    OK ch=7 v=0.0000
    OK ch=1 v=0.4409
    OK ch=3 v=0.1025
    OK ch=5 v=0.0934
    OK ch=7 v=0.0934
    OK ch=1 v=0.4657
    OK ch=3 v=0.1907
    OK ch=5 v=0.1817
    OK ch=7 v=0.1817
    OK ch=1 v=0.3721
    OK ch=3 v=0.1366
    OK ch=5 v=0.2273
    OK ch=7 v=0.2753
    OK ch=1 v=0.2785
    OK ch=3 v=0.2302
    OK ch=5 v=0.3209
    OK ch=7 v=0.3689
    OK ch=1 v=0.1902
    OK ch=3 v=0.3185
    OK ch=5 v=0.4092
    OK ch=7 v=0.3808
    OK ch=1 v=0.2780
    OK ch=3 v=0.3744
    OK ch=5 v=0.3629
    OK ch=7 v=0.2929
    OK ch=1 v=0.3717
    OK ch=3 v=0.2807
    OK ch=5 v=0.2693
    OK ch=7 v=0.1993
    OK ch=1 v=0.4600
    OK ch=3 v=0.1923
    OK ch=5 v=0.1809
    OK ch=7 v=0.1558
    OK ch=1 v=0.3719
    OK ch=3 v=0.1042
    OK ch=5 v=0.2690
    OK ch=7 v=0.1565
    OK ch=1 v=0.4598
    OK ch=3 v=0.0163
    OK ch=5 v=0.1811
    OK ch=7 v=0.0686
    OK ch=1 v=0.5000
    OK ch=3 v=0.0000
    OK ch=5 v=0.0928
    OK ch=7 v=0.0000
    OK ch=3 v=0.0639
    OK ch=5 v=0.0000
    OK ch=7 v=0.0937
    OK ch=1 v=0.4334
    OK ch=3 v=0.1305
    OK ch=5 v=0.0666
    OK ch=7 v=0.1602
    OK ch=1 v=0.3402
    OK ch=3 v=0.2237
    OK ch=5 v=0.1598
    OK ch=7 v=0.2534
    OK ch=1 v=0.2521
    OK ch=3 v=0.2224
    OK ch=5 v=0.2479
    OK ch=7 v=0.2311
    OK ch=1 v=0.1640
    OK ch=3 v=0.2436
    OK ch=5 v=0.3360
    OK ch=7 v=0.3192
    OK ch=1 v=0.0701
    OK ch=3 v=0.3375
    OK ch=5 v=0.4299
    OK ch=7 v=0.4131
    OK ch=1 v=0.0477
    OK ch=3 v=0.4310
    OK ch=5 v=0.3363
    OK ch=7 v=0.5000
    OK ch=1 v=0.1364
    OK ch=3 v=0.3423
    OK ch=5 v=0.2476
    OK ch=7 v=0.4113
    OK ch=1 v=0.2241
    OK ch=3 v=0.2546
    OK ch=5 v=0.1764
    OK ch=7 v=0.3236
    OK ch=1 v=0.3125
    OK ch=3 v=0.1662
    OK ch=5 v=0.0880
    OK ch=7 v=0.2352
    OK ch=1 v=0.4060
    OK ch=3 v=0.0727
    OK ch=5 v=0.0000
    OK ch=7 v=0.1417
    OK ch=1 v=0.4995
    OK ch=3 v=0.1661
    OK ch=5 v=0.0785
    OK ch=7 v=0.0903
    OK ch=1 v=0.4059
    OK ch=3 v=0.2597
    OK ch=5 v=0.1720
    OK ch=7 v=0.1839
    OK ch=1 v=0.3178
    OK ch=3 v=0.3478
    OK ch=5 v=0.2237
    OK ch=7 v=0.2720
    OK ch=1 v=0.2243
    OK ch=3 v=0.2544
    OK ch=5 v=0.2554
    OK ch=7 v=0.1786
    OK ch=1 v=0.1301
    OK ch=3 v=0.3486
    OK ch=5 v=0.3496
    OK ch=7 v=0.2728
    OK ch=1 v=0.0421
    OK ch=3 v=0.4366
    OK ch=5 v=0.4376
    OK ch=7 v=0.3608
    OK ch=1 v=0.0000
    OK ch=3 v=0.3454
    OK ch=5 v=0.5000
    OK ch=7 v=0.2671
    OK ch=1 v=0.0877
    OK ch=3 v=0.2577
    OK ch=5 v=0.4123
    OK ch=7 v=0.1794
    OK ch=1 v=0.1760
    OK ch=3 v=0.1693
    OK ch=5 v=0.3240
    OK ch=7 v=0.0995
    OK ch=1 v=0.2642
    OK ch=3 v=0.0812
    OK ch=5 v=0.2358
    OK ch=7 v=0.0113
    OK ch=1 v=0.3577
    OK ch=3 v=0.0000
    OK ch=5 v=0.1423
    OK ch=7 v=0.0000
    OK ch=1 v=0.4460
    OK ch=3 v=0.0883
    OK ch=5 v=0.1508
    OK ch=7 v=0.0883
    OK ch=1 v=0.3579
    OK ch=3 v=0.0024
    OK ch=5 v=0.2389
    OK ch=7 v=0.1764
    OK ch=1 v=0.2749
    OK ch=3 v=0.0854
    OK ch=5 v=0.3219
    OK ch=7 v=0.2594
    OK ch=1 v=0.1872
    OK ch=3 v=0.1731
    OK ch=5 v=0.4096
    OK ch=7 v=0.3471
    OK ch=1 v=0.2505
    OK ch=3 v=0.2613
    OK ch=5 v=0.3215
    OK ch=7 v=0.4353
    OK ch=1 v=0.3388
    OK ch=3 v=0.2812
    OK ch=5 v=0.2332
    OK ch=7 v=0.3470
    OK ch=1 v=0.3382
    OK ch=3 v=0.1933
    OK ch=5 v=0.2425
    OK ch=7 v=0.2592
    OK ch=1 v=0.4270
    OK ch=3 v=0.1045
    OK ch=5 v=0.1722
    OK ch=7 v=0.1703
    OK ch=1 v=0.5000
    OK ch=3 v=0.0163
    OK ch=5 v=0.0841
    OK ch=7 v=0.0822
    OK ch=3 v=0.0000
    OK ch=5 v=0.0000
    OK ch=7 v=0.1329
    OK ch=1 v=0.4332
    OK ch=3 v=0.0668
    OK ch=7 v=0.1997
    OK ch=1 v=0.3620
    OK ch=3 v=0.1380
    OK ch=5 v=0.0712
    OK ch=7 v=0.2710
    OK ch=1 v=0.2684
    OK ch=3 v=0.2316
    OK ch=5 v=0.1648
    OK ch=7 v=0.3645
    OK ch=1 v=0.1804
    OK ch=3 v=0.3196
    OK ch=5 v=0.2528
    OK ch=7 v=0.4526
    OK ch=1 v=0.0921
    OK ch=3 v=0.4079
    OK ch=5 v=0.3411
    OK ch=7 v=0.5000
    OK ch=1 v=0.0038
    OK ch=3 v=0.4398
    OK ch=5 v=0.4031
    OK ch=1 v=0.0000
    OK ch=3 v=0.3681
    OK ch=5 v=0.3314
    OK ch=7 v=0.4391
    OK ch=1 v=0.0263
    OK ch=3 v=0.2803
    OK ch=5 v=0.2436
    OK ch=7 v=0.3514
    OK ch=1 v=0.1199
    OK ch=3 v=0.1867
    OK ch=5 v=0.1500
    OK ch=7 v=0.2577
    OK ch=1 v=0.2084
    OK ch=3 v=0.1184
    OK ch=5 v=0.0615
    OK ch=7 v=0.1692
    OK ch=1 v=0.2962
    OK ch=3 v=0.0306
    OK ch=5 v=0.0000
    OK ch=7 v=0.1400
    OK ch=1 v=0.3845
    OK ch=3 v=0.0000
    OK ch=5 v=0.0143
    OK ch=7 v=0.1323
    OK ch=1 v=0.4726
    OK ch=5 v=0.1025
    OK ch=7 v=0.0442
[  130.3s] DAMPING     ch0:.... g=-0.0350 bp=-0.129V ratio=1.07  ch1:.... g=-0.0350 bp=-0.921V ratio=0.93  ch2:.... g=+0.0120 bp=+1.280V ratio=0.91  ch3:.... g=-0.0350 bp=-0.160V ratio=1.14
    OK ch=1 v=0.5000
    OK ch=3 v=0.0377
    OK ch=5 v=0.1686
    OK ch=7 v=0.0260
    OK ch=1 v=0.4118
    OK ch=3 v=0.1260
    OK ch=5 v=0.2211
    OK ch=7 v=0.0967
    OK ch=1 v=0.5000
    OK ch=3 v=0.2142
    OK ch=5 v=0.2377
    OK ch=7 v=0.1850
    OK ch=1 v=0.4062
    OK ch=3 v=0.3080
    OK ch=5 v=0.3315
    OK ch=7 v=0.2788
    OK ch=1 v=0.3180
    OK ch=3 v=0.3962
    OK ch=5 v=0.4197
    OK ch=7 v=0.3669
    OK ch=1 v=0.2762
    OK ch=3 v=0.4841
    OK ch=5 v=0.3425
    OK ch=7 v=0.4548
    OK ch=1 v=0.3463
    OK ch=3 v=0.4734
    OK ch=5 v=0.2544
    OK ch=7 v=0.4033
    OK ch=1 v=0.4342
    OK ch=3 v=0.3855
    OK ch=5 v=0.1665
    OK ch=7 v=0.3155
    OK ch=1 v=0.5000
    OK ch=3 v=0.2972
    OK ch=5 v=0.0782
    OK ch=7 v=0.2272
    OK ch=3 v=0.2091
    OK ch=5 v=0.1664
    OK ch=7 v=0.1390
    OK ch=3 v=0.1430
    OK ch=5 v=0.2325
    OK ch=7 v=0.0729
    OK ch=3 v=0.1330
    OK ch=5 v=0.2146
    OK ch=7 v=0.0063
    OK ch=1 v=0.4311
    OK ch=3 v=0.0912
    OK ch=5 v=0.1437
    OK ch=7 v=0.0000
    OK ch=1 v=0.3427
    OK ch=3 v=0.0250
    OK ch=5 v=0.0552
    OK ch=7 v=0.0885
    OK ch=1 v=0.2491
    OK ch=3 v=0.0000
    OK ch=5 v=0.0000
    OK ch=7 v=0.1821
    OK ch=1 v=0.1610
    OK ch=3 v=0.0881
    OK ch=7 v=0.2702
    OK ch=1 v=0.0949
    OK ch=3 v=0.1541
    OK ch=5 v=0.0660
    OK ch=7 v=0.3362
    OK ch=1 v=0.0064
    OK ch=3 v=0.2426
    OK ch=5 v=0.1545
    OK ch=7 v=0.4247
    OK ch=1 v=0.0000
    OK ch=3 v=0.3303
    OK ch=5 v=0.2422
    OK ch=7 v=0.5000
    OK ch=3 v=0.3871
    OK ch=5 v=0.3128
    OK ch=3 v=0.3491
    OK ch=5 v=0.3155
    OK ch=7 v=0.4506
    OK ch=1 v=0.0716
    OK ch=3 v=0.2774
    OK ch=5 v=0.2769
    OK ch=7 v=0.3789
    OK ch=1 v=0.1600
    OK ch=3 v=0.2333
    OK ch=5 v=0.2520
    OK ch=7 v=0.2905
    OK ch=1 v=0.2479
    OK ch=3 v=0.1632
    OK ch=5 v=0.1850
    OK ch=7 v=0.2026
    OK ch=1 v=0.3360
    OK ch=3 v=0.1127
    OK ch=5 v=0.1654
    OK ch=7 v=0.1146
    OK ch=1 v=0.4241
    OK ch=3 v=0.0827
    OK ch=5 v=0.1749
    OK ch=7 v=0.0265
    OK ch=1 v=0.5000
    OK ch=3 v=0.1215
    OK ch=5 v=0.2323
    OK ch=7 v=0.0000
    OK ch=1 v=0.4065
    OK ch=3 v=0.1964
    OK ch=5 v=0.3048
    OK ch=7 v=0.0511
    OK ch=1 v=0.3127
    OK ch=3 v=0.2744
    OK ch=5 v=0.3816
    OK ch=7 v=0.1449
    OK ch=1 v=0.2191
    OK ch=3 v=0.3642
    OK ch=5 v=0.4094
    OK ch=7 v=0.2385
    OK ch=1 v=0.1310
    OK ch=3 v=0.3921
    OK ch=5 v=0.3213
    OK ch=7 v=0.3267
    OK ch=1 v=0.0367
    OK ch=3 v=0.3674
    OK ch=5 v=0.2271
    OK ch=7 v=0.4209
    OK ch=1 v=0.0000
    OK ch=3 v=0.2838
    OK ch=5 v=0.1668
    OK ch=7 v=0.5000
    OK ch=1 v=0.0879
    OK ch=3 v=0.2224
    OK ch=5 v=0.1346
    OK ch=7 v=0.4121
    OK ch=1 v=0.1764
    OK ch=3 v=0.1787
    OK ch=5 v=0.1381
    OK ch=7 v=0.3236
    OK ch=1 v=0.2701
    OK ch=3 v=0.1395
    OK ch=5 v=0.1496
    OK ch=7 v=0.2299
    OK ch=1 v=0.3578
    OK ch=3 v=0.0980
    OK ch=5 v=0.1342
    OK ch=7 v=0.1422
    OK ch=1 v=0.4465
    OK ch=3 v=0.0538
    OK ch=5 v=0.0999
    OK ch=7 v=0.0955
    OK ch=1 v=0.4678
    OK ch=3 v=0.0586
    OK ch=5 v=0.0381
    OK ch=7 v=0.1804
    OK ch=1 v=0.4139
    OK ch=3 v=0.1102
    OK ch=5 v=0.0087
    OK ch=7 v=0.2365
    OK ch=1 v=0.3199
    OK ch=3 v=0.1827
    OK ch=5 v=0.1012
    OK ch=7 v=0.3122
    OK ch=1 v=0.2264
    OK ch=3 v=0.2608
    OK ch=5 v=0.1761
    OK ch=7 v=0.3569
    OK ch=1 v=0.1384
    OK ch=3 v=0.3039
    OK ch=5 v=0.2520
    OK ch=7 v=0.3754
    OK ch=1 v=0.0552
    OK ch=3 v=0.3196
    OK ch=5 v=0.2896
    OK ch=7 v=0.3699
    OK ch=1 v=0.0915
    OK ch=3 v=0.3344
    OK ch=5 v=0.3181
    OK ch=7 v=0.3539
    OK ch=1 v=0.1793
    OK ch=3 v=0.3080
    OK ch=5 v=0.2961
    OK ch=7 v=0.2790
    OK ch=1 v=0.2621
    OK ch=3 v=0.2662
    OK ch=5 v=0.2836
    OK ch=7 v=0.2196
    OK ch=1 v=0.3176
    OK ch=3 v=0.2297
    OK ch=5 v=0.2589
    OK ch=7 v=0.2009
    OK ch=1 v=0.3391
    OK ch=3 v=0.1800
    OK ch=5 v=0.2109
    OK ch=7 v=0.2030
    OK ch=1 v=0.3211
    OK ch=3 v=0.1446
    OK ch=5 v=0.2088
    OK ch=7 v=0.2087
    OK ch=1 v=0.3534
    OK ch=3 v=0.1303
    OK ch=5 v=0.1886
    OK ch=7 v=0.2050
    OK ch=1 v=0.3160
    OK ch=3 v=0.1354
    OK ch=5 v=0.1923
    OK ch=7 v=0.1860
    OK ch=1 v=0.3519
    OK ch=3 v=0.1842
    OK ch=5 v=0.2240
    OK ch=7 v=0.1247
    OK ch=1 v=0.3333
    OK ch=3 v=0.2094
    OK ch=5 v=0.2339
    OK ch=7 v=0.1339
    OK ch=1 v=0.3290
    OK ch=3 v=0.2532
    OK ch=5 v=0.2700
    OK ch=7 v=0.1748
    OK ch=1 v=0.2925
    OK ch=3 v=0.2834
    OK ch=5 v=0.2984
    OK ch=7 v=0.2278
    OK ch=1 v=0.2575
    OK ch=3 v=0.3109
    OK ch=5 v=0.3189
    OK ch=7 v=0.2786
    OK ch=1 v=0.2483
    OK ch=3 v=0.3321
    OK ch=5 v=0.3271
    OK ch=7 v=0.3083
    OK ch=1 v=0.2791
    OK ch=3 v=0.3508
    OK ch=5 v=0.2600
    OK ch=7 v=0.3312
    OK ch=1 v=0.2850
    OK ch=3 v=0.3356
    OK ch=5 v=0.2112
    OK ch=7 v=0.3156
    OK ch=1 v=0.2745
    OK ch=3 v=0.2881
    OK ch=5 v=0.1821
    OK ch=7 v=0.2867
    OK ch=1 v=0.2958
    OK ch=3 v=0.2336
    OK ch=5 v=0.1581
    OK ch=7 v=0.2793
    OK ch=1 v=0.3839
    OK ch=3 v=0.2116
    OK ch=5 v=0.1573
    OK ch=7 v=0.2193
    OK ch=1 v=0.3972
    OK ch=3 v=0.1810
    OK ch=5 v=0.1514
    OK ch=7 v=0.2071
    OK ch=1 v=0.4227
    OK ch=3 v=0.1641
    OK ch=5 v=0.1499
    OK ch=7 v=0.2009
    OK ch=1 v=0.4004
    OK ch=3 v=0.1528
    OK ch=5 v=0.1575
    OK ch=7 v=0.2041
    OK ch=1 v=0.3125
    OK ch=3 v=0.1557
    OK ch=5 v=0.1551
    OK ch=7 v=0.2262
    OK ch=1 v=0.2417
    OK ch=3 v=0.1692
    OK ch=5 v=0.1746
    OK ch=7 v=0.2475
    OK ch=1 v=0.1539
    OK ch=3 v=0.1852
    OK ch=5 v=0.1998
    OK ch=7 v=0.2723
    OK ch=1 v=0.0875
    OK ch=3 v=0.2026
    OK ch=5 v=0.2249
    OK ch=7 v=0.2984
    OK ch=1 v=0.0736
    OK ch=3 v=0.2291
    OK ch=5 v=0.2552
    OK ch=7 v=0.3092
    OK ch=1 v=0.0677
    OK ch=3 v=0.2340
    OK ch=5 v=0.2526
    OK ch=7 v=0.3154
    OK ch=1 v=0.0887
    OK ch=3 v=0.2350
    OK ch=5 v=0.2553
    OK ch=7 v=0.3042
    OK ch=1 v=0.1598
    OK ch=3 v=0.2283
    OK ch=5 v=0.2410
    OK ch=7 v=0.2879
    OK ch=1 v=0.2228
    OK ch=3 v=0.2075
    OK ch=5 v=0.2127
    OK ch=7 v=0.2760
    OK ch=1 v=0.2894
    OK ch=3 v=0.2016
    OK ch=5 v=0.2042
    OK ch=7 v=0.2474
    OK ch=1 v=0.2860
    OK ch=3 v=0.1817
    OK ch=5 v=0.1832
    OK ch=7 v=0.2348
    OK ch=1 v=0.3273
    OK ch=3 v=0.1729
    OK ch=5 v=0.1717
    OK ch=7 v=0.2175
    OK ch=1 v=0.3627
    OK ch=3 v=0.1861
    OK ch=7 v=0.2127
    OK ch=1 v=0.3291
    OK ch=3 v=0.1813
    OK ch=5 v=0.1708
    OK ch=7 v=0.2164
    OK ch=1 v=0.3189
    OK ch=3 v=0.2080
    OK ch=5 v=0.1975
    OK ch=7 v=0.2180
    OK ch=1 v=0.3007
    OK ch=3 v=0.2179
    OK ch=5 v=0.2066
    OK ch=7 v=0.2342
    OK ch=1 v=0.3065
    OK ch=3 v=0.2378
    OK ch=5 v=0.2119
    OK ch=7 v=0.2477
    OK ch=1 v=0.2579
    OK ch=3 v=0.2709
    OK ch=5 v=0.2380
    OK ch=7 v=0.2558
    OK ch=1 v=0.2728
    OK ch=3 v=0.2616
    OK ch=5 v=0.2365
    OK ch=7 v=0.2667
    OK ch=1 v=0.3279
    OK ch=3 v=0.2800
    OK ch=5 v=0.2414
    OK ch=7 v=0.2680
    OK ch=1 v=0.3286
    OK ch=3 v=0.2787
    OK ch=5 v=0.2421
    OK ch=7 v=0.2688
    OK ch=1 v=0.2928
    OK ch=3 v=0.2662
    OK ch=5 v=0.2362
    OK ch=7 v=0.2618
    OK ch=1 v=0.2994
    OK ch=5 v=0.2338
    OK ch=7 v=0.2475
    OK ch=1 v=0.3002
    OK ch=3 v=0.2429
    OK ch=5 v=0.2159
    OK ch=7 v=0.2462
    OK ch=1 v=0.2797
    OK ch=3 v=0.2329
    OK ch=5 v=0.2064
    OK ch=7 v=0.2353
    OK ch=1 v=0.3255
    OK ch=3 v=0.2241
    OK ch=5 v=0.2130
    OK ch=7 v=0.2223
    OK ch=1 v=0.3664
    OK ch=3 v=0.2154
    OK ch=5 v=0.2021
    OK ch=1 v=0.3518
    OK ch=5 v=0.2068
    OK ch=7 v=0.2201
    OK ch=1 v=0.3711
    OK ch=3 v=0.2177
    OK ch=5 v=0.2175
    OK ch=7 v=0.2196
    OK ch=1 v=0.2881
    OK ch=3 v=0.2039
    OK ch=5 v=0.2208
    OK ch=7 v=0.2260
    OK ch=1 v=0.2461
    OK ch=3 v=0.2113
    OK ch=5 v=0.2328
    OK ch=7 v=0.2327
    OK ch=1 v=0.2164
    OK ch=3 v=0.2159
    OK ch=5 v=0.2362
    OK ch=7 v=0.2429
    OK ch=1 v=0.2035
    OK ch=3 v=0.2186
    OK ch=5 v=0.2320
    OK ch=7 v=0.2594
    OK ch=1 v=0.2064
    OK ch=3 v=0.2237
    OK ch=5 v=0.2400
    OK ch=7 v=0.2638
    OK ch=1 v=0.1743
    OK ch=5 v=0.2264
    OK ch=7 v=0.2730
    OK ch=1 v=0.1825
    OK ch=5 v=0.2127
    OK ch=7 v=0.2738
    OK ch=1 v=0.2137
    OK ch=3 v=0.2201
    OK ch=5 v=0.2098
    OK ch=7 v=0.2667
    OK ch=1 v=0.2005
    OK ch=3 v=0.2036
    OK ch=5 v=0.1994
    OK ch=7 v=0.2731
    OK ch=1 v=0.2754
    OK ch=3 v=0.2075
    OK ch=5 v=0.1940
    OK ch=7 v=0.2681
    OK ch=1 v=0.2587
    OK ch=3 v=0.2049
    OK ch=5 v=0.1897
    OK ch=7 v=0.2554
    OK ch=1 v=0.3067
    OK ch=3 v=0.2035
    OK ch=5 v=0.1773
    OK ch=7 v=0.2574
    OK ch=1 v=0.3073
    OK ch=3 v=0.2008
    OK ch=5 v=0.1835
    OK ch=7 v=0.2521
    OK ch=1 v=0.2554
    OK ch=3 v=0.1993
    OK ch=5 v=0.1809
    OK ch=7 v=0.2555
    OK ch=1 v=0.3002
    OK ch=3 v=0.2007
    OK ch=5 v=0.1789
    OK ch=7 v=0.2572
    OK ch=1 v=0.2871
    OK ch=3 v=0.2204
    OK ch=5 v=0.1946
    OK ch=7 v=0.2566
    OK ch=1 v=0.2326
    OK ch=3 v=0.2155
    OK ch=5 v=0.1987
    OK ch=7 v=0.2615
    OK ch=1 v=0.2541
    OK ch=3 v=0.2251
    OK ch=5 v=0.2075
    OK ch=7 v=0.2598
    OK ch=1 v=0.2730
    OK ch=3 v=0.2349
    OK ch=5 v=0.2098
    OK ch=7 v=0.2608
    OK ch=1 v=0.2776
    OK ch=5 v=0.2137
    OK ch=1 v=0.2816
    OK ch=3 v=0.2426
    OK ch=5 v=0.2226
    OK ch=7 v=0.2566
    OK ch=1 v=0.2698
    OK ch=3 v=0.2306
    OK ch=5 v=0.2252
    OK ch=7 v=0.2551
[  135.3s] DAMPING     ch0:.... g=-0.0305 bp=-0.106V ratio=0.24  ch1:.... g=-0.0300 bp=-0.053V ratio=0.16  ch2:.... g=+0.0102 bp=+0.246V ratio=0.24  ch3:.... g=-0.0300 bp=+0.099V ratio=0.15
    OK ch=1 v=0.2844
    OK ch=5 v=0.2177
    OK ch=7 v=0.2567
    OK ch=1 v=0.2783
    OK ch=3 v=0.2348
    OK ch=5 v=0.2258
    OK ch=7 v=0.2482
    OK ch=1 v=0.2933
    OK ch=3 v=0.2315
    OK ch=7 v=0.2422
    OK ch=1 v=0.2890
    OK ch=3 v=0.2188
    OK ch=5 v=0.2186
    OK ch=7 v=0.2401
    OK ch=1 v=0.2974
    OK ch=3 v=0.2344
    OK ch=5 v=0.2260
    OK ch=7 v=0.2322
    OK ch=1 v=0.2790
    OK ch=3 v=0.2189
    OK ch=5 v=0.2220
    OK ch=3 v=0.2146
    OK ch=5 v=0.2240
    OK ch=7 v=0.2298
    OK ch=1 v=0.3020
    OK ch=3 v=0.2253
    OK ch=5 v=0.2332
    OK ch=7 v=0.2247
    OK ch=1 v=0.2652
    OK ch=3 v=0.2283
    OK ch=5 v=0.2288
    OK ch=7 v=0.2313
    OK ch=1 v=0.2696
    OK ch=3 v=0.2326
    OK ch=7 v=0.2373
    OK ch=1 v=0.2856
    OK ch=3 v=0.2389
    OK ch=5 v=0.2363
    OK ch=7 v=0.2386
    OK ch=1 v=0.2924
    OK ch=3 v=0.2365
    OK ch=5 v=0.2286
    OK ch=7 v=0.2483
    OK ch=1 v=0.2730
    OK ch=5 v=0.2266
    OK ch=7 v=0.2490
    OK ch=1 v=0.2496
    OK ch=5 v=0.2252
    OK ch=7 v=0.2518
    OK ch=1 v=0.2653
    OK ch=3 v=0.2331
    OK ch=5 v=0.2145
    OK ch=7 v=0.2544
    OK ch=1 v=0.2937
    OK ch=3 v=0.2308
    OK ch=5 v=0.2115
    OK ch=7 v=0.2560
    OK ch=1 v=0.2844
    OK ch=5 v=0.2083
    OK ch=7 v=0.2529
    OK ch=1 v=0.2634
    OK ch=3 v=0.2218
    OK ch=5 v=0.1984
    OK ch=7 v=0.2582
    OK ch=1 v=0.2690
    OK ch=3 v=0.2209
    OK ch=5 v=0.2017
    OK ch=7 v=0.2550
    OK ch=1 v=0.2766
    OK ch=3 v=0.2203
    OK ch=5 v=0.2045
    OK ch=7 v=0.2532
    OK ch=1 v=0.2727
    OK ch=3 v=0.2132
    OK ch=5 v=0.1958
    OK ch=7 v=0.2545
    OK ch=1 v=0.2576
    OK ch=3 v=0.2159
    OK ch=5 v=0.2028
    OK ch=7 v=0.2512
    OK ch=1 v=0.2821
    OK ch=3 v=0.2092
    OK ch=5 v=0.2022
    OK ch=7 v=0.2540
    OK ch=1 v=0.2738
    OK ch=3 v=0.2128
    OK ch=5 v=0.2044
    OK ch=7 v=0.2569
    OK ch=1 v=0.2600
    OK ch=5 v=0.2055
    OK ch=7 v=0.2574
    OK ch=1 v=0.2276
    OK ch=3 v=0.2074
    OK ch=5 v=0.1980
    OK ch=7 v=0.2627
    OK ch=1 v=0.2515
    OK ch=3 v=0.2180
    OK ch=5 v=0.2062
    OK ch=7 v=0.2616
    OK ch=1 v=0.2469
    OK ch=3 v=0.2153
    OK ch=5 v=0.2102
    OK ch=7 v=0.2606
    OK ch=1 v=0.2361
    OK ch=3 v=0.2125
    OK ch=5 v=0.2029
    OK ch=7 v=0.2642
    OK ch=1 v=0.2507
    OK ch=3 v=0.2201
    OK ch=5 v=0.2128
    OK ch=7 v=0.2578
    OK ch=1 v=0.2687
    OK ch=5 v=0.2075
    OK ch=7 v=0.2564
    OK ch=1 v=0.2625
    OK ch=3 v=0.2191
    OK ch=5 v=0.2085
    OK ch=7 v=0.2549
    OK ch=1 v=0.2567
    OK ch=3 v=0.2141
    OK ch=5 v=0.2144
    OK ch=7 v=0.2472
    OK ch=1 v=0.2721
    OK ch=3 v=0.2173
    OK ch=5 v=0.2065
    OK ch=7 v=0.2507
    OK ch=1 v=0.2765
    OK ch=3 v=0.2233
    OK ch=5 v=0.2138
    OK ch=7 v=0.2435
    OK ch=1 v=0.2747
    OK ch=3 v=0.2194
    OK ch=5 v=0.2155
    OK ch=7 v=0.2418
    OK ch=1 v=0.2720
    OK ch=3 v=0.2209
    OK ch=5 v=0.2104
    OK ch=7 v=0.2443
    OK ch=1 v=0.2666
    OK ch=3 v=0.2228
    OK ch=5 v=0.2212
    OK ch=7 v=0.2434
    OK ch=1 v=0.2730
    OK ch=3 v=0.2333
    OK ch=7 v=0.2458
    OK ch=1 v=0.2912
    OK ch=3 v=0.2317
    OK ch=5 v=0.2188
    OK ch=7 v=0.2477
    OK ch=1 v=0.2950
    OK ch=3 v=0.2390
    OK ch=5 v=0.2224
    OK ch=7 v=0.2447
    OK ch=1 v=0.2860
    OK ch=3 v=0.2241
    OK ch=5 v=0.2173
    OK ch=7 v=0.2477
    OK ch=1 v=0.2938
    OK ch=3 v=0.2382
    OK ch=5 v=0.2255
    OK ch=1 v=0.2920
    OK ch=3 v=0.2376
    OK ch=5 v=0.2260
    OK ch=7 v=0.2472
    OK ch=1 v=0.2667
    OK ch=3 v=0.2258
    OK ch=5 v=0.2132
    OK ch=7 v=0.2511
    OK ch=1 v=0.2846
    OK ch=3 v=0.2323
    OK ch=5 v=0.2192
    OK ch=7 v=0.2473
    OK ch=1 v=0.2704
    OK ch=3 v=0.2259
    OK ch=5 v=0.2199
    OK ch=7 v=0.2447
    OK ch=1 v=0.2925
    OK ch=3 v=0.2275
    OK ch=5 v=0.2138
    OK ch=7 v=0.2467
    OK ch=1 v=0.2865
    OK ch=3 v=0.2231
    OK ch=5 v=0.2156
    OK ch=7 v=0.2455
    OK ch=1 v=0.2748
    OK ch=3 v=0.2250
    OK ch=5 v=0.2099
    OK ch=1 v=0.2835
    OK ch=3 v=0.2266
    OK ch=5 v=0.2130
    OK ch=7 v=0.2437
    OK ch=1 v=0.3155
    OK ch=3 v=0.2332
    OK ch=5 v=0.2136
    OK ch=7 v=0.2476
    OK ch=1 v=0.2718
    OK ch=3 v=0.2241
    OK ch=5 v=0.2073
    OK ch=7 v=0.2536
    OK ch=1 v=0.2645
    OK ch=3 v=0.2223
    OK ch=5 v=0.2150
    OK ch=7 v=0.2519
    OK ch=1 v=0.2533
    OK ch=3 v=0.2169
    OK ch=5 v=0.2127
    OK ch=7 v=0.2562
    OK ch=1 v=0.2076
    OK ch=3 v=0.2152
    OK ch=5 v=0.2090
    OK ch=1 v=0.2331
    OK ch=3 v=0.2158
    OK ch=5 v=0.2113
    OK ch=7 v=0.2549
    OK ch=1 v=0.2872
    OK ch=3 v=0.2172
    OK ch=5 v=0.2060
    OK ch=7 v=0.2565
    OK ch=1 v=0.2667
    OK ch=3 v=0.2149
    OK ch=5 v=0.2103
    OK ch=7 v=0.2546
    OK ch=1 v=0.2555
    OK ch=3 v=0.2221
    OK ch=5 v=0.2081
    OK ch=7 v=0.2563
    OK ch=1 v=0.2533
    OK ch=3 v=0.2092
    OK ch=5 v=0.2023
    OK ch=7 v=0.2576
    OK ch=1 v=0.2653
    OK ch=3 v=0.2172
    OK ch=5 v=0.2121
    OK ch=7 v=0.2525
    OK ch=1 v=0.2664
    OK ch=5 v=0.2036
    OK ch=7 v=0.2549
    OK ch=1 v=0.2475
    OK ch=3 v=0.2157
    OK ch=5 v=0.2045
    OK ch=1 v=0.2584
    OK ch=3 v=0.2194
    OK ch=5 v=0.2100
    OK ch=7 v=0.2519
    OK ch=1 v=0.2937
    OK ch=3 v=0.2212
    OK ch=5 v=0.2079
    OK ch=7 v=0.2514
    OK ch=1 v=0.2707
    OK ch=3 v=0.2241
    OK ch=5 v=0.2131
    OK ch=7 v=0.2494
    OK ch=1 v=0.2905
    OK ch=3 v=0.2248
    OK ch=5 v=0.2103
    OK ch=7 v=0.2514
    OK ch=1 v=0.2723
    OK ch=3 v=0.2202
    OK ch=7 v=0.2522
    OK ch=1 v=0.2389
    OK ch=5 v=0.2190
    OK ch=7 v=0.2492
    OK ch=1 v=0.2743
    OK ch=3 v=0.2229
    OK ch=5 v=0.2164
    OK ch=7 v=0.2510
    OK ch=1 v=0.2595
    OK ch=3 v=0.2252
    OK ch=5 v=0.2090
    OK ch=1 v=0.2820
    OK ch=3 v=0.2301
    OK ch=5 v=0.2151
    OK ch=7 v=0.2483
    OK ch=3 v=0.2244
    OK ch=7 v=0.2493
    OK ch=1 v=0.3096
    OK ch=3 v=0.2314
    OK ch=5 v=0.2136
    OK ch=7 v=0.2509
    OK ch=1 v=0.2931
    OK ch=3 v=0.2320
    OK ch=5 v=0.2199
    OK ch=7 v=0.2453
    OK ch=1 v=0.2734
    OK ch=3 v=0.2310
    OK ch=5 v=0.2149
    OK ch=7 v=0.2484
    OK ch=1 v=0.2716
    OK ch=3 v=0.2277
    OK ch=5 v=0.2169
    OK ch=7 v=0.2498
    OK ch=1 v=0.3052
    OK ch=3 v=0.2331
    OK ch=5 v=0.2212
    OK ch=7 v=0.2457
    OK ch=1 v=0.2759
    OK ch=3 v=0.2218
    OK ch=5 v=0.2128
    OK ch=7 v=0.2480
    OK ch=1 v=0.2778
    OK ch=3 v=0.2277
    OK ch=5 v=0.2182
    OK ch=7 v=0.2449
    OK ch=1 v=0.2593
    OK ch=3 v=0.2231
    OK ch=7 v=0.2408
    OK ch=1 v=0.2500
    OK ch=3 v=0.2194
    OK ch=5 v=0.2146
    OK ch=7 v=0.2481
    OK ch=1 v=0.2735
    OK ch=3 v=0.2275
    OK ch=5 v=0.2176
    OK ch=7 v=0.2454
    OK ch=1 v=0.2844
    OK ch=3 v=0.2292
    OK ch=5 v=0.2106
    OK ch=7 v=0.2520
    OK ch=1 v=0.2531
    OK ch=3 v=0.2186
    OK ch=5 v=0.2157
    OK ch=1 v=0.2759
    OK ch=3 v=0.2235
    OK ch=5 v=0.2175
    OK ch=7 v=0.2495
    OK ch=1 v=0.2652
    OK ch=3 v=0.2182
    OK ch=5 v=0.2070
    OK ch=7 v=0.2532
    OK ch=1 v=0.2824
    OK ch=3 v=0.2291
    OK ch=5 v=0.2124
    OK ch=7 v=0.2521
    OK ch=1 v=0.2556
    OK ch=3 v=0.2193
    OK ch=5 v=0.2143
    OK ch=7 v=0.2516
    OK ch=1 v=0.2665
    OK ch=3 v=0.2174
    OK ch=5 v=0.2097
    OK ch=7 v=0.2525
    OK ch=1 v=0.2934
    OK ch=3 v=0.2282
    OK ch=5 v=0.2111
    OK ch=7 v=0.2498
    OK ch=1 v=0.2657
    OK ch=3 v=0.2189
    OK ch=5 v=0.2097
    OK ch=7 v=0.2532
    OK ch=1 v=0.2505
    OK ch=3 v=0.2150
    OK ch=5 v=0.2136
    OK ch=7 v=0.2518
    OK ch=1 v=0.2656
    OK ch=3 v=0.2219
    OK ch=5 v=0.2111
    OK ch=7 v=0.2535
    OK ch=1 v=0.2231
    OK ch=3 v=0.2051
    OK ch=5 v=0.2047
    OK ch=7 v=0.2562
    OK ch=1 v=0.2865
    OK ch=3 v=0.2213
    OK ch=5 v=0.2109
    OK ch=7 v=0.2523
    OK ch=1 v=0.2957
    OK ch=3 v=0.2257
    OK ch=5 v=0.2075
    OK ch=7 v=0.2542
    OK ch=1 v=0.2681
    OK ch=3 v=0.2201
    OK ch=5 v=0.2050
    OK ch=7 v=0.2554
    OK ch=1 v=0.2538
    OK ch=3 v=0.2217
    OK ch=5 v=0.2088
    OK ch=7 v=0.2524
    OK ch=1 v=0.2776
    OK ch=3 v=0.2170
    OK ch=5 v=0.2064
    OK ch=7 v=0.2566
    OK ch=1 v=0.2697
    OK ch=3 v=0.2222
    OK ch=5 v=0.2128
    OK ch=7 v=0.2514
    OK ch=1 v=0.2796
    OK ch=3 v=0.2297
    OK ch=5 v=0.2091
    OK ch=7 v=0.2532
    OK ch=1 v=0.2786
    OK ch=3 v=0.2209
    OK ch=1 v=0.2563
    OK ch=3 v=0.2255
    OK ch=5 v=0.2149
    OK ch=7 v=0.2503
    OK ch=1 v=0.2580
    OK ch=3 v=0.2266
    OK ch=1 v=0.2469
    OK ch=3 v=0.2089
    OK ch=5 v=0.2104
    OK ch=7 v=0.2522
    OK ch=1 v=0.2602
    OK ch=3 v=0.2227
    OK ch=5 v=0.2128
    OK ch=7 v=0.2439
    OK ch=1 v=0.2953
    OK ch=3 v=0.2291
    OK ch=5 v=0.2136
    OK ch=7 v=0.2457
    OK ch=1 v=0.2773
    OK ch=3 v=0.2271
    OK ch=5 v=0.2143
    OK ch=7 v=0.2489
    OK ch=1 v=0.2684
    OK ch=3 v=0.2241
    OK ch=5 v=0.2210
    OK ch=7 v=0.2466
    OK ch=1 v=0.2643
    OK ch=5 v=0.2139
    OK ch=7 v=0.2500
    OK ch=1 v=0.2741
    OK ch=5 v=0.2150
    OK ch=7 v=0.2485
    OK ch=1 v=0.2805
    OK ch=3 v=0.2283
    OK ch=5 v=0.2232
    OK ch=7 v=0.2453
    OK ch=1 v=0.2987
    OK ch=3 v=0.2297
    OK ch=5 v=0.2165
    OK ch=7 v=0.2489
    OK ch=1 v=0.2653
    OK ch=3 v=0.2227
    OK ch=7 v=0.2458
    OK ch=1 v=0.2529
    OK ch=5 v=0.2205
    OK ch=7 v=0.2467
    OK ch=1 v=0.2689
    OK ch=3 v=0.2235
    OK ch=5 v=0.2173
    OK ch=7 v=0.2495
    OK ch=1 v=0.2957
    OK ch=3 v=0.2246
    OK ch=5 v=0.2160
    OK ch=7 v=0.2521
    OK ch=1 v=0.2798
    OK ch=3 v=0.2321
    OK ch=5 v=0.2152
    OK ch=7 v=0.2477
    OK ch=1 v=0.2672
    OK ch=3 v=0.2206
    OK ch=5 v=0.2105
    OK ch=7 v=0.2505
[  140.4s] DAMPING     ch0:.... g=-0.0300 bp=+0.027V ratio=0.03  ch1:.... g=-0.0300 bp=+0.017V ratio=0.03  ch2:.... g=+0.0100 bp=-0.071V ratio=0.06  ch3:.... g=-0.0300 bp=-0.019V ratio=0.03
    OK ch=1 v=0.2807
    OK ch=3 v=0.2236
    OK ch=5 v=0.2179
    OK ch=7 v=0.2479
    OK ch=1 v=0.2747
    OK ch=3 v=0.2284
    OK ch=5 v=0.2126
    OK ch=7 v=0.2498
    OK ch=1 v=0.2714
    OK ch=3 v=0.2189
    OK ch=5 v=0.2059
    OK ch=7 v=0.2531
    OK ch=1 v=0.2897
    OK ch=3 v=0.2241
    OK ch=5 v=0.2114
    OK ch=7 v=0.2519
    OK ch=1 v=0.2622
    OK ch=5 v=0.2081
    OK ch=7 v=0.2548
    OK ch=1 v=0.2672
    OK ch=7 v=0.2543
    OK ch=1 v=0.2523
    OK ch=3 v=0.2234
    OK ch=5 v=0.2112
    OK ch=7 v=0.2511
    OK ch=1 v=0.2708
    OK ch=3 v=0.2217
    OK ch=5 v=0.2063
    OK ch=7 v=0.2533
    OK ch=1 v=0.2627
    OK ch=3 v=0.2146
    OK ch=5 v=0.2091
    OK ch=7 v=0.2539
    OK ch=1 v=0.2490
    OK ch=5 v=0.2116
    OK ch=7 v=0.2527
    OK ch=1 v=0.2592
    OK ch=3 v=0.2224
    OK ch=5 v=0.2063
    OK ch=7 v=0.2552
    OK ch=1 v=0.2697
    OK ch=3 v=0.2245
    OK ch=5 v=0.2081
    OK ch=7 v=0.2540
    OK ch=1 v=0.2706
    OK ch=3 v=0.2187
    OK ch=5 v=0.2114
    OK ch=7 v=0.2488
    OK ch=1 v=0.2518
    OK ch=3 v=0.2136
    OK ch=5 v=0.2084
    OK ch=7 v=0.2517
    OK ch=1 v=0.2735
    OK ch=3 v=0.2222
    OK ch=5 v=0.2138
    OK ch=7 v=0.2493
    OK ch=1 v=0.2763
    OK ch=3 v=0.2233
    OK ch=5 v=0.2119
    OK ch=7 v=0.2538
    OK ch=1 v=0.2465
    OK ch=5 v=0.2139
    OK ch=7 v=0.2509
    OK ch=1 v=0.2680
    OK ch=3 v=0.2238
    OK ch=5 v=0.2178
    OK ch=7 v=0.2501
    OK ch=1 v=0.2739
    OK ch=3 v=0.2273
    OK ch=5 v=0.2114
    OK ch=1 v=0.2846
    OK ch=3 v=0.2258
    OK ch=5 v=0.2130
    OK ch=1 v=0.3009
    OK ch=3 v=0.2211
    OK ch=5 v=0.2197
    OK ch=7 v=0.2476
    OK ch=1 v=0.2642
    OK ch=3 v=0.2172
    OK ch=5 v=0.2156
    OK ch=1 v=0.2472
    OK ch=3 v=0.2134
    OK ch=5 v=0.2149
    OK ch=7 v=0.2488
    OK ch=1 v=0.2867
    OK ch=3 v=0.2267
    OK ch=5 v=0.2172
    OK ch=7 v=0.2473
    OK ch=1 v=0.2680
    OK ch=3 v=0.2165
    OK ch=5 v=0.2148
    OK ch=7 v=0.2483
    OK ch=1 v=0.2807
    OK ch=3 v=0.2299
    OK ch=5 v=0.2162
    OK ch=7 v=0.2494
    OK ch=1 v=0.2819
    OK ch=3 v=0.2325
    OK ch=5 v=0.2133
    OK ch=1 v=0.2799
    OK ch=3 v=0.2254
    OK ch=5 v=0.2057
    OK ch=7 v=0.2532
    OK ch=1 v=0.2782
    OK ch=3 v=0.2239
    OK ch=5 v=0.2142
    OK ch=7 v=0.2498
    OK ch=1 v=0.2771
    OK ch=3 v=0.2232
    OK ch=5 v=0.2130
    OK ch=1 v=0.2736
    OK ch=3 v=0.2157
    OK ch=5 v=0.2094
    OK ch=7 v=0.2535
    OK ch=1 v=0.2688
    OK ch=3 v=0.2327
    OK ch=5 v=0.2130
    OK ch=7 v=0.2489
    OK ch=1 v=0.2682
    OK ch=3 v=0.2253
    OK ch=5 v=0.2091
    OK ch=7 v=0.2522
    OK ch=1 v=0.2827
    OK ch=3 v=0.2322
    OK ch=5 v=0.2113
    OK ch=1 v=0.2890
    OK ch=5 v=0.2122
    OK ch=7 v=0.2506
    OK ch=1 v=0.2767
    OK ch=3 v=0.2253
    OK ch=5 v=0.2088
    OK ch=7 v=0.2514
    OK ch=1 v=0.2754
    OK ch=3 v=0.2200
    OK ch=5 v=0.2135
    OK ch=1 v=0.2623
    OK ch=3 v=0.2207
    OK ch=5 v=0.2195
    OK ch=7 v=0.2475
    OK ch=1 v=0.2663
    OK ch=3 v=0.2225
    OK ch=5 v=0.2074
    OK ch=7 v=0.2524
    OK ch=1 v=0.2775
    OK ch=3 v=0.2250
    OK ch=5 v=0.2087
    OK ch=7 v=0.2503
    OK ch=1 v=0.2454
    OK ch=3 v=0.2175
    OK ch=5 v=0.2151
    OK ch=1 v=0.2635
    OK ch=3 v=0.2163
    OK ch=5 v=0.2135
    OK ch=7 v=0.2514
    OK ch=1 v=0.2589
    OK ch=3 v=0.2207
    OK ch=5 v=0.2173
    OK ch=7 v=0.2491
    OK ch=1 v=0.2791
    OK ch=3 v=0.2247
    OK ch=5 v=0.2123
    OK ch=7 v=0.2515
    OK ch=1 v=0.2651
    OK ch=3 v=0.2190
    OK ch=5 v=0.2140
    OK ch=1 v=0.2751
    OK ch=3 v=0.2263
    OK ch=5 v=0.2171
    OK ch=7 v=0.2478
    OK ch=1 v=0.2555
    OK ch=3 v=0.2165
    OK ch=5 v=0.2121
    OK ch=7 v=0.2502
    OK ch=1 v=0.2788
    OK ch=3 v=0.2252
    OK ch=5 v=0.2132
    OK ch=7 v=0.2485
    OK ch=1 v=0.2459
    OK ch=3 v=0.2180
    OK ch=5 v=0.2175
    OK ch=7 v=0.2479
    OK ch=1 v=0.2935
    OK ch=3 v=0.2220
    OK ch=5 v=0.2124
    OK ch=7 v=0.2535
    OK ch=1 v=0.2883
    OK ch=3 v=0.2234
    OK ch=5 v=0.2108
    OK ch=7 v=0.2525
    OK ch=1 v=0.2671
    OK ch=3 v=0.2213
    OK ch=5 v=0.2080
    OK ch=1 v=0.2546
    OK ch=3 v=0.2240
    OK ch=5 v=0.2091
    OK ch=7 v=0.2534
    OK ch=1 v=0.2822
    OK ch=3 v=0.2290
    OK ch=5 v=0.2134
    OK ch=7 v=0.2513
    OK ch=1 v=0.2567
    OK ch=3 v=0.2220
    OK ch=5 v=0.2071
    OK ch=7 v=0.2528
    OK ch=1 v=0.2933
    OK ch=3 v=0.2245
    OK ch=5 v=0.2090
    OK ch=7 v=0.2499
    OK ch=1 v=0.2714
    OK ch=3 v=0.2221
    OK ch=5 v=0.2110
    OK ch=7 v=0.2483
    OK ch=1 v=0.2795
    OK ch=3 v=0.2243
    OK ch=5 v=0.2066
    OK ch=7 v=0.2545
    OK ch=1 v=0.2533
    OK ch=3 v=0.2207
    OK ch=5 v=0.2123
    OK ch=7 v=0.2495
    OK ch=1 v=0.2640
    OK ch=3 v=0.2186
    OK ch=5 v=0.2118
    OK ch=7 v=0.2512
    OK ch=1 v=0.2780
    OK ch=3 v=0.2222
    OK ch=5 v=0.2129
    OK ch=7 v=0.2524
    OK ch=1 v=0.2922
    OK ch=3 v=0.2268
    OK ch=5 v=0.2149
    OK ch=7 v=0.2518
    OK ch=1 v=0.2706
    OK ch=3 v=0.2252
    OK ch=5 v=0.2099
    OK ch=7 v=0.2534
    OK ch=1 v=0.2745
    OK ch=5 v=0.2164
    OK ch=7 v=0.2479
    OK ch=1 v=0.2643
    OK ch=3 v=0.2294
    OK ch=5 v=0.2190
    OK ch=7 v=0.2498
    OK ch=1 v=0.2720
    OK ch=3 v=0.2221
    OK ch=5 v=0.2136
    OK ch=7 v=0.2493
    OK ch=1 v=0.2763
    OK ch=3 v=0.2267
    OK ch=5 v=0.2158
    OK ch=7 v=0.2473
    OK ch=1 v=0.2691
    OK ch=3 v=0.2191
    OK ch=7 v=0.2458
    OK ch=1 v=0.2344
    OK ch=3 v=0.2162
    OK ch=5 v=0.2165
    OK ch=7 v=0.2469
    OK ch=1 v=0.2693
    OK ch=3 v=0.2237
    OK ch=5 v=0.2198
    OK ch=7 v=0.2464
    OK ch=1 v=0.2815
    OK ch=3 v=0.2179
    OK ch=5 v=0.2126
    OK ch=7 v=0.2504
    OK ch=1 v=0.2721
    OK ch=3 v=0.2269
    OK ch=5 v=0.2148
    OK ch=7 v=0.2514
    OK ch=1 v=0.3013
    OK ch=3 v=0.2179
    OK ch=5 v=0.2184
    OK ch=7 v=0.2481
    OK ch=1 v=0.2675
    OK ch=3 v=0.2252
    OK ch=5 v=0.2120
    OK ch=7 v=0.2521
    OK ch=3 v=0.2293
    OK ch=5 v=0.2128
    OK ch=7 v=0.2501
    OK ch=1 v=0.2875
    OK ch=3 v=0.2307
    OK ch=5 v=0.2115
    OK ch=7 v=0.2524
    OK ch=1 v=0.2638
    OK ch=3 v=0.2200
    OK ch=5 v=0.2091
    OK ch=7 v=0.2536
    OK ch=1 v=0.2523
    OK ch=3 v=0.2236
    OK ch=5 v=0.2108
    OK ch=7 v=0.2505
    OK ch=1 v=0.2557
    OK ch=3 v=0.2181
    OK ch=5 v=0.2064
    OK ch=7 v=0.2535
    OK ch=1 v=0.2842
    OK ch=3 v=0.2269
    OK ch=5 v=0.2091
    OK ch=7 v=0.2518
    OK ch=1 v=0.2699
    OK ch=3 v=0.2224
    OK ch=7 v=0.2510
    OK ch=1 v=0.2520
    OK ch=3 v=0.2181
    OK ch=5 v=0.2058
    OK ch=7 v=0.2531
    OK ch=1 v=0.2628
    OK ch=3 v=0.2222
    OK ch=5 v=0.2095
    OK ch=7 v=0.2515
    OK ch=1 v=0.2857
    OK ch=3 v=0.2233
    OK ch=5 v=0.2126
    OK ch=7 v=0.2531
    OK ch=1 v=0.2954
    OK ch=3 v=0.2246
    OK ch=5 v=0.2091
    OK ch=1 v=0.2711
    OK ch=3 v=0.2268
    OK ch=5 v=0.2132
    OK ch=7 v=0.2502
    OK ch=1 v=0.2392
    OK ch=3 v=0.2178
    OK ch=5 v=0.2116
    OK ch=7 v=0.2517
    OK ch=1 v=0.2622
    OK ch=3 v=0.2226
    OK ch=5 v=0.2138
    OK ch=7 v=0.2525
    OK ch=1 v=0.2691
    OK ch=5 v=0.2176
    OK ch=7 v=0.2495
    OK ch=1 v=0.2762
    OK ch=3 v=0.2203
    OK ch=5 v=0.2114
    OK ch=1 v=0.2818
    OK ch=3 v=0.2301
    OK ch=5 v=0.2101
    OK ch=7 v=0.2481
    OK ch=1 v=0.2900
    OK ch=3 v=0.2207
    OK ch=5 v=0.2183
    OK ch=7 v=0.2486
    OK ch=1 v=0.2393
    OK ch=3 v=0.2117
    OK ch=5 v=0.2166
    OK ch=1 v=0.2559
    OK ch=3 v=0.2218
    OK ch=5 v=0.2153
    OK ch=7 v=0.2513
    OK ch=1 v=0.2808
    OK ch=3 v=0.2248
    OK ch=7 v=0.2471
    OK ch=1 v=0.2669
    OK ch=3 v=0.2239
    OK ch=5 v=0.2132
    OK ch=7 v=0.2485
    OK ch=1 v=0.2771
    OK ch=5 v=0.2166
    OK ch=7 v=0.2474
    OK ch=1 v=0.2836
    OK ch=3 v=0.2223
    OK ch=7 v=0.2494
    OK ch=1 v=0.2664
    OK ch=5 v=0.2115
    OK ch=7 v=0.2504
    OK ch=1 v=0.2586
    OK ch=3 v=0.2214
    OK ch=5 v=0.2123
    OK ch=1 v=0.2662
    OK ch=3 v=0.2253
    OK ch=5 v=0.2150
    OK ch=7 v=0.2498
    OK ch=1 v=0.2888
    OK ch=3 v=0.2267
    OK ch=5 v=0.2101
    OK ch=7 v=0.2512
    OK ch=1 v=0.2855
    OK ch=3 v=0.2315
    OK ch=1 v=0.2936
    OK ch=3 v=0.2271
    OK ch=5 v=0.2134
    OK ch=1 v=0.2737
    OK ch=3 v=0.2242
    OK ch=5 v=0.2110
    OK ch=7 v=0.2535
    OK ch=1 v=0.2641
    OK ch=3 v=0.2170
    OK ch=5 v=0.2100
    OK ch=7 v=0.2542
    OK ch=1 v=0.2469
    OK ch=3 v=0.2154
    OK ch=5 v=0.2123
    OK ch=7 v=0.2518
    OK ch=1 v=0.2663
    OK ch=3 v=0.2249
    OK ch=5 v=0.2074
    OK ch=7 v=0.2531
    OK ch=1 v=0.2801
    OK ch=3 v=0.2272
    OK ch=5 v=0.2120
    OK ch=7 v=0.2489
    OK ch=1 v=0.3074
    OK ch=3 v=0.2308
    OK ch=5 v=0.2108
    OK ch=7 v=0.2498
    OK ch=1 v=0.2629
    OK ch=3 v=0.2203
    OK ch=5 v=0.2084
    OK ch=7 v=0.2513
    OK ch=1 v=0.2790
    OK ch=3 v=0.2308
    OK ch=5 v=0.2131
    OK ch=7 v=0.2501
    OK ch=1 v=0.2427
    OK ch=3 v=0.2182
    OK ch=7 v=0.2512
    OK ch=1 v=0.2417
    OK ch=3 v=0.2171
    OK ch=5 v=0.2147
    OK ch=7 v=0.2500
    OK ch=1 v=0.2885
    OK ch=3 v=0.2258
    OK ch=1 v=0.2799
    OK ch=3 v=0.2174
    OK ch=5 v=0.2120
    OK ch=1 v=0.2854
    OK ch=3 v=0.2185
    OK ch=5 v=0.2127
    OK ch=1 v=0.2756
    OK ch=3 v=0.2272
    OK ch=5 v=0.2187
    OK ch=7 v=0.2468
    OK ch=1 v=0.2492
    OK ch=3 v=0.2221
    OK ch=5 v=0.2163
    OK ch=7 v=0.2497
    OK ch=1 v=0.2589
    OK ch=3 v=0.2215
    OK ch=5 v=0.2134
    OK ch=7 v=0.2518
    OK ch=1 v=0.2656
    OK ch=3 v=0.2232
    OK ch=5 v=0.2161
    OK ch=7 v=0.2506
    OK ch=1 v=0.2820
    OK ch=3 v=0.2246
    OK ch=5 v=0.2136
    OK ch=7 v=0.2516
    OK ch=1 v=0.2547
    OK ch=3 v=0.2173
    OK ch=5 v=0.2144
    OK ch=7 v=0.2479
[  145.4s] DAMPING     ch0:LOCK g=-0.0300 bp=-0.046V ratio=0.03  ch1:LOCK g=-0.0300 bp=-0.009V ratio=0.02  ch2:LOCK g=+0.0100 bp=-0.029V ratio=0.02  ch3:LOCK g=-0.0300 bp=-0.006V ratio=0.01
    OK ch=1 v=0.2572
    OK ch=3 v=0.2146
    OK ch=5 v=0.2105
    OK ch=7 v=0.2494
    OK ch=1 v=0.2764
    OK ch=3 v=0.2279
    OK ch=5 v=0.2118
    OK ch=7 v=0.2502
    OK ch=1 v=0.2901
    OK ch=3 v=0.2263
    OK ch=5 v=0.2136
    OK ch=1 v=0.3005
    OK ch=3 v=0.2275
    OK ch=5 v=0.2077
    OK ch=7 v=0.2531
    OK ch=1 v=0.2989
    OK ch=3 v=0.2250
    OK ch=5 v=0.2110
    OK ch=7 v=0.2517
    OK ch=1 v=0.2540
    OK ch=3 v=0.2133
    OK ch=5 v=0.2123
    OK ch=7 v=0.2533
    OK ch=1 v=0.2569
    OK ch=3 v=0.2193
    OK ch=5 v=0.2103
    OK ch=7 v=0.2549
    OK ch=1 v=0.2866
    OK ch=3 v=0.2313
    OK ch=5 v=0.2123
    OK ch=7 v=0.2500
    OK ch=1 v=0.2780
    OK ch=3 v=0.2248
    OK ch=5 v=0.2067
    OK ch=1 v=0.2656
    OK ch=3 v=0.2278
    OK ch=5 v=0.2096
    OK ch=1 v=0.2719
    OK ch=3 v=0.2200
    OK ch=5 v=0.2141
    OK ch=1 v=0.2670
    OK ch=3 v=0.2212
    OK ch=5 v=0.2117
    OK ch=7 v=0.2492
    OK ch=1 v=0.2610
    OK ch=3 v=0.2244
    OK ch=5 v=0.2110
    OK ch=7 v=0.2516
    OK ch=1 v=0.2507
    OK ch=3 v=0.2221
    OK ch=5 v=0.2148
    OK ch=7 v=0.2493
    OK ch=1 v=0.2843
    OK ch=3 v=0.2266
    OK ch=5 v=0.2103
    OK ch=7 v=0.2516
    OK ch=1 v=0.2592
    OK ch=3 v=0.2191
    OK ch=5 v=0.2130
    OK ch=7 v=0.2505
    OK ch=1 v=0.2742
    OK ch=3 v=0.2272
    OK ch=7 v=0.2491
    OK ch=1 v=0.2597
    OK ch=3 v=0.2216
    OK ch=5 v=0.2151
    OK ch=1 v=0.2809
    OK ch=3 v=0.2228
    OK ch=5 v=0.2180
    OK ch=7 v=0.2484
    OK ch=1 v=0.2725
    OK ch=3 v=0.2255
    OK ch=5 v=0.2163
    OK ch=7 v=0.2491
    OK ch=1 v=0.2612
    OK ch=3 v=0.2215
    OK ch=5 v=0.2137
    OK ch=7 v=0.2510
    OK ch=1 v=0.2653
    OK ch=3 v=0.2258
    OK ch=5 v=0.2188
    OK ch=7 v=0.2501
    OK ch=1 v=0.2628
    OK ch=3 v=0.2151
    OK ch=5 v=0.2156
    OK ch=7 v=0.2490
    OK ch=1 v=0.2948
    OK ch=3 v=0.2264
    OK ch=5 v=0.2129
    OK ch=7 v=0.2506
    OK ch=1 v=0.2808
    OK ch=3 v=0.2273
    OK ch=7 v=0.2499
    OK ch=1 v=0.2693
    OK ch=3 v=0.2226
    OK ch=5 v=0.2116
    OK ch=7 v=0.2536
    OK ch=1 v=0.2900
    OK ch=3 v=0.2215
    OK ch=5 v=0.2134
    OK ch=7 v=0.2488
    OK ch=1 v=0.2703
    OK ch=3 v=0.2194
    OK ch=5 v=0.2114
    OK ch=7 v=0.2498
    OK ch=1 v=0.2535
    OK ch=3 v=0.2180
    OK ch=5 v=0.2084
    OK ch=7 v=0.2515
    OK ch=1 v=0.2716
    OK ch=3 v=0.2266
    OK ch=5 v=0.2128
    OK ch=7 v=0.2481
    OK ch=1 v=0.2504
    OK ch=3 v=0.2258
    OK ch=5 v=0.2086
    OK ch=7 v=0.2542
    OK ch=1 v=0.2600
    OK ch=3 v=0.2188
    OK ch=5 v=0.2078
    OK ch=7 v=0.2506
    OK ch=1 v=0.2838
    OK ch=3 v=0.2260
    OK ch=5 v=0.2106
    OK ch=7 v=0.2523
    OK ch=1 v=0.2759
    OK ch=3 v=0.2228
    OK ch=7 v=0.2531
    OK ch=1 v=0.2874
    OK ch=3 v=0.2222
    OK ch=5 v=0.2120
    OK ch=7 v=0.2525
    OK ch=1 v=0.2632
    OK ch=3 v=0.2212
    OK ch=5 v=0.2110
    OK ch=1 v=0.2714
    OK ch=3 v=0.2203
    OK ch=5 v=0.2102
    OK ch=7 v=0.2544
    OK ch=1 v=0.2722
    OK ch=3 v=0.2223
    OK ch=5 v=0.2156
    OK ch=7 v=0.2486
    OK ch=1 v=0.2742
    OK ch=3 v=0.2230
    OK ch=5 v=0.2123
    OK ch=7 v=0.2527
    OK ch=1 v=0.2537
    OK ch=3 v=0.2209
    OK ch=5 v=0.2132
    OK ch=7 v=0.2502
    OK ch=1 v=0.2761
    OK ch=3 v=0.2295
    OK ch=5 v=0.2143
    OK ch=7 v=0.2486
    OK ch=1 v=0.2601
    OK ch=3 v=0.2230
    OK ch=5 v=0.2131
    OK ch=7 v=0.2501
    OK ch=1 v=0.2765
    OK ch=3 v=0.2240
    OK ch=5 v=0.2157
    OK ch=7 v=0.2470
    OK ch=1 v=0.2721
    OK ch=3 v=0.2192
    OK ch=5 v=0.2135
    OK ch=7 v=0.2500
    OK ch=3 v=0.2243
    OK ch=5 v=0.2144
    OK ch=1 v=0.2710
    OK ch=3 v=0.2250
    OK ch=5 v=0.2174
    OK ch=7 v=0.2463
    OK ch=1 v=0.2568
    OK ch=3 v=0.2164
    OK ch=5 v=0.2155
    OK ch=7 v=0.2480
    OK ch=1 v=0.2620
    OK ch=3 v=0.2219
    OK ch=5 v=0.2125
    OK ch=7 v=0.2505
    OK ch=1 v=0.2912
    OK ch=3 v=0.2281
    OK ch=5 v=0.2162
    OK ch=7 v=0.2512
    OK ch=1 v=0.2792
    OK ch=3 v=0.2275
    OK ch=5 v=0.2127
    OK ch=7 v=0.2500
    OK ch=1 v=0.2893
    OK ch=3 v=0.2257
    OK ch=7 v=0.2525
    OK ch=1 v=0.2813
    OK ch=3 v=0.2281
    OK ch=5 v=0.2117
    OK ch=7 v=0.2501
    OK ch=1 v=0.2634
    OK ch=3 v=0.2220
    OK ch=5 v=0.2099
    OK ch=7 v=0.2544
    OK ch=1 v=0.2646
    OK ch=3 v=0.2187
    OK ch=5 v=0.2126
    OK ch=7 v=0.2503
    OK ch=1 v=0.2809
    OK ch=3 v=0.2242
    OK ch=5 v=0.2100
    OK ch=1 v=0.2906
    OK ch=3 v=0.2236
    OK ch=5 v=0.2058
    OK ch=7 v=0.2520
    OK ch=1 v=0.2795
    OK ch=3 v=0.2267
    OK ch=5 v=0.2116
    OK ch=7 v=0.2483
    OK ch=1 v=0.2481
    OK ch=3 v=0.2176
    OK ch=7 v=0.2496
    OK ch=1 v=0.2700
    OK ch=5 v=0.2087
    OK ch=7 v=0.2513
    OK ch=1 v=0.2682
    OK ch=3 v=0.2250
    OK ch=5 v=0.2129
    OK ch=7 v=0.2504
    OK ch=1 v=0.2475
    OK ch=3 v=0.2191
    OK ch=5 v=0.2108
    OK ch=7 v=0.2526
    OK ch=1 v=0.2800
    OK ch=3 v=0.2229
    OK ch=5 v=0.2113
    OK ch=1 v=0.2816
    OK ch=3 v=0.2250
    OK ch=5 v=0.2139
    OK ch=7 v=0.2505
    OK ch=1 v=0.2875
    OK ch=3 v=0.2272
    OK ch=5 v=0.2116
    OK ch=7 v=0.2512
    OK ch=1 v=0.2358
    OK ch=3 v=0.2132
    OK ch=5 v=0.2155
    OK ch=7 v=0.2499
    OK ch=1 v=0.2512
    OK ch=3 v=0.2222
    OK ch=5 v=0.2169
    OK ch=7 v=0.2487
    OK ch=1 v=0.2897
    OK ch=3 v=0.2301
    OK ch=5 v=0.2128
    OK ch=7 v=0.2515
    OK ch=1 v=0.3080
    OK ch=3 v=0.2326
    OK ch=5 v=0.2156
    OK ch=7 v=0.2505
    OK ch=1 v=0.2664
    OK ch=3 v=0.2224
    OK ch=7 v=0.2492
    OK ch=1 v=0.2641
    OK ch=3 v=0.2192
    OK ch=7 v=0.2517
    OK ch=1 v=0.2734
    OK ch=3 v=0.2217
    OK ch=5 v=0.2168
    OK ch=7 v=0.2461
    OK ch=1 v=0.2700
    OK ch=3 v=0.2157
    OK ch=5 v=0.2137
    OK ch=7 v=0.2498
    OK ch=1 v=0.2788
    OK ch=3 v=0.2218
    OK ch=5 v=0.2125
    OK ch=1 v=0.2770
    OK ch=3 v=0.2271
    OK ch=5 v=0.2147
    OK ch=1 v=0.2638
    OK ch=3 v=0.2178
    OK ch=5 v=0.2131
    OK ch=7 v=0.2515
    OK ch=1 v=0.2523
    OK ch=3 v=0.2232
    OK ch=5 v=0.2086
    OK ch=7 v=0.2528
    OK ch=1 v=0.2825
    OK ch=5 v=0.2113
    OK ch=7 v=0.2511
    OK ch=1 v=0.2670
    OK ch=3 v=0.2207
    OK ch=5 v=0.2097
    OK ch=1 v=0.2692
    OK ch=3 v=0.2233
    OK ch=5 v=0.2091
    OK ch=7 v=0.2505
    OK ch=1 v=0.2565
    OK ch=3 v=0.2251
    OK ch=5 v=0.2100
    OK ch=1 v=0.2630
    OK ch=5 v=0.2085
    OK ch=1 v=0.2736
    OK ch=3 v=0.2233
    OK ch=5 v=0.2093
    OK ch=7 v=0.2529
    OK ch=1 v=0.2801
    OK ch=3 v=0.2296
    OK ch=5 v=0.2118
    OK ch=7 v=0.2505
    OK ch=1 v=0.2493
    OK ch=3 v=0.2190
    OK ch=7 v=0.2536
    OK ch=1 v=0.2809
    OK ch=3 v=0.2204
    OK ch=5 v=0.2108
    OK ch=1 v=0.2879
    OK ch=3 v=0.2298
    OK ch=5 v=0.2120
    OK ch=7 v=0.2500
    OK ch=1 v=0.2896
    OK ch=3 v=0.2285
    OK ch=5 v=0.2127
    OK ch=7 v=0.2516
    OK ch=1 v=0.2575
    OK ch=3 v=0.2215
    OK ch=7 v=0.2503
    OK ch=1 v=0.2594
    OK ch=3 v=0.2203
    OK ch=5 v=0.2143
    OK ch=7 v=0.2488
    OK ch=1 v=0.2583
    OK ch=3 v=0.2174
    OK ch=5 v=0.2122
    OK ch=7 v=0.2513
    OK ch=1 v=0.2724
    OK ch=3 v=0.2200
    OK ch=5 v=0.2145
    OK ch=7 v=0.2503
    OK ch=1 v=0.2576
    OK ch=3 v=0.2136
    OK ch=5 v=0.2153
    OK ch=7 v=0.2490
    OK ch=1 v=0.2603
    OK ch=3 v=0.2183
    OK ch=5 v=0.2129
    OK ch=7 v=0.2505
    OK ch=1 v=0.3096
    OK ch=3 v=0.2352
    OK ch=5 v=0.2160
    OK ch=7 v=0.2485
    OK ch=1 v=0.3073
    OK ch=3 v=0.2306
    OK ch=5 v=0.2175
    OK ch=1 v=0.2651
    OK ch=3 v=0.2216
    OK ch=5 v=0.2153
    OK ch=1 v=0.2517
    OK ch=3 v=0.2244
    OK ch=1 v=0.2777
    OK ch=5 v=0.2162
    OK ch=1 v=0.2589
    OK ch=3 v=0.2197
    OK ch=5 v=0.2140
    OK ch=7 v=0.2509
    OK ch=1 v=0.2730
    OK ch=3 v=0.2145
    OK ch=5 v=0.2125
    OK ch=1 v=0.2487
    OK ch=3 v=0.2231
    OK ch=5 v=0.2147
    OK ch=1 v=0.2474
    OK ch=3 v=0.2170
    OK ch=5 v=0.2104
    OK ch=7 v=0.2520
    OK ch=1 v=0.2884
    OK ch=3 v=0.2271
    OK ch=5 v=0.2070
    OK ch=7 v=0.2507
    OK ch=1 v=0.2581
    OK ch=3 v=0.2243
    OK ch=5 v=0.2118
    OK ch=1 v=0.2956
    OK ch=3 v=0.2258
    OK ch=5 v=0.2104
    OK ch=1 v=0.2932
    OK ch=3 v=0.2278
    OK ch=5 v=0.2070
    OK ch=1 v=0.2738
    OK ch=3 v=0.2292
    OK ch=5 v=0.2103
    OK ch=7 v=0.2530
    OK ch=1 v=0.3061
    OK ch=3 v=0.2236
    OK ch=5 v=0.2091
    OK ch=1 v=0.2338
    OK ch=3 v=0.2174
    OK ch=5 v=0.2105
    OK ch=7 v=0.2543
    OK ch=1 v=0.2431
    OK ch=3 v=0.2239
    OK ch=5 v=0.2114
    OK ch=7 v=0.2519
    OK ch=1 v=0.2704
    OK ch=3 v=0.2211
    OK ch=5 v=0.2099
    OK ch=1 v=0.2435
    OK ch=3 v=0.2175
    OK ch=5 v=0.2127
    OK ch=1 v=0.2925
    OK ch=3 v=0.2265
    OK ch=5 v=0.2142
    OK ch=7 v=0.2486
    OK ch=1 v=0.2755
    OK ch=3 v=0.2229
    OK ch=5 v=0.2128
    OK ch=7 v=0.2496
    OK ch=1 v=0.2664
    OK ch=3 v=0.2234
    OK ch=5 v=0.2144
    OK ch=1 v=0.2604
    OK ch=3 v=0.2198
    OK ch=5 v=0.2153
    OK ch=7 v=0.2503
    OK ch=1 v=0.2877
    OK ch=3 v=0.2225
    OK ch=1 v=0.2896
    OK ch=3 v=0.2231
    OK ch=5 v=0.2162
    OK ch=7 v=0.2492
    OK ch=1 v=0.2950
    OK ch=3 v=0.2315
    OK ch=5 v=0.2149
    OK ch=7 v=0.2482
    OK ch=1 v=0.2601
    OK ch=3 v=0.2206
    OK ch=5 v=0.2160
    OK ch=7 v=0.2489
    OK ch=1 v=0.2686
    OK ch=3 v=0.2240
    OK ch=5 v=0.2177
    OK ch=1 v=0.2623
    OK ch=5 v=0.2153
    OK ch=7 v=0.2480
    OK ch=1 v=0.2537
    OK ch=3 v=0.2119
    OK ch=5 v=0.2116
    OK ch=7 v=0.2499
    OK ch=1 v=0.2593
    OK ch=3 v=0.2201
    OK ch=5 v=0.2147
    OK ch=7 v=0.2508
    OK ch=1 v=0.2859
    OK ch=3 v=0.2240
    OK ch=5 v=0.2116
    OK ch=7 v=0.2499
[  150.4s] DAMPING     ch0:LOCK g=-0.0300 bp=+0.005V ratio=0.03  ch1:LOCK g=-0.0300 bp=-0.006V ratio=0.01  ch2:LOCK g=+0.0100 bp=-0.033V ratio=0.02  ch3:LOCK g=-0.0300 bp=-0.009V ratio=0.01
    OK ch=1 v=0.2591
    OK ch=3 v=0.2233
    OK ch=1 v=0.2695
    OK ch=3 v=0.2220
    OK ch=5 v=0.2096
    OK ch=1 v=0.2738
    OK ch=3 v=0.2231
    OK ch=7 v=0.2518
    OK ch=1 v=0.2924
    OK ch=3 v=0.2271
    OK ch=5 v=0.2083
    OK ch=1 v=0.2937
    OK ch=3 v=0.2294
    OK ch=5 v=0.2109
    OK ch=7 v=0.2552
    OK ch=1 v=0.2831
    OK ch=3 v=0.2195
    OK ch=5 v=0.2118
    OK ch=7 v=0.2544
    OK ch=1 v=0.2681
    OK ch=3 v=0.2223
    OK ch=5 v=0.2093
    OK ch=1 v=0.2509
    OK ch=3 v=0.2266
    OK ch=5 v=0.2134
    OK ch=7 v=0.2505
    OK ch=1 v=0.2698
    OK ch=3 v=0.2217
    OK ch=5 v=0.2099
    OK ch=7 v=0.2530
    OK ch=1 v=0.2968
    OK ch=3 v=0.2317
    OK ch=5 v=0.2106
    OK ch=7 v=0.2524
    OK ch=1 v=0.2885
    OK ch=3 v=0.2302
    OK ch=5 v=0.2118
    OK ch=7 v=0.2491
    OK ch=1 v=0.2564
    OK ch=3 v=0.2189
    OK ch=5 v=0.2100
    OK ch=7 v=0.2477
    OK ch=1 v=0.2677
    OK ch=5 v=0.2134
    OK ch=7 v=0.2507
    OK ch=1 v=0.2620
    OK ch=5 v=0.2126
    OK ch=7 v=0.2500
    OK ch=1 v=0.2463
    OK ch=5 v=0.2112
    OK ch=7 v=0.2511
    OK ch=1 v=0.2778
    OK ch=3 v=0.2261
    OK ch=5 v=0.2121
    OK ch=7 v=0.2500
    OK ch=1 v=0.2717
    OK ch=3 v=0.2241
    OK ch=5 v=0.2143
    OK ch=7 v=0.2488
    OK ch=1 v=0.2588
    OK ch=3 v=0.2199
    OK ch=1 v=0.2755
    OK ch=3 v=0.2291
    OK ch=5 v=0.2155
    OK ch=1 v=0.2646
    OK ch=3 v=0.2185
    OK ch=5 v=0.2166
    OK ch=7 v=0.2476
    OK ch=1 v=0.2844
    OK ch=3 v=0.2247
    OK ch=1 v=0.2903
    OK ch=3 v=0.2267
    OK ch=5 v=0.2184
    OK ch=7 v=0.2505
    OK ch=1 v=0.2665
    OK ch=3 v=0.2260
    OK ch=5 v=0.2168
    OK ch=7 v=0.2529
    OK ch=1 v=0.2519
    OK ch=3 v=0.2200
    OK ch=5 v=0.2145
    OK ch=7 v=0.2515
    OK ch=1 v=0.2678
    OK ch=3 v=0.2210
    OK ch=5 v=0.2161
    OK ch=7 v=0.2498
    OK ch=1 v=0.2607
    OK ch=3 v=0.2161
    OK ch=5 v=0.2121
    OK ch=7 v=0.2510
    OK ch=1 v=0.2683
    OK ch=3 v=0.2236
    OK ch=5 v=0.2107
    OK ch=7 v=0.2500
    OK ch=1 v=0.2910
    OK ch=3 v=0.2249
    OK ch=7 v=0.2512
    OK ch=3 v=0.2259
    OK ch=5 v=0.2079
    OK ch=1 v=0.2842
    OK ch=3 v=0.2196
    OK ch=1 v=0.2599
    OK ch=5 v=0.2108
    OK ch=7 v=0.2499
    OK ch=1 v=0.2592
    OK ch=3 v=0.2203
    OK ch=5 v=0.2113
    OK ch=7 v=0.2508
    OK ch=1 v=0.2503
    OK ch=3 v=0.2216
    OK ch=5 v=0.2078
    OK ch=7 v=0.2533
    OK ch=1 v=0.2900
    OK ch=3 v=0.2306
    OK ch=5 v=0.2101
    OK ch=7 v=0.2516
    OK ch=1 v=0.2674
    OK ch=3 v=0.2214
    OK ch=5 v=0.2094
    OK ch=7 v=0.2543
    OK ch=1 v=0.2633
    OK ch=3 v=0.2261
    OK ch=5 v=0.2109
    OK ch=7 v=0.2510
    OK ch=1 v=0.2910
    OK ch=3 v=0.2304
    OK ch=5 v=0.2128
    OK ch=7 v=0.2501
    OK ch=1 v=0.2841
    OK ch=3 v=0.2248
    OK ch=5 v=0.2133
    OK ch=7 v=0.2512
    OK ch=1 v=0.2532
    OK ch=3 v=0.2217
    OK ch=7 v=0.2499
    OK ch=1 v=0.2352
    OK ch=3 v=0.2165
    OK ch=5 v=0.2144
    OK ch=7 v=0.2521
    OK ch=1 v=0.2626
    OK ch=3 v=0.2197
    OK ch=5 v=0.2115
    OK ch=1 v=0.2745
    OK ch=3 v=0.2225
    OK ch=5 v=0.2139
    OK ch=7 v=0.2467
    OK ch=1 v=0.2789
    OK ch=3 v=0.2187
    OK ch=5 v=0.2126
    OK ch=1 v=0.2756
    OK ch=3 v=0.2228
    OK ch=7 v=0.2491
    OK ch=1 v=0.2892
    OK ch=3 v=0.2264
    OK ch=5 v=0.2155
    OK ch=7 v=0.2501
    OK ch=1 v=0.2431
    OK ch=3 v=0.2169
    OK ch=5 v=0.2188
    OK ch=7 v=0.2483
    OK ch=1 v=0.2681
    OK ch=3 v=0.2244
    OK ch=5 v=0.2166
    OK ch=7 v=0.2512
    OK ch=1 v=0.2756
    OK ch=3 v=0.2208
    OK ch=5 v=0.2157
    OK ch=1 v=0.2870
    OK ch=5 v=0.2129
    OK ch=7 v=0.2503
    OK ch=1 v=0.2689
    OK ch=1 v=0.2802
    OK ch=3 v=0.2225
    OK ch=7 v=0.2471
    OK ch=1 v=0.2704
    OK ch=3 v=0.2278
    OK ch=5 v=0.2160
    OK ch=7 v=0.2487
    OK ch=1 v=0.2485
    OK ch=3 v=0.2298
    OK ch=5 v=0.2132
    OK ch=7 v=0.2499
    OK ch=1 v=0.2678
    OK ch=3 v=0.2220
    OK ch=5 v=0.2104
    OK ch=7 v=0.2504
    OK ch=1 v=0.2954
    OK ch=3 v=0.2254
    OK ch=7 v=0.2530
    OK ch=1 v=0.2870
    OK ch=3 v=0.2205
    OK ch=5 v=0.2094
    OK ch=7 v=0.2541
    OK ch=3 v=0.2283
    OK ch=7 v=0.2520
    OK ch=1 v=0.2847
    OK ch=3 v=0.2262
    OK ch=5 v=0.2113
    OK ch=1 v=0.2687
    OK ch=3 v=0.2245
    OK ch=5 v=0.2097
    OK ch=7 v=0.2532
    OK ch=1 v=0.2556
    OK ch=3 v=0.2175
    OK ch=7 v=0.2524
    OK ch=1 v=0.2929
    OK ch=3 v=0.2296
    OK ch=5 v=0.2119
    OK ch=7 v=0.2480
    OK ch=1 v=0.2694
    OK ch=3 v=0.2196
    OK ch=5 v=0.2084
    OK ch=7 v=0.2524
    OK ch=1 v=0.2755
    OK ch=3 v=0.2247
    OK ch=5 v=0.2104
    OK ch=7 v=0.2513
    OK ch=1 v=0.2525
    OK ch=3 v=0.2226
    OK ch=5 v=0.2138
    OK ch=7 v=0.2472
    OK ch=1 v=0.2767
    OK ch=3 v=0.2281
    OK ch=5 v=0.2085
    OK ch=7 v=0.2523
    OK ch=1 v=0.2442
    OK ch=3 v=0.2166
    OK ch=5 v=0.2132
    OK ch=7 v=0.2502
    OK ch=1 v=0.2656
    OK ch=3 v=0.2214
    OK ch=5 v=0.2126
    OK ch=7 v=0.2488
    OK ch=1 v=0.2848
    OK ch=3 v=0.2228
    OK ch=5 v=0.2145
    OK ch=7 v=0.2480
    OK ch=1 v=0.2976
    OK ch=3 v=0.2243
    OK ch=5 v=0.2159
    OK ch=7 v=0.2500
    OK ch=1 v=0.2738
    OK ch=3 v=0.2183
    OK ch=5 v=0.2141
    OK ch=7 v=0.2518
    OK ch=1 v=0.2412
    OK ch=3 v=0.2155
    OK ch=5 v=0.2180
    OK ch=1 v=0.2660
    OK ch=3 v=0.2232
    OK ch=5 v=0.2195
    OK ch=7 v=0.2490
    OK ch=1 v=0.2939
    OK ch=3 v=0.2299
    OK ch=5 v=0.2148
    OK ch=7 v=0.2478
    OK ch=1 v=0.2549
    OK ch=3 v=0.2230
    OK ch=7 v=0.2498
    OK ch=1 v=0.2570
    OK ch=3 v=0.2193
    OK ch=5 v=0.2141
    OK ch=1 v=0.2712
    OK ch=3 v=0.2231
    OK ch=5 v=0.2131
    OK ch=7 v=0.2508
    OK ch=1 v=0.2681
    OK ch=3 v=0.2206
    OK ch=5 v=0.2156
    OK ch=7 v=0.2489
    OK ch=1 v=0.2701
    OK ch=3 v=0.2234
    OK ch=5 v=0.2115
    OK ch=7 v=0.2504
    OK ch=1 v=0.2944
    OK ch=3 v=0.2274
    OK ch=5 v=0.2104
    OK ch=7 v=0.2520
    OK ch=1 v=0.2649
    OK ch=3 v=0.2231
    OK ch=5 v=0.2111
    OK ch=7 v=0.2496
    OK ch=1 v=0.2824
    OK ch=3 v=0.2257
    OK ch=5 v=0.2081
    OK ch=7 v=0.2531
    OK ch=1 v=0.2767
    OK ch=3 v=0.2229
    OK ch=5 v=0.2102
    OK ch=7 v=0.2517
    OK ch=1 v=0.2836
    OK ch=3 v=0.2293
    OK ch=7 v=0.2522
    OK ch=1 v=0.2810
    OK ch=3 v=0.2239
    OK ch=7 v=0.2530
    OK ch=1 v=0.2674
    OK ch=3 v=0.2269
    OK ch=5 v=0.2111
    OK ch=7 v=0.2525
    OK ch=1 v=0.2322
    OK ch=3 v=0.2178
    OK ch=5 v=0.2103
    OK ch=1 v=0.2700
    OK ch=3 v=0.2199
    OK ch=5 v=0.2092
    OK ch=1 v=0.2739
    OK ch=3 v=0.2224
    OK ch=5 v=0.2123
    OK ch=7 v=0.2501
    OK ch=1 v=0.2625
    OK ch=3 v=0.2209
    OK ch=5 v=0.2115
    OK ch=1 v=0.2572
    OK ch=3 v=0.2177
    OK ch=5 v=0.2093
    OK ch=1 v=0.2638
    OK ch=3 v=0.2208
    OK ch=5 v=0.2113
    OK ch=7 v=0.2488
    OK ch=1 v=0.3014
    OK ch=3 v=0.2260
    OK ch=5 v=0.2137
    OK ch=7 v=0.2503
    OK ch=1 v=0.2865
    OK ch=3 v=0.2214
    OK ch=5 v=0.2151
    OK ch=7 v=0.2495
    OK ch=1 v=0.2732
    OK ch=3 v=0.2224
    OK ch=5 v=0.2143
    OK ch=7 v=0.2521
    OK ch=1 v=0.2649
    OK ch=7 v=0.2508
    OK ch=1 v=0.2561
    OK ch=3 v=0.2207
    OK ch=5 v=0.2136
    OK ch=7 v=0.2517
    OK ch=1 v=0.2605
    OK ch=3 v=0.2232
    OK ch=5 v=0.2186
    OK ch=7 v=0.2481
    OK ch=1 v=0.2305
    OK ch=3 v=0.2284
    OK ch=5 v=0.2156
    OK ch=1 v=0.2845
    OK ch=3 v=0.2219
    OK ch=5 v=0.2139
    OK ch=7 v=0.2490
    OK ch=1 v=0.2662
    OK ch=3 v=0.2241
    OK ch=5 v=0.2158
    OK ch=7 v=0.2475
    OK ch=3 v=0.2183
    OK ch=5 v=0.2133
    OK ch=7 v=0.2496
    OK ch=1 v=0.2830
    OK ch=5 v=0.2143
    OK ch=1 v=0.3051
    OK ch=3 v=0.2266
    OK ch=5 v=0.2160
    OK ch=1 v=0.2917
    OK ch=3 v=0.2261
    OK ch=5 v=0.2140
    OK ch=7 v=0.2524
    OK ch=1 v=0.2846
    OK ch=3 v=0.2203
    OK ch=5 v=0.2115
    OK ch=7 v=0.2515
    OK ch=1 v=0.2592
    OK ch=5 v=0.2126
    OK ch=7 v=0.2522
    OK ch=1 v=0.2657
    OK ch=3 v=0.2234
    OK ch=5 v=0.2114
    OK ch=1 v=0.2699
    OK ch=3 v=0.2266
    OK ch=5 v=0.2095
    OK ch=7 v=0.2516
    OK ch=1 v=0.2643
    OK ch=3 v=0.2274
    OK ch=5 v=0.2110
    OK ch=7 v=0.2523
    OK ch=1 v=0.2901
    OK ch=3 v=0.2294
    OK ch=5 v=0.2070
    OK ch=7 v=0.2529
    OK ch=1 v=0.2669
    OK ch=3 v=0.2215
    OK ch=7 v=0.2510
    OK ch=1 v=0.2491
    OK ch=3 v=0.2190
    OK ch=5 v=0.2090
    OK ch=7 v=0.2504
    OK ch=1 v=0.2735
    OK ch=3 v=0.2198
    OK ch=5 v=0.2101
    OK ch=7 v=0.2514
    OK ch=1 v=0.2808
    OK ch=3 v=0.2257
    OK ch=5 v=0.2123
    OK ch=7 v=0.2501
    OK ch=1 v=0.2867
    OK ch=3 v=0.2270
    OK ch=5 v=0.2106
    OK ch=1 v=0.2737
    OK ch=3 v=0.2260
    OK ch=5 v=0.2092
    OK ch=7 v=0.2524
    OK ch=1 v=0.2748
    OK ch=3 v=0.2211
    OK ch=5 v=0.2155
    OK ch=1 v=0.2758
    OK ch=3 v=0.2230
    OK ch=7 v=0.2517
    OK ch=1 v=0.2669
    OK ch=3 v=0.2221
    OK ch=5 v=0.2135
    OK ch=7 v=0.2511
    OK ch=1 v=0.2455
    OK ch=3 v=0.2199
    OK ch=5 v=0.2144
    OK ch=1 v=0.2648
    OK ch=3 v=0.2228
    OK ch=5 v=0.2152
    OK ch=7 v=0.2481
    OK ch=1 v=0.2479
    OK ch=3 v=0.2178
    OK ch=5 v=0.2165
    OK ch=7 v=0.2472
    OK ch=1 v=0.2842
    OK ch=3 v=0.2270
    OK ch=7 v=0.2483
    OK ch=1 v=0.2929
    OK ch=3 v=0.2242
    OK ch=5 v=0.2146
    OK ch=7 v=0.2492
    OK ch=1 v=0.2630
    OK ch=3 v=0.2207
    OK ch=7 v=0.2512
    OK ch=1 v=0.2598
    OK ch=3 v=0.2184
    OK ch=5 v=0.2158
    OK ch=7 v=0.2491
    OK ch=1 v=0.2716
    OK ch=3 v=0.2231
    OK ch=5 v=0.2132
    OK ch=7 v=0.2504
    OK ch=1 v=0.2682
    OK ch=3 v=0.2217
    OK ch=7 v=0.2485
[  155.5s] DAMPING     ch0:LOCK g=-0.0300 bp=-0.028V ratio=0.02  ch1:LOCK g=-0.0300 bp=-0.009V ratio=0.01  ch2:LOCK g=+0.0100 bp=-0.034V ratio=0.03  ch3:LOCK g=-0.0300 bp=-0.008V ratio=0.01
    OK ch=1 v=0.2854
    OK ch=3 v=0.2267
    OK ch=1 v=0.2826
    OK ch=3 v=0.2216
    OK ch=5 v=0.2111
    OK ch=1 v=0.2640
    OK ch=3 v=0.2200
    OK ch=7 v=0.2511
    OK ch=1 v=0.2768
    OK ch=3 v=0.2253
    OK ch=5 v=0.2106
    OK ch=7 v=0.2518
    OK ch=1 v=0.2895
    OK ch=3 v=0.2294
    OK ch=7 v=0.2529
    OK ch=1 v=0.2938
    OK ch=7 v=0.2537
    OK ch=1 v=0.2801
    OK ch=3 v=0.2272
    OK ch=7 v=0.2522
    OK ch=1 v=0.2741
    OK ch=3 v=0.2238
    OK ch=5 v=0.2125
    OK ch=7 v=0.2500
    OK ch=3 v=0.2201
    OK ch=5 v=0.2100
    OK ch=7 v=0.2519
    OK ch=1 v=0.2725
    OK ch=3 v=0.2224
    OK ch=7 v=0.2507
    OK ch=3 v=0.2243
    OK ch=7 v=0.2515
    OK ch=1 v=0.2577
    OK ch=3 v=0.2256
    OK ch=1 v=0.2439
    OK ch=3 v=0.2149
    OK ch=7 v=0.2525
    OK ch=1 v=0.2779
    OK ch=3 v=0.2183
    OK ch=5 v=0.2094
    OK ch=7 v=0.2534
    OK ch=1 v=0.2633
    OK ch=3 v=0.2220
    OK ch=5 v=0.2122
    OK ch=7 v=0.2525
    OK ch=1 v=0.2760
    OK ch=3 v=0.2231
    OK ch=5 v=0.2112
    OK ch=7 v=0.2503
    OK ch=1 v=0.2753
    OK ch=3 v=0.2245
    OK ch=5 v=0.2130
    OK ch=7 v=0.2487
    OK ch=1 v=0.2456
    OK ch=3 v=0.2161
    OK ch=7 v=0.2513
    OK ch=1 v=0.2530
    OK ch=3 v=0.2225
    OK ch=7 v=0.2504
    OK ch=1 v=0.2424
    OK ch=3 v=0.2208
    OK ch=5 v=0.2165
    OK ch=7 v=0.2477
    OK ch=1 v=0.2997
    OK ch=3 v=0.2283
    OK ch=5 v=0.2175
    OK ch=7 v=0.2504
    OK ch=1 v=0.2740
    OK ch=3 v=0.2233
    OK ch=5 v=0.2149
    OK ch=7 v=0.2486
    OK ch=1 v=0.2556
    OK ch=3 v=0.2257
    OK ch=5 v=0.2164
    OK ch=1 v=0.2662
    OK ch=3 v=0.2194
    OK ch=7 v=0.2496
    OK ch=1 v=0.2755
    OK ch=3 v=0.2260
    OK ch=5 v=0.2157
    OK ch=7 v=0.2489
    OK ch=1 v=0.2837
    OK ch=3 v=0.2265
    OK ch=5 v=0.2165
    OK ch=7 v=0.2471
    OK ch=1 v=0.2832
    OK ch=3 v=0.2195
    OK ch=5 v=0.2115
    OK ch=7 v=0.2517
    OK ch=1 v=0.2753
    OK ch=3 v=0.2228
    OK ch=5 v=0.2134
    OK ch=7 v=0.2511
    OK ch=1 v=0.2615
    OK ch=3 v=0.2177
    OK ch=7 v=0.2486
    OK ch=1 v=0.2770
    OK ch=3 v=0.2231
    OK ch=5 v=0.2109
    OK ch=7 v=0.2524
    OK ch=1 v=0.2600
    OK ch=7 v=0.2505
    OK ch=1 v=0.2792
    OK ch=3 v=0.2269
    OK ch=5 v=0.2101
    OK ch=1 v=0.2656
    OK ch=3 v=0.2187
    OK ch=5 v=0.2086
    OK ch=7 v=0.2527
    OK ch=1 v=0.2770
    OK ch=3 v=0.2287
    OK ch=5 v=0.2095
    OK ch=7 v=0.2538
    OK ch=1 v=0.2643
    OK ch=3 v=0.2227
    OK ch=7 v=0.2505
    OK ch=1 v=0.2817
    OK ch=7 v=0.2558
    OK ch=1 v=0.2675
    OK ch=7 v=0.2526
    OK ch=1 v=0.2727
    OK ch=3 v=0.2240
    OK ch=5 v=0.2100
    OK ch=7 v=0.2487
    OK ch=1 v=0.2798
    OK ch=3 v=0.2287
    OK ch=5 v=0.2108
    OK ch=7 v=0.2525
    OK ch=1 v=0.2882
    OK ch=1 v=0.2749
    OK ch=3 v=0.2269
    OK ch=7 v=0.2512
    OK ch=1 v=0.2627
    OK ch=3 v=0.2258
    OK ch=5 v=0.2132
    OK ch=1 v=0.2483
    OK ch=3 v=0.2137
    OK ch=5 v=0.2124
    OK ch=1 v=0.2651
    OK ch=1 v=0.2583
    OK ch=3 v=0.2181
    OK ch=7 v=0.2496
    OK ch=1 v=0.2430
    OK ch=3 v=0.2162
    OK ch=1 v=0.2643
    OK ch=3 v=0.2222
    OK ch=5 v=0.2113
    OK ch=7 v=0.2504
    OK ch=1 v=0.2832
    OK ch=3 v=0.2291
    OK ch=5 v=0.2140
    OK ch=7 v=0.2497
    OK ch=1 v=0.2804
    OK ch=3 v=0.2166
    OK ch=5 v=0.2157
    OK ch=7 v=0.2475
    OK ch=1 v=0.2848
    OK ch=3 v=0.2260
    OK ch=5 v=0.2140
    OK ch=7 v=0.2494
    OK ch=1 v=0.2609
    OK ch=5 v=0.2161
    OK ch=1 v=0.2894
    OK ch=3 v=0.2320
    OK ch=7 v=0.2516
    OK ch=1 v=0.2762
    OK ch=3 v=0.2272
    OK ch=1 v=0.2729
    OK ch=3 v=0.2227
    OK ch=7 v=0.2486
    OK ch=1 v=0.2758
    OK ch=3 v=0.2211
    OK ch=5 v=0.2172
    OK ch=7 v=0.2472
    OK ch=1 v=0.2675
    OK ch=3 v=0.2259
    OK ch=5 v=0.2153
    OK ch=7 v=0.2482
    OK ch=1 v=0.2937
    OK ch=3 v=0.2221
    OK ch=5 v=0.2148
    OK ch=7 v=0.2494
    OK ch=1 v=0.2434
    OK ch=3 v=0.2146
    OK ch=5 v=0.2154
    OK ch=7 v=0.2502
    OK ch=1 v=0.2369
    OK ch=5 v=0.2097
    OK ch=7 v=0.2519
    OK ch=1 v=0.2851
    OK ch=3 v=0.2247
    OK ch=1 v=0.2924
    OK ch=3 v=0.2293
    OK ch=5 v=0.2107
    OK ch=7 v=0.2506
    OK ch=1 v=0.2887
    OK ch=3 v=0.2229
    OK ch=5 v=0.2098
    OK ch=7 v=0.2548
    OK ch=1 v=0.2722
    OK ch=3 v=0.2242
    OK ch=5 v=0.2084
    OK ch=7 v=0.2506
    OK ch=1 v=0.2754
    OK ch=3 v=0.2357
    OK ch=5 v=0.2101
    OK ch=1 v=0.2876
    OK ch=3 v=0.2292
    OK ch=5 v=0.2076
    OK ch=7 v=0.2533
    OK ch=1 v=0.2768
    OK ch=3 v=0.2274
    OK ch=5 v=0.2094
    OK ch=7 v=0.2528
    OK ch=1 v=0.2489
    OK ch=3 v=0.2193
    OK ch=1 v=0.2682
    OK ch=3 v=0.2148
    OK ch=5 v=0.2084
    OK ch=7 v=0.2536
    OK ch=1 v=0.2809
    OK ch=3 v=0.2216
    OK ch=5 v=0.2107
    OK ch=7 v=0.2503
    OK ch=1 v=0.2645
    OK ch=3 v=0.2198
    OK ch=5 v=0.2116
    OK ch=7 v=0.2485
    OK ch=1 v=0.2822
    OK ch=3 v=0.2263
    OK ch=7 v=0.2511
    OK ch=1 v=0.2681
    OK ch=3 v=0.2219
    OK ch=5 v=0.2142
    OK ch=7 v=0.2526
    OK ch=1 v=0.2654
    OK ch=3 v=0.2176
    OK ch=5 v=0.2136
    OK ch=1 v=0.2567
    OK ch=3 v=0.2207
    OK ch=5 v=0.2145
    OK ch=7 v=0.2515
    OK ch=1 v=0.2749
    OK ch=3 v=0.2258
    OK ch=5 v=0.2164
    OK ch=7 v=0.2462
    OK ch=1 v=0.2700
    OK ch=5 v=0.2150
    OK ch=7 v=0.2502
    OK ch=1 v=0.2850
    OK ch=5 v=0.2165
    OK ch=1 v=0.2600
    OK ch=3 v=0.2162
    OK ch=5 v=0.2177
    OK ch=7 v=0.2464
    OK ch=1 v=0.2834
    OK ch=3 v=0.2233
    OK ch=5 v=0.2170
    OK ch=7 v=0.2491
    OK ch=1 v=0.2621
    OK ch=3 v=0.2164
    OK ch=5 v=0.2147
    OK ch=7 v=0.2479
    OK ch=3 v=0.2222
    OK ch=5 v=0.2162
    OK ch=7 v=0.2488
    OK ch=1 v=0.2613
    OK ch=3 v=0.2201
    OK ch=5 v=0.2151
    OK ch=7 v=0.2507
    OK ch=1 v=0.3009
    OK ch=3 v=0.2312
    OK ch=5 v=0.2135
    OK ch=7 v=0.2490
    OK ch=1 v=0.2861
    OK ch=3 v=0.2259
    OK ch=5 v=0.2119
    OK ch=1 v=0.2786
    OK ch=3 v=0.2252
    OK ch=5 v=0.2097
    OK ch=7 v=0.2523
    OK ch=1 v=0.2408
    OK ch=3 v=0.2171
    OK ch=5 v=0.2115
    OK ch=7 v=0.2514
    OK ch=1 v=0.2629
    OK ch=3 v=0.2189
    OK ch=7 v=0.2522
    OK ch=1 v=0.2576
    OK ch=3 v=0.2216
    OK ch=5 v=0.2094
    OK ch=1 v=0.2566
    OK ch=3 v=0.2204
    OK ch=5 v=0.2087
    OK ch=7 v=0.2515
    OK ch=1 v=0.2749
    OK ch=3 v=0.2247
    OK ch=5 v=0.2078
    OK ch=7 v=0.2523
    OK ch=1 v=0.2774
    OK ch=3 v=0.2273
    OK ch=5 v=0.2086
    OK ch=7 v=0.2541
    OK ch=1 v=0.2748
    OK ch=3 v=0.2239
    OK ch=5 v=0.2108
    OK ch=7 v=0.2507
    OK ch=1 v=0.2604
    OK ch=3 v=0.2183
    OK ch=7 v=0.2523
    OK ch=1 v=0.2632
    OK ch=3 v=0.2233
    OK ch=7 v=0.2508
    OK ch=1 v=0.2652
    OK ch=3 v=0.2246
    OK ch=5 v=0.2135
    OK ch=7 v=0.2491
    OK ch=1 v=0.2881
    OK ch=3 v=0.2290
    OK ch=5 v=0.2116
    OK ch=7 v=0.2514
    OK ch=1 v=0.2829
    OK ch=3 v=0.2241
    OK ch=3 v=0.2264
    OK ch=5 v=0.2148
    OK ch=7 v=0.2501
    OK ch=1 v=0.2674
    OK ch=3 v=0.2285
    OK ch=5 v=0.2157
    OK ch=1 v=0.2620
    OK ch=3 v=0.2213
    OK ch=5 v=0.2143
    OK ch=7 v=0.2509
    OK ch=1 v=0.2557
    OK ch=3 v=0.2164
    OK ch=7 v=0.2499
    OK ch=1 v=0.2565
    OK ch=3 v=0.2184
    OK ch=5 v=0.2164
    OK ch=7 v=0.2475
    OK ch=1 v=0.2729
    OK ch=3 v=0.2206
    OK ch=5 v=0.2151
    OK ch=7 v=0.2491
    OK ch=1 v=0.2758
    OK ch=3 v=0.2220
    OK ch=5 v=0.2161
    OK ch=1 v=0.2717
    OK ch=3 v=0.2178
    OK ch=5 v=0.2150
    OK ch=1 v=0.2529
    OK ch=3 v=0.2173
    OK ch=5 v=0.2136
    OK ch=7 v=0.2499
    OK ch=1 v=0.2903
    OK ch=3 v=0.2287
    OK ch=7 v=0.2515
    OK ch=1 v=0.2702
    OK ch=3 v=0.2249
    OK ch=5 v=0.2147
    OK ch=7 v=0.2481
    OK ch=1 v=0.2900
    OK ch=5 v=0.2132
    OK ch=7 v=0.2506
    OK ch=1 v=0.2764
    OK ch=3 v=0.2241
    OK ch=5 v=0.2112
    OK ch=7 v=0.2475
    OK ch=1 v=0.2835
    OK ch=3 v=0.2282
    OK ch=7 v=0.2526
    OK ch=1 v=0.2496
    OK ch=3 v=0.2167
    OK ch=1 v=0.2674
    OK ch=3 v=0.2209
    OK ch=5 v=0.2119
    OK ch=1 v=0.2859
    OK ch=3 v=0.2243
    OK ch=5 v=0.2106
    OK ch=7 v=0.2509
    OK ch=1 v=0.2802
    OK ch=5 v=0.2087
    OK ch=7 v=0.2526
    OK ch=1 v=0.2714
    OK ch=3 v=0.2315
    OK ch=5 v=0.2097
    OK ch=7 v=0.2512
    OK ch=1 v=0.2652
    OK ch=3 v=0.2240
    OK ch=5 v=0.2103
    OK ch=7 v=0.2539
    OK ch=1 v=0.2626
    OK ch=3 v=0.2199
    OK ch=5 v=0.2085
    OK ch=7 v=0.2507
    OK ch=1 v=0.2675
    OK ch=3 v=0.2226
    OK ch=5 v=0.2109
    OK ch=7 v=0.2488
    OK ch=1 v=0.2790
    OK ch=3 v=0.2254
    OK ch=5 v=0.2097
    OK ch=7 v=0.2514
    OK ch=1 v=0.2735
    OK ch=3 v=0.2215
    OK ch=5 v=0.2129
    OK ch=7 v=0.2503
    OK ch=1 v=0.2725
    OK ch=3 v=0.2270
    OK ch=1 v=0.2512
    OK ch=3 v=0.2179
    OK ch=5 v=0.2135
    OK ch=1 v=0.2520
    OK ch=3 v=0.2134
    OK ch=5 v=0.2155
    OK ch=7 v=0.2479
    OK ch=1 v=0.2755
    OK ch=3 v=0.2250
    OK ch=7 v=0.2506
    OK ch=1 v=0.2803
    OK ch=3 v=0.2256
    OK ch=5 v=0.2145
    OK ch=7 v=0.2499
    OK ch=1 v=0.2701
    OK ch=3 v=0.2213
    OK ch=5 v=0.2158
    OK ch=1 v=0.2578
    OK ch=5 v=0.2168
    OK ch=1 v=0.2530
    OK ch=3 v=0.2202
    OK ch=1 v=0.2675
    OK ch=3 v=0.2216
    OK ch=5 v=0.2155
    OK ch=7 v=0.2516
    OK ch=1 v=0.2562
    OK ch=3 v=0.2204
    OK ch=5 v=0.2166
    OK ch=7 v=0.2506
    OK ch=1 v=0.2869
    OK ch=3 v=0.2294
    OK ch=5 v=0.2135
    OK ch=7 v=0.2469
    OK ch=1 v=0.2804
    OK ch=3 v=0.2230
    OK ch=7 v=0.2488
    OK ch=1 v=0.3043
    OK ch=3 v=0.2265
    OK ch=5 v=0.2157
    OK ch=7 v=0.2474
    OK ch=1 v=0.2933
    OK ch=3 v=0.2238
    OK ch=5 v=0.2128
    OK ch=7 v=0.2495
[  160.5s] DAMPING     ch0:LOCK g=-0.0300 bp=+0.053V ratio=0.03  ch1:LOCK g=-0.0300 bp=+0.004V ratio=0.01  ch2:LOCK g=+0.0100 bp=-0.040V ratio=0.02  ch3:LOCK g=-0.0300 bp=-0.011V ratio=0.01
    OK ch=1 v=0.2487
    OK ch=3 v=0.2194
    OK ch=5 v=0.2121
    OK ch=7 v=0.2516
    OK ch=1 v=0.2700
    OK ch=3 v=0.2233
    OK ch=5 v=0.2127
    OK ch=1 v=0.2705
    OK ch=3 v=0.2300
    OK ch=5 v=0.2108
    OK ch=7 v=0.2528
    OK ch=1 v=0.2741
    OK ch=3 v=0.2244
    OK ch=5 v=0.2099
    OK ch=7 v=0.2512
    OK ch=1 v=0.2560
    OK ch=3 v=0.2134
    OK ch=5 v=0.2090
    OK ch=7 v=0.2495
    OK ch=1 v=0.2454
    OK ch=3 v=0.2172
    OK ch=5 v=0.2074
    OK ch=7 v=0.2531
    OK ch=1 v=0.2926
    OK ch=3 v=0.2271
    OK ch=5 v=0.2089
    OK ch=7 v=0.2517
    OK ch=1 v=0.2778
    OK ch=3 v=0.2265
    OK ch=7 v=0.2534
    OK ch=1 v=0.2825
    OK ch=3 v=0.2241
    OK ch=7 v=0.2540
    OK ch=1 v=0.2645
    OK ch=3 v=0.2221
    OK ch=5 v=0.2110
    OK ch=7 v=0.2506
    OK ch=1 v=0.2834
    OK ch=3 v=0.2265
    OK ch=5 v=0.2100
    OK ch=7 v=0.2543
    OK ch=1 v=0.2415
    OK ch=3 v=0.2179
    OK ch=5 v=0.2124
    OK ch=7 v=0.2512
    OK ch=1 v=0.2712
    OK ch=3 v=0.2228
    OK ch=5 v=0.2132
    OK ch=1 v=0.3080
    OK ch=3 v=0.2238
    OK ch=7 v=0.2498
    OK ch=1 v=0.2758
    OK ch=3 v=0.2250
    OK ch=5 v=0.2151
    OK ch=7 v=0.2471
    OK ch=1 v=0.2544
    OK ch=3 v=0.2211
    OK ch=5 v=0.2158
    OK ch=7 v=0.2499
    OK ch=1 v=0.2769
    OK ch=3 v=0.2326
    OK ch=5 v=0.2145
    OK ch=7 v=0.2507
    OK ch=3 v=0.2254
    OK ch=5 v=0.2158
    OK ch=7 v=0.2472
    OK ch=1 v=0.2376
    OK ch=3 v=0.2135
    OK ch=5 v=0.2173
    OK ch=7 v=0.2488
    OK ch=1 v=0.2548
    OK ch=3 v=0.2157
    OK ch=5 v=0.2152
    OK ch=1 v=0.2750
    OK ch=3 v=0.2195
    OK ch=5 v=0.2176
    OK ch=7 v=0.2494
    OK ch=1 v=0.2514
    OK ch=5 v=0.2156
    OK ch=1 v=0.2729
    OK ch=3 v=0.2228
    OK ch=7 v=0.2505
    OK ch=1 v=0.3008
    OK ch=3 v=0.2314
    OK ch=5 v=0.2150
    OK ch=7 v=0.2488
    OK ch=1 v=0.2969
    OK ch=5 v=0.2123
    OK ch=7 v=0.2503
    OK ch=1 v=0.2829
    OK ch=3 v=0.2244
    OK ch=5 v=0.2130
    OK ch=7 v=0.2520
    OK ch=1 v=0.2677
    OK ch=3 v=0.2208
    OK ch=1 v=0.2548
    OK ch=7 v=0.2495
    OK ch=1 v=0.2541
    OK ch=3 v=0.2184
    OK ch=5 v=0.2110
    OK ch=1 v=0.2862
    OK ch=3 v=0.2214
    OK ch=5 v=0.2103
    OK ch=7 v=0.2516
    OK ch=1 v=0.2848
    OK ch=3 v=0.2239
    OK ch=5 v=0.2092
    OK ch=1 v=0.2637
    OK ch=3 v=0.2206
    OK ch=5 v=0.2082
    OK ch=7 v=0.2526
    OK ch=1 v=0.2537
    OK ch=3 v=0.2218
    OK ch=5 v=0.2087
    OK ch=7 v=0.2509
    OK ch=1 v=0.2813
    OK ch=3 v=0.2307
    OK ch=5 v=0.2063
    OK ch=1 v=0.2703
    OK ch=3 v=0.2229
    OK ch=5 v=0.2077
    OK ch=7 v=0.2540
    OK ch=1 v=0.2668
    OK ch=3 v=0.2187
    OK ch=5 v=0.2117
    OK ch=7 v=0.2512
    OK ch=1 v=0.2943
    OK ch=3 v=0.2264
    OK ch=5 v=0.2094
    OK ch=7 v=0.2527
    OK ch=1 v=0.2779
    OK ch=3 v=0.2208
    OK ch=5 v=0.2107
    OK ch=7 v=0.2509
    OK ch=1 v=0.2451
    OK ch=3 v=0.2193
    OK ch=5 v=0.2139
    OK ch=7 v=0.2504
    OK ch=1 v=0.2574
    OK ch=3 v=0.2205
    OK ch=7 v=0.2549
    OK ch=1 v=0.2530
    OK ch=3 v=0.2226
    OK ch=5 v=0.2152
    OK ch=7 v=0.2508
    OK ch=1 v=0.2775
    OK ch=3 v=0.2316
    OK ch=5 v=0.2140
    OK ch=7 v=0.2484
    OK ch=1 v=0.2710
    OK ch=3 v=0.2208
    OK ch=7 v=0.2498
    OK ch=1 v=0.2569
    OK ch=5 v=0.2164
    OK ch=1 v=0.2588
    OK ch=3 v=0.2174
    OK ch=5 v=0.2172
    OK ch=7 v=0.2480
    OK ch=1 v=0.2541
    OK ch=3 v=0.2184
    OK ch=5 v=0.2153
    OK ch=1 v=0.2814
    OK ch=3 v=0.2248
    OK ch=7 v=0.2489
    OK ch=1 v=0.2599
    OK ch=7 v=0.2472
    OK ch=1 v=0.2737
    OK ch=3 v=0.2187
    OK ch=1 v=0.2990
    OK ch=3 v=0.2232
    OK ch=5 v=0.2145
    OK ch=7 v=0.2494
    OK ch=1 v=0.2851
    OK ch=3 v=0.2261
    OK ch=5 v=0.2137
    OK ch=1 v=0.3014
    OK ch=5 v=0.2157
    OK ch=7 v=0.2512
    OK ch=1 v=0.2778
    OK ch=3 v=0.2238
    OK ch=5 v=0.2130
    OK ch=7 v=0.2527
    OK ch=1 v=0.2597
    OK ch=3 v=0.2207
    OK ch=5 v=0.2139
    OK ch=7 v=0.2501
    OK ch=1 v=0.2867
    OK ch=3 v=0.2302
    OK ch=5 v=0.2115
    OK ch=7 v=0.2522
    OK ch=1 v=0.2635
    OK ch=3 v=0.2235
    OK ch=5 v=0.2095
    OK ch=7 v=0.2498
    OK ch=1 v=0.2743
    OK ch=3 v=0.2196
    OK ch=5 v=0.2111
    OK ch=1 v=0.2907
    OK ch=3 v=0.2221
    OK ch=5 v=0.2093
    OK ch=7 v=0.2511
    OK ch=1 v=0.2721
    OK ch=3 v=0.2242
    OK ch=7 v=0.2502
    OK ch=1 v=0.2689
    OK ch=3 v=0.2254
    OK ch=5 v=0.2104
    OK ch=7 v=0.2526
    OK ch=1 v=0.2265
    OK ch=3 v=0.2120
    OK ch=5 v=0.2087
    OK ch=7 v=0.2560
    OK ch=1 v=0.2918
    OK ch=3 v=0.2298
    OK ch=5 v=0.2097
    OK ch=7 v=0.2534
    OK ch=1 v=0.2700
    OK ch=3 v=0.2261
    OK ch=5 v=0.2107
    OK ch=7 v=0.2506
    OK ch=1 v=0.2965
    OK ch=3 v=0.2312
    OK ch=7 v=0.2523
    OK ch=1 v=0.2639
    OK ch=3 v=0.2224
    OK ch=5 v=0.2123
    OK ch=7 v=0.2507
    OK ch=3 v=0.2215
    OK ch=5 v=0.2129
    OK ch=7 v=0.2502
    OK ch=1 v=0.2575
    OK ch=3 v=0.2180
    OK ch=5 v=0.2138
    OK ch=1 v=0.2607
    OK ch=3 v=0.2196
    OK ch=5 v=0.2143
    OK ch=7 v=0.2489
    OK ch=1 v=0.2411
    OK ch=3 v=0.2281
    OK ch=5 v=0.2138
    OK ch=7 v=0.2515
    OK ch=1 v=0.2768
    OK ch=3 v=0.2255
    OK ch=5 v=0.2157
    OK ch=7 v=0.2481
    OK ch=1 v=0.2903
    OK ch=3 v=0.2181
    OK ch=5 v=0.2177
    OK ch=7 v=0.2472
    OK ch=1 v=0.2943
    OK ch=3 v=0.2242
    OK ch=5 v=0.2152
    OK ch=7 v=0.2494
    OK ch=1 v=0.2609
    OK ch=3 v=0.2191
    OK ch=7 v=0.2480
    OK ch=1 v=0.2582
    OK ch=3 v=0.2180
    OK ch=5 v=0.2182
    OK ch=7 v=0.2486
    OK ch=1 v=0.2631
    OK ch=3 v=0.2253
    OK ch=5 v=0.2151
    OK ch=7 v=0.2507
    OK ch=1 v=0.2602
    OK ch=3 v=0.2202
    OK ch=5 v=0.2138
    OK ch=7 v=0.2501
    OK ch=1 v=0.2838
    OK ch=3 v=0.2250
    OK ch=7 v=0.2491
    OK ch=1 v=0.2740
    OK ch=3 v=0.2218
    OK ch=5 v=0.2122
    OK ch=1 v=0.2769
    OK ch=3 v=0.2203
    OK ch=5 v=0.2113
    OK ch=1 v=0.2640
    OK ch=3 v=0.2195
    OK ch=5 v=0.2121
    OK ch=7 v=0.2505
    OK ch=1 v=0.2984
    OK ch=3 v=0.2277
    OK ch=5 v=0.2086
    OK ch=7 v=0.2523
    OK ch=1 v=0.2440
    OK ch=3 v=0.2231
    OK ch=5 v=0.2103
    OK ch=7 v=0.2533
    OK ch=1 v=0.2738
    OK ch=3 v=0.2280
    OK ch=7 v=0.2526
    OK ch=3 v=0.2226
    OK ch=5 v=0.2089
    OK ch=7 v=0.2519
    OK ch=1 v=0.2661
    OK ch=3 v=0.2191
    OK ch=5 v=0.2103
    OK ch=7 v=0.2536
    OK ch=1 v=0.2836
    OK ch=3 v=0.2255
    OK ch=1 v=0.2829
    OK ch=3 v=0.2202
    OK ch=5 v=0.2075
    OK ch=7 v=0.2544
    OK ch=1 v=0.2677
    OK ch=3 v=0.2195
    OK ch=5 v=0.2104
    OK ch=7 v=0.2518
    OK ch=1 v=0.2556
    OK ch=3 v=0.2287
    OK ch=5 v=0.2109
    OK ch=7 v=0.2507
    OK ch=1 v=0.2754
    OK ch=3 v=0.2213
    OK ch=1 v=0.2841
    OK ch=3 v=0.2260
    OK ch=5 v=0.2131
    OK ch=7 v=0.2501
    OK ch=1 v=0.2780
    OK ch=3 v=0.2254
    OK ch=7 v=0.2489
    OK ch=1 v=0.2831
    OK ch=3 v=0.2246
    OK ch=5 v=0.2123
    OK ch=7 v=0.2515
    OK ch=1 v=0.2588
    OK ch=3 v=0.2190
    OK ch=5 v=0.2148
    OK ch=7 v=0.2482
    OK ch=1 v=0.2654
    OK ch=3 v=0.2170
    OK ch=5 v=0.2156
    OK ch=7 v=0.2473
    OK ch=1 v=0.2779
    OK ch=3 v=0.2259
    OK ch=7 v=0.2495
    OK ch=1 v=0.2497
    OK ch=3 v=0.2196
    OK ch=7 v=0.2503
    OK ch=1 v=0.2580
    OK ch=3 v=0.2214
    OK ch=5 v=0.2147
    OK ch=7 v=0.2518
    OK ch=1 v=0.2791
    OK ch=3 v=0.2249
    OK ch=5 v=0.2160
    OK ch=7 v=0.2506
    OK ch=1 v=0.2630
    OK ch=3 v=0.2261
    OK ch=7 v=0.2481
    OK ch=1 v=0.2732
    OK ch=3 v=0.2242
    OK ch=5 v=0.2145
    OK ch=7 v=0.2460
    OK ch=1 v=0.2742
    OK ch=3 v=0.2175
    OK ch=5 v=0.2137
    OK ch=7 v=0.2484
    OK ch=1 v=0.2932
    OK ch=3 v=0.2241
    OK ch=7 v=0.2510
    OK ch=1 v=0.2591
    OK ch=3 v=0.2251
    OK ch=5 v=0.2117
    OK ch=7 v=0.2527
    OK ch=1 v=0.2751
    OK ch=3 v=0.2269
    OK ch=5 v=0.2134
    OK ch=7 v=0.2502
    OK ch=1 v=0.2869
    OK ch=3 v=0.2246
    OK ch=5 v=0.2114
    OK ch=7 v=0.2511
    OK ch=1 v=0.2679
    OK ch=3 v=0.2223
    OK ch=7 v=0.2523
    OK ch=1 v=0.2517
    OK ch=3 v=0.2184
    OK ch=5 v=0.2133
    OK ch=7 v=0.2533
    OK ch=1 v=0.2688
    OK ch=3 v=0.2203
    OK ch=5 v=0.2084
    OK ch=7 v=0.2525
    OK ch=1 v=0.2729
    OK ch=3 v=0.2263
    OK ch=1 v=0.2872
    OK ch=3 v=0.2257
    OK ch=5 v=0.2097
    OK ch=7 v=0.2501
    OK ch=1 v=0.2727
    OK ch=3 v=0.2222
    OK ch=5 v=0.2109
    OK ch=7 v=0.2515
    OK ch=1 v=0.2739
    OK ch=5 v=0.2102
    OK ch=7 v=0.2490
    OK ch=1 v=0.2611
    OK ch=5 v=0.2125
    OK ch=7 v=0.2513
    OK ch=1 v=0.2564
    OK ch=3 v=0.2200
    OK ch=5 v=0.2106
    OK ch=7 v=0.2504
    OK ch=1 v=0.2782
    OK ch=3 v=0.2230
    OK ch=5 v=0.2131
    OK ch=7 v=0.2490
    OK ch=1 v=0.2937
    OK ch=3 v=0.2306
    OK ch=7 v=0.2505
    OK ch=1 v=0.2687
    OK ch=3 v=0.2251
    OK ch=5 v=0.2115
    OK ch=7 v=0.2520
    OK ch=1 v=0.2814
    OK ch=5 v=0.2142
    OK ch=7 v=0.2507
    OK ch=1 v=0.2624
    OK ch=3 v=0.2232
    OK ch=5 v=0.2155
    OK ch=7 v=0.2528
    OK ch=1 v=0.2172
    OK ch=3 v=0.2131
    OK ch=1 v=0.2391
    OK ch=3 v=0.2154
    OK ch=7 v=0.2472
    OK ch=1 v=0.2670
    OK ch=3 v=0.2172
    OK ch=1 v=0.2938
    OK ch=3 v=0.2263
    OK ch=5 v=0.2140
    OK ch=7 v=0.2495
    OK ch=1 v=0.2964
    OK ch=3 v=0.2233
    OK ch=5 v=0.2147
    OK ch=1 v=0.2793
    OK ch=3 v=0.2276
    OK ch=5 v=0.2139
    OK ch=1 v=0.2832
    OK ch=3 v=0.2286
    OK ch=7 v=0.2501
    OK ch=1 v=0.2889
    OK ch=3 v=0.2261
    OK ch=5 v=0.2119
    OK ch=7 v=0.2528
[  165.5s] DAMPING     ch0:LOCK g=-0.0300 bp=+0.034V ratio=0.03  ch1:LOCK g=-0.0300 bp=+0.005V ratio=0.01  ch2:LOCK g=+0.0100 bp=-0.019V ratio=0.02  ch3:LOCK g=-0.0300 bp=+0.000V ratio=0.01
    OK ch=1 v=0.2658
    OK ch=3 v=0.2231
    OK ch=5 v=0.2134
    OK ch=7 v=0.2515
    OK ch=1 v=0.2909
    OK ch=3 v=0.2224
    OK ch=5 v=0.2120
    OK ch=7 v=0.2498
    OK ch=1 v=0.2830
    OK ch=3 v=0.2236
    OK ch=5 v=0.2107
    OK ch=7 v=0.2509
    OK ch=1 v=0.2449
    OK ch=3 v=0.2177
    OK ch=5 v=0.2119
    OK ch=7 v=0.2499
    OK ch=1 v=0.2665
    OK ch=3 v=0.2197
    OK ch=5 v=0.2105
    OK ch=7 v=0.2511
    OK ch=1 v=0.2684
    OK ch=3 v=0.2214
    OK ch=7 v=0.2488
    OK ch=1 v=0.2838
    OK ch=3 v=0.2270
    OK ch=7 v=0.2525
    OK ch=1 v=0.2745
    OK ch=3 v=0.2287
    OK ch=5 v=0.2089
    OK ch=7 v=0.2541
    OK ch=1 v=0.2393
    OK ch=3 v=0.2189
    OK ch=5 v=0.2103
    OK ch=7 v=0.2521
    OK ch=1 v=0.2781
    OK ch=3 v=0.2244
    OK ch=5 v=0.2117
    OK ch=7 v=0.2499
    OK ch=1 v=0.2679
    OK ch=3 v=0.2249
    OK ch=5 v=0.2107
    OK ch=7 v=0.2508
    OK ch=1 v=0.2929
    OK ch=3 v=0.2289
    OK ch=5 v=0.2133
    OK ch=7 v=0.2485
    OK ch=1 v=0.2814
    OK ch=7 v=0.2500
    OK ch=1 v=0.2710
    OK ch=3 v=0.2190
    OK ch=5 v=0.2123
    OK ch=7 v=0.2480
    OK ch=1 v=0.2392
    OK ch=3 v=0.2182
    OK ch=5 v=0.2141
    OK ch=7 v=0.2507
    OK ch=1 v=0.2831
    OK ch=3 v=0.2243
    OK ch=7 v=0.2535
    OK ch=1 v=0.2668
    OK ch=5 v=0.2159
    OK ch=7 v=0.2520
    OK ch=1 v=0.2889
    OK ch=3 v=0.2222
    OK ch=5 v=0.2173
    OK ch=7 v=0.2500
    OK ch=1 v=0.2577
    OK ch=3 v=0.2232
    OK ch=5 v=0.2155
    OK ch=7 v=0.2474
    OK ch=1 v=0.2717
    OK ch=3 v=0.2209
    OK ch=5 v=0.2163
    OK ch=7 v=0.2480
    OK ch=1 v=0.2753
    OK ch=7 v=0.2492
    OK ch=1 v=0.2914
    OK ch=3 v=0.2227
    OK ch=5 v=0.2150
    OK ch=7 v=0.2485
    OK ch=1 v=0.2481
    OK ch=5 v=0.2134
    OK ch=7 v=0.2492
    OK ch=1 v=0.2319
    OK ch=3 v=0.2200
    OK ch=5 v=0.2126
    OK ch=7 v=0.2498
    OK ch=1 v=0.2844
    OK ch=3 v=0.2229
    OK ch=5 v=0.2116
    OK ch=7 v=0.2504
    OK ch=1 v=0.2889
    OK ch=3 v=0.2259
    OK ch=5 v=0.2111
    OK ch=1 v=0.2982
    OK ch=3 v=0.2269
    OK ch=7 v=0.2533
    OK ch=1 v=0.2869
    OK ch=3 v=0.2188
    OK ch=1 v=0.2759
    OK ch=3 v=0.2247
    OK ch=7 v=0.2516
    OK ch=1 v=0.2259
    OK ch=5 v=0.2132
    OK ch=7 v=0.2543
    OK ch=1 v=0.2787
    OK ch=3 v=0.2280
    OK ch=5 v=0.2103
    OK ch=7 v=0.2538
    OK ch=1 v=0.2939
    OK ch=3 v=0.2267
    OK ch=5 v=0.2096
    OK ch=7 v=0.2524
    OK ch=1 v=0.2592
    OK ch=3 v=0.2215
    OK ch=5 v=0.2102
    OK ch=1 v=0.2663
    OK ch=3 v=0.2159
    OK ch=5 v=0.2087
    OK ch=7 v=0.2495
    OK ch=1 v=0.2616
    OK ch=3 v=0.2193
    OK ch=5 v=0.2102
    OK ch=7 v=0.2513
    OK ch=1 v=0.2573
    OK ch=5 v=0.2111
    OK ch=7 v=0.2501
    OK ch=1 v=0.2989
    OK ch=3 v=0.2202
    OK ch=5 v=0.2093
    OK ch=7 v=0.2511
    OK ch=1 v=0.2714
    OK ch=3 v=0.2240
    OK ch=5 v=0.2117
    OK ch=7 v=0.2499
    OK ch=1 v=0.2684
    OK ch=3 v=0.2233
    OK ch=7 v=0.2521
    OK ch=1 v=0.2841
    OK ch=3 v=0.2304
    OK ch=1 v=0.2720
    OK ch=3 v=0.2211
    OK ch=5 v=0.2127
    OK ch=7 v=0.2505
    OK ch=1 v=0.2686
    OK ch=3 v=0.2222
    OK ch=5 v=0.2149
    OK ch=7 v=0.2499
    OK ch=1 v=0.2811
    OK ch=3 v=0.2295
    OK ch=7 v=0.2443
    OK ch=1 v=0.2680
    OK ch=3 v=0.2227
    OK ch=5 v=0.2159
    OK ch=7 v=0.2488
    OK ch=1 v=0.2384
    OK ch=3 v=0.2154
    OK ch=5 v=0.2145
    OK ch=7 v=0.2506
    OK ch=1 v=0.2372
    OK ch=3 v=0.2215
    OK ch=5 v=0.2164
    OK ch=7 v=0.2499
    OK ch=1 v=0.2808
    OK ch=3 v=0.2233
    OK ch=5 v=0.2148
    OK ch=1 v=0.2950
    OK ch=5 v=0.2135
    OK ch=7 v=0.2480
    OK ch=1 v=0.2821
    OK ch=3 v=0.2200
    OK ch=5 v=0.2146
    OK ch=7 v=0.2496
    OK ch=1 v=0.2672
    OK ch=3 v=0.2250
    OK ch=5 v=0.2169
    OK ch=7 v=0.2504
    OK ch=1 v=0.2637
    OK ch=5 v=0.2141
    OK ch=7 v=0.2520
    OK ch=1 v=0.2700
    OK ch=3 v=0.2199
    OK ch=5 v=0.2129
    OK ch=7 v=0.2508
    OK ch=1 v=0.2803
    OK ch=3 v=0.2232
    OK ch=5 v=0.2116
    OK ch=7 v=0.2493
    OK ch=1 v=0.2733
    OK ch=3 v=0.2238
    OK ch=5 v=0.2111
    OK ch=7 v=0.2531
    OK ch=1 v=0.2769
    OK ch=3 v=0.2271
    OK ch=5 v=0.2122
    OK ch=7 v=0.2519
    OK ch=1 v=0.2904
    OK ch=3 v=0.2285
    OK ch=5 v=0.2088
    OK ch=7 v=0.2489
    OK ch=1 v=0.2426
    OK ch=3 v=0.2220
    OK ch=5 v=0.2098
    OK ch=7 v=0.2513
    OK ch=1 v=0.2885
    OK ch=3 v=0.2232
    OK ch=7 v=0.2538
    OK ch=1 v=0.2673
    OK ch=3 v=0.2197
    OK ch=5 v=0.2092
    OK ch=7 v=0.2522
    OK ch=1 v=0.2620
    OK ch=3 v=0.2234
    OK ch=7 v=0.2512
    OK ch=1 v=0.2613
    OK ch=3 v=0.2167
    OK ch=5 v=0.2114
    OK ch=1 v=0.2689
    OK ch=3 v=0.2147
    OK ch=7 v=0.2517
    OK ch=1 v=0.2633
    OK ch=3 v=0.2168
    OK ch=5 v=0.2132
    OK ch=1 v=0.2765
    OK ch=3 v=0.2277
    OK ch=7 v=0.2523
    OK ch=1 v=0.2879
    OK ch=3 v=0.2304
    OK ch=5 v=0.2123
    OK ch=7 v=0.2507
    OK ch=1 v=0.2675
    OK ch=3 v=0.2251
    OK ch=5 v=0.2136
    OK ch=7 v=0.2514
    OK ch=1 v=0.2647
    OK ch=3 v=0.2245
    OK ch=5 v=0.2154
    OK ch=1 v=0.2564
    OK ch=3 v=0.2191
    OK ch=5 v=0.2135
    OK ch=7 v=0.2496
    OK ch=1 v=0.2600
    OK ch=3 v=0.2203
    OK ch=1 v=0.2668
    OK ch=5 v=0.2142
    OK ch=1 v=0.2689
    OK ch=7 v=0.2475
    OK ch=1 v=0.2953
    OK ch=3 v=0.2259
    OK ch=5 v=0.2128
    OK ch=7 v=0.2485
    OK ch=1 v=0.2879
    OK ch=3 v=0.2210
    OK ch=5 v=0.2151
    OK ch=1 v=0.2970
    OK ch=3 v=0.2256
    OK ch=5 v=0.2144
    OK ch=1 v=0.2910
    OK ch=3 v=0.2284
    OK ch=7 v=0.2500
    OK ch=1 v=0.2471
    OK ch=3 v=0.2179
    OK ch=1 v=0.2495
    OK ch=3 v=0.2212
    OK ch=7 v=0.2485
    OK ch=1 v=0.2859
    OK ch=3 v=0.2253
    OK ch=5 v=0.2125
    OK ch=7 v=0.2501
    OK ch=1 v=0.2684
    OK ch=3 v=0.2232
    OK ch=5 v=0.2102
    OK ch=7 v=0.2520
    OK ch=1 v=0.2670
    OK ch=3 v=0.2205
    OK ch=5 v=0.2107
    OK ch=7 v=0.2508
    OK ch=3 v=0.2256
    OK ch=7 v=0.2517
    OK ch=1 v=0.2698
    OK ch=3 v=0.2249
    OK ch=5 v=0.2094
    OK ch=7 v=0.2541
    OK ch=1 v=0.2782
    OK ch=3 v=0.2205
    OK ch=5 v=0.2104
    OK ch=7 v=0.2502
    OK ch=1 v=0.2723
    OK ch=5 v=0.2097
    OK ch=7 v=0.2508
    OK ch=1 v=0.2825
    OK ch=3 v=0.2310
    OK ch=5 v=0.2114
    OK ch=7 v=0.2521
    OK ch=1 v=0.2734
    OK ch=3 v=0.2293
    OK ch=7 v=0.2530
    OK ch=1 v=0.2336
    OK ch=3 v=0.2211
    OK ch=5 v=0.2123
    OK ch=7 v=0.2524
    OK ch=1 v=0.2604
    OK ch=5 v=0.2115
    OK ch=1 v=0.3033
    OK ch=3 v=0.2279
    OK ch=7 v=0.2500
    OK ch=1 v=0.2849
    OK ch=3 v=0.2269
    OK ch=5 v=0.2121
    OK ch=1 v=0.2943
    OK ch=3 v=0.2278
    OK ch=7 v=0.2515
    OK ch=1 v=0.2779
    OK ch=3 v=0.2265
    OK ch=5 v=0.2140
    OK ch=1 v=0.2570
    OK ch=3 v=0.2226
    OK ch=1 v=0.2577
    OK ch=3 v=0.2203
    OK ch=5 v=0.2130
    OK ch=7 v=0.2473
    OK ch=1 v=0.2717
    OK ch=3 v=0.2214
    OK ch=5 v=0.2150
    OK ch=7 v=0.2506
    OK ch=1 v=0.2704
    OK ch=3 v=0.2092
    OK ch=5 v=0.2143
    OK ch=7 v=0.2488
    OK ch=1 v=0.2668
    OK ch=3 v=0.2224
    OK ch=5 v=0.2158
    OK ch=1 v=0.2554
    OK ch=1 v=0.2535
    OK ch=3 v=0.2212
    OK ch=5 v=0.2164
    OK ch=7 v=0.2466
    OK ch=1 v=0.2680
    OK ch=3 v=0.2196
    OK ch=5 v=0.2148
    OK ch=7 v=0.2480
    OK ch=1 v=0.2711
    OK ch=3 v=0.2231
    OK ch=5 v=0.2140
    OK ch=7 v=0.2493
    OK ch=1 v=0.2826
    OK ch=3 v=0.2286
    OK ch=7 v=0.2501
    OK ch=1 v=0.2795
    OK ch=3 v=0.2294
    OK ch=5 v=0.2132
    OK ch=1 v=0.2548
    OK ch=3 v=0.2183
    OK ch=7 v=0.2508
    OK ch=1 v=0.2554
    OK ch=3 v=0.2191
    OK ch=1 v=0.2671
    OK ch=3 v=0.2260
    OK ch=5 v=0.2122
    OK ch=7 v=0.2497
    OK ch=1 v=0.2905
    OK ch=3 v=0.2273
    OK ch=5 v=0.2101
    OK ch=7 v=0.2509
    OK ch=1 v=0.2859
    OK ch=3 v=0.2237
    OK ch=5 v=0.2114
    OK ch=1 v=0.2843
    OK ch=3 v=0.2287
    OK ch=5 v=0.2101
    OK ch=7 v=0.2535
    OK ch=1 v=0.2497
    OK ch=3 v=0.2185
    OK ch=7 v=0.2519
    OK ch=1 v=0.2404
    OK ch=3 v=0.2141
    OK ch=5 v=0.2112
    OK ch=7 v=0.2524
    OK ch=1 v=0.2484
    OK ch=3 v=0.2209
    OK ch=5 v=0.2091
    OK ch=7 v=0.2507
    OK ch=1 v=0.2706
    OK ch=3 v=0.2277
    OK ch=7 v=0.2526
    OK ch=1 v=0.2758
    OK ch=3 v=0.2230
    OK ch=7 v=0.2512
    OK ch=1 v=0.2909
    OK ch=5 v=0.2098
    OK ch=7 v=0.2530
    OK ch=1 v=0.3005
    OK ch=3 v=0.2266
    OK ch=5 v=0.2118
    OK ch=1 v=0.3025
    OK ch=3 v=0.2300
    OK ch=5 v=0.2128
    OK ch=7 v=0.2495
    OK ch=1 v=0.2573
    OK ch=3 v=0.2165
    OK ch=7 v=0.2502
    OK ch=1 v=0.2702
    OK ch=3 v=0.2182
    OK ch=5 v=0.2138
    OK ch=7 v=0.2527
    OK ch=1 v=0.2752
    OK ch=3 v=0.2239
    OK ch=5 v=0.2128
    OK ch=7 v=0.2501
    OK ch=1 v=0.2546
    OK ch=3 v=0.2200
    OK ch=5 v=0.2144
    OK ch=1 v=0.2510
    OK ch=3 v=0.2226
    OK ch=1 v=0.2696
    OK ch=3 v=0.2199
    OK ch=5 v=0.2155
    OK ch=7 v=0.2512
    OK ch=1 v=0.2687
    OK ch=3 v=0.2191
    OK ch=5 v=0.2144
    OK ch=7 v=0.2502
    OK ch=1 v=0.2665
    OK ch=3 v=0.2149
    OK ch=7 v=0.2490
    OK ch=1 v=0.2833
    OK ch=3 v=0.2286
    OK ch=5 v=0.2150
    OK ch=7 v=0.2480
    OK ch=1 v=0.2660
    OK ch=3 v=0.2245
    OK ch=7 v=0.2464
    OK ch=1 v=0.2788
    OK ch=3 v=0.2342
    OK ch=7 v=0.2498
    OK ch=1 v=0.2773
    OK ch=3 v=0.2284
    OK ch=5 v=0.2140
    OK ch=1 v=0.2897
    OK ch=3 v=0.2291
    OK ch=5 v=0.2132
    OK ch=7 v=0.2513
    OK ch=1 v=0.2707
    OK ch=3 v=0.2268
    OK ch=5 v=0.2125
[  170.5s] DAMPING     ch0:LOCK g=-0.0300 bp=+0.006V ratio=0.03  ch1:LOCK g=-0.0300 bp=+0.013V ratio=0.02  ch2:LOCK g=+0.0100 bp=-0.025V ratio=0.02  ch3:LOCK g=-0.0300 bp=-0.005V ratio=0.01
    OK ch=1 v=0.2658
    OK ch=3 v=0.2263
    OK ch=1 v=0.2584
    OK ch=3 v=0.2171
    OK ch=1 v=0.2881
    OK ch=3 v=0.2218
    OK ch=5 v=0.2114
    OK ch=1 v=0.3032
    OK ch=3 v=0.2250
    OK ch=5 v=0.2128
    OK ch=7 v=0.2521
    OK ch=1 v=0.2763
    OK ch=3 v=0.2202
    OK ch=7 v=0.2507
    OK ch=1 v=0.2595
    OK ch=3 v=0.2235
    OK ch=5 v=0.2098
    OK ch=1 v=0.2569
    OK ch=3 v=0.2181
    OK ch=5 v=0.2108
    OK ch=7 v=0.2516
    OK ch=1 v=0.2667
    OK ch=3 v=0.2255
    OK ch=7 v=0.2503
    OK ch=1 v=0.2830
    OK ch=3 v=0.2263
    OK ch=5 v=0.2093
    OK ch=7 v=0.2537
    OK ch=1 v=0.2999
    OK ch=3 v=0.2287
    OK ch=5 v=0.2087
    OK ch=7 v=0.2488
    OK ch=1 v=0.2699
    OK ch=3 v=0.2210
    OK ch=5 v=0.2111
    OK ch=7 v=0.2508
    OK ch=1 v=0.2708
    OK ch=3 v=0.2190
    OK ch=1 v=0.2435
    OK ch=3 v=0.2134
    OK ch=5 v=0.2123
    OK ch=7 v=0.2499
    OK ch=1 v=0.2526
    OK ch=3 v=0.2218
    OK ch=7 v=0.2520
    OK ch=1 v=0.2572
    OK ch=3 v=0.2239
    OK ch=5 v=0.2113
    OK ch=1 v=0.2695
    OK ch=3 v=0.2291
    OK ch=5 v=0.2122
    OK ch=7 v=0.2504
    OK ch=1 v=0.2736
    OK ch=3 v=0.2258
    OK ch=5 v=0.2152
    OK ch=1 v=0.2847
    OK ch=3 v=0.2243
    OK ch=5 v=0.2136
    OK ch=7 v=0.2489
    OK ch=1 v=0.2548
    OK ch=3 v=0.2199
    OK ch=7 v=0.2503
    OK ch=1 v=0.2803
    OK ch=3 v=0.2234
    OK ch=5 v=0.2149
    OK ch=7 v=0.2495
    OK ch=1 v=0.2784
    OK ch=3 v=0.2240
    OK ch=5 v=0.2165
    OK ch=7 v=0.2509
    OK ch=1 v=0.2673
    OK ch=3 v=0.2179
    OK ch=1 v=0.2589
    OK ch=3 v=0.2223
    OK ch=5 v=0.2160
    OK ch=7 v=0.2522
    OK ch=1 v=0.2580
    OK ch=3 v=0.2196
    OK ch=5 v=0.2152
    OK ch=7 v=0.2497
    OK ch=1 v=0.2757
    OK ch=3 v=0.2239
    OK ch=5 v=0.2144
    OK ch=7 v=0.2484
    OK ch=1 v=0.2719
    OK ch=3 v=0.2233
    OK ch=5 v=0.2120
    OK ch=7 v=0.2513
    OK ch=1 v=0.2537
    OK ch=3 v=0.2197
    OK ch=7 v=0.2493
    OK ch=1 v=0.2830
    OK ch=3 v=0.2272
    OK ch=1 v=0.2814
    OK ch=3 v=0.2249
    OK ch=5 v=0.2097
    OK ch=7 v=0.2508
    OK ch=1 v=0.2855
    OK ch=3 v=0.2211
    OK ch=5 v=0.2108
    OK ch=7 v=0.2513
    OK ch=1 v=0.2903
    OK ch=3 v=0.2234
    OK ch=7 v=0.2500
    OK ch=1 v=0.2505
    OK ch=3 v=0.2190
    OK ch=1 v=0.2594
    OK ch=3 v=0.2212
    OK ch=7 v=0.2513
    OK ch=1 v=0.2871
    OK ch=3 v=0.2285
    OK ch=5 v=0.2114
    OK ch=1 v=0.2837
    OK ch=5 v=0.2100
    OK ch=7 v=0.2526
    OK ch=1 v=0.2587
    OK ch=3 v=0.2214
    OK ch=7 v=0.2535
    OK ch=1 v=0.2399
    OK ch=5 v=0.2110
    OK ch=7 v=0.2529
    OK ch=1 v=0.2570
    OK ch=3 v=0.2179
    OK ch=5 v=0.2100
    OK ch=7 v=0.2485
    OK ch=1 v=0.2657
    OK ch=3 v=0.2167
    OK ch=5 v=0.2110
    OK ch=7 v=0.2515
    OK ch=1 v=0.2905
    OK ch=3 v=0.2282
    OK ch=1 v=0.2756
    OK ch=3 v=0.2233
    OK ch=1 v=0.2721
    OK ch=3 v=0.2263
    OK ch=1 v=0.2978
    OK ch=3 v=0.2279
    OK ch=5 v=0.2101
    OK ch=1 v=0.2710
    OK ch=3 v=0.2198
    OK ch=5 v=0.2133
    OK ch=7 v=0.2494
    OK ch=1 v=0.2669
    OK ch=3 v=0.2225
    OK ch=5 v=0.2151
    OK ch=1 v=0.2503
    OK ch=3 v=0.2232
    OK ch=7 v=0.2507
    OK ch=1 v=0.2829
    OK ch=3 v=0.2257
    OK ch=5 v=0.2158
    OK ch=7 v=0.2498
    OK ch=1 v=0.2775
    OK ch=3 v=0.2230
    OK ch=5 v=0.2151
    OK ch=7 v=0.2475
    OK ch=1 v=0.2903
    OK ch=3 v=0.2213
    OK ch=7 v=0.2517
    OK ch=1 v=0.2377
    OK ch=3 v=0.2167
    OK ch=5 v=0.2159
    OK ch=7 v=0.2486
    OK ch=3 v=0.2203
    OK ch=7 v=0.2522
    OK ch=1 v=0.2764
    OK ch=3 v=0.2240
    OK ch=5 v=0.2141
    OK ch=7 v=0.2502
    OK ch=1 v=0.2908
    OK ch=3 v=0.2262
    OK ch=7 v=0.2485
    OK ch=1 v=0.2779
    OK ch=3 v=0.2247
    OK ch=7 v=0.2500
    OK ch=1 v=0.2860
    OK ch=3 v=0.2215
    OK ch=5 v=0.2129
    OK ch=7 v=0.2494
    OK ch=1 v=0.2616
    OK ch=3 v=0.2224
    OK ch=5 v=0.2110
    OK ch=1 v=0.2978
    OK ch=3 v=0.2252
    OK ch=5 v=0.2130
    OK ch=7 v=0.2501
    OK ch=1 v=0.2678
    OK ch=3 v=0.2274
    OK ch=1 v=0.2732
    OK ch=3 v=0.2269
    OK ch=5 v=0.2106
    OK ch=7 v=0.2530
    OK ch=1 v=0.2460
    OK ch=3 v=0.2194
    OK ch=1 v=0.2672
    OK ch=3 v=0.2222
    OK ch=5 v=0.2094
    OK ch=7 v=0.2537
    OK ch=1 v=0.2805
    OK ch=3 v=0.2245
    OK ch=7 v=0.2516
    OK ch=3 v=0.2221
    OK ch=1 v=0.2828
    OK ch=3 v=0.2227
    OK ch=7 v=0.2490
    OK ch=1 v=0.2771
    OK ch=7 v=0.2499
    OK ch=1 v=0.2473
    OK ch=3 v=0.2196
    OK ch=7 v=0.2514
    OK ch=1 v=0.2518
    OK ch=3 v=0.2217
    OK ch=1 v=0.2726
    OK ch=3 v=0.2271
    OK ch=5 v=0.2108
    OK ch=1 v=0.2912
    OK ch=3 v=0.2257
    OK ch=5 v=0.2113
    OK ch=1 v=0.2798
    OK ch=7 v=0.2520
    OK ch=1 v=0.2927
    OK ch=3 v=0.2298
    OK ch=5 v=0.2119
    OK ch=7 v=0.2507
    OK ch=1 v=0.2678
    OK ch=3 v=0.2261
    OK ch=5 v=0.2132
    OK ch=7 v=0.2524
    OK ch=1 v=0.2574
    OK ch=3 v=0.2172
    OK ch=5 v=0.2145
    OK ch=7 v=0.2496
    OK ch=1 v=0.2860
    OK ch=3 v=0.2268
    OK ch=1 v=0.2682
    OK ch=1 v=0.2643
    OK ch=3 v=0.2212
    OK ch=7 v=0.2506
    OK ch=1 v=0.2554
    OK ch=3 v=0.2182
    OK ch=5 v=0.2158
    OK ch=7 v=0.2501
    OK ch=1 v=0.2648
    OK ch=3 v=0.2191
    OK ch=5 v=0.2164
    OK ch=7 v=0.2513
    OK ch=1 v=0.2470
    OK ch=3 v=0.2184
    OK ch=5 v=0.2147
    OK ch=7 v=0.2489
    OK ch=1 v=0.2797
    OK ch=3 v=0.2258
    OK ch=5 v=0.2139
    OK ch=1 v=0.2851
    OK ch=3 v=0.2229
    OK ch=5 v=0.2157
    OK ch=7 v=0.2472
    OK ch=1 v=0.2943
    OK ch=3 v=0.2258
    OK ch=5 v=0.2152
    OK ch=7 v=0.2492
    OK ch=1 v=0.2433
    OK ch=3 v=0.2218
    OK ch=7 v=0.2479
    OK ch=1 v=0.2699
    OK ch=3 v=0.2202
    OK ch=5 v=0.2127
    OK ch=7 v=0.2509
    OK ch=1 v=0.2842
    OK ch=3 v=0.2185
    OK ch=5 v=0.2119
    OK ch=1 v=0.2592
    OK ch=3 v=0.2196
    OK ch=5 v=0.2112
    OK ch=1 v=0.2915
    OK ch=3 v=0.2246
    OK ch=1 v=0.2819
    OK ch=3 v=0.2267
    OK ch=5 v=0.2098
    OK ch=7 v=0.2520
    OK ch=1 v=0.2687
    OK ch=3 v=0.2285
    OK ch=5 v=0.2092
    OK ch=7 v=0.2531
    OK ch=1 v=0.2714
    OK ch=3 v=0.2268
    OK ch=7 v=0.2525
    OK ch=1 v=0.2956
    OK ch=3 v=0.2278
    OK ch=5 v=0.2113
    OK ch=7 v=0.2506
    OK ch=1 v=0.2621
    OK ch=3 v=0.2191
    OK ch=7 v=0.2513
    OK ch=1 v=0.2410
    OK ch=3 v=0.2148
    OK ch=5 v=0.2099
    OK ch=1 v=0.2737
    OK ch=3 v=0.2219
    OK ch=5 v=0.2093
    OK ch=7 v=0.2498
    OK ch=1 v=0.2869
    OK ch=3 v=0.2230
    OK ch=5 v=0.2101
    OK ch=7 v=0.2531
    OK ch=1 v=0.2754
    OK ch=3 v=0.2209
    OK ch=5 v=0.2122
    OK ch=7 v=0.2539
    OK ch=1 v=0.2702
    OK ch=3 v=0.2260
    OK ch=7 v=0.2493
    OK ch=1 v=0.2500
    OK ch=3 v=0.2298
    OK ch=5 v=0.2132
    OK ch=7 v=0.2510
    OK ch=1 v=0.2642
    OK ch=3 v=0.2236
    OK ch=5 v=0.2127
    OK ch=7 v=0.2489
    OK ch=1 v=0.2684
    OK ch=3 v=0.2209
    OK ch=5 v=0.2132
    OK ch=1 v=0.2642
    OK ch=3 v=0.2173
    OK ch=5 v=0.2138
    OK ch=7 v=0.2495
    OK ch=1 v=0.2764
    OK ch=3 v=0.2255
    OK ch=7 v=0.2512
    OK ch=1 v=0.2668
    OK ch=5 v=0.2155
    OK ch=1 v=0.2653
    OK ch=3 v=0.2212
    OK ch=5 v=0.2165
    OK ch=7 v=0.2501
    OK ch=1 v=0.2729
    OK ch=3 v=0.2262
    OK ch=5 v=0.2145
    OK ch=7 v=0.2509
    OK ch=1 v=0.2983
    OK ch=3 v=0.2270
    OK ch=5 v=0.2150
    OK ch=7 v=0.2475
    OK ch=1 v=0.2584
    OK ch=3 v=0.2186
    OK ch=5 v=0.2159
    OK ch=7 v=0.2503
    OK ch=1 v=0.2699
    OK ch=3 v=0.2161
    OK ch=5 v=0.2144
    OK ch=7 v=0.2510
    OK ch=1 v=0.2886
    OK ch=3 v=0.2228
    OK ch=5 v=0.2138
    OK ch=7 v=0.2487
    OK ch=1 v=0.2565
    OK ch=3 v=0.2184
    OK ch=5 v=0.2117
    OK ch=7 v=0.2513
    OK ch=1 v=0.2610
    OK ch=3 v=0.2228
    OK ch=5 v=0.2128
    OK ch=1 v=0.2515
    OK ch=3 v=0.2191
    OK ch=7 v=0.2491
    OK ch=1 v=0.2739
    OK ch=3 v=0.2253
    OK ch=5 v=0.2101
    OK ch=7 v=0.2500
    OK ch=1 v=0.3114
    OK ch=3 v=0.2332
    OK ch=5 v=0.2092
    OK ch=7 v=0.2494
    OK ch=1 v=0.2687
    OK ch=3 v=0.2275
    OK ch=5 v=0.2118
    OK ch=7 v=0.2532
    OK ch=1 v=0.2623
    OK ch=3 v=0.2223
    OK ch=5 v=0.2108
    OK ch=7 v=0.2519
    OK ch=1 v=0.2697
    OK ch=3 v=0.2191
    OK ch=1 v=0.2560
    OK ch=3 v=0.2287
    OK ch=7 v=0.2496
    OK ch=1 v=0.2614
    OK ch=3 v=0.2195
    OK ch=5 v=0.2102
    OK ch=7 v=0.2502
    OK ch=1 v=0.2954
    OK ch=3 v=0.2242
    OK ch=5 v=0.2112
    OK ch=1 v=0.2504
    OK ch=3 v=0.2175
    OK ch=5 v=0.2134
    OK ch=1 v=0.2638
    OK ch=3 v=0.2212
    OK ch=5 v=0.2111
    OK ch=7 v=0.2517
    OK ch=5 v=0.2121
    OK ch=1 v=0.2599
    OK ch=3 v=0.2249
    OK ch=5 v=0.2129
    OK ch=1 v=0.2765
    OK ch=3 v=0.2240
    OK ch=7 v=0.2510
    OK ch=1 v=0.2816
    OK ch=3 v=0.2319
    OK ch=5 v=0.2120
    OK ch=7 v=0.2496
    OK ch=1 v=0.2839
    OK ch=3 v=0.2225
    OK ch=5 v=0.2140
    OK ch=1 v=0.2914
    OK ch=3 v=0.2267
    OK ch=5 v=0.2146
    OK ch=1 v=0.2670
    OK ch=3 v=0.2255
    OK ch=5 v=0.2161
    OK ch=7 v=0.2501
    OK ch=1 v=0.2632
    OK ch=3 v=0.2183
    OK ch=7 v=0.2481
    OK ch=1 v=0.2371
    OK ch=3 v=0.2160
    OK ch=5 v=0.2154
    OK ch=7 v=0.2497
    OK ch=1 v=0.2576
    OK ch=3 v=0.2134
    OK ch=5 v=0.2145
    OK ch=7 v=0.2505
    OK ch=1 v=0.2913
    OK ch=3 v=0.2247
    OK ch=7 v=0.2519
    OK ch=1 v=0.2805
    OK ch=3 v=0.2267
    OK ch=5 v=0.2125
    OK ch=1 v=0.2609
    OK ch=3 v=0.2215
    OK ch=5 v=0.2138
    OK ch=7 v=0.2503
    OK ch=1 v=0.2644
    OK ch=3 v=0.2290
    OK ch=5 v=0.2128
    OK ch=1 v=0.2613
    OK ch=3 v=0.2275
    OK ch=5 v=0.2112
    OK ch=7 v=0.2490
[  175.6s] DAMPING     ch0:LOCK g=-0.0300 bp=-0.033V ratio=0.02  ch1:LOCK g=-0.0300 bp=+0.004V ratio=0.01  ch2:LOCK g=+0.0100 bp=-0.021V ratio=0.02  ch3:LOCK g=-0.0300 bp=-0.004V ratio=0.00
    OK ch=1 v=0.2669
    OK ch=3 v=0.2197
    OK ch=5 v=0.2120
    OK ch=1 v=0.2719
    OK ch=3 v=0.2191
    OK ch=5 v=0.2110
    OK ch=7 v=0.2498
    OK ch=1 v=0.2826
    OK ch=3 v=0.2262
    OK ch=5 v=0.2102
    OK ch=7 v=0.2526
    OK ch=1 v=0.2807
    OK ch=3 v=0.2217
    OK ch=7 v=0.2536
    OK ch=1 v=0.2762
    OK ch=3 v=0.2248
    OK ch=5 v=0.2114
    OK ch=7 v=0.2517
    OK ch=1 v=0.2674
    OK ch=3 v=0.2237
    OK ch=5 v=0.2104
    OK ch=7 v=0.2531
    OK ch=1 v=0.2832
    OK ch=5 v=0.2113
    OK ch=7 v=0.2512
    OK ch=1 v=0.2755
    OK ch=3 v=0.2266
    OK ch=5 v=0.2101
    OK ch=7 v=0.2506
    OK ch=1 v=0.2588
    OK ch=3 v=0.2203
    OK ch=5 v=0.2123
    OK ch=7 v=0.2492
    OK ch=1 v=0.2496
    OK ch=3 v=0.2177
    OK ch=1 v=0.2746
    OK ch=3 v=0.2254
    OK ch=5 v=0.2112
    OK ch=7 v=0.2508
    OK ch=1 v=0.2671
    OK ch=3 v=0.2214
    OK ch=1 v=0.2820
    OK ch=3 v=0.2281
    OK ch=5 v=0.2120
    OK ch=7 v=0.2488
    OK ch=1 v=0.2918
    OK ch=3 v=0.2275
    OK ch=5 v=0.2133
    OK ch=1 v=0.2893
    OK ch=3 v=0.2249
    OK ch=5 v=0.2127
    OK ch=7 v=0.2527
    OK ch=1 v=0.2712
    OK ch=3 v=0.2234
    OK ch=5 v=0.2151
    OK ch=1 v=0.2756
    OK ch=3 v=0.2241
    OK ch=7 v=0.2511
    OK ch=1 v=0.2751
    OK ch=3 v=0.2227
    OK ch=5 v=0.2158
    OK ch=7 v=0.2517
    OK ch=1 v=0.2486
    OK ch=3 v=0.2142
    OK ch=7 v=0.2479
    OK ch=1 v=0.2512
    OK ch=3 v=0.2236
    OK ch=5 v=0.2144
    OK ch=7 v=0.2491
    OK ch=1 v=0.2788
    OK ch=5 v=0.2132
    OK ch=1 v=0.2783
    OK ch=3 v=0.2197
    OK ch=5 v=0.2140
    OK ch=7 v=0.2467
    OK ch=1 v=0.2641
    OK ch=3 v=0.2244
    OK ch=7 v=0.2498
    OK ch=1 v=0.2537
    OK ch=3 v=0.2214
    OK ch=5 v=0.2129
    OK ch=7 v=0.2519
    OK ch=1 v=0.2833
    OK ch=3 v=0.2295
    OK ch=5 v=0.2110
    OK ch=7 v=0.2486
    OK ch=1 v=0.3032
    OK ch=3 v=0.2286
    OK ch=5 v=0.2119
    OK ch=7 v=0.2511
    OK ch=1 v=0.2798
    OK ch=3 v=0.2239
    OK ch=1 v=0.2591
    OK ch=3 v=0.2204
    OK ch=5 v=0.2125
    OK ch=7 v=0.2503
    OK ch=1 v=0.2744
    OK ch=3 v=0.2234
    OK ch=5 v=0.2116
    OK ch=7 v=0.2512
    OK ch=1 v=0.2627
    OK ch=3 v=0.2191
    OK ch=5 v=0.2107
    OK ch=1 v=0.2672
    OK ch=3 v=0.2240
    OK ch=5 v=0.2119
    OK ch=7 v=0.2534
    OK ch=3 v=0.2190
    OK ch=5 v=0.2107
    OK ch=1 v=0.2782
    OK ch=5 v=0.2090
    OK ch=7 v=0.2513
    OK ch=1 v=0.2564
    OK ch=3 v=0.2199
    OK ch=5 v=0.2096
    OK ch=7 v=0.2504
    OK ch=1 v=0.2922
    OK ch=3 v=0.2342
    OK ch=5 v=0.2118
    OK ch=1 v=0.2592
    OK ch=3 v=0.2276
    OK ch=5 v=0.2127
    OK ch=7 v=0.2514
    OK ch=1 v=0.2671
    OK ch=3 v=0.2196
    OK ch=1 v=0.2694
    OK ch=3 v=0.2233
    OK ch=5 v=0.2117
    OK ch=1 v=0.2506
    OK ch=3 v=0.2196
    OK ch=5 v=0.2130
    OK ch=7 v=0.2485
    OK ch=1 v=0.2844
    OK ch=3 v=0.2258
    OK ch=5 v=0.2138
    OK ch=7 v=0.2498
    OK ch=1 v=0.2704
    OK ch=3 v=0.2222
    OK ch=7 v=0.2503
    OK ch=1 v=0.2573
    OK ch=5 v=0.2129
    OK ch=1 v=0.2628
    OK ch=3 v=0.2195
    OK ch=5 v=0.2152
    OK ch=7 v=0.2494
    OK ch=1 v=0.2760
    OK ch=7 v=0.2506
    OK ch=1 v=0.3059
    OK ch=3 v=0.2266
    OK ch=7 v=0.2497
    OK ch=1 v=0.2628
    OK ch=3 v=0.2183
    OK ch=5 v=0.2158
    OK ch=1 v=0.2586
    OK ch=3 v=0.2226
    OK ch=7 v=0.2512
    OK ch=1 v=0.2721
    OK ch=5 v=0.2147
    OK ch=7 v=0.2502
    OK ch=1 v=0.2703
    OK ch=5 v=0.2141
    OK ch=1 v=0.2770
    OK ch=3 v=0.2241
    OK ch=5 v=0.2129
    OK ch=7 v=0.2490
    OK ch=1 v=0.2600
    OK ch=3 v=0.2185
    OK ch=5 v=0.2134
    OK ch=1 v=0.2588
    OK ch=3 v=0.2163
    OK ch=5 v=0.2125
    OK ch=7 v=0.2497
    OK ch=1 v=0.2830
    OK ch=3 v=0.2277
    OK ch=5 v=0.2109
    OK ch=7 v=0.2514
    OK ch=1 v=0.2571
    OK ch=3 v=0.2249
    OK ch=5 v=0.2094
    OK ch=7 v=0.2527
    OK ch=1 v=0.2774
    OK ch=3 v=0.2238
    OK ch=5 v=0.2086
    OK ch=1 v=0.2869
    OK ch=3 v=0.2270
    OK ch=5 v=0.2106
    OK ch=7 v=0.2540
    OK ch=1 v=0.2567
    OK ch=3 v=0.2205
    OK ch=7 v=0.2531
    OK ch=1 v=0.2957

>>> KICK 3/3 REQUESTED at t=180.0s <<<

    OK ch=3 v=0.2271
    OK ch=7 v=0.2485
    OK ch=1 v=0.2682
    OK ch=3 v=0.2204
    OK ch=7 v=0.2491
    OK ch=1 v=0.2664
    OK ch=3 v=0.2304
    OK ch=5 v=0.2087
    OK ch=7 v=0.2520
    OK ch=1 v=0.2621
    OK ch=3 v=0.2263
    OK ch=5 v=0.2109
    OK ch=7 v=0.2532
    OK ch=1 v=0.2912
    OK ch=3 v=0.2230
    OK ch=5 v=0.2122
    OK ch=7 v=0.2489
    OK ch=1 v=0.2483
    OK ch=3 v=0.2141
    OK ch=5 v=0.2128
    OK ch=7 v=0.2509
    OK ch=1 v=0.2464
    OK ch=3 v=0.2191
    OK ch=5 v=0.2136
    OK ch=7 v=0.2500
    OK ch=1 v=0.2974
    OK ch=3 v=0.2251
    OK ch=5 v=0.2127
    OK ch=1 v=0.2846
    OK ch=3 v=0.2233
    OK ch=5 v=0.2139
    OK ch=7 v=0.2525
    OK ch=1 v=0.2963
    OK ch=3 v=0.2286
    OK ch=5 v=0.2129
    OK ch=7 v=0.2501
    OK ch=1 v=0.2714
    OK ch=3 v=0.2206
    OK ch=5 v=0.2151
    OK ch=7 v=0.2509
    OK ch=1 v=0.2578
    OK ch=3 v=0.2246
    OK ch=7 v=0.2497
    OK ch=1 v=0.2526
    OK ch=3 v=0.2213
    OK ch=5 v=0.2167
    OK ch=7 v=0.2485
    OK ch=1 v=0.2857
    OK ch=3 v=0.2245
    OK ch=5 v=0.2146
    OK ch=1 v=0.2757
    OK ch=3 v=0.2199
    OK ch=5 v=0.2153
    OK ch=7 v=0.2472
    OK ch=1 v=0.2575
    OK ch=3 v=0.2211
    OK ch=7 v=0.2493
    OK ch=1 v=0.2601
    OK ch=3 v=0.2195
    OK ch=5 v=0.2143
    OK ch=1 v=0.2878
    OK ch=3 v=0.2285
    OK ch=7 v=0.2482
    OK ch=1 v=0.2748
    OK ch=3 v=0.2221
    OK ch=7 v=0.2512
    OK ch=1 v=0.2560
    OK ch=3 v=0.2232
    OK ch=5 v=0.2133
    OK ch=1 v=0.2577
    OK ch=3 v=0.2138
    OK ch=5 v=0.2126
    OK ch=7 v=0.2507
    OK ch=1 v=0.2626
    OK ch=3 v=0.2266
    OK ch=5 v=0.2117
    OK ch=1 v=0.2889
    OK ch=3 v=0.2291
    OK ch=5 v=0.2112
    OK ch=1 v=0.2982
    OK ch=3 v=0.2304
    OK ch=5 v=0.2102
    OK ch=1 v=0.2906
    OK ch=3 v=0.2298
    OK ch=5 v=0.2088
    OK ch=7 v=0.2521
    OK ch=1 v=0.2532
    OK ch=3 v=0.2223
    OK ch=5 v=0.2095
    OK ch=7 v=0.2542
    OK ch=1 v=0.2742
    OK ch=3 v=0.2197
    OK ch=5 v=0.2085
    OK ch=1 v=0.2715
    OK ch=5 v=0.2099
    OK ch=7 v=0.2510
    OK ch=1 v=0.2430
    OK ch=3 v=0.2171
    OK ch=5 v=0.2107
    OK ch=7 v=0.2523
    OK ch=1 v=0.2636
    OK ch=3 v=0.2186
    OK ch=5 v=0.2113
    OK ch=7 v=0.2507
    OK ch=1 v=0.2867
    OK ch=3 v=0.2218
    OK ch=5 v=0.2104
    OK ch=7 v=0.2479
    OK ch=1 v=0.2632
    OK ch=3 v=0.2264
    OK ch=5 v=0.2114
    OK ch=7 v=0.2518
    OK ch=1 v=0.2606
    OK ch=3 v=0.2180
    OK ch=5 v=0.2129
    OK ch=1 v=0.2800
    OK ch=3 v=0.2214
    OK ch=7 v=0.2480
    OK ch=1 v=0.2900
    OK ch=3 v=0.2277
    OK ch=7 v=0.2488
    OK ch=1 v=0.2969
    OK ch=3 v=0.2293
    OK ch=5 v=0.2137
    OK ch=7 v=0.2507
    OK ch=1 v=0.2540
    OK ch=3 v=0.2274
    OK ch=5 v=0.2152
    OK ch=7 v=0.2523
    OK ch=1 v=0.2855
    OK ch=5 v=0.2162
    OK ch=7 v=0.2485
    OK ch=1 v=0.2705
    OK ch=3 v=0.2238
    OK ch=7 v=0.2507
    OK ch=1 v=0.2713
    OK ch=5 v=0.2144
    OK ch=7 v=0.2512
    OK ch=1 v=0.2495
    OK ch=3 v=0.2136
    OK ch=5 v=0.2151
    OK ch=1 v=0.2569
    OK ch=3 v=0.2147
    OK ch=5 v=0.2143
    OK ch=7 v=0.2474
    OK ch=1 v=0.2826
    OK ch=3 v=0.2238
    OK ch=5 v=0.2137
    OK ch=1 v=0.2665
    OK ch=7 v=0.2486
    OK ch=1 v=0.2633
    OK ch=3 v=0.2172
    OK ch=7 v=0.2481
    OK ch=1 v=0.3002
    OK ch=3 v=0.2162
    OK ch=5 v=0.2122
    OK ch=7 v=0.2499
    OK ch=1 v=0.2778
    OK ch=3 v=0.2232
    OK ch=5 v=0.2113
    OK ch=7 v=0.2507
    OK ch=1 v=0.2394
    OK ch=3 v=0.2189
    OK ch=5 v=0.2122
    OK ch=7 v=0.2522
    OK ch=1 v=0.2473
    OK ch=3 v=0.2221
    OK ch=5 v=0.2113
    OK ch=1 v=0.2869
    OK ch=3 v=0.2244
    OK ch=7 v=0.2528
    OK ch=1 v=0.2909
    OK ch=3 v=0.2332
    OK ch=5 v=0.2107
    OK ch=1 v=0.2831
    OK ch=3 v=0.2291
    OK ch=5 v=0.2098
    OK ch=1 v=0.2873
    OK ch=3 v=0.2275
    OK ch=7 v=0.2512
    OK ch=1 v=0.3004
    OK ch=3 v=0.2293
    OK ch=7 v=0.2493
    OK ch=1 v=0.2699
    OK ch=3 v=0.2279
    OK ch=5 v=0.2113
    OK ch=7 v=0.2516
    OK ch=1 v=0.2491
    OK ch=3 v=0.2219
    OK ch=5 v=0.2123
    OK ch=7 v=0.2529
    OK ch=1 v=0.2747
    OK ch=3 v=0.2209
    OK ch=7 v=0.2522
    OK ch=1 v=0.2414
    OK ch=3 v=0.2164
    OK ch=5 v=0.2111
    OK ch=7 v=0.2491
    OK ch=1 v=0.2654
    OK ch=3 v=0.2234
    OK ch=5 v=0.2129
    OK ch=7 v=0.2477
    OK ch=1 v=0.2712
    OK ch=3 v=0.2245
    OK ch=7 v=0.2519
    OK ch=1 v=0.2750
    OK ch=3 v=0.2207
    OK ch=7 v=0.2499
    OK ch=1 v=0.2787
    OK ch=1 v=0.2908
    OK ch=3 v=0.2194
    OK ch=7 v=0.2506
    OK ch=1 v=0.2666
    OK ch=3 v=0.2247
    OK ch=7 v=0.2500
    OK ch=1 v=0.2880
    OK ch=3 v=0.2315
    OK ch=5 v=0.2072
    OK ch=7 v=0.2524
    OK ch=1 v=0.2784
    OK ch=3 v=0.2276
    OK ch=5 v=0.2062
    OK ch=7 v=0.2569
    OK ch=1 v=0.2538
    OK ch=3 v=0.2168
    OK ch=5 v=0.2188
    OK ch=7 v=0.2472
    OK ch=1 v=0.2518
    OK ch=5 v=0.2261
    OK ch=7 v=0.2454
    OK ch=1 v=0.2694
    OK ch=3 v=0.2271
    OK ch=5 v=0.2109
    OK ch=7 v=0.2525
    OK ch=1 v=0.2756
    OK ch=3 v=0.2245
    OK ch=5 v=0.2028
    OK ch=7 v=0.2547
    OK ch=1 v=0.2605
    OK ch=3 v=0.2049
    OK ch=5 v=0.2347
    OK ch=7 v=0.2385
    OK ch=1 v=0.2028
    OK ch=3 v=0.1918
    OK ch=5 v=0.2589
    OK ch=7 v=0.2249
    OK ch=1 v=0.2857
    OK ch=3 v=0.2665
    OK ch=5 v=0.1760
    OK ch=7 v=0.2845
    OK ch=1 v=0.3790
    OK ch=3 v=0.3597
    OK ch=5 v=0.0827
    OK ch=7 v=0.3778
    OK ch=1 v=0.4731
    OK ch=3 v=0.3399
    OK ch=5 v=0.0668
    OK ch=7 v=0.2928
[  180.6s] DAMPING     ch0:LOCK g=-0.0309 bp=+1.285V ratio=0.32  ch1:LOCK g=-0.0308 bp=+0.550V ratio=0.26  ch2:LOCK g=+0.0101 bp=+0.975V ratio=0.22  ch3:LOCK g=-0.0300 bp=+0.363V ratio=0.18
    OK ch=1 v=0.3851
    OK ch=3 v=0.2519
    OK ch=5 v=0.1548
    OK ch=7 v=0.2048
    OK ch=1 v=0.3021
    OK ch=3 v=0.1690
    OK ch=5 v=0.2378
    OK ch=7 v=0.1218
    OK ch=1 v=0.2088
    OK ch=3 v=0.0757
    OK ch=5 v=0.3311
    OK ch=7 v=0.0285
    OK ch=1 v=0.3024
    OK ch=3 v=0.1693
    OK ch=5 v=0.2375
    OK ch=7 v=0.1222
    OK ch=1 v=0.3962
    OK ch=3 v=0.2631
    OK ch=5 v=0.1437
    OK ch=7 v=0.2159
    OK ch=1 v=0.4847
    OK ch=3 v=0.3516
    OK ch=5 v=0.0552
    OK ch=7 v=0.3044
    OK ch=1 v=0.5000
    OK ch=3 v=0.4398
    OK ch=5 v=0.0742
    OK ch=7 v=0.3926
    OK ch=1 v=0.4122
    OK ch=3 v=0.4233
    OK ch=5 v=0.1134
    OK ch=7 v=0.4804
    OK ch=1 v=0.5000
    OK ch=3 v=0.5000
    OK ch=5 v=0.0200
    OK ch=7 v=0.4712
    OK ch=3 v=0.4061
    OK ch=5 v=0.0000
    OK ch=7 v=0.3773
    OK ch=3 v=0.3345
    OK ch=5 v=0.0673
    OK ch=7 v=0.3057
    OK ch=3 v=0.2629
    OK ch=5 v=0.1388
    OK ch=7 v=0.2341
    OK ch=1 v=0.4283
    OK ch=3 v=0.1913
    OK ch=5 v=0.2105
    OK ch=7 v=0.1625
    OK ch=1 v=0.3402
    OK ch=3 v=0.1032
    OK ch=5 v=0.2684
    OK ch=7 v=0.0744
    OK ch=1 v=0.2525
    OK ch=3 v=0.0178
    OK ch=5 v=0.3462
    OK ch=7 v=0.0000
    OK ch=1 v=0.2063
    OK ch=3 v=0.1117
    OK ch=5 v=0.4182
    OK ch=1 v=0.1558
    OK ch=3 v=0.1778
    OK ch=5 v=0.4843
    OK ch=7 v=0.0661
    OK ch=1 v=0.0620
    OK ch=3 v=0.2429
    OK ch=5 v=0.4749
    OK ch=7 v=0.1599
    OK ch=1 v=0.0000
    OK ch=3 v=0.2544
    OK ch=5 v=0.3817
    OK ch=7 v=0.2532
    OK ch=3 v=0.2327
    OK ch=5 v=0.2880
    OK ch=7 v=0.3469
    OK ch=3 v=0.2105
    OK ch=5 v=0.2215
    OK ch=7 v=0.4134
    OK ch=1 v=0.0713
    OK ch=3 v=0.2675
    OK ch=5 v=0.1501
    OK ch=7 v=0.4847
    OK ch=1 v=0.1650
    OK ch=3 v=0.1738
    OK ch=5 v=0.1122
    OK ch=7 v=0.3910
    OK ch=1 v=0.2583
    OK ch=3 v=0.0805
    OK ch=5 v=0.1758
    OK ch=7 v=0.2977
    OK ch=1 v=0.3471
    OK ch=3 v=0.0000
    OK ch=5 v=0.1348
    OK ch=7 v=0.2089
    OK ch=1 v=0.4351
    OK ch=3 v=0.0880
    OK ch=5 v=0.0590
    OK ch=7 v=0.2581
    OK ch=1 v=0.5000
    OK ch=3 v=0.1760
    OK ch=5 v=0.0000
    OK ch=7 v=0.1700
    OK ch=3 v=0.2698
    OK ch=7 v=0.2638
    OK ch=1 v=0.4506
    OK ch=3 v=0.3192
    OK ch=7 v=0.3132
    OK ch=1 v=0.3792
    OK ch=3 v=0.3574
    OK ch=5 v=0.0663
    OK ch=7 v=0.3846
    OK ch=1 v=0.3171
    OK ch=3 v=0.3518
    OK ch=5 v=0.1435
    OK ch=7 v=0.4726
    OK ch=1 v=0.4103
    OK ch=3 v=0.4451
    OK ch=5 v=0.1814
    OK ch=7 v=0.4290
    OK ch=1 v=0.3221
    OK ch=3 v=0.5000
    OK ch=5 v=0.2310
    OK ch=7 v=0.3408
    OK ch=1 v=0.4106
    OK ch=5 v=0.3194
    OK ch=7 v=0.2524
    OK ch=1 v=0.4817
    OK ch=5 v=0.3905
    OK ch=7 v=0.1813
    OK ch=1 v=0.5000
    OK ch=3 v=0.4334
    OK ch=5 v=0.4571
    OK ch=7 v=0.1360
    OK ch=1 v=0.4611
    OK ch=3 v=0.3405
    OK ch=5 v=0.3641
    OK ch=7 v=0.0431
    OK ch=1 v=0.3726
    OK ch=3 v=0.2520
    OK ch=5 v=0.2756
    OK ch=7 v=0.1316
    OK ch=1 v=0.2847
    OK ch=3 v=0.1641
    OK ch=5 v=0.1877
    OK ch=7 v=0.0437
    OK ch=1 v=0.1964
    OK ch=3 v=0.0759
    OK ch=5 v=0.0995
    OK ch=7 v=0.1319
    OK ch=1 v=0.1083
    OK ch=3 v=0.0000
    OK ch=5 v=0.0113
    OK ch=7 v=0.2201
    OK ch=1 v=0.1971
    OK ch=3 v=0.0888
    OK ch=5 v=0.1001
    OK ch=7 v=0.1865
    OK ch=1 v=0.2845
    OK ch=3 v=0.1762
    OK ch=5 v=0.1876
    OK ch=7 v=0.0990
    OK ch=1 v=0.3728
    OK ch=3 v=0.2075
    OK ch=5 v=0.2759
    OK ch=7 v=0.0619
    OK ch=1 v=0.2902
    OK ch=3 v=0.2902
    OK ch=5 v=0.3408
    OK ch=7 v=0.1445
    OK ch=1 v=0.2701
    OK ch=3 v=0.3781
    OK ch=5 v=0.2528
    OK ch=7 v=0.2325
    OK ch=1 v=0.1814
    OK ch=3 v=0.2895
    OK ch=5 v=0.1642
    OK ch=7 v=0.1690
    OK ch=1 v=0.2694
    OK ch=3 v=0.2016
    OK ch=5 v=0.0763
    OK ch=7 v=0.2569
    OK ch=1 v=0.3574
    OK ch=3 v=0.2352
    OK ch=5 v=0.0000
    OK ch=7 v=0.3450
    OK ch=1 v=0.4405
    OK ch=3 v=0.3182
    OK ch=5 v=0.0831
    OK ch=7 v=0.2619
    OK ch=1 v=0.5000
    OK ch=3 v=0.4112
    OK ch=5 v=0.1761
    OK ch=7 v=0.1689
    OK ch=3 v=0.3225
    OK ch=5 v=0.0873
    OK ch=7 v=0.2577
    OK ch=1 v=0.4339
    OK ch=3 v=0.2564
    OK ch=5 v=0.0213
    OK ch=7 v=0.3237
    OK ch=1 v=0.3460
    OK ch=3 v=0.1685
    OK ch=5 v=0.0000
    OK ch=7 v=0.2358
    OK ch=1 v=0.3485
    OK ch=3 v=0.0805
    OK ch=5 v=0.0880
    OK ch=7 v=0.1478
    OK ch=1 v=0.2656
    OK ch=3 v=0.0000
    OK ch=5 v=0.1710
    OK ch=7 v=0.0648
    OK ch=1 v=0.2291
    OK ch=3 v=0.0017
    OK ch=5 v=0.2589
    OK ch=7 v=0.0000
    OK ch=1 v=0.3227
    OK ch=3 v=0.0952
    OK ch=5 v=0.1654
    OK ch=1 v=0.3996
    OK ch=3 v=0.1721
    OK ch=5 v=0.0885
    OK ch=7 v=0.0769
    OK ch=1 v=0.3057
    OK ch=3 v=0.2660
    OK ch=5 v=0.1098
    OK ch=7 v=0.1708
    OK ch=1 v=0.2121
    OK ch=3 v=0.2385
    OK ch=5 v=0.0982
    OK ch=7 v=0.2644
    OK ch=1 v=0.1239
    OK ch=3 v=0.1503
    OK ch=5 v=0.1224
    OK ch=7 v=0.3526
    OK ch=1 v=0.2121
    OK ch=3 v=0.1213
    OK ch=5 v=0.0342
    OK ch=7 v=0.4408
    OK ch=1 v=0.2998
    OK ch=3 v=0.2091
    OK ch=5 v=0.0000
    OK ch=7 v=0.3530
    OK ch=1 v=0.3881
    OK ch=3 v=0.2974
    OK ch=5 v=0.0883
    OK ch=7 v=0.2647
    OK ch=1 v=0.4762
    OK ch=3 v=0.2942
    OK ch=5 v=0.1764
    OK ch=7 v=0.1766
    OK ch=1 v=0.5000
    OK ch=3 v=0.2524
    OK ch=5 v=0.2701
    OK ch=7 v=0.0829
    OK ch=3 v=0.2083
    OK ch=5 v=0.2696
    OK ch=7 v=0.0000
    OK ch=3 v=0.2301
    OK ch=5 v=0.2136
    OK ch=1 v=0.4500
    OK ch=3 v=0.2490
    OK ch=5 v=0.1869
    OK ch=1 v=0.3789
    OK ch=3 v=0.2600
    OK ch=5 v=0.1158
    OK ch=7 v=0.0711
    OK ch=1 v=0.2853
    OK ch=3 v=0.1664
    OK ch=5 v=0.2094
    OK ch=7 v=0.1648
    OK ch=1 v=0.1917
    OK ch=3 v=0.1003
    OK ch=5 v=0.2262
    OK ch=7 v=0.2583
    OK ch=1 v=0.0983
    OK ch=3 v=0.1344
    OK ch=5 v=0.1969
    OK ch=7 v=0.3518
    OK ch=1 v=0.0045
    OK ch=3 v=0.1834
    OK ch=5 v=0.1880
    OK ch=7 v=0.4455
    OK ch=1 v=0.0708
    OK ch=3 v=0.1829
    OK ch=5 v=0.1557
    OK ch=7 v=0.5000
    OK ch=1 v=0.1698
    OK ch=3 v=0.2396
    OK ch=5 v=0.2470
    OK ch=7 v=0.4010
    OK ch=1 v=0.2587
    OK ch=3 v=0.2784
    OK ch=5 v=0.1827
    OK ch=7 v=0.3121
    OK ch=1 v=0.3515
    OK ch=3 v=0.2399
    OK ch=5 v=0.2076
    OK ch=7 v=0.2193
    OK ch=1 v=0.4400
    OK ch=3 v=0.2523
    OK ch=5 v=0.1876
    OK ch=7 v=0.1308
    OK ch=1 v=0.3752
    OK ch=3 v=0.2581
    OK ch=5 v=0.1664
    OK ch=7 v=0.2189
    OK ch=1 v=0.2819
    OK ch=3 v=0.1648
    OK ch=5 v=0.0731
    OK ch=7 v=0.3122
    OK ch=1 v=0.1879
    OK ch=3 v=0.0708
    OK ch=5 v=0.1671
    OK ch=7 v=0.4062
    OK ch=1 v=0.0998
    OK ch=3 v=0.1115
    OK ch=5 v=0.2509
    OK ch=7 v=0.4943
    OK ch=1 v=0.0118
    OK ch=3 v=0.1947
    OK ch=5 v=0.2011
    OK ch=7 v=0.5000
    OK ch=1 v=0.1054
    OK ch=3 v=0.2094
    OK ch=5 v=0.1832
    OK ch=7 v=0.4511
    OK ch=1 v=0.1935
    OK ch=3 v=0.2975
    OK ch=5 v=0.1549
    OK ch=7 v=0.3630
    OK ch=1 v=0.2819
    OK ch=3 v=0.2091
    OK ch=5 v=0.0719
    OK ch=7 v=0.2746
    OK ch=1 v=0.3701
    OK ch=3 v=0.2851
    OK ch=5 v=0.1601
    OK ch=7 v=0.1864
    OK ch=1 v=0.4580
    OK ch=3 v=0.3084
    OK ch=5 v=0.2481
    OK ch=7 v=0.0984
    OK ch=1 v=0.4889
    OK ch=3 v=0.2310
    OK ch=5 v=0.2630
    OK ch=7 v=0.0602
    OK ch=1 v=0.5000
    OK ch=3 v=0.2442
    OK ch=5 v=0.1794
    OK ch=7 v=0.0000
    OK ch=3 v=0.2402
    OK ch=5 v=0.1345
    OK ch=3 v=0.2543
    OK ch=5 v=0.1636
    OK ch=7 v=0.0498
    OK ch=3 v=0.3091
    OK ch=5 v=0.1778
    OK ch=7 v=0.1159
    OK ch=1 v=0.4429
    OK ch=3 v=0.3502
    OK ch=5 v=0.1743
    OK ch=7 v=0.1876
    OK ch=1 v=0.3490
    OK ch=3 v=0.3589
    OK ch=5 v=0.1631
    OK ch=7 v=0.2815
    OK ch=1 v=0.2610
    OK ch=3 v=0.3121
    OK ch=5 v=0.2445
    OK ch=7 v=0.3696
    OK ch=1 v=0.1727
    OK ch=3 v=0.2238
    OK ch=5 v=0.2218
    OK ch=7 v=0.4578
    OK ch=1 v=0.0849
    OK ch=3 v=0.1941
    OK ch=5 v=0.1874
    OK ch=7 v=0.3699
    OK ch=1 v=0.1301
    OK ch=3 v=0.1660
    OK ch=5 v=0.1647
    OK ch=7 v=0.2818
    OK ch=1 v=0.1030
    OK ch=3 v=0.1598
    OK ch=5 v=0.1733
    OK ch=7 v=0.3698
    OK ch=1 v=0.1834
    OK ch=3 v=0.1682
    OK ch=5 v=0.1407
    OK ch=7 v=0.2816
    OK ch=1 v=0.2252
    OK ch=3 v=0.1614
    OK ch=5 v=0.0764
    OK ch=7 v=0.1935
    OK ch=1 v=0.1931
    OK ch=3 v=0.1291
    OK ch=5 v=0.0282
    OK ch=7 v=0.1306
    OK ch=1 v=0.1599
    OK ch=3 v=0.0523
    OK ch=5 v=0.0411
    OK ch=7 v=0.1468
    OK ch=1 v=0.0719
    OK ch=3 v=0.0000
    OK ch=5 v=0.1168
    OK ch=7 v=0.1725
    OK ch=1 v=0.0420
    OK ch=3 v=0.0285
    OK ch=5 v=0.1780
    OK ch=7 v=0.2220
    OK ch=1 v=0.0000
    OK ch=3 v=0.1040
    OK ch=5 v=0.2663
    OK ch=7 v=0.2663
    OK ch=3 v=0.1922
    OK ch=5 v=0.2808
    OK ch=7 v=0.3005
    OK ch=1 v=0.0660
    OK ch=3 v=0.2582
    OK ch=5 v=0.3120
    OK ch=7 v=0.2982
    OK ch=1 v=0.1542
    OK ch=3 v=0.2736
    OK ch=5 v=0.2515
    OK ch=7 v=0.3336
    OK ch=1 v=0.2423
    OK ch=3 v=0.2937
    OK ch=5 v=0.2855
    OK ch=7 v=0.2620
    OK ch=1 v=0.3248
    OK ch=3 v=0.3082
    OK ch=5 v=0.2817
    OK ch=7 v=0.2176
    OK ch=1 v=0.4132
    OK ch=3 v=0.2491
    OK ch=5 v=0.3701
    OK ch=7 v=0.1686
    OK ch=1 v=0.4166
    OK ch=3 v=0.3167
    OK ch=5 v=0.4050
    OK ch=7 v=0.1461
    OK ch=1 v=0.3593
    OK ch=3 v=0.2713
    OK ch=5 v=0.3162
    OK ch=7 v=0.0735
[  185.6s] DAMPING     ch0:.... g=-0.0350 bp=-0.295V ratio=0.96  ch1:.... g=-0.0350 bp=-0.025V ratio=0.69  ch2:.... g=+0.0120 bp=-1.188V ratio=0.69  ch3:.... g=-0.0350 bp=-0.074V ratio=0.67
    OK ch=1 v=0.3490
    OK ch=3 v=0.2772
    OK ch=5 v=0.2285
    OK ch=7 v=0.1612
    OK ch=1 v=0.4193
    OK ch=3 v=0.2608
    OK ch=5 v=0.1404
    OK ch=7 v=0.0731
    OK ch=1 v=0.5000
    OK ch=3 v=0.2388
    OK ch=5 v=0.0878
    OK ch=7 v=0.1096
    OK ch=3 v=0.2590
    OK ch=5 v=0.1551
    OK ch=7 v=0.1480
    OK ch=3 v=0.2715
    OK ch=5 v=0.1656
    OK ch=7 v=0.2136
    OK ch=3 v=0.2815
    OK ch=5 v=0.1586
    OK ch=7 v=0.2264
    OK ch=3 v=0.3067
    OK ch=5 v=0.1527
    OK ch=7 v=0.2981
    OK ch=1 v=0.4284
    OK ch=3 v=0.2993
    OK ch=5 v=0.2233
    OK ch=7 v=0.3337
    OK ch=1 v=0.3293
    OK ch=3 v=0.2536
    OK ch=5 v=0.2275
    OK ch=7 v=0.4328
    OK ch=1 v=0.2354
    OK ch=3 v=0.2141
    OK ch=5 v=0.2158
    OK ch=7 v=0.3388
    OK ch=1 v=0.1471
    OK ch=3 v=0.1806
    OK ch=5 v=0.1897
    OK ch=7 v=0.2910
    OK ch=1 v=0.0993
    OK ch=3 v=0.1713
    OK ch=5 v=0.2024
    OK ch=7 v=0.2841
    OK ch=1 v=0.1165
    OK ch=3 v=0.1650
    OK ch=5 v=0.1812
    OK ch=7 v=0.2602
    OK ch=1 v=0.1664
    OK ch=3 v=0.1669
    OK ch=5 v=0.1323
    OK ch=7 v=0.1721
    OK ch=1 v=0.1606
    OK ch=3 v=0.1439
    OK ch=5 v=0.1331
    OK ch=7 v=0.1822
    OK ch=1 v=0.0807
    OK ch=3 v=0.0953
    OK ch=5 v=0.1535
    OK ch=7 v=0.1964
    OK ch=1 v=0.1125
    OK ch=3 v=0.0764
    OK ch=5 v=0.1493
    OK ch=7 v=0.1673
    OK ch=1 v=0.0917
    OK ch=3 v=0.0791
    OK ch=5 v=0.1779
    OK ch=7 v=0.2199
    OK ch=1 v=0.0280
    OK ch=3 v=0.1060
    OK ch=5 v=0.2141
    OK ch=7 v=0.2465
    OK ch=1 v=0.1014
    OK ch=3 v=0.1714
    OK ch=5 v=0.2414
    OK ch=7 v=0.2581
    OK ch=1 v=0.1898
    OK ch=3 v=0.2178
    OK ch=5 v=0.2269
    OK ch=7 v=0.2656
    OK ch=1 v=0.2783
    OK ch=3 v=0.2472
    OK ch=5 v=0.2098
    OK ch=7 v=0.2785
    OK ch=1 v=0.3154
    OK ch=3 v=0.2622
    OK ch=5 v=0.2467
    OK ch=7 v=0.2525
    OK ch=1 v=0.3594
    OK ch=3 v=0.2509
    OK ch=5 v=0.2220
    OK ch=7 v=0.2699
    OK ch=1 v=0.3694
    OK ch=3 v=0.2683
    OK ch=5 v=0.1855
    OK ch=7 v=0.2427
    OK ch=1 v=0.3306
    OK ch=3 v=0.2502
    OK ch=5 v=0.1603
    OK ch=7 v=0.2161
    OK ch=1 v=0.4183
    OK ch=3 v=0.2653
    OK ch=5 v=0.2455
    OK ch=7 v=0.1284
    OK ch=1 v=0.5000
    OK ch=3 v=0.2774
    OK ch=5 v=0.2373
    OK ch=7 v=0.0403
    OK ch=3 v=0.3370
    OK ch=5 v=0.1913
    OK ch=7 v=0.0000
    OK ch=1 v=0.4991
    OK ch=3 v=0.3575
    OK ch=5 v=0.2624
    OK ch=7 v=0.0218
    OK ch=1 v=0.4054
    OK ch=3 v=0.4233
    OK ch=5 v=0.3561
    OK ch=7 v=0.1155
    OK ch=1 v=0.3172
    OK ch=3 v=0.3720
    OK ch=5 v=0.3589
    OK ch=7 v=0.2037
    OK ch=1 v=0.2290
    OK ch=3 v=0.2838
    OK ch=5 v=0.2707
    OK ch=7 v=0.2919
    OK ch=1 v=0.1410
    OK ch=3 v=0.1958
    OK ch=5 v=0.1827
    OK ch=7 v=0.3799
    OK ch=1 v=0.0527
    OK ch=3 v=0.1074
    OK ch=5 v=0.1342
    OK ch=7 v=0.4683
    OK ch=1 v=0.0544
    OK ch=3 v=0.0285
    OK ch=5 v=0.1350
    OK ch=7 v=0.3801
    OK ch=1 v=0.1424
    OK ch=3 v=0.0359
    OK ch=5 v=0.1008
    OK ch=7 v=0.2920
    OK ch=1 v=0.2363
    OK ch=3 v=0.0872
    OK ch=5 v=0.0522
    OK ch=7 v=0.1981
    OK ch=1 v=0.3242
    OK ch=3 v=0.0167
    OK ch=5 v=0.0000
    OK ch=7 v=0.1102
    OK ch=1 v=0.4233
    OK ch=3 v=0.1158
    OK ch=5 v=0.0991
    OK ch=7 v=0.0111
    OK ch=1 v=0.4299
    OK ch=3 v=0.2039
    OK ch=5 v=0.1872
    OK ch=7 v=0.0000
    OK ch=1 v=0.3935
    OK ch=3 v=0.2702
    OK ch=5 v=0.2753
    OK ch=1 v=0.4499
    OK ch=3 v=0.3069
    OK ch=5 v=0.2668
    OK ch=7 v=0.0266
    OK ch=1 v=0.5000
    OK ch=3 v=0.3343
    OK ch=5 v=0.2142
    OK ch=7 v=0.1148
    OK ch=1 v=0.4121
    OK ch=3 v=0.3923
    OK ch=5 v=0.3021
    OK ch=7 v=0.2028
    OK ch=1 v=0.4750
    OK ch=3 v=0.4258
    OK ch=5 v=0.3061
    OK ch=7 v=0.2910
    OK ch=1 v=0.4283
    OK ch=3 v=0.4880
    OK ch=5 v=0.2538
    OK ch=7 v=0.3795
    OK ch=1 v=0.4027
    OK ch=3 v=0.4456
    OK ch=5 v=0.2154
    OK ch=7 v=0.4023
    OK ch=1 v=0.3309
    OK ch=3 v=0.3572
    OK ch=5 v=0.1972
    OK ch=7 v=0.3359
    OK ch=1 v=0.3582
    OK ch=3 v=0.2695
    OK ch=5 v=0.1656
    OK ch=7 v=0.3040
    OK ch=1 v=0.4099
    OK ch=3 v=0.1808
    OK ch=5 v=0.1455
    OK ch=7 v=0.2154
    OK ch=1 v=0.4213
    OK ch=3 v=0.1238
    OK ch=5 v=0.1170
    OK ch=7 v=0.1224
    OK ch=1 v=0.3640
    OK ch=3 v=0.1089
    OK ch=5 v=0.1206
    OK ch=7 v=0.0840
    OK ch=1 v=0.2970
    OK ch=3 v=0.1115
    OK ch=5 v=0.0961
    OK ch=7 v=0.0755
    OK ch=1 v=0.2472
    OK ch=3 v=0.0695
    OK ch=5 v=0.1080
    OK ch=7 v=0.0886
    OK ch=1 v=0.1592
    OK ch=3 v=0.0350
    OK ch=5 v=0.1830
    OK ch=7 v=0.1367
    OK ch=1 v=0.0710
    OK ch=3 v=0.0706
    OK ch=5 v=0.2595
    OK ch=7 v=0.2082
    OK ch=1 v=0.0000
    OK ch=3 v=0.1575
    OK ch=5 v=0.3065
    OK ch=7 v=0.2698
    OK ch=3 v=0.2162
    OK ch=5 v=0.2944
    OK ch=7 v=0.3313
    OK ch=3 v=0.2578
    OK ch=5 v=0.3276
    OK ch=7 v=0.3456
    OK ch=1 v=0.0662
    OK ch=3 v=0.2798
    OK ch=7 v=0.3367
    OK ch=1 v=0.1322
    OK ch=3 v=0.2749
    OK ch=5 v=0.2828
    OK ch=7 v=0.3333
    OK ch=1 v=0.2203
    OK ch=3 v=0.2702
    OK ch=5 v=0.2035
    OK ch=7 v=0.2725
    OK ch=1 v=0.3084
    OK ch=3 v=0.2463
    OK ch=5 v=0.1675
    OK ch=7 v=0.2354
    OK ch=1 v=0.3912
    OK ch=3 v=0.1902
    OK ch=5 v=0.1319
    OK ch=7 v=0.2074
    OK ch=1 v=0.4451
    OK ch=3 v=0.1745
    OK ch=5 v=0.1094
    OK ch=7 v=0.1579
    OK ch=1 v=0.4488
    OK ch=3 v=0.1773
    OK ch=5 v=0.0705
    OK ch=7 v=0.1534
    OK ch=1 v=0.4202
    OK ch=3 v=0.1667
    OK ch=5 v=0.0730
    OK ch=7 v=0.1460
    OK ch=1 v=0.3624
    OK ch=3 v=0.1894
    OK ch=5 v=0.1093
    OK ch=7 v=0.1349
    OK ch=1 v=0.3994
    OK ch=3 v=0.2082
    OK ch=5 v=0.1241
    OK ch=7 v=0.1656
    OK ch=1 v=0.4681
    OK ch=3 v=0.2450
    OK ch=5 v=0.1708
    OK ch=7 v=0.1876
    OK ch=1 v=0.3785
    OK ch=3 v=0.2641
    OK ch=5 v=0.2604
    OK ch=7 v=0.2034
    OK ch=1 v=0.3703
    OK ch=3 v=0.2840
    OK ch=5 v=0.2781
    OK ch=7 v=0.2307
    OK ch=1 v=0.3501
    OK ch=3 v=0.3098
    OK ch=5 v=0.2971
    OK ch=7 v=0.2397
    OK ch=1 v=0.3739
    OK ch=3 v=0.3124
    OK ch=5 v=0.2919
    OK ch=7 v=0.2496
    OK ch=1 v=0.2907
    OK ch=3 v=0.3040
    OK ch=5 v=0.3251
    OK ch=7 v=0.2306
    OK ch=1 v=0.3113
    OK ch=3 v=0.2817
    OK ch=5 v=0.3208
    OK ch=7 v=0.2139
    OK ch=1 v=0.3084
    OK ch=3 v=0.2438
    OK ch=5 v=0.2550
    OK ch=7 v=0.2024
    OK ch=1 v=0.3453
    OK ch=3 v=0.2073
    OK ch=5 v=0.2447
    OK ch=7 v=0.1675
    OK ch=1 v=0.3650
    OK ch=3 v=0.1642
    OK ch=5 v=0.2346
    OK ch=7 v=0.1419
    OK ch=1 v=0.4029
    OK ch=3 v=0.1526
    OK ch=5 v=0.1923
    OK ch=7 v=0.1138
    OK ch=1 v=0.4185
    OK ch=3 v=0.1537
    OK ch=5 v=0.1803
    OK ch=7 v=0.1241
    OK ch=1 v=0.3303
    OK ch=3 v=0.1414
    OK ch=5 v=0.1934
    OK ch=7 v=0.1371
    OK ch=1 v=0.2825
    OK ch=3 v=0.1526
    OK ch=5 v=0.2120
    OK ch=7 v=0.1727
    OK ch=1 v=0.2678
    OK ch=3 v=0.1931
    OK ch=5 v=0.2015
    OK ch=7 v=0.1891
    OK ch=1 v=0.2398
    OK ch=3 v=0.2162
    OK ch=5 v=0.2058
    OK ch=7 v=0.2407
    OK ch=1 v=0.2230
    OK ch=3 v=0.2327
    OK ch=5 v=0.2274
    OK ch=7 v=0.2649
    OK ch=1 v=0.2241
    OK ch=3 v=0.2407
    OK ch=5 v=0.2040
    OK ch=7 v=0.3113
    OK ch=1 v=0.2930
    OK ch=3 v=0.2548
    OK ch=5 v=0.1894
    OK ch=7 v=0.2745
    OK ch=1 v=0.3258
    OK ch=3 v=0.2398
    OK ch=5 v=0.1830
    OK ch=7 v=0.2690
    OK ch=1 v=0.3527
    OK ch=3 v=0.2144
    OK ch=5 v=0.1738
    OK ch=7 v=0.2891
    OK ch=1 v=0.3669
    OK ch=3 v=0.2035
    OK ch=5 v=0.1563
    OK ch=7 v=0.1924
    OK ch=1 v=0.4064
    OK ch=3 v=0.1917
    OK ch=5 v=0.1213
    OK ch=7 v=0.2070
    OK ch=1 v=0.3701
    OK ch=3 v=0.1759
    OK ch=5 v=0.1382
    OK ch=7 v=0.1986
    OK ch=1 v=0.3485
    OK ch=3 v=0.1715
    OK ch=5 v=0.1259
    OK ch=7 v=0.2040
    OK ch=1 v=0.3437
    OK ch=3 v=0.1741
    OK ch=5 v=0.1270
    OK ch=7 v=0.1973
    OK ch=1 v=0.3284
    OK ch=3 v=0.1896
    OK ch=5 v=0.1681
    OK ch=1 v=0.3012
    OK ch=5 v=0.2063
    OK ch=7 v=0.1997
    OK ch=1 v=0.3313
    OK ch=3 v=0.2103
    OK ch=5 v=0.2306
    OK ch=7 v=0.2059
    OK ch=1 v=0.3166
    OK ch=3 v=0.2285
    OK ch=5 v=0.2476
    OK ch=7 v=0.2169
    OK ch=1 v=0.3141
    OK ch=3 v=0.2275
    OK ch=5 v=0.2506
    OK ch=7 v=0.2233
    OK ch=1 v=0.2781
    OK ch=3 v=0.2354
    OK ch=5 v=0.2840
    OK ch=7 v=0.2059
    OK ch=1 v=0.2997
    OK ch=3 v=0.2289
    OK ch=5 v=0.2661
    OK ch=7 v=0.2083
    OK ch=1 v=0.3221
    OK ch=3 v=0.2338
    OK ch=5 v=0.2511
    OK ch=7 v=0.2063
    OK ch=1 v=0.3451
    OK ch=3 v=0.2331
    OK ch=7 v=0.1865
    OK ch=1 v=0.3406
    OK ch=3 v=0.2068
    OK ch=5 v=0.2404
    OK ch=7 v=0.1789
    OK ch=1 v=0.3766
    OK ch=3 v=0.2185
    OK ch=5 v=0.2342
    OK ch=7 v=0.1712
    OK ch=1 v=0.3414
    OK ch=3 v=0.2173
    OK ch=5 v=0.2185
    OK ch=7 v=0.1724
    OK ch=1 v=0.3562
    OK ch=3 v=0.2025
    OK ch=5 v=0.2102
    OK ch=7 v=0.1674
    OK ch=1 v=0.3587
    OK ch=3 v=0.2091
    OK ch=5 v=0.2233
    OK ch=7 v=0.1709
    OK ch=1 v=0.3768
    OK ch=3 v=0.2189
    OK ch=5 v=0.1982
    OK ch=7 v=0.1774
    OK ch=1 v=0.3810
    OK ch=3 v=0.2280
    OK ch=5 v=0.1898
    OK ch=7 v=0.1930
    OK ch=1 v=0.3500
    OK ch=3 v=0.2322
    OK ch=5 v=0.2141
    OK ch=7 v=0.1978
    OK ch=1 v=0.3599
    OK ch=3 v=0.2247
    OK ch=5 v=0.2100
    OK ch=7 v=0.2314
    OK ch=1 v=0.3765
    OK ch=3 v=0.2518
    OK ch=5 v=0.2054
    OK ch=7 v=0.2067
[  190.6s] DAMPING     ch0:.... g=-0.0300 bp=+0.240V ratio=0.12  ch1:.... g=-0.0300 bp=+0.112V ratio=0.16  ch2:.... g=+0.0113 bp=-0.300V ratio=0.47  ch3:.... g=-0.0301 bp=-0.135V ratio=0.21
    OK ch=1 v=0.3413
    OK ch=3 v=0.2507
    OK ch=5 v=0.1942
    OK ch=7 v=0.2315
    OK ch=1 v=0.2942
    OK ch=3 v=0.2339
    OK ch=5 v=0.2116
    OK ch=1 v=0.3411
    OK ch=3 v=0.2332
    OK ch=5 v=0.2131
    OK ch=7 v=0.2417
    OK ch=1 v=0.3555
    OK ch=3 v=0.2299
    OK ch=5 v=0.1849
    OK ch=7 v=0.2148
    OK ch=1 v=0.3193
    OK ch=3 v=0.2053
    OK ch=5 v=0.1810
    OK ch=7 v=0.2176
    OK ch=1 v=0.3219
    OK ch=3 v=0.1940
    OK ch=5 v=0.2011
    OK ch=7 v=0.2074
    OK ch=1 v=0.3289
    OK ch=3 v=0.1853
    OK ch=5 v=0.1856
    OK ch=7 v=0.2170
    OK ch=1 v=0.3456
    OK ch=3 v=0.1937
    OK ch=5 v=0.1746
    OK ch=7 v=0.2000
    OK ch=1 v=0.2838
    OK ch=3 v=0.1750
    OK ch=5 v=0.1851
    OK ch=1 v=0.2475
    OK ch=3 v=0.1643
    OK ch=5 v=0.1997
    OK ch=1 v=0.2942
    OK ch=3 v=0.1807
    OK ch=5 v=0.2080
    OK ch=7 v=0.2027
    OK ch=1 v=0.2758
    OK ch=3 v=0.1914
    OK ch=5 v=0.1972
    OK ch=7 v=0.2125
    OK ch=1 v=0.2778
    OK ch=3 v=0.1941
    OK ch=5 v=0.2081
    OK ch=7 v=0.2153
    OK ch=1 v=0.3072
    OK ch=3 v=0.2058
    OK ch=5 v=0.2290
    OK ch=7 v=0.2134
    OK ch=1 v=0.2865
    OK ch=3 v=0.1992
    OK ch=5 v=0.2189
    OK ch=7 v=0.2226
    OK ch=1 v=0.3139
    OK ch=3 v=0.2193
    OK ch=5 v=0.2134
    OK ch=7 v=0.2187
    OK ch=1 v=0.3390
    OK ch=3 v=0.2184
    OK ch=5 v=0.2127
    OK ch=7 v=0.2138
    OK ch=1 v=0.3328
    OK ch=3 v=0.2111
    OK ch=5 v=0.2120
    OK ch=7 v=0.2123
    OK ch=1 v=0.3500
    OK ch=3 v=0.2191
    OK ch=5 v=0.2071
    OK ch=7 v=0.1981
    OK ch=1 v=0.3693
    OK ch=5 v=0.1858
    OK ch=7 v=0.2089
    OK ch=1 v=0.3611
    OK ch=3 v=0.2131
    OK ch=5 v=0.1927
    OK ch=7 v=0.1986
    OK ch=1 v=0.3409
    OK ch=3 v=0.2140
    OK ch=5 v=0.2074
    OK ch=7 v=0.1922
    OK ch=1 v=0.3587
    OK ch=3 v=0.2195
    OK ch=5 v=0.1899
    OK ch=7 v=0.1967
    OK ch=1 v=0.3606
    OK ch=3 v=0.2259
    OK ch=5 v=0.1890
    OK ch=7 v=0.1973
    OK ch=1 v=0.3524
    OK ch=3 v=0.2218
    OK ch=5 v=0.2080
    OK ch=7 v=0.1960
    OK ch=1 v=0.3634
    OK ch=5 v=0.2147
    OK ch=7 v=0.2043
    OK ch=1 v=0.3533
    OK ch=3 v=0.2324
    OK ch=5 v=0.2133
    OK ch=7 v=0.1959
    OK ch=1 v=0.3692
    OK ch=3 v=0.2361
    OK ch=5 v=0.2035
    OK ch=7 v=0.2095
    OK ch=1 v=0.3459
    OK ch=5 v=0.2233
    OK ch=7 v=0.2042
    OK ch=3 v=0.2311
    OK ch=5 v=0.2395
    OK ch=7 v=0.2015
    OK ch=1 v=0.3572
    OK ch=3 v=0.2322
    OK ch=5 v=0.2277
    OK ch=7 v=0.2083
    OK ch=1 v=0.3295
    OK ch=3 v=0.2391
    OK ch=5 v=0.2098
    OK ch=7 v=0.2118
    OK ch=1 v=0.3262
    OK ch=3 v=0.2256
    OK ch=5 v=0.2233
    OK ch=7 v=0.1990
    OK ch=1 v=0.3278
    OK ch=3 v=0.2025
    OK ch=5 v=0.2255
    OK ch=1 v=0.3386
    OK ch=3 v=0.2117
    OK ch=5 v=0.2168
    OK ch=7 v=0.1922
    OK ch=1 v=0.3555
    OK ch=3 v=0.2140
    OK ch=5 v=0.2043
    OK ch=7 v=0.1949
    OK ch=1 v=0.3293
    OK ch=3 v=0.2070
    OK ch=5 v=0.2056
    OK ch=7 v=0.1982
    OK ch=1 v=0.3125
    OK ch=3 v=0.1969
    OK ch=5 v=0.2209
    OK ch=7 v=0.1995
    OK ch=1 v=0.2807
    OK ch=3 v=0.1959
    OK ch=5 v=0.1981
    OK ch=7 v=0.1949
    OK ch=1 v=0.3222
    OK ch=3 v=0.2042
    OK ch=5 v=0.1993
    OK ch=7 v=0.2027
    OK ch=1 v=0.3029
    OK ch=3 v=0.2012
    OK ch=5 v=0.2122
    OK ch=7 v=0.2066
    OK ch=1 v=0.3144
    OK ch=3 v=0.2019
    OK ch=5 v=0.2068
    OK ch=7 v=0.2290
    OK ch=1 v=0.3345
    OK ch=3 v=0.2160
    OK ch=5 v=0.1968
    OK ch=7 v=0.2138
    OK ch=1 v=0.2933
    OK ch=3 v=0.2043
    OK ch=5 v=0.1940
    OK ch=7 v=0.2176
    OK ch=1 v=0.3174
    OK ch=3 v=0.2094
    OK ch=5 v=0.2065
    OK ch=7 v=0.2199
    OK ch=1 v=0.3118
    OK ch=5 v=0.1978
    OK ch=7 v=0.2149
    OK ch=1 v=0.3256
    OK ch=3 v=0.2106
    OK ch=5 v=0.1796
    OK ch=7 v=0.2169
    OK ch=1 v=0.3219
    OK ch=3 v=0.2081
    OK ch=5 v=0.1898
    OK ch=7 v=0.2126
    OK ch=1 v=0.3282
    OK ch=3 v=0.2044
    OK ch=5 v=0.1991
    OK ch=3 v=0.2020
    OK ch=5 v=0.1865
    OK ch=7 v=0.2157
    OK ch=1 v=0.3575
    OK ch=3 v=0.2136
    OK ch=5 v=0.1809
    OK ch=7 v=0.2060
    OK ch=1 v=0.3431
    OK ch=3 v=0.2092
    OK ch=5 v=0.1869
    OK ch=7 v=0.2085
    OK ch=1 v=0.3293
    OK ch=3 v=0.2050
    OK ch=5 v=0.2043
    OK ch=7 v=0.2060
    OK ch=1 v=0.3553
    OK ch=3 v=0.2163
    OK ch=5 v=0.2069
    OK ch=7 v=0.2048
    OK ch=1 v=0.3360
    OK ch=3 v=0.2171
    OK ch=5 v=0.1940
    OK ch=7 v=0.2101
    OK ch=1 v=0.3648
    OK ch=3 v=0.2189
    OK ch=5 v=0.2097
    OK ch=7 v=0.2078
    OK ch=1 v=0.3266
    OK ch=3 v=0.2131
    OK ch=5 v=0.2263
    OK ch=7 v=0.2026
    OK ch=1 v=0.3234
    OK ch=3 v=0.2161
    OK ch=5 v=0.2143
    OK ch=7 v=0.2034
    OK ch=1 v=0.3246
    OK ch=3 v=0.2253
    OK ch=5 v=0.2168
    OK ch=7 v=0.2029
    OK ch=1 v=0.3229
    OK ch=3 v=0.2159
    OK ch=5 v=0.2217
    OK ch=7 v=0.2001
    OK ch=1 v=0.3390
    OK ch=3 v=0.2248
    OK ch=5 v=0.2248
    OK ch=7 v=0.1981
    OK ch=1 v=0.3362
    OK ch=3 v=0.2210
    OK ch=5 v=0.2173
    OK ch=7 v=0.1959
    OK ch=1 v=0.3502
    OK ch=3 v=0.2204
    OK ch=5 v=0.2063
    OK ch=7 v=0.2041
    OK ch=1 v=0.3203
    OK ch=3 v=0.2149
    OK ch=5 v=0.2236
    OK ch=7 v=0.1926
    OK ch=1 v=0.3734
    OK ch=3 v=0.2175
    OK ch=5 v=0.2188
    OK ch=7 v=0.2004
    OK ch=1 v=0.3235
    OK ch=3 v=0.2125
    OK ch=5 v=0.2039
    OK ch=7 v=0.1964
    OK ch=1 v=0.3617
    OK ch=3 v=0.2230
    OK ch=5 v=0.2093
    OK ch=7 v=0.1987
    OK ch=1 v=0.3356
    OK ch=3 v=0.2138
    OK ch=5 v=0.2144
    OK ch=7 v=0.2005
    OK ch=1 v=0.3169
    OK ch=3 v=0.2217
    OK ch=5 v=0.2088
    OK ch=7 v=0.1992
    OK ch=1 v=0.3380
    OK ch=3 v=0.2192
    OK ch=5 v=0.1959
    OK ch=7 v=0.2118
    OK ch=1 v=0.3214
    OK ch=3 v=0.2111
    OK ch=5 v=0.2090
    OK ch=7 v=0.2079
    OK ch=1 v=0.3496
    OK ch=3 v=0.2099
    OK ch=5 v=0.2102
    OK ch=7 v=0.2152
    OK ch=1 v=0.3150
    OK ch=3 v=0.2116
    OK ch=5 v=0.1906
    OK ch=7 v=0.2099
    OK ch=1 v=0.3550
    OK ch=3 v=0.2179
    OK ch=5 v=0.2010
    OK ch=1 v=0.3386
    OK ch=3 v=0.2198
    OK ch=5 v=0.2104
    OK ch=7 v=0.2042
    OK ch=1 v=0.3468
    OK ch=3 v=0.2115
    OK ch=5 v=0.2020
    OK ch=7 v=0.2138
    OK ch=1 v=0.3298
    OK ch=3 v=0.2103
    OK ch=5 v=0.1922
    OK ch=7 v=0.2112
    OK ch=1 v=0.2883
    OK ch=3 v=0.1946
    OK ch=5 v=0.1973
    OK ch=7 v=0.2121
    OK ch=1 v=0.3065
    OK ch=3 v=0.1996
    OK ch=5 v=0.2110
    OK ch=7 v=0.2110
    OK ch=1 v=0.2768
    OK ch=3 v=0.2105
    OK ch=5 v=0.1948
    OK ch=7 v=0.2074
    OK ch=1 v=0.3311
    OK ch=3 v=0.2059
    OK ch=5 v=0.1885
    OK ch=7 v=0.2105
    OK ch=1 v=0.3353
    OK ch=3 v=0.2013
    OK ch=5 v=0.2093
    OK ch=7 v=0.2055
    OK ch=1 v=0.3526
    OK ch=3 v=0.2078
    OK ch=5 v=0.2062
    OK ch=7 v=0.2125
    OK ch=1 v=0.3169
    OK ch=3 v=0.2165
    OK ch=5 v=0.2030
    OK ch=7 v=0.2052
    OK ch=1 v=0.3229
    OK ch=3 v=0.2119
    OK ch=7 v=0.2094
    OK ch=1 v=0.3118
    OK ch=3 v=0.2012
    OK ch=5 v=0.2085
    OK ch=7 v=0.2077
    OK ch=1 v=0.3374
    OK ch=3 v=0.2129
    OK ch=5 v=0.2189
    OK ch=1 v=0.3406
    OK ch=3 v=0.2159
    OK ch=5 v=0.2058
    OK ch=7 v=0.2065
    OK ch=1 v=0.3482
    OK ch=3 v=0.2175
    OK ch=5 v=0.1996
    OK ch=7 v=0.2091
    OK ch=1 v=0.3257
    OK ch=3 v=0.2156
    OK ch=5 v=0.2159
    OK ch=7 v=0.1987
    OK ch=1 v=0.3301
    OK ch=3 v=0.2102
    OK ch=5 v=0.2093
    OK ch=7 v=0.2061
    OK ch=1 v=0.3565
    OK ch=3 v=0.2258
    OK ch=5 v=0.2019
    OK ch=7 v=0.1991
    OK ch=1 v=0.3630
    OK ch=3 v=0.2185
    OK ch=5 v=0.2068
    OK ch=7 v=0.2013
    OK ch=1 v=0.3246
    OK ch=3 v=0.2095
    OK ch=5 v=0.2133
    OK ch=7 v=0.1988
    OK ch=1 v=0.3552
    OK ch=3 v=0.2265
    OK ch=7 v=0.1967
    OK ch=1 v=0.3376
    OK ch=3 v=0.2160
    OK ch=5 v=0.1994
    OK ch=7 v=0.2042
    OK ch=1 v=0.3305
    OK ch=3 v=0.2170
    OK ch=5 v=0.2074
    OK ch=7 v=0.2058
    OK ch=1 v=0.3218
    OK ch=3 v=0.2155
    OK ch=5 v=0.2238
    OK ch=7 v=0.2019
    OK ch=1 v=0.3012
    OK ch=3 v=0.2130
    OK ch=5 v=0.2077
    OK ch=7 v=0.2054
    OK ch=1 v=0.3654
    OK ch=3 v=0.2262
    OK ch=5 v=0.2031
    OK ch=7 v=0.2067
    OK ch=1 v=0.3568
    OK ch=3 v=0.2235
    OK ch=5 v=0.2127
    OK ch=7 v=0.2058
    OK ch=1 v=0.3175
    OK ch=3 v=0.2117
    OK ch=5 v=0.2152
    OK ch=7 v=0.2118
    OK ch=1 v=0.3493
    OK ch=3 v=0.2198
    OK ch=5 v=0.2060
    OK ch=7 v=0.2006
    OK ch=1 v=0.3535
    OK ch=3 v=0.2158
    OK ch=5 v=0.1974
    OK ch=7 v=0.2077
    OK ch=1 v=0.3313
    OK ch=3 v=0.2100
    OK ch=5 v=0.2146
    OK ch=7 v=0.2028
    OK ch=1 v=0.3110
    OK ch=3 v=0.2037
    OK ch=5 v=0.2119
    OK ch=7 v=0.2079
    OK ch=1 v=0.3441
    OK ch=3 v=0.2138
    OK ch=5 v=0.1959
    OK ch=7 v=0.2049
    OK ch=1 v=0.3103
    OK ch=3 v=0.2071
    OK ch=5 v=0.2044
    OK ch=7 v=0.2038
    OK ch=1 v=0.3276
    OK ch=3 v=0.2092
    OK ch=5 v=0.2070
    OK ch=7 v=0.2092
    OK ch=1 v=0.3346
    OK ch=3 v=0.2110
    OK ch=5 v=0.2044
    OK ch=7 v=0.2034
    OK ch=1 v=0.3162
    OK ch=3 v=0.2134
    OK ch=5 v=0.1969
    OK ch=7 v=0.2104
    OK ch=1 v=0.2918
    OK ch=3 v=0.2035
    OK ch=5 v=0.2005
    OK ch=7 v=0.2125
    OK ch=1 v=0.3182
    OK ch=3 v=0.2063
    OK ch=5 v=0.2129
    OK ch=7 v=0.2107
    OK ch=1 v=0.3262
    OK ch=3 v=0.2075
    OK ch=5 v=0.1998
    OK ch=7 v=0.2084
    OK ch=1 v=0.3427
    OK ch=3 v=0.2172
    OK ch=5 v=0.1942
    OK ch=7 v=0.2127
    OK ch=1 v=0.3452
    OK ch=3 v=0.2134
    OK ch=5 v=0.2074
    OK ch=7 v=0.2050
[  195.7s] DAMPING     ch0:.... g=-0.0300 bp=-0.024V ratio=0.05  ch1:.... g=-0.0300 bp=-0.016V ratio=0.05  ch2:.... g=+0.0100 bp=+0.052V ratio=0.05  ch3:.... g=-0.0300 bp=+0.013V ratio=0.03
    OK ch=1 v=0.3241
    OK ch=3 v=0.2025
    OK ch=5 v=0.2066
    OK ch=7 v=0.2129
    OK ch=1 v=0.3410
    OK ch=3 v=0.2165
    OK ch=5 v=0.2023
    OK ch=7 v=0.2033
    OK ch=1 v=0.3445
    OK ch=3 v=0.2172
    OK ch=5 v=0.1979
    OK ch=7 v=0.2091
    OK ch=1 v=0.3175
    OK ch=3 v=0.2116
    OK ch=5 v=0.2115
    OK ch=7 v=0.2028
    OK ch=1 v=0.3168
    OK ch=3 v=0.2079
    OK ch=7 v=0.2049
    OK ch=1 v=0.3276
    OK ch=3 v=0.2127
    OK ch=5 v=0.1963
    OK ch=7 v=0.2090
    OK ch=1 v=0.3509
    OK ch=3 v=0.2167
    OK ch=5 v=0.2000
    OK ch=7 v=0.2075
    OK ch=1 v=0.3335
    OK ch=3 v=0.2108
    OK ch=5 v=0.2150
    OK ch=7 v=0.2018
    OK ch=1 v=0.3061
    OK ch=3 v=0.2053
    OK ch=5 v=0.2067
    OK ch=7 v=0.2034
    OK ch=1 v=0.3356
    OK ch=3 v=0.2193
    OK ch=5 v=0.2036
    OK ch=7 v=0.2069
    OK ch=1 v=0.3301
    OK ch=5 v=0.2064
    OK ch=7 v=0.2048
    OK ch=1 v=0.3432
    OK ch=5 v=0.2145
    OK ch=1 v=0.3419
    OK ch=3 v=0.2139
    OK ch=5 v=0.2175
    OK ch=7 v=0.2061
    OK ch=1 v=0.3591
    OK ch=3 v=0.2211
    OK ch=5 v=0.2046
    OK ch=7 v=0.2042
    OK ch=1 v=0.3391
    OK ch=3 v=0.2205
    OK ch=5 v=0.2088
    OK ch=7 v=0.2068
    OK ch=1 v=0.3403
    OK ch=3 v=0.2173
    OK ch=5 v=0.2166
    OK ch=7 v=0.2001
    OK ch=1 v=0.3343
    OK ch=3 v=0.2160
    OK ch=5 v=0.2067
    OK ch=7 v=0.2036
    OK ch=1 v=0.3409
    OK ch=3 v=0.2293
    OK ch=7 v=0.2018
    OK ch=1 v=0.3185
    OK ch=3 v=0.2049
    OK ch=5 v=0.2091
    OK ch=7 v=0.2042
    OK ch=3 v=0.2029
    OK ch=5 v=0.2127
    OK ch=7 v=0.2056
    OK ch=1 v=0.3247
    OK ch=3 v=0.2088
    OK ch=5 v=0.2104
    OK ch=7 v=0.2014
    OK ch=1 v=0.3439
    OK ch=3 v=0.2175
    OK ch=5 v=0.1972
    OK ch=7 v=0.2070
    OK ch=1 v=0.3361
    OK ch=3 v=0.2094
    OK ch=5 v=0.2060
    OK ch=7 v=0.2033
    OK ch=1 v=0.3537
    OK ch=3 v=0.2161
    OK ch=5 v=0.2147
    OK ch=7 v=0.2050
    OK ch=1 v=0.3253
    OK ch=3 v=0.2058
    OK ch=5 v=0.2015
    OK ch=1 v=0.3163
    OK ch=3 v=0.2131
    OK ch=5 v=0.1986
    OK ch=7 v=0.2077
    OK ch=1 v=0.3090
    OK ch=3 v=0.2115
    OK ch=5 v=0.2088
    OK ch=7 v=0.2104
    OK ch=1 v=0.3347
    OK ch=5 v=0.2117
    OK ch=7 v=0.2129
    OK ch=1 v=0.3402
    OK ch=3 v=0.2197
    OK ch=5 v=0.2068
    OK ch=7 v=0.2043
    OK ch=1 v=0.3409
    OK ch=3 v=0.2181
    OK ch=5 v=0.1944
    OK ch=7 v=0.2096
    OK ch=1 v=0.3052
    OK ch=3 v=0.2055
    OK ch=5 v=0.2050
    OK ch=7 v=0.2068
    OK ch=1 v=0.3267
    OK ch=3 v=0.2117
    OK ch=5 v=0.2135
    OK ch=1 v=0.3186
    OK ch=3 v=0.2075
    OK ch=5 v=0.2006
    OK ch=7 v=0.2091
    OK ch=1 v=0.3337
    OK ch=3 v=0.2156
    OK ch=5 v=0.1925
    OK ch=1 v=0.3307
    OK ch=3 v=0.2107
    OK ch=5 v=0.2029
    OK ch=7 v=0.2073
    OK ch=1 v=0.3681
    OK ch=3 v=0.2060
    OK ch=5 v=0.2072
    OK ch=7 v=0.2048
    OK ch=1 v=0.3028
    OK ch=5 v=0.2054
    OK ch=7 v=0.2058
    OK ch=1 v=0.3224
    OK ch=3 v=0.2177
    OK ch=5 v=0.2004
    OK ch=1 v=0.3053
    OK ch=3 v=0.2103
    OK ch=5 v=0.1979
    OK ch=7 v=0.2106
    OK ch=1 v=0.3300
    OK ch=3 v=0.2122
    OK ch=5 v=0.2085
    OK ch=7 v=0.2065
    OK ch=1 v=0.3456
    OK ch=3 v=0.2134
    OK ch=5 v=0.2091
    OK ch=7 v=0.2088
    OK ch=3 v=0.2197
    OK ch=5 v=0.1999
    OK ch=7 v=0.2080
    OK ch=1 v=0.3610
    OK ch=3 v=0.2241
    OK ch=5 v=0.2055
    OK ch=7 v=0.2059
    OK ch=1 v=0.3554
    OK ch=3 v=0.2167
    OK ch=5 v=0.2134
    OK ch=7 v=0.2016
    OK ch=1 v=0.3208
    OK ch=3 v=0.2094
    OK ch=5 v=0.2099
    OK ch=7 v=0.2057
    OK ch=1 v=0.3386
    OK ch=3 v=0.2151
    OK ch=5 v=0.2076
    OK ch=7 v=0.2030
    OK ch=1 v=0.3287
    OK ch=3 v=0.2121
    OK ch=5 v=0.2050
    OK ch=7 v=0.2046
    OK ch=1 v=0.3136
    OK ch=3 v=0.2073
    OK ch=5 v=0.2167
    OK ch=7 v=0.2019
    OK ch=1 v=0.3046
    OK ch=3 v=0.2145
    OK ch=5 v=0.2115
    OK ch=1 v=0.3408
    OK ch=3 v=0.2157
    OK ch=5 v=0.1993
    OK ch=7 v=0.2043
    OK ch=1 v=0.3657
    OK ch=3 v=0.2221
    OK ch=5 v=0.2063
    OK ch=1 v=0.3432
    OK ch=3 v=0.2197
    OK ch=5 v=0.2179
    OK ch=7 v=0.2016
    OK ch=1 v=0.3470
    OK ch=3 v=0.2154
    OK ch=5 v=0.2092
    OK ch=7 v=0.2073
    OK ch=1 v=0.3241
    OK ch=3 v=0.2171
    OK ch=5 v=0.2030
    OK ch=7 v=0.2046
    OK ch=1 v=0.3209
    OK ch=3 v=0.2053
    OK ch=5 v=0.2061
    OK ch=1 v=0.3170
    OK ch=3 v=0.2099
    OK ch=5 v=0.2119
    OK ch=1 v=0.3117
    OK ch=3 v=0.2072
    OK ch=5 v=0.2147
    OK ch=1 v=0.3342
    OK ch=3 v=0.2178
    OK ch=5 v=0.2060
    OK ch=1 v=0.3240
    OK ch=3 v=0.2133
    OK ch=5 v=0.1966
    OK ch=7 v=0.2095
    OK ch=1 v=0.3434
    OK ch=3 v=0.2180
    OK ch=5 v=0.2077
    OK ch=7 v=0.2063
    OK ch=1 v=0.3512
    OK ch=5 v=0.2123
    OK ch=7 v=0.2081
    OK ch=1 v=0.3473
    OK ch=3 v=0.2144
    OK ch=5 v=0.2014
    OK ch=7 v=0.2103
    OK ch=1 v=0.3507
    OK ch=3 v=0.2210
    OK ch=5 v=0.1990
    OK ch=7 v=0.2070
    OK ch=1 v=0.3205
    OK ch=3 v=0.2063
    OK ch=5 v=0.2049
    OK ch=7 v=0.2060
    OK ch=1 v=0.3195
    OK ch=3 v=0.2094
    OK ch=5 v=0.2093
    OK ch=7 v=0.2093
    OK ch=1 v=0.3397
    OK ch=3 v=0.2159
    OK ch=5 v=0.2022
    OK ch=7 v=0.2040
    OK ch=1 v=0.3078
    OK ch=3 v=0.2103
    OK ch=5 v=0.1985
    OK ch=7 v=0.2095
    OK ch=1 v=0.3026
    OK ch=3 v=0.2057
    OK ch=5 v=0.2076
    OK ch=7 v=0.2034
    OK ch=1 v=0.3454
    OK ch=3 v=0.2146
    OK ch=7 v=0.2089
    OK ch=1 v=0.3504
    OK ch=5 v=0.1978
    OK ch=7 v=0.2067
    OK ch=1 v=0.3169
    OK ch=3 v=0.2110
    OK ch=5 v=0.1990
    OK ch=1 v=0.3223
    OK ch=3 v=0.2083
    OK ch=5 v=0.2058
    OK ch=1 v=0.3339
    OK ch=3 v=0.2068
    OK ch=5 v=0.2099
    OK ch=7 v=0.2076
    OK ch=1 v=0.3145
    OK ch=3 v=0.2113
    OK ch=5 v=0.2109
    OK ch=7 v=0.2071
    OK ch=1 v=0.3561
    OK ch=3 v=0.2190
    OK ch=5 v=0.2017
    OK ch=7 v=0.2088
    OK ch=1 v=0.3218
    OK ch=3 v=0.2081
    OK ch=5 v=0.2051
    OK ch=7 v=0.2056
    OK ch=1 v=0.3437
    OK ch=3 v=0.2140
    OK ch=5 v=0.2175
    OK ch=7 v=0.2038
    OK ch=1 v=0.3413
    OK ch=5 v=0.2042
    OK ch=1 v=0.3272
    OK ch=3 v=0.2162
    OK ch=5 v=0.1982
    OK ch=7 v=0.2092
    OK ch=1 v=0.3111
    OK ch=3 v=0.2173
    OK ch=5 v=0.2055
    OK ch=7 v=0.2063
    OK ch=1 v=0.3330
    OK ch=3 v=0.2092
    OK ch=5 v=0.2121
    OK ch=7 v=0.2043
    OK ch=1 v=0.3348
    OK ch=3 v=0.2116
    OK ch=5 v=0.2076
    OK ch=7 v=0.2034
    OK ch=1 v=0.3380
    OK ch=3 v=0.2175
    OK ch=5 v=0.2016
    OK ch=7 v=0.2064
    OK ch=3 v=0.2114
    OK ch=5 v=0.2034
    OK ch=7 v=0.2057
    OK ch=1 v=0.3277
    OK ch=3 v=0.2097
    OK ch=5 v=0.2125
    OK ch=7 v=0.2033
    OK ch=1 v=0.3361
    OK ch=3 v=0.2176
    OK ch=5 v=0.2114
    OK ch=7 v=0.2049
    OK ch=1 v=0.3454
    OK ch=3 v=0.2223
    OK ch=5 v=0.1995
    OK ch=7 v=0.2091
    OK ch=1 v=0.3350
    OK ch=3 v=0.2163
    OK ch=5 v=0.2082
    OK ch=7 v=0.2053
    OK ch=1 v=0.3444
    OK ch=3 v=0.2139
    OK ch=5 v=0.2114
    OK ch=1 v=0.3432
    OK ch=3 v=0.2191
    OK ch=5 v=0.2069
    OK ch=7 v=0.2063
    OK ch=1 v=0.3137
    OK ch=3 v=0.2157
    OK ch=5 v=0.2049
    OK ch=1 v=0.3411
    OK ch=5 v=0.2035
    OK ch=7 v=0.2077
    OK ch=1 v=0.3322
    OK ch=3 v=0.2144
    OK ch=5 v=0.2079
    OK ch=7 v=0.2051
    OK ch=1 v=0.3179
    OK ch=3 v=0.2100
    OK ch=5 v=0.2121
    OK ch=7 v=0.2024
    OK ch=3 v=0.2055
    OK ch=5 v=0.2003
    OK ch=7 v=0.2056
    OK ch=1 v=0.3195
    OK ch=3 v=0.2091
    OK ch=7 v=0.2076
    OK ch=1 v=0.3189
    OK ch=3 v=0.2137
    OK ch=5 v=0.2118
    OK ch=7 v=0.2029
    OK ch=1 v=0.3474
    OK ch=3 v=0.2159
    OK ch=7 v=0.2064
    OK ch=1 v=0.3489
    OK ch=3 v=0.2121
    OK ch=5 v=0.2035
    OK ch=7 v=0.2046
    OK ch=1 v=0.3281
    OK ch=3 v=0.2174
    OK ch=5 v=0.2014
    OK ch=7 v=0.2059
    OK ch=1 v=0.3233
    OK ch=3 v=0.2134
    OK ch=5 v=0.2068
    OK ch=7 v=0.2051
    OK ch=1 v=0.3220
    OK ch=3 v=0.2090
    OK ch=5 v=0.2147
    OK ch=7 v=0.2065
    OK ch=1 v=0.3385
    OK ch=5 v=0.2058
    OK ch=7 v=0.2055
    OK ch=3 v=0.2123
    OK ch=5 v=0.1990
    OK ch=7 v=0.2103
    OK ch=1 v=0.3396
    OK ch=3 v=0.2148
    OK ch=5 v=0.2062
    OK ch=7 v=0.2056
    OK ch=1 v=0.3254
    OK ch=3 v=0.2104
    OK ch=5 v=0.2162
    OK ch=7 v=0.2046
    OK ch=1 v=0.3125
    OK ch=3 v=0.2096
    OK ch=5 v=0.2044
    OK ch=1 v=0.3157
    OK ch=3 v=0.2119
    OK ch=5 v=0.2008
    OK ch=7 v=0.2077
    OK ch=1 v=0.3486
    OK ch=3 v=0.2178
    OK ch=5 v=0.2047
    OK ch=1 v=0.3448
    OK ch=3 v=0.2143
    OK ch=5 v=0.2066
    OK ch=7 v=0.2085
    OK ch=1 v=0.3638
    OK ch=3 v=0.2166
    OK ch=5 v=0.2051
    OK ch=7 v=0.2066
    OK ch=1 v=0.3217
    OK ch=3 v=0.2159
    OK ch=5 v=0.1979
    OK ch=7 v=0.2083
    OK ch=1 v=0.3450
    OK ch=3 v=0.2113
    OK ch=5 v=0.2027
    OK ch=7 v=0.2088
    OK ch=1 v=0.3162
    OK ch=3 v=0.2065
    OK ch=5 v=0.2110
    OK ch=7 v=0.2031
    OK ch=1 v=0.3359
    OK ch=3 v=0.2163
    OK ch=5 v=0.2006
    OK ch=7 v=0.2088
    OK ch=1 v=0.3032
    OK ch=3 v=0.2114
    OK ch=1 v=0.3475
    OK ch=3 v=0.2236
    OK ch=5 v=0.2052
    OK ch=7 v=0.2058
    OK ch=1 v=0.3180
    OK ch=3 v=0.2106
    OK ch=5 v=0.2087
    OK ch=7 v=0.2069
    OK ch=1 v=0.3494
    OK ch=3 v=0.2161
    OK ch=7 v=0.2031
    OK ch=1 v=0.3340
    OK ch=5 v=0.2038
    OK ch=1 v=0.3276
    OK ch=3 v=0.2148
    OK ch=5 v=0.2006
    OK ch=7 v=0.2059
    OK ch=1 v=0.3419
    OK ch=3 v=0.2136
    OK ch=5 v=0.2074
    OK ch=1 v=0.3535
    OK ch=3 v=0.2168
    OK ch=5 v=0.2174
    OK ch=7 v=0.2046
    OK ch=1 v=0.3399
    OK ch=3 v=0.2161
    OK ch=5 v=0.2067
    OK ch=7 v=0.2060
[  200.7s] DAMPING     ch0:LOCK g=-0.0300 bp=+0.038V ratio=0.03  ch1:LOCK g=-0.0300 bp=+0.011V ratio=0.01  ch2:LOCK g=+0.0100 bp=+0.006V ratio=0.02  ch3:LOCK g=-0.0300 bp=+0.003V ratio=0.01
    OK ch=1 v=0.3303
    OK ch=3 v=0.2125
    OK ch=5 v=0.2043
    OK ch=7 v=0.2051
    OK ch=1 v=0.3227
    OK ch=3 v=0.2108
    OK ch=5 v=0.2126
    OK ch=7 v=0.2029
    OK ch=1 v=0.3208
    OK ch=3 v=0.2113
    OK ch=5 v=0.2118
    OK ch=7 v=0.2072
    OK ch=1 v=0.3221
    OK ch=3 v=0.2191
    OK ch=5 v=0.2053
    OK ch=7 v=0.2030
    OK ch=1 v=0.3423
    OK ch=3 v=0.2045
    OK ch=5 v=0.2030
    OK ch=1 v=0.3120
    OK ch=3 v=0.2033
    OK ch=5 v=0.2127
    OK ch=7 v=0.2020
    OK ch=1 v=0.3586
    OK ch=3 v=0.2220
    OK ch=7 v=0.2058
    OK ch=1 v=0.3382
    OK ch=3 v=0.2203
    OK ch=5 v=0.2019
    OK ch=7 v=0.2067
    OK ch=1 v=0.3147
    OK ch=3 v=0.2149
    OK ch=5 v=0.2068
    OK ch=1 v=0.3156
    OK ch=3 v=0.2121
    OK ch=5 v=0.2139
    OK ch=7 v=0.2043
    OK ch=1 v=0.3184
    OK ch=5 v=0.2059
    OK ch=7 v=0.2080
    OK ch=1 v=0.3375
    OK ch=3 v=0.2145
    OK ch=5 v=0.2018
    OK ch=7 v=0.2058
    OK ch=1 v=0.3454
    OK ch=3 v=0.2170
    OK ch=5 v=0.2001
    OK ch=7 v=0.2089
    OK ch=1 v=0.3307
    OK ch=3 v=0.2079
    OK ch=5 v=0.2056
    OK ch=7 v=0.2096
    OK ch=1 v=0.3320
    OK ch=3 v=0.2139
    OK ch=5 v=0.2083
    OK ch=7 v=0.2061
    OK ch=1 v=0.3590
    OK ch=3 v=0.2195
    OK ch=5 v=0.1981
    OK ch=7 v=0.2076
    OK ch=1 v=0.3226
    OK ch=3 v=0.2135
    OK ch=5 v=0.2037
    OK ch=7 v=0.2061
    OK ch=1 v=0.3455
    OK ch=3 v=0.2122
    OK ch=5 v=0.2092
    OK ch=1 v=0.3363
    OK ch=5 v=0.2049
    OK ch=7 v=0.2080
    OK ch=1 v=0.3323
    OK ch=3 v=0.2100
    OK ch=5 v=0.1999
    OK ch=7 v=0.2068
    OK ch=1 v=0.3051
    OK ch=3 v=0.2072
    OK ch=5 v=0.2021
    OK ch=7 v=0.2049
    OK ch=1 v=0.3225
    OK ch=3 v=0.2078
    OK ch=5 v=0.2064
    OK ch=1 v=0.3311
    OK ch=3 v=0.2156
    OK ch=5 v=0.2100
    OK ch=1 v=0.3458
    OK ch=3 v=0.2196
    OK ch=5 v=0.2052
    OK ch=1 v=0.3220
    OK ch=3 v=0.2166
    OK ch=5 v=0.1985
    OK ch=7 v=0.2080
    OK ch=1 v=0.3083
    OK ch=3 v=0.2077
    OK ch=5 v=0.2071
    OK ch=7 v=0.2068
    OK ch=1 v=0.3097
    OK ch=3 v=0.2060
    OK ch=5 v=0.2133
    OK ch=7 v=0.2062
    OK ch=1 v=0.3562
    OK ch=3 v=0.2167
    OK ch=5 v=0.2032
    OK ch=1 v=0.3375
    OK ch=3 v=0.2204
    OK ch=5 v=0.2042
    OK ch=7 v=0.2035
    OK ch=1 v=0.3290
    OK ch=3 v=0.2119
    OK ch=5 v=0.2114
    OK ch=7 v=0.2049
    OK ch=1 v=0.3405
    OK ch=5 v=0.2130
    OK ch=7 v=0.2067
    OK ch=1 v=0.3714
    OK ch=3 v=0.2221
    OK ch=5 v=0.2101
    OK ch=7 v=0.2021
    OK ch=1 v=0.3094
    OK ch=3 v=0.2108
    OK ch=5 v=0.2012
    OK ch=7 v=0.2083
    OK ch=1 v=0.3453
    OK ch=3 v=0.2142
    OK ch=5 v=0.2096
    OK ch=7 v=0.2052
    OK ch=1 v=0.3249
    OK ch=3 v=0.2075
    OK ch=5 v=0.2127
    OK ch=7 v=0.2038
    OK ch=1 v=0.3258
    OK ch=3 v=0.2131
    OK ch=5 v=0.2009
    OK ch=7 v=0.2078
    OK ch=1 v=0.3317
    OK ch=5 v=0.2040
    OK ch=7 v=0.2068
    OK ch=1 v=0.3390
    OK ch=5 v=0.2078
    OK ch=7 v=0.2040
    OK ch=1 v=0.3413
    OK ch=3 v=0.2111
    OK ch=5 v=0.2069
    OK ch=3 v=0.2232
    OK ch=5 v=0.2052
    OK ch=7 v=0.2033
    OK ch=1 v=0.3292
    OK ch=3 v=0.2188
    OK ch=5 v=0.2031
    OK ch=7 v=0.2075
    OK ch=1 v=0.3500
    OK ch=3 v=0.2122
    OK ch=5 v=0.2014
    OK ch=7 v=0.2070
    OK ch=1 v=0.3468
    OK ch=3 v=0.2182
    OK ch=5 v=0.2102
    OK ch=1 v=0.3450
    OK ch=5 v=0.2087
    OK ch=7 v=0.2076
    OK ch=1 v=0.3269
    OK ch=3 v=0.2187
    OK ch=5 v=0.2010
    OK ch=7 v=0.2086
    OK ch=1 v=0.3082
    OK ch=3 v=0.2109
    OK ch=5 v=0.2046
    OK ch=7 v=0.2056
    OK ch=1 v=0.3186
    OK ch=3 v=0.2135
    OK ch=5 v=0.2104
    OK ch=7 v=0.2074
    OK ch=1 v=0.3161
    OK ch=3 v=0.2091
    OK ch=5 v=0.2067
    OK ch=1 v=0.3490
    OK ch=3 v=0.2129
    OK ch=5 v=0.2012
    OK ch=7 v=0.2044
    OK ch=1 v=0.3281
    OK ch=3 v=0.2116
    OK ch=7 v=0.2065
    OK ch=1 v=0.3253
    OK ch=3 v=0.2094
    OK ch=5 v=0.2083
    OK ch=7 v=0.2043
    OK ch=1 v=0.3180
    OK ch=3 v=0.2057
    OK ch=5 v=0.2155
    OK ch=1 v=0.3509
    OK ch=3 v=0.2181
    OK ch=5 v=0.2039
    OK ch=7 v=0.2073
    OK ch=1 v=0.3588
    OK ch=3 v=0.2194
    OK ch=5 v=0.2003
    OK ch=1 v=0.3360
    OK ch=3 v=0.2108
    OK ch=5 v=0.2114
    OK ch=7 v=0.2047
    OK ch=1 v=0.3329
    OK ch=5 v=0.2132
    OK ch=7 v=0.2056
    OK ch=1 v=0.3089
    OK ch=3 v=0.2091
    OK ch=5 v=0.2066
    OK ch=1 v=0.3101
    OK ch=3 v=0.2123
    OK ch=5 v=0.2034
    OK ch=7 v=0.2024
    OK ch=1 v=0.3359
    OK ch=3 v=0.2206
    OK ch=5 v=0.2043
    OK ch=7 v=0.2075
    OK ch=1 v=0.3060
    OK ch=3 v=0.2010
    OK ch=5 v=0.2102
    OK ch=7 v=0.2068
    OK ch=1 v=0.3581
    OK ch=3 v=0.2171
    OK ch=5 v=0.2058
    OK ch=7 v=0.2040
    OK ch=1 v=0.3356
    OK ch=3 v=0.2131
    OK ch=5 v=0.2001
    OK ch=7 v=0.2054
    OK ch=1 v=0.3313
    OK ch=3 v=0.2161
    OK ch=5 v=0.2067
    OK ch=7 v=0.2059
    OK ch=1 v=0.3250
    OK ch=3 v=0.2111
    OK ch=5 v=0.2084
    OK ch=7 v=0.2073
    OK ch=1 v=0.3276
    OK ch=3 v=0.2168
    OK ch=5 v=0.2016
    OK ch=1 v=0.3415
    OK ch=3 v=0.2182
    OK ch=5 v=0.2032
    OK ch=7 v=0.2091
    OK ch=3 v=0.2098
    OK ch=5 v=0.2068
    OK ch=7 v=0.2073
    OK ch=1 v=0.3282
    OK ch=3 v=0.2092
    OK ch=7 v=0.2089
    OK ch=1 v=0.3412
    OK ch=3 v=0.2162
    OK ch=5 v=0.2054
    OK ch=7 v=0.2048
    OK ch=1 v=0.3027
    OK ch=3 v=0.2100
    OK ch=5 v=0.2004
    OK ch=1 v=0.3430
    OK ch=3 v=0.2146
    OK ch=5 v=0.2014
    OK ch=7 v=0.2055
    OK ch=1 v=0.3541
    OK ch=3 v=0.2165
    OK ch=5 v=0.2120
    OK ch=1 v=0.3423
    OK ch=3 v=0.2172
    OK ch=5 v=0.2095
    OK ch=1 v=0.3195
    OK ch=3 v=0.2090
    OK ch=5 v=0.2039
    OK ch=7 v=0.2070
    OK ch=1 v=0.3022
    OK ch=5 v=0.2048
    OK ch=7 v=0.2057
    OK ch=1 v=0.3253
    OK ch=3 v=0.2100
    OK ch=5 v=0.2107
    OK ch=7 v=0.2043
    OK ch=1 v=0.3677
    OK ch=3 v=0.2233
    OK ch=1 v=0.3542
    OK ch=3 v=0.2182
    OK ch=5 v=0.2092
    OK ch=7 v=0.2025
    OK ch=1 v=0.3455
    OK ch=3 v=0.2168
    OK ch=5 v=0.2009
    OK ch=7 v=0.2054
    OK ch=1 v=0.3127
    OK ch=3 v=0.2093
    OK ch=5 v=0.2090
    OK ch=1 v=0.3118
    OK ch=3 v=0.2078
    OK ch=5 v=0.2173
    OK ch=7 v=0.2030
    OK ch=1 v=0.3021
    OK ch=3 v=0.2164
    OK ch=5 v=0.2070
    OK ch=7 v=0.2071
    OK ch=1 v=0.3417
    OK ch=3 v=0.2146
    OK ch=5 v=0.2020
    OK ch=7 v=0.2053
    OK ch=1 v=0.3265
    OK ch=3 v=0.2115
    OK ch=5 v=0.2089
    OK ch=7 v=0.2042
    OK ch=1 v=0.3552
    OK ch=3 v=0.2139
    OK ch=5 v=0.2083
    OK ch=7 v=0.2082
    OK ch=1 v=0.3256
    OK ch=3 v=0.2118
    OK ch=5 v=0.2060
    OK ch=7 v=0.2059
    OK ch=1 v=0.3468
    OK ch=3 v=0.2178
    OK ch=5 v=0.2006
    OK ch=7 v=0.2079
    OK ch=1 v=0.3545
    OK ch=3 v=0.2184
    OK ch=5 v=0.2089
    OK ch=7 v=0.2064
    OK ch=1 v=0.3472
    OK ch=3 v=0.2107
    OK ch=5 v=0.2100
    OK ch=7 v=0.2072
    OK ch=1 v=0.2976
    OK ch=3 v=0.2101
    OK ch=5 v=0.1999
    OK ch=7 v=0.2092
    OK ch=1 v=0.3231
    OK ch=3 v=0.2134
    OK ch=5 v=0.2032
    OK ch=1 v=0.3344
    OK ch=3 v=0.2128
    OK ch=5 v=0.2075
    OK ch=7 v=0.2049
    OK ch=1 v=0.3596
    OK ch=3 v=0.2094
    OK ch=5 v=0.2032
    OK ch=1 v=0.3195
    OK ch=3 v=0.2135
    OK ch=5 v=0.2022
    OK ch=7 v=0.2042
    OK ch=1 v=0.3495
    OK ch=3 v=0.2226
    OK ch=5 v=0.2013
    OK ch=7 v=0.2057
    OK ch=1 v=0.3217
    OK ch=3 v=0.2105
    OK ch=5 v=0.2052
    OK ch=7 v=0.2048
    OK ch=1 v=0.3391
    OK ch=3 v=0.2160
    OK ch=5 v=0.2104
    OK ch=1 v=0.3102
    OK ch=3 v=0.2150
    OK ch=5 v=0.2043
    OK ch=7 v=0.2078
    OK ch=1 v=0.3187
    OK ch=3 v=0.2071
    OK ch=5 v=0.2012
    OK ch=7 v=0.2066
    OK ch=1 v=0.3215
    OK ch=3 v=0.2159
    OK ch=5 v=0.2103
    OK ch=7 v=0.2050
    OK ch=1 v=0.3077
    OK ch=3 v=0.2016
    OK ch=5 v=0.2117
    OK ch=7 v=0.2073
    OK ch=1 v=0.3333
    OK ch=3 v=0.2149
    OK ch=5 v=0.2033
    OK ch=7 v=0.2049
    OK ch=1 v=0.3477
    OK ch=3 v=0.2170
    OK ch=5 v=0.2054
    OK ch=7 v=0.2072
    OK ch=1 v=0.3302
    OK ch=3 v=0.2104
    OK ch=5 v=0.2117
    OK ch=7 v=0.2048
    OK ch=1 v=0.3244
    OK ch=3 v=0.2115
    OK ch=5 v=0.2130
    OK ch=1 v=0.3450
    OK ch=3 v=0.2195
    OK ch=5 v=0.2041
    OK ch=7 v=0.2063
    OK ch=1 v=0.3315
    OK ch=3 v=0.2123
    OK ch=5 v=0.2034
    OK ch=7 v=0.2054
    OK ch=3 v=0.2206
    OK ch=5 v=0.2137
    OK ch=7 v=0.2043
    OK ch=1 v=0.3402
    OK ch=3 v=0.2094
    OK ch=5 v=0.2111
    OK ch=7 v=0.2058
    OK ch=1 v=0.3267
    OK ch=5 v=0.2039
    OK ch=7 v=0.2063
    OK ch=1 v=0.3401
    OK ch=3 v=0.2163
    OK ch=5 v=0.2032
    OK ch=7 v=0.2051
    OK ch=1 v=0.3032
    OK ch=3 v=0.2123
    OK ch=5 v=0.2067
    OK ch=7 v=0.2041
    OK ch=1 v=0.3362
    OK ch=3 v=0.2131
    OK ch=7 v=0.2070
    OK ch=1 v=0.3706
    OK ch=3 v=0.2217
    OK ch=5 v=0.2024
    OK ch=7 v=0.2049
    OK ch=1 v=0.3374
    OK ch=3 v=0.2103
    OK ch=5 v=0.1993
    OK ch=7 v=0.2084
    OK ch=1 v=0.3301
    OK ch=3 v=0.2081
    OK ch=5 v=0.2081
    OK ch=7 v=0.2070
    OK ch=1 v=0.3419
    OK ch=3 v=0.2131
    OK ch=7 v=0.2075
    OK ch=1 v=0.3316
    OK ch=3 v=0.2142
    OK ch=5 v=0.2007
    OK ch=1 v=0.3299
    OK ch=3 v=0.2155
    OK ch=5 v=0.2013
    OK ch=7 v=0.2091
    OK ch=1 v=0.3473
    OK ch=3 v=0.2186
    OK ch=5 v=0.2062
    OK ch=7 v=0.2049
    OK ch=1 v=0.3167
    OK ch=3 v=0.2103
    OK ch=5 v=0.2079
    OK ch=7 v=0.2055
    OK ch=1 v=0.3285
    OK ch=3 v=0.2120
    OK ch=5 v=0.2058
    OK ch=7 v=0.2035
    OK ch=1 v=0.3411
    OK ch=3 v=0.2151
    OK ch=5 v=0.2013
    OK ch=7 v=0.2086
    OK ch=1 v=0.3144
    OK ch=3 v=0.2116
    OK ch=5 v=0.2089
    OK ch=7 v=0.2051
[  205.7s] DAMPING     ch0:LOCK g=-0.0300 bp=-0.009V ratio=0.03  ch1:LOCK g=-0.0300 bp=-0.002V ratio=0.01  ch2:LOCK g=+0.0100 bp=+0.017V ratio=0.02  ch3:LOCK g=-0.0300 bp=+0.002V ratio=0.01
    OK ch=1 v=0.3413
    OK ch=3 v=0.2185
    OK ch=5 v=0.2105
    OK ch=7 v=0.2059
    OK ch=1 v=0.3081
    OK ch=3 v=0.2063
    OK ch=5 v=0.2015
    OK ch=1 v=0.3520
    OK ch=3 v=0.2192
    OK ch=5 v=0.2034
    OK ch=1 v=0.3435
    OK ch=3 v=0.2181
    OK ch=5 v=0.2107
    OK ch=7 v=0.2036
    OK ch=1 v=0.3187
    OK ch=3 v=0.2067
    OK ch=5 v=0.2117
    OK ch=7 v=0.2051
    OK ch=1 v=0.3305
    OK ch=3 v=0.2140
    OK ch=5 v=0.2070
    OK ch=7 v=0.2057
    OK ch=1 v=0.3427
    OK ch=3 v=0.2198
    OK ch=5 v=0.2050
    OK ch=7 v=0.2071
    OK ch=1 v=0.3503
    OK ch=3 v=0.2149
    OK ch=5 v=0.2119
    OK ch=7 v=0.2059
    OK ch=1 v=0.3122
    OK ch=3 v=0.2110
    OK ch=5 v=0.2113
    OK ch=7 v=0.2045
    OK ch=1 v=0.3306
    OK ch=3 v=0.2145
    OK ch=5 v=0.2032
    OK ch=7 v=0.2083
    OK ch=1 v=0.3160
    OK ch=3 v=0.2077
    OK ch=5 v=0.2066
    OK ch=7 v=0.2047
    OK ch=1 v=0.3286
    OK ch=5 v=0.2100
    OK ch=7 v=0.2057
    OK ch=1 v=0.3132
    OK ch=3 v=0.2066
    OK ch=5 v=0.2054
    OK ch=7 v=0.2072
    OK ch=1 v=0.3597
    OK ch=3 v=0.2114
    OK ch=5 v=0.2008
    OK ch=7 v=0.2060
    OK ch=1 v=0.3099
    OK ch=3 v=0.2076
    OK ch=5 v=0.2022
    OK ch=7 v=0.2046
    OK ch=1 v=0.3496
    OK ch=3 v=0.2186
    OK ch=5 v=0.2067
    OK ch=7 v=0.2072
    OK ch=1 v=0.3334
    OK ch=3 v=0.2156
    OK ch=7 v=0.2049
    OK ch=1 v=0.3466
    OK ch=3 v=0.2181
    OK ch=5 v=0.2004
    OK ch=7 v=0.2096
    OK ch=1 v=0.3351
    OK ch=3 v=0.2195
    OK ch=5 v=0.2048
    OK ch=7 v=0.2059
    OK ch=1 v=0.3279
    OK ch=3 v=0.2163
    OK ch=5 v=0.2089
    OK ch=3 v=0.2124
    OK ch=5 v=0.2050
    OK ch=3 v=0.2173
    OK ch=5 v=0.2025
    OK ch=1 v=0.3361
    OK ch=3 v=0.2159
    OK ch=5 v=0.2031
    OK ch=7 v=0.2037
    OK ch=1 v=0.3233
    OK ch=3 v=0.2109
    OK ch=5 v=0.2059
    OK ch=7 v=0.2060
    OK ch=1 v=0.3182
    OK ch=3 v=0.2095
    OK ch=5 v=0.2118
    OK ch=7 v=0.2053
    OK ch=1 v=0.3562
    OK ch=3 v=0.2199
    OK ch=5 v=0.2081
    OK ch=7 v=0.2042
    OK ch=1 v=0.3141
    OK ch=3 v=0.2089
    OK ch=5 v=0.2022
    OK ch=7 v=0.2059
    OK ch=1 v=0.3436
    OK ch=3 v=0.2141
    OK ch=5 v=0.2083
    OK ch=7 v=0.2051
    OK ch=1 v=0.3172
    OK ch=3 v=0.2090
    OK ch=5 v=0.2123
    OK ch=7 v=0.2042
    OK ch=1 v=0.3237
    OK ch=3 v=0.2143
    OK ch=5 v=0.2047
    OK ch=7 v=0.2059
    OK ch=1 v=0.3283
    OK ch=3 v=0.2115
    OK ch=7 v=0.2075
    OK ch=1 v=0.3414
    OK ch=3 v=0.2163
    OK ch=5 v=0.2082
    OK ch=7 v=0.2039
    OK ch=1 v=0.3266
    OK ch=3 v=0.2095
    OK ch=5 v=0.2101
    OK ch=7 v=0.2061
    OK ch=1 v=0.3424
    OK ch=3 v=0.2167
    OK ch=5 v=0.2069
    OK ch=1 v=0.3643
    OK ch=3 v=0.2219
    OK ch=5 v=0.2020
    OK ch=7 v=0.2101
    OK ch=1 v=0.3079
    OK ch=3 v=0.2085
    OK ch=5 v=0.2050
    OK ch=7 v=0.2072
    OK ch=1 v=0.3385
    OK ch=3 v=0.2146
    OK ch=5 v=0.2092
    OK ch=7 v=0.2062
    OK ch=1 v=0.3361
    OK ch=3 v=0.2118
    OK ch=5 v=0.2031
    OK ch=7 v=0.2082
    OK ch=1 v=0.3445
    OK ch=3 v=0.2188
    OK ch=7 v=0.2053
    OK ch=1 v=0.3377
    OK ch=3 v=0.2126
    OK ch=5 v=0.2064
    OK ch=1 v=0.3256
    OK ch=3 v=0.2111
    OK ch=7 v=0.2086
    OK ch=1 v=0.3001
    OK ch=3 v=0.2041
    OK ch=7 v=0.2076
    OK ch=1 v=0.3239
    OK ch=3 v=0.2169
    OK ch=5 v=0.2036
    OK ch=7 v=0.2044
    OK ch=1 v=0.3192
    OK ch=3 v=0.2119
    OK ch=5 v=0.2023
    OK ch=1 v=0.3391
    OK ch=5 v=0.2061
    OK ch=1 v=0.3584
    OK ch=3 v=0.2176
    OK ch=5 v=0.2084
    OK ch=7 v=0.2049
    OK ch=1 v=0.3555
    OK ch=3 v=0.2159
    OK ch=5 v=0.2046
    OK ch=7 v=0.2078
    OK ch=1 v=0.3450
    OK ch=3 v=0.2146
    OK ch=5 v=0.2041
    OK ch=1 v=0.3209
    OK ch=3 v=0.2092
    OK ch=5 v=0.2093
    OK ch=7 v=0.2047
    OK ch=1 v=0.3044
    OK ch=3 v=0.2117
    OK ch=5 v=0.2106
    OK ch=1 v=0.3352
    OK ch=3 v=0.2151
    OK ch=5 v=0.2088
    OK ch=7 v=0.2072
    OK ch=1 v=0.3233
    OK ch=3 v=0.2200
    OK ch=5 v=0.2047
    OK ch=7 v=0.2063
    OK ch=1 v=0.3384
    OK ch=3 v=0.2103
    OK ch=5 v=0.2063
    OK ch=7 v=0.2025
    OK ch=1 v=0.3266
    OK ch=3 v=0.2083
    OK ch=5 v=0.2128
    OK ch=7 v=0.2030
    OK ch=1 v=0.3521
    OK ch=3 v=0.2167
    OK ch=5 v=0.2067
    OK ch=7 v=0.2066
    OK ch=1 v=0.3368
    OK ch=3 v=0.2183
    OK ch=5 v=0.2027
    OK ch=7 v=0.2083
    OK ch=1 v=0.3134
    OK ch=3 v=0.2086
    OK ch=5 v=0.2108
    OK ch=7 v=0.2032
    OK ch=1 v=0.3285
    OK ch=5 v=0.2103
    OK ch=7 v=0.2068
    OK ch=1 v=0.3350
    OK ch=3 v=0.2135
    OK ch=5 v=0.2054
    OK ch=7 v=0.2049
    OK ch=1 v=0.3380
    OK ch=3 v=0.2159
    OK ch=5 v=0.2045
    OK ch=7 v=0.2084
    OK ch=1 v=0.3145
    OK ch=3 v=0.2028
    OK ch=7 v=0.2071
    OK ch=1 v=0.3557
    OK ch=3 v=0.2153
    OK ch=5 v=0.2087
    OK ch=7 v=0.2042
    OK ch=1 v=0.3227
    OK ch=3 v=0.2122
    OK ch=5 v=0.2048
    OK ch=1 v=0.3336
    OK ch=3 v=0.2193
    OK ch=5 v=0.1994
    OK ch=7 v=0.2106
    OK ch=1 v=0.3368
    OK ch=3 v=0.2177
    OK ch=5 v=0.2049
    OK ch=7 v=0.2093
    OK ch=1 v=0.3519
    OK ch=3 v=0.2194
    OK ch=5 v=0.2072
    OK ch=7 v=0.2078
    OK ch=1 v=0.3310
    OK ch=3 v=0.2151
    OK ch=5 v=0.2011
    OK ch=7 v=0.2067
    OK ch=1 v=0.3457
    OK ch=3 v=0.2182
    OK ch=5 v=0.2022
    OK ch=7 v=0.2061
    OK ch=1 v=0.3535
    OK ch=5 v=0.2049
    OK ch=7 v=0.2035
    OK ch=1 v=0.3160
    OK ch=3 v=0.2056
    OK ch=5 v=0.2074
    OK ch=7 v=0.2060
    OK ch=1 v=0.3336
    OK ch=3 v=0.2109
    OK ch=7 v=0.2054
    OK ch=1 v=0.3276
    OK ch=3 v=0.2149
    OK ch=5 v=0.2015
    OK ch=7 v=0.2042
    OK ch=1 v=0.3353
    OK ch=5 v=0.2071
    OK ch=7 v=0.2069
    OK ch=1 v=0.3162
    OK ch=5 v=0.2118
    OK ch=7 v=0.2047
    OK ch=1 v=0.3334
    OK ch=3 v=0.2104
    OK ch=5 v=0.2086
    OK ch=7 v=0.2057
    OK ch=1 v=0.3207
    OK ch=5 v=0.2030
    OK ch=7 v=0.2049
    OK ch=1 v=0.3441
    OK ch=3 v=0.2171
    OK ch=5 v=0.2055
    OK ch=7 v=0.2063
    OK ch=1 v=0.3222
    OK ch=3 v=0.2081
    OK ch=5 v=0.2107
    OK ch=7 v=0.2054
    OK ch=1 v=0.3168
    OK ch=3 v=0.2105
    OK ch=5 v=0.2124
    OK ch=7 v=0.2078
    OK ch=1 v=0.3273
    OK ch=3 v=0.2156
    OK ch=5 v=0.2049
    OK ch=7 v=0.2065
    OK ch=1 v=0.3244
    OK ch=3 v=0.2042
    OK ch=1 v=0.3469
    OK ch=3 v=0.2146
    OK ch=5 v=0.2093
    OK ch=7 v=0.2036
    OK ch=1 v=0.3170
    OK ch=3 v=0.2109
    OK ch=5 v=0.2130
    OK ch=7 v=0.2013
    OK ch=1 v=0.3360
    OK ch=3 v=0.2194
    OK ch=5 v=0.2037
    OK ch=7 v=0.2073
    OK ch=1 v=0.3235
    OK ch=3 v=0.2166
    OK ch=5 v=0.2061
    OK ch=7 v=0.2057
    OK ch=1 v=0.3515
    OK ch=3 v=0.2196
    OK ch=5 v=0.2083
    OK ch=7 v=0.2044
    OK ch=1 v=0.3337
    OK ch=3 v=0.2131
    OK ch=5 v=0.2065
    OK ch=7 v=0.2037
    OK ch=1 v=0.3623
    OK ch=3 v=0.2200
    OK ch=5 v=0.2041
    OK ch=7 v=0.2057
    OK ch=1 v=0.3434
    OK ch=3 v=0.2093
    OK ch=5 v=0.2033
    OK ch=7 v=0.2086
    OK ch=1 v=0.3303
    OK ch=3 v=0.2109
    OK ch=5 v=0.2076
    OK ch=1 v=0.3456
    OK ch=3 v=0.2178
    OK ch=5 v=0.2061
    OK ch=1 v=0.3116
    OK ch=3 v=0.2087
    OK ch=5 v=0.2019
    OK ch=7 v=0.2094
    OK ch=1 v=0.3087
    OK ch=3 v=0.2127
    OK ch=5 v=0.2028
    OK ch=7 v=0.2070
    OK ch=1 v=0.3200
    OK ch=3 v=0.2113
    OK ch=5 v=0.2064
    OK ch=7 v=0.2038
    OK ch=1 v=0.3254
    OK ch=3 v=0.2082
    OK ch=5 v=0.2040
    OK ch=7 v=0.2050
    OK ch=1 v=0.3305
    OK ch=3 v=0.2096
    OK ch=5 v=0.2021
    OK ch=7 v=0.2044
    OK ch=1 v=0.3360
    OK ch=3 v=0.2195
    OK ch=5 v=0.2031
    OK ch=7 v=0.2072
    OK ch=1 v=0.3232
    OK ch=3 v=0.2123
    OK ch=5 v=0.2085
    OK ch=1 v=0.3248
    OK ch=3 v=0.2160
    OK ch=5 v=0.2096
    OK ch=7 v=0.2057
    OK ch=1 v=0.3260
    OK ch=3 v=0.2125
    OK ch=5 v=0.2042
    OK ch=7 v=0.2065
    OK ch=1 v=0.3604
    OK ch=3 v=0.2180
    OK ch=5 v=0.2066
    OK ch=7 v=0.2076
    OK ch=1 v=0.3392
    OK ch=3 v=0.2126
    OK ch=5 v=0.2125
    OK ch=1 v=0.3582
    OK ch=3 v=0.2117
    OK ch=5 v=0.2109
    OK ch=7 v=0.2043
    OK ch=1 v=0.3552
    OK ch=3 v=0.2179
    OK ch=5 v=0.2059
    OK ch=7 v=0.2053
    OK ch=1 v=0.3058
    OK ch=3 v=0.2103
    OK ch=5 v=0.2081
    OK ch=7 v=0.2045
    OK ch=1 v=0.3101
    OK ch=3 v=0.2076
    OK ch=5 v=0.2119
    OK ch=7 v=0.2037
    OK ch=1 v=0.3165
    OK ch=3 v=0.2046
    OK ch=5 v=0.2081
    OK ch=7 v=0.2010
    OK ch=1 v=0.3144
    OK ch=3 v=0.2063
    OK ch=5 v=0.2014
    OK ch=7 v=0.2082
    OK ch=1 v=0.3235
    OK ch=3 v=0.2142
    OK ch=5 v=0.2064
    OK ch=7 v=0.2054
    OK ch=1 v=0.3490
    OK ch=3 v=0.2158
    OK ch=5 v=0.2071
    OK ch=7 v=0.2075
    OK ch=1 v=0.3390
    OK ch=3 v=0.2166
    OK ch=5 v=0.2018
    OK ch=7 v=0.2051
    OK ch=1 v=0.3476
    OK ch=3 v=0.2158
    OK ch=5 v=0.2034
    OK ch=1 v=0.3534
    OK ch=3 v=0.2187
    OK ch=5 v=0.2053
    OK ch=7 v=0.2065
    OK ch=1 v=0.3409
    OK ch=3 v=0.2163
    OK ch=5 v=0.2082
    OK ch=7 v=0.2080
    OK ch=1 v=0.2965
    OK ch=3 v=0.2113
    OK ch=7 v=0.2099
    OK ch=1 v=0.3164
    OK ch=5 v=0.2029
    OK ch=7 v=0.2078
    OK ch=1 v=0.3186
    OK ch=3 v=0.2163
    OK ch=7 v=0.2044
    OK ch=1 v=0.3654
    OK ch=3 v=0.2215
    OK ch=5 v=0.2067
    OK ch=7 v=0.2051
    OK ch=1 v=0.3335
    OK ch=3 v=0.2163
    OK ch=5 v=0.2056
    OK ch=7 v=0.2067
    OK ch=1 v=0.3209
    OK ch=3 v=0.2140
    OK ch=5 v=0.2026
    OK ch=7 v=0.2079
    OK ch=1 v=0.3436
    OK ch=3 v=0.2166
    OK ch=5 v=0.2068
    OK ch=7 v=0.2050
    OK ch=1 v=0.3054
    OK ch=3 v=0.2145
    OK ch=5 v=0.2087
    OK ch=7 v=0.2059
    OK ch=1 v=0.3478
    OK ch=3 v=0.2099
    OK ch=5 v=0.2049
    OK ch=7 v=0.2049
[  210.7s] DAMPING     ch0:LOCK g=-0.0300 bp=-0.005V ratio=0.03  ch1:LOCK g=-0.0300 bp=+0.009V ratio=0.02  ch2:LOCK g=+0.0100 bp=+0.015V ratio=0.01  ch3:LOCK g=-0.0300 bp=+0.001V ratio=0.01
    OK ch=1 v=0.3677
    OK ch=3 v=0.2125
    OK ch=5 v=0.2023
    OK ch=7 v=0.2062
    OK ch=1 v=0.3447
    OK ch=3 v=0.2061
    OK ch=5 v=0.2085
    OK ch=7 v=0.2087
    OK ch=1 v=0.3440
    OK ch=3 v=0.2156
    OK ch=5 v=0.2144
    OK ch=7 v=0.2058
    OK ch=1 v=0.3060
    OK ch=3 v=0.2096
    OK ch=5 v=0.2070
    OK ch=7 v=0.2030
    OK ch=1 v=0.3182
    OK ch=3 v=0.2111
    OK ch=5 v=0.2065
    OK ch=7 v=0.2035
    OK ch=1 v=0.3288
    OK ch=3 v=0.2158
    OK ch=5 v=0.2099
    OK ch=7 v=0.2046
    OK ch=1 v=0.3494
    OK ch=7 v=0.2065
    OK ch=1 v=0.3368
    OK ch=3 v=0.2107
    OK ch=5 v=0.2071
    OK ch=7 v=0.2045
    OK ch=1 v=0.3305
    OK ch=5 v=0.2030
    OK ch=7 v=0.2067
    OK ch=1 v=0.3354
    OK ch=3 v=0.2131
    OK ch=5 v=0.2052
    OK ch=7 v=0.2058
    OK ch=1 v=0.3187
    OK ch=3 v=0.2172
    OK ch=5 v=0.2098
    OK ch=1 v=0.3347
    OK ch=3 v=0.2121
    OK ch=5 v=0.2062
    OK ch=7 v=0.2094
    OK ch=1 v=0.3318
    OK ch=3 v=0.2067
    OK ch=5 v=0.2009
    OK ch=7 v=0.2056
    OK ch=1 v=0.3093
    OK ch=3 v=0.2093
    OK ch=5 v=0.2041
    OK ch=7 v=0.2062
    OK ch=1 v=0.3415
    OK ch=3 v=0.2138
    OK ch=7 v=0.2074
    OK ch=3 v=0.2207
    OK ch=5 v=0.2032
    OK ch=7 v=0.2060
    OK ch=1 v=0.3452
    OK ch=3 v=0.2181
    OK ch=5 v=0.2021
    OK ch=7 v=0.2080
    OK ch=1 v=0.3423
    OK ch=3 v=0.2216
    OK ch=5 v=0.2044
    OK ch=1 v=0.3410
    OK ch=3 v=0.2138
    OK ch=5 v=0.2049
    OK ch=7 v=0.2071
    OK ch=1 v=0.3032
    OK ch=3 v=0.2057
    OK ch=5 v=0.2084
    OK ch=7 v=0.2041
    OK ch=1 v=0.3399
    OK ch=3 v=0.2208
    OK ch=5 v=0.2026
    OK ch=7 v=0.2065
    OK ch=1 v=0.3176
    OK ch=3 v=0.2140
    OK ch=5 v=0.2056
    OK ch=7 v=0.2055
    OK ch=1 v=0.3398
    OK ch=3 v=0.2123
    OK ch=5 v=0.2109
    OK ch=7 v=0.2032
    OK ch=1 v=0.3273
    OK ch=3 v=0.2111
    OK ch=5 v=0.2075
    OK ch=7 v=0.2072
    OK ch=1 v=0.3350
    OK ch=3 v=0.2128
    OK ch=5 v=0.2050
    OK ch=1 v=0.3477
    OK ch=5 v=0.2068
    OK ch=7 v=0.2036
    OK ch=1 v=0.3382
    OK ch=3 v=0.2121
    OK ch=5 v=0.2097
    OK ch=7 v=0.2044
    OK ch=1 v=0.2963
    OK ch=3 v=0.2088
    OK ch=5 v=0.2107
    OK ch=7 v=0.2052
    OK ch=1 v=0.3122
    OK ch=3 v=0.2099
    OK ch=5 v=0.2063
    OK ch=1 v=0.3369
    OK ch=1 v=0.3400
    OK ch=3 v=0.2134
    OK ch=5 v=0.2070
    OK ch=1 v=0.3500
    OK ch=3 v=0.2156
    OK ch=5 v=0.2112
    OK ch=1 v=0.3349
    OK ch=5 v=0.2085
    OK ch=1 v=0.3435
    OK ch=3 v=0.2108
    OK ch=5 v=0.2053
    OK ch=7 v=0.2044
    OK ch=1 v=0.2975
    OK ch=3 v=0.2088
    OK ch=5 v=0.2044
    OK ch=7 v=0.2082
    OK ch=1 v=0.3403
    OK ch=3 v=0.2172
    OK ch=5 v=0.2061
    OK ch=7 v=0.2070
    OK ch=1 v=0.3448
    OK ch=3 v=0.2141
    OK ch=5 v=0.2077
    OK ch=7 v=0.2064
    OK ch=1 v=0.3750
    OK ch=3 v=0.2203
    OK ch=5 v=0.2042
    OK ch=1 v=0.3328
    OK ch=3 v=0.2159
    OK ch=5 v=0.2029
    OK ch=1 v=0.3282
    OK ch=3 v=0.2104
    OK ch=5 v=0.2043
    OK ch=1 v=0.3276
    OK ch=3 v=0.2133
    OK ch=5 v=0.2074
    OK ch=7 v=0.2072
    OK ch=1 v=0.3262
    OK ch=3 v=0.2105
    OK ch=5 v=0.2059
    OK ch=7 v=0.2082
    OK ch=1 v=0.3323
    OK ch=3 v=0.2145
    OK ch=5 v=0.2020
    OK ch=7 v=0.2064
    OK ch=1 v=0.3540
    OK ch=3 v=0.2160
    OK ch=5 v=0.2038
    OK ch=7 v=0.2058
    OK ch=1 v=0.3449
    OK ch=3 v=0.2130
    OK ch=5 v=0.2053
    OK ch=7 v=0.2069
    OK ch=1 v=0.3297
    OK ch=3 v=0.2195
    OK ch=5 v=0.2036
    OK ch=7 v=0.2043
    OK ch=1 v=0.3533
    OK ch=5 v=0.2026
    OK ch=7 v=0.2021
    OK ch=1 v=0.3033
    OK ch=3 v=0.2069
    OK ch=5 v=0.2044
    OK ch=7 v=0.2075
    OK ch=1 v=0.3375
    OK ch=3 v=0.2128
    OK ch=5 v=0.2089
    OK ch=7 v=0.2061
    OK ch=1 v=0.3354
    OK ch=5 v=0.2062
    OK ch=7 v=0.2069
    OK ch=1 v=0.3239
    OK ch=3 v=0.2141
    OK ch=5 v=0.2038
    OK ch=7 v=0.2081
    OK ch=1 v=0.3176
    OK ch=3 v=0.2082
    OK ch=5 v=0.2099
    OK ch=7 v=0.2064
    OK ch=1 v=0.3133
    OK ch=3 v=0.2136
    OK ch=5 v=0.2113
    OK ch=7 v=0.2059
    OK ch=1 v=0.3021
    OK ch=3 v=0.2076
    OK ch=5 v=0.2081
    OK ch=7 v=0.2046
    OK ch=1 v=0.3117
    OK ch=5 v=0.2053
    OK ch=1 v=0.3455
    OK ch=3 v=0.2144
    OK ch=5 v=0.2061
    OK ch=1 v=0.3521
    OK ch=3 v=0.2194
    OK ch=5 v=0.2103
    OK ch=1 v=0.3490
    OK ch=3 v=0.2215
    OK ch=5 v=0.2131
    OK ch=7 v=0.2058
    OK ch=1 v=0.3564
    OK ch=3 v=0.2168
    OK ch=5 v=0.2070
    OK ch=7 v=0.2063
    OK ch=1 v=0.3164
    OK ch=3 v=0.2099
    OK ch=5 v=0.2059
    OK ch=7 v=0.2040
    OK ch=1 v=0.3226
    OK ch=3 v=0.2110
    OK ch=5 v=0.2113
    OK ch=1 v=0.3134
    OK ch=3 v=0.2034
    OK ch=5 v=0.2099
    OK ch=7 v=0.2062
    OK ch=1 v=0.3229
    OK ch=3 v=0.2111
    OK ch=5 v=0.2041
    OK ch=1 v=0.3350
    OK ch=3 v=0.2170
    OK ch=5 v=0.2022
    OK ch=7 v=0.2054
    OK ch=1 v=0.3458
    OK ch=3 v=0.2138
    OK ch=5 v=0.2040
    OK ch=7 v=0.2066
    OK ch=1 v=0.3142
    OK ch=3 v=0.2202
    OK ch=5 v=0.2072
    OK ch=1 v=0.3661
    OK ch=3 v=0.2195
    OK ch=5 v=0.2016
    OK ch=7 v=0.2041
    OK ch=1 v=0.3322
    OK ch=3 v=0.2089
    OK ch=5 v=0.2004
    OK ch=7 v=0.2077
    OK ch=1 v=0.3640
    OK ch=3 v=0.2154
    OK ch=5 v=0.2054
    OK ch=7 v=0.2066
    OK ch=1 v=0.3207
    OK ch=3 v=0.2100
    OK ch=5 v=0.2063
    OK ch=7 v=0.2085
    OK ch=1 v=0.3301
    OK ch=3 v=0.2114
    OK ch=5 v=0.2035
    OK ch=7 v=0.2079
    OK ch=1 v=0.3183
    OK ch=3 v=0.2135
    OK ch=7 v=0.2070
    OK ch=1 v=0.3213
    OK ch=3 v=0.2104
    OK ch=5 v=0.2056
    OK ch=7 v=0.2077
    OK ch=1 v=0.3434
    OK ch=3 v=0.2189
    OK ch=5 v=0.2073
    OK ch=7 v=0.2059
    OK ch=1 v=0.3133
    OK ch=3 v=0.2104
    OK ch=5 v=0.2054
    OK ch=7 v=0.2067
    OK ch=1 v=0.3449
    OK ch=3 v=0.2157
    OK ch=5 v=0.2036
    OK ch=1 v=0.3139
    OK ch=3 v=0.2124
    OK ch=5 v=0.2082
    OK ch=7 v=0.2050
    OK ch=1 v=0.3542
    OK ch=3 v=0.2143
    OK ch=7 v=0.2061
    OK ch=1 v=0.3403
    OK ch=3 v=0.2156
    OK ch=5 v=0.2058
    OK ch=7 v=0.2050
    OK ch=1 v=0.3394
    OK ch=3 v=0.2174
    OK ch=5 v=0.2078
    OK ch=7 v=0.2039
    OK ch=1 v=0.3107
    OK ch=3 v=0.2185
    OK ch=5 v=0.2105
    OK ch=7 v=0.2032
    OK ch=1 v=0.3536
    OK ch=3 v=0.2131
    OK ch=7 v=0.2042
    OK ch=1 v=0.3389
    OK ch=3 v=0.2108
    OK ch=5 v=0.2088
    OK ch=7 v=0.2049
    OK ch=1 v=0.3126
    OK ch=3 v=0.2028
    OK ch=5 v=0.2052
    OK ch=7 v=0.2068
    OK ch=1 v=0.3204
    OK ch=3 v=0.2087
    OK ch=5 v=0.2098
    OK ch=7 v=0.2046
    OK ch=1 v=0.3251
    OK ch=3 v=0.2140
    OK ch=7 v=0.2071
    OK ch=1 v=0.3223
    OK ch=3 v=0.2162
    OK ch=5 v=0.2043
    OK ch=1 v=0.3151
    OK ch=3 v=0.2149
    OK ch=5 v=0.2034
    OK ch=1 v=0.3388
    OK ch=3 v=0.2166
    OK ch=5 v=0.2060
    OK ch=7 v=0.2043
    OK ch=1 v=0.3453
    OK ch=3 v=0.2159
    OK ch=5 v=0.2066
    OK ch=7 v=0.2031
    OK ch=1 v=0.3363
    OK ch=3 v=0.2171
    OK ch=5 v=0.2041
    OK ch=7 v=0.2063
    OK ch=1 v=0.3462
    OK ch=3 v=0.2054
    OK ch=5 v=0.2032
    OK ch=7 v=0.2081
    OK ch=1 v=0.3244
    OK ch=3 v=0.2106
    OK ch=5 v=0.2063
    OK ch=7 v=0.2089
    OK ch=1 v=0.3462
    OK ch=3 v=0.2196
    OK ch=5 v=0.2070
    OK ch=7 v=0.2056
    OK ch=1 v=0.3312
    OK ch=3 v=0.2145
    OK ch=5 v=0.2044
    OK ch=7 v=0.2075
    OK ch=1 v=0.3410
    OK ch=5 v=0.2035
    OK ch=7 v=0.2061
    OK ch=1 v=0.3628
    OK ch=3 v=0.2150
    OK ch=5 v=0.2063
    OK ch=7 v=0.2046
    OK ch=1 v=0.3273
    OK ch=5 v=0.2071
    OK ch=7 v=0.2058
    OK ch=1 v=0.3200
    OK ch=3 v=0.2128
    OK ch=5 v=0.2058
    OK ch=1 v=0.3226
    OK ch=3 v=0.2077
    OK ch=5 v=0.2051
    OK ch=7 v=0.2025
    OK ch=1 v=0.3085
    OK ch=3 v=0.2120
    OK ch=7 v=0.2064
    OK ch=1 v=0.2979
    OK ch=3 v=0.2061
    OK ch=5 v=0.2086
    OK ch=7 v=0.2072
    OK ch=1 v=0.3570
    OK ch=3 v=0.2178
    OK ch=5 v=0.2060
    OK ch=1 v=0.3427
    OK ch=3 v=0.2189
    OK ch=5 v=0.2017
    OK ch=7 v=0.2066
    OK ch=3 v=0.2160
    OK ch=5 v=0.2051
    OK ch=7 v=0.2075
    OK ch=1 v=0.3212
    OK ch=3 v=0.2074
    OK ch=5 v=0.2120
    OK ch=1 v=0.3358
    OK ch=3 v=0.2106
    OK ch=5 v=0.2092
    OK ch=7 v=0.2043
    OK ch=1 v=0.3670
    OK ch=3 v=0.2147
    OK ch=5 v=0.2053
    OK ch=1 v=0.3357
    OK ch=3 v=0.2187
    OK ch=5 v=0.2068
    OK ch=7 v=0.2083
    OK ch=1 v=0.2810
    OK ch=3 v=0.2072
    OK ch=5 v=0.2093
    OK ch=7 v=0.2049
    OK ch=1 v=0.3217
    OK ch=3 v=0.2154
    OK ch=7 v=0.2070
    OK ch=1 v=0.3412
    OK ch=3 v=0.2093
    OK ch=5 v=0.2058
    OK ch=1 v=0.3436
    OK ch=3 v=0.2138
    OK ch=5 v=0.2017
    OK ch=1 v=0.3146
    OK ch=3 v=0.2088
    OK ch=5 v=0.2043
    OK ch=7 v=0.2052
    OK ch=1 v=0.3304
    OK ch=3 v=0.2153
    OK ch=5 v=0.2069
    OK ch=7 v=0.2040
    OK ch=1 v=0.3433
    OK ch=3 v=0.2135
    OK ch=5 v=0.2039
    OK ch=7 v=0.2057
    OK ch=1 v=0.3092
    OK ch=3 v=0.2214
    OK ch=5 v=0.2051
    OK ch=1 v=0.3416
    OK ch=3 v=0.2122
    OK ch=5 v=0.2057
    OK ch=1 v=0.3460
    OK ch=3 v=0.2161
    OK ch=5 v=0.2068
    OK ch=7 v=0.2073
    OK ch=1 v=0.3476
    OK ch=3 v=0.2135
    OK ch=5 v=0.2056
    OK ch=7 v=0.2048
    OK ch=1 v=0.3304
    OK ch=3 v=0.2093
    OK ch=5 v=0.2051
    OK ch=7 v=0.2071
    OK ch=1 v=0.3205
    OK ch=3 v=0.2100
    OK ch=5 v=0.2087
    OK ch=7 v=0.2060
    OK ch=1 v=0.3483
    OK ch=3 v=0.2067
    OK ch=5 v=0.2064
    OK ch=7 v=0.2081
    OK ch=1 v=0.3184
    OK ch=3 v=0.2168
    OK ch=7 v=0.2053
    OK ch=1 v=0.3247
    OK ch=3 v=0.2203
    OK ch=5 v=0.2072
    OK ch=7 v=0.2062
    OK ch=1 v=0.3476
    OK ch=3 v=0.2210
    OK ch=5 v=0.2084
[  215.7s] DAMPING     ch0:LOCK g=-0.0300 bp=+0.019V ratio=0.03  ch1:LOCK g=-0.0300 bp=+0.013V ratio=0.01  ch2:LOCK g=+0.0100 bp=-0.006V ratio=0.01  ch3:LOCK g=-0.0300 bp=+0.003V ratio=0.00
    OK ch=1 v=0.3357
    OK ch=3 v=0.2094
    OK ch=5 v=0.2079
    OK ch=7 v=0.2038
    OK ch=1 v=0.3161
    OK ch=3 v=0.2101
    OK ch=5 v=0.2057
    OK ch=7 v=0.2051
    OK ch=1 v=0.3182
    OK ch=3 v=0.2090
    OK ch=5 v=0.2042
    OK ch=7 v=0.2057
    OK ch=1 v=0.3321
    OK ch=3 v=0.2081
    OK ch=5 v=0.2085
    OK ch=7 v=0.2048
    OK ch=1 v=0.3189
    OK ch=3 v=0.2170
    OK ch=5 v=0.2077
    OK ch=7 v=0.2063
    OK ch=1 v=0.3357
    OK ch=3 v=0.2140
    OK ch=5 v=0.2037
    OK ch=1 v=0.3372
    OK ch=3 v=0.2133
    OK ch=5 v=0.2058
    OK ch=7 v=0.2076
    OK ch=1 v=0.3292
    OK ch=3 v=0.2120
    OK ch=5 v=0.2083
    OK ch=7 v=0.2038
    OK ch=1 v=0.3395
    OK ch=3 v=0.2181
    OK ch=5 v=0.2091
    OK ch=7 v=0.2063
    OK ch=1 v=0.3446
    OK ch=3 v=0.2151
    OK ch=5 v=0.2068
    OK ch=7 v=0.2055
    OK ch=1 v=0.3317
    OK ch=3 v=0.2081
    OK ch=5 v=0.2048
    OK ch=7 v=0.2067
    OK ch=1 v=0.3571
    OK ch=3 v=0.2180
    OK ch=5 v=0.2069
    OK ch=7 v=0.2055
    OK ch=1 v=0.3082
    OK ch=3 v=0.2123
    OK ch=5 v=0.2057
    OK ch=7 v=0.2078
    OK ch=1 v=0.3318
    OK ch=3 v=0.2139
    OK ch=5 v=0.2026
    OK ch=7 v=0.2111
    OK ch=1 v=0.3467
    OK ch=3 v=0.2175
    OK ch=5 v=0.2048
    OK ch=7 v=0.2063
    OK ch=1 v=0.3613
    OK ch=3 v=0.2131
    OK ch=5 v=0.2040
    OK ch=7 v=0.2051
    OK ch=1 v=0.3167
    OK ch=3 v=0.2111
    OK ch=5 v=0.2030
    OK ch=1 v=0.3057
    OK ch=3 v=0.2077
    OK ch=5 v=0.2047
    OK ch=1 v=0.3399
    OK ch=3 v=0.2084
    OK ch=5 v=0.2031
    OK ch=1 v=0.3476
    OK ch=3 v=0.2160
    OK ch=5 v=0.2058
    OK ch=7 v=0.2033
    OK ch=1 v=0.3436
    OK ch=3 v=0.2136
    OK ch=5 v=0.2075
    OK ch=7 v=0.2060
    OK ch=1 v=0.3357
    OK ch=3 v=0.2213
    OK ch=5 v=0.2042
    OK ch=7 v=0.2065
    OK ch=1 v=0.3311
    OK ch=3 v=0.2163
    OK ch=5 v=0.2077
    OK ch=7 v=0.2041
    OK ch=1 v=0.3009
    OK ch=3 v=0.2037
    OK ch=5 v=0.2109
    OK ch=7 v=0.2055
    OK ch=1 v=0.3076
    OK ch=3 v=0.2060
    OK ch=5 v=0.2070
    OK ch=7 v=0.2072
    OK ch=1 v=0.3380
    OK ch=3 v=0.2162
    OK ch=5 v=0.2052
    OK ch=7 v=0.2059
    OK ch=1 v=0.3352
    OK ch=3 v=0.2138
    OK ch=5 v=0.2077
    OK ch=1 v=0.3341
    OK ch=3 v=0.2169
    OK ch=5 v=0.2101
    OK ch=1 v=0.3467
    OK ch=5 v=0.2080
    OK ch=7 v=0.2047
    OK ch=1 v=0.3563
    OK ch=3 v=0.2204
    OK ch=5 v=0.2061
    OK ch=7 v=0.2060
    OK ch=1 v=0.3146
    OK ch=3 v=0.2138
    OK ch=5 v=0.2080
    OK ch=7 v=0.2041
    OK ch=1 v=0.3360
    OK ch=3 v=0.2089
    OK ch=5 v=0.2104
    OK ch=7 v=0.2057
    OK ch=1 v=0.3164
    OK ch=3 v=0.2109
    OK ch=5 v=0.2051
    OK ch=1 v=0.3630
    OK ch=3 v=0.2203
    OK ch=7 v=0.2063
    OK ch=1 v=0.3295
    OK ch=3 v=0.2134
    OK ch=5 v=0.2060
    OK ch=7 v=0.2075
    OK ch=1 v=0.3277
    OK ch=3 v=0.2116
    OK ch=7 v=0.2061
    OK ch=1 v=0.3261
    OK ch=1 v=0.3233
    OK ch=3 v=0.2039
    OK ch=7 v=0.2048
    OK ch=1 v=0.3312
    OK ch=3 v=0.2125
    OK ch=5 v=0.2043
    OK ch=7 v=0.2069
    OK ch=1 v=0.3057
    OK ch=3 v=0.2104
    OK ch=5 v=0.2054
    OK ch=7 v=0.2060
    OK ch=1 v=0.3504
    OK ch=3 v=0.2170
    OK ch=7 v=0.2070
    OK ch=1 v=0.3478
    OK ch=3 v=0.2196
    OK ch=5 v=0.2032
    OK ch=1 v=0.3294
    OK ch=3 v=0.2136
    OK ch=5 v=0.2019
    OK ch=7 v=0.2078
    OK ch=1 v=0.3412
    OK ch=3 v=0.2167
    OK ch=5 v=0.2041
    OK ch=7 v=0.2038
    OK ch=1 v=0.3272
    OK ch=3 v=0.2137
    OK ch=5 v=0.2069
    OK ch=7 v=0.2061
    OK ch=1 v=0.3354
    OK ch=3 v=0.2175
    OK ch=7 v=0.2076
    OK ch=1 v=0.3073
    OK ch=3 v=0.2085
    OK ch=5 v=0.2047
    OK ch=1 v=0.3403
    OK ch=3 v=0.2136
    OK ch=5 v=0.2035
    OK ch=7 v=0.2069
    OK ch=1 v=0.3451
    OK ch=5 v=0.2089
    OK ch=7 v=0.2029
    OK ch=1 v=0.3268
    OK ch=3 v=0.2097
    OK ch=5 v=0.2078
    OK ch=7 v=0.2054
    OK ch=1 v=0.3228
    OK ch=3 v=0.2112
    OK ch=5 v=0.2044
    OK ch=7 v=0.2074
    OK ch=1 v=0.3301
    OK ch=5 v=0.2083
    OK ch=7 v=0.2038
    OK ch=1 v=0.3537
    OK ch=3 v=0.2106
    OK ch=5 v=0.2089
    OK ch=7 v=0.2061
    OK ch=1 v=0.3208
    OK ch=3 v=0.2117
    OK ch=5 v=0.2084
    OK ch=7 v=0.2078
    OK ch=1 v=0.3163
    OK ch=3 v=0.2127
    OK ch=5 v=0.2066
    OK ch=7 v=0.2062
    OK ch=1 v=0.3367
    OK ch=3 v=0.2133
    OK ch=5 v=0.2072
    OK ch=7 v=0.2070
    OK ch=1 v=0.3343
    OK ch=3 v=0.2124
    OK ch=5 v=0.2106
    OK ch=7 v=0.2044
    OK ch=1 v=0.3564
    OK ch=3 v=0.2173
    OK ch=5 v=0.2061
    OK ch=1 v=0.3358
    OK ch=5 v=0.2045
    OK ch=7 v=0.2085
    OK ch=1 v=0.3519
    OK ch=3 v=0.2185
    OK ch=5 v=0.2059
    OK ch=7 v=0.2065
    OK ch=1 v=0.3040
    OK ch=3 v=0.2076
    OK ch=5 v=0.2069
    OK ch=7 v=0.2046
    OK ch=1 v=0.3273
    OK ch=3 v=0.2135
    OK ch=5 v=0.2036
    OK ch=7 v=0.2082
    OK ch=1 v=0.3286
    OK ch=3 v=0.2156
    OK ch=5 v=0.2042
    OK ch=7 v=0.2057
    OK ch=1 v=0.3314
    OK ch=3 v=0.2117
    OK ch=7 v=0.2065
    OK ch=1 v=0.3251
    OK ch=3 v=0.2090
    OK ch=5 v=0.2054
    OK ch=7 v=0.2052
    OK ch=1 v=0.3471
    OK ch=3 v=0.2181
    OK ch=5 v=0.2043
    OK ch=7 v=0.2063
    OK ch=1 v=0.3643
    OK ch=3 v=0.2215
    OK ch=5 v=0.2026
    OK ch=7 v=0.2087
    OK ch=1 v=0.3053
    OK ch=3 v=0.2098
    OK ch=5 v=0.2064
    OK ch=7 v=0.2046
    OK ch=1 v=0.3256
    OK ch=3 v=0.2122
    OK ch=5 v=0.2072
    OK ch=7 v=0.2066
    OK ch=1 v=0.3282
    OK ch=5 v=0.2052
    OK ch=7 v=0.2078
    OK ch=1 v=0.3143
    OK ch=3 v=0.2097
    OK ch=5 v=0.2065
    OK ch=7 v=0.2039
    OK ch=1 v=0.3164
    OK ch=3 v=0.2187
    OK ch=5 v=0.2093
    OK ch=7 v=0.2059
    OK ch=1 v=0.3347
    OK ch=3 v=0.2114
    OK ch=5 v=0.2085
    OK ch=7 v=0.2051
    OK ch=1 v=0.3482
    OK ch=3 v=0.2130
    OK ch=5 v=0.2055
    OK ch=7 v=0.2041
    OK ch=1 v=0.3603
    OK ch=3 v=0.2204
    OK ch=5 v=0.2045
    OK ch=7 v=0.2069
    OK ch=1 v=0.3438
    OK ch=3 v=0.2133
    OK ch=5 v=0.2106
    OK ch=7 v=0.2025
    OK ch=1 v=0.3080
    OK ch=3 v=0.2072
    OK ch=5 v=0.2117
    OK ch=7 v=0.2041
    OK ch=1 v=0.3271
    OK ch=3 v=0.2082
    OK ch=5 v=0.2070
    OK ch=7 v=0.2064
    OK ch=1 v=0.3429
    OK ch=3 v=0.2150
    OK ch=5 v=0.2062
    OK ch=7 v=0.2044
    OK ch=1 v=0.3278
    OK ch=3 v=0.2076
    OK ch=5 v=0.2091
    OK ch=1 v=0.3128
    OK ch=5 v=0.2086
    OK ch=7 v=0.2065
    OK ch=1 v=0.3323
    OK ch=3 v=0.2109
    OK ch=5 v=0.2062
    OK ch=7 v=0.2057
    OK ch=1 v=0.3129
    OK ch=3 v=0.2117
    OK ch=5 v=0.2030
    OK ch=7 v=0.2069
    OK ch=1 v=0.3469
    OK ch=3 v=0.2208
    OK ch=5 v=0.2062
    OK ch=7 v=0.2080
    OK ch=1 v=0.3366
    OK ch=3 v=0.2165
    OK ch=5 v=0.2037
    OK ch=3 v=0.2125
    OK ch=5 v=0.2008
    OK ch=1 v=0.3433
    OK ch=3 v=0.2187
    OK ch=5 v=0.2021
    OK ch=7 v=0.2091
    OK ch=1 v=0.3273
    OK ch=3 v=0.2142
    OK ch=5 v=0.2050
    OK ch=7 v=0.2059
    OK ch=1 v=0.3364
    OK ch=3 v=0.2118
    OK ch=5 v=0.2044
    OK ch=7 v=0.2052
    OK ch=1 v=0.3457
    OK ch=3 v=0.2131
    OK ch=7 v=0.2065
    OK ch=1 v=0.3360
    OK ch=3 v=0.2110
    OK ch=7 v=0.2077
    OK ch=1 v=0.3250
    OK ch=3 v=0.2136
    OK ch=1 v=0.3329
    OK ch=3 v=0.2177
    OK ch=5 v=0.2062
    OK ch=7 v=0.2059
    OK ch=1 v=0.3151
    OK ch=3 v=0.2117
    OK ch=5 v=0.2068
    OK ch=7 v=0.2030
    OK ch=1 v=0.3445
    OK ch=3 v=0.2182
    OK ch=5 v=0.2042
    OK ch=7 v=0.2069
    OK ch=1 v=0.3319
    OK ch=3 v=0.2142
    OK ch=5 v=0.2059
    OK ch=7 v=0.2062
    OK ch=1 v=0.3202
    OK ch=3 v=0.2119
    OK ch=5 v=0.2089
    OK ch=1 v=0.3155
    OK ch=3 v=0.2094
    OK ch=5 v=0.2079
    OK ch=7 v=0.2047
    OK ch=1 v=0.3462
    OK ch=3 v=0.2208
    OK ch=5 v=0.2057
    OK ch=1 v=0.3476
    OK ch=3 v=0.2174
    OK ch=5 v=0.2066
    OK ch=7 v=0.2040
    OK ch=1 v=0.3155
    OK ch=3 v=0.2114
    OK ch=5 v=0.2104
    OK ch=7 v=0.2034
    OK ch=1 v=0.3562
    OK ch=3 v=0.2143
    OK ch=7 v=0.2055
    OK ch=1 v=0.3423
    OK ch=3 v=0.2121
    OK ch=5 v=0.2075
    OK ch=7 v=0.2085
    OK ch=1 v=0.3175
    OK ch=3 v=0.2061
    OK ch=7 v=0.2072
    OK ch=1 v=0.3105
    OK ch=3 v=0.2070
    OK ch=5 v=0.2093
    OK ch=7 v=0.2042
    OK ch=1 v=0.3178
    OK ch=7 v=0.2030
    OK ch=1 v=0.3485
    OK ch=3 v=0.2167
    OK ch=5 v=0.2079
    OK ch=7 v=0.2103
    OK ch=1 v=0.3115
    OK ch=3 v=0.2111
    OK ch=5 v=0.2059
    OK ch=7 v=0.2092
    OK ch=1 v=0.3382
    OK ch=3 v=0.2170
    OK ch=7 v=0.2078
    OK ch=1 v=0.3539
    OK ch=3 v=0.2184
    OK ch=5 v=0.2067
    OK ch=7 v=0.2034
    OK ch=1 v=0.3421
    OK ch=3 v=0.2159
    OK ch=5 v=0.2047
    OK ch=7 v=0.2044
    OK ch=1 v=0.3291
    OK ch=3 v=0.2145
    OK ch=5 v=0.2012
    OK ch=7 v=0.2052
    OK ch=1 v=0.3496
    OK ch=3 v=0.2138
    OK ch=5 v=0.2046
    OK ch=1 v=0.3396
    OK ch=3 v=0.2159
    OK ch=5 v=0.2053
    OK ch=7 v=0.2083
    OK ch=1 v=0.3386
    OK ch=3 v=0.2154
    OK ch=5 v=0.2029
    OK ch=7 v=0.2092
    OK ch=1 v=0.3479
    OK ch=3 v=0.2213
    OK ch=5 v=0.2036
    OK ch=7 v=0.2058
    OK ch=1 v=0.3104
    OK ch=3 v=0.2087
    OK ch=5 v=0.2057
    OK ch=7 v=0.2075
    OK ch=1 v=0.3137
    OK ch=3 v=0.2101
    OK ch=7 v=0.2049
    OK ch=1 v=0.3265
    OK ch=3 v=0.2088
    OK ch=7 v=0.2058
    OK ch=1 v=0.3290
    OK ch=3 v=0.2109
    OK ch=5 v=0.2048
    OK ch=7 v=0.2072
    OK ch=1 v=0.3576
    OK ch=3 v=0.2089
    OK ch=5 v=0.2034
    OK ch=7 v=0.2048
    OK ch=1 v=0.3280
    OK ch=3 v=0.2137
    OK ch=5 v=0.2076
    OK ch=7 v=0.2082
    OK ch=1 v=0.3097
    OK ch=3 v=0.2170
    OK ch=5 v=0.2066
    OK ch=7 v=0.2056
    OK ch=1 v=0.3504
    OK ch=3 v=0.2221
    OK ch=7 v=0.2064
[  220.8s] DAMPING     ch0:LOCK g=-0.0300 bp=+0.027V ratio=0.03  ch1:LOCK g=-0.0300 bp=+0.014V ratio=0.02  ch2:LOCK g=+0.0100 bp=+0.022V ratio=0.02  ch3:LOCK g=-0.0300 bp=+0.005V ratio=0.01
    OK ch=1 v=0.3208
    OK ch=3 v=0.2122
    OK ch=5 v=0.2082
    OK ch=7 v=0.2052
    OK ch=1 v=0.3232
    OK ch=3 v=0.2112
    OK ch=5 v=0.2097
    OK ch=7 v=0.2039
    OK ch=3 v=0.2070
    OK ch=5 v=0.2090
    OK ch=7 v=0.2056
    OK ch=1 v=0.3382
    OK ch=3 v=0.2188
    OK ch=5 v=0.2059
    OK ch=7 v=0.2048
    OK ch=1 v=0.3446
    OK ch=3 v=0.2082
    OK ch=5 v=0.2082
    OK ch=1 v=0.3280
    OK ch=3 v=0.2076
    OK ch=5 v=0.2105
    OK ch=7 v=0.2030
    OK ch=1 v=0.3137
    OK ch=3 v=0.2108
    OK ch=5 v=0.2097
    OK ch=7 v=0.2048
    OK ch=1 v=0.3539
    OK ch=3 v=0.2231
    OK ch=5 v=0.2048
    OK ch=1 v=0.3190
    OK ch=3 v=0.2134
    OK ch=5 v=0.2074
    OK ch=7 v=0.2073
    OK ch=1 v=0.3360
    OK ch=3 v=0.2145
    OK ch=7 v=0.2065
    OK ch=1 v=0.3490
    OK ch=5 v=0.2069
    OK ch=1 v=0.3271
    OK ch=3 v=0.2037
    OK ch=7 v=0.2050
    OK ch=1 v=0.3211
    OK ch=3 v=0.2142
    OK ch=5 v=0.2043
    OK ch=7 v=0.2085
    OK ch=1 v=0.3304
    OK ch=7 v=0.2073
    OK ch=1 v=0.3452
    OK ch=3 v=0.2153
    OK ch=5 v=0.2061
    OK ch=7 v=0.2057
    OK ch=1 v=0.3389
    OK ch=3 v=0.2115
    OK ch=5 v=0.2049
    OK ch=7 v=0.2052
    OK ch=1 v=0.3142
    OK ch=3 v=0.2162
    OK ch=5 v=0.2016
    OK ch=7 v=0.2089
    OK ch=1 v=0.3404
    OK ch=3 v=0.2148
    OK ch=5 v=0.2031
    OK ch=7 v=0.2038
    OK ch=1 v=0.3156
    OK ch=3 v=0.2071
    OK ch=5 v=0.2055
    OK ch=7 v=0.2071
    OK ch=1 v=0.3438
    OK ch=3 v=0.2160
    OK ch=5 v=0.2040
    OK ch=7 v=0.2062
    OK ch=1 v=0.3229
    OK ch=5 v=0.2054
    OK ch=7 v=0.2071
    OK ch=1 v=0.3189
    OK ch=3 v=0.2138
    OK ch=5 v=0.2068
    OK ch=7 v=0.2057
    OK ch=1 v=0.3485
    OK ch=3 v=0.2131
    OK ch=5 v=0.2058
    OK ch=7 v=0.2066
    OK ch=1 v=0.3320
    OK ch=3 v=0.2142
    OK ch=5 v=0.2072
    OK ch=7 v=0.2053
    OK ch=1 v=0.3463
    OK ch=3 v=0.2164
    OK ch=5 v=0.2052
    OK ch=7 v=0.2065
    OK ch=1 v=0.3181
    OK ch=3 v=0.2098
    OK ch=5 v=0.2085
    OK ch=7 v=0.2053
    OK ch=1 v=0.3155
    OK ch=3 v=0.2145
    OK ch=5 v=0.2112
    OK ch=7 v=0.2065
    OK ch=1 v=0.3364
    OK ch=5 v=0.2077
    OK ch=7 v=0.2053
    OK ch=1 v=0.3214
    OK ch=3 v=0.2109
    OK ch=5 v=0.2057
    OK ch=1 v=0.3295
    OK ch=3 v=0.2094
    OK ch=5 v=0.2079
    OK ch=7 v=0.2043
    OK ch=1 v=0.3445
    OK ch=3 v=0.2128
    OK ch=5 v=0.2088
    OK ch=7 v=0.2035
    OK ch=1 v=0.3290
    OK ch=3 v=0.2114
    OK ch=5 v=0.2077
    OK ch=7 v=0.2044
    OK ch=1 v=0.3368
    OK ch=3 v=0.2131
    OK ch=5 v=0.2055
    OK ch=7 v=0.2064
    OK ch=1 v=0.3331
    OK ch=3 v=0.2136
    OK ch=5 v=0.2078
    OK ch=1 v=0.3322
    OK ch=3 v=0.2161
    OK ch=5 v=0.2089
    OK ch=7 v=0.2043
    OK ch=1 v=0.3180
    OK ch=3 v=0.2077
    OK ch=5 v=0.2049
    OK ch=7 v=0.2055
    OK ch=1 v=0.3230
    OK ch=3 v=0.2083
    OK ch=5 v=0.2034
    OK ch=7 v=0.2083
    OK ch=1 v=0.3463
    OK ch=3 v=0.2197
    OK ch=5 v=0.2043
    OK ch=1 v=0.3446
    OK ch=3 v=0.2179
    OK ch=1 v=0.3478
    OK ch=3 v=0.2190
    OK ch=5 v=0.2056
    OK ch=7 v=0.2071
    OK ch=1 v=0.3292
    OK ch=3 v=0.2150
    OK ch=5 v=0.2039
    OK ch=7 v=0.2084
    OK ch=1 v=0.3254
    OK ch=3 v=0.2124
    OK ch=1 v=0.3448
    OK ch=3 v=0.2156
    OK ch=7 v=0.2059
    OK ch=1 v=0.3538
    OK ch=3 v=0.2196
    OK ch=5 v=0.2052
    OK ch=1 v=0.3498
    OK ch=3 v=0.2176
    OK ch=5 v=0.2033
    OK ch=7 v=0.2047
    OK ch=1 v=0.3277
    OK ch=3 v=0.2072
    OK ch=5 v=0.2049
    OK ch=7 v=0.2059
    OK ch=1 v=0.3150
    OK ch=3 v=0.2131
    OK ch=7 v=0.2072
    OK ch=1 v=0.3264
    OK ch=5 v=0.2071
    OK ch=7 v=0.2059
    OK ch=1 v=0.3248
    OK ch=3 v=0.2167
    OK ch=1 v=0.3423
    OK ch=3 v=0.2181
    OK ch=5 v=0.2065
    OK ch=1 v=0.3488
    OK ch=3 v=0.2158
    OK ch=5 v=0.2051
    OK ch=7 v=0.2043
    OK ch=1 v=0.3244
    OK ch=3 v=0.2072
    OK ch=5 v=0.2078
    OK ch=7 v=0.2022
    OK ch=1 v=0.3186
    OK ch=3 v=0.2053
    OK ch=5 v=0.2101
    OK ch=7 v=0.2044
    OK ch=1 v=0.3340
    OK ch=3 v=0.2196
    OK ch=5 v=0.2076
    OK ch=7 v=0.2066
    OK ch=1 v=0.3397
    OK ch=3 v=0.2177
    OK ch=5 v=0.2070
    OK ch=1 v=0.3363
    OK ch=3 v=0.2113
    OK ch=5 v=0.2092
    OK ch=7 v=0.2055
    OK ch=1 v=0.3256
    OK ch=3 v=0.2080
    OK ch=5 v=0.2114
    OK ch=7 v=0.2031
    OK ch=1 v=0.3061
    OK ch=5 v=0.2088
    OK ch=7 v=0.2037
    OK ch=1 v=0.3141
    OK ch=3 v=0.2135
    OK ch=5 v=0.2059
    OK ch=7 v=0.2058
    OK ch=1 v=0.3306
    OK ch=5 v=0.2076
    OK ch=1 v=0.3437
    OK ch=7 v=0.2043
    OK ch=1 v=0.3556
    OK ch=3 v=0.2184
    OK ch=5 v=0.2070
    OK ch=7 v=0.2056
    OK ch=1 v=0.3178
    OK ch=3 v=0.2206
    OK ch=5 v=0.2045
    OK ch=7 v=0.2074
    OK ch=1 v=0.3349
    OK ch=3 v=0.2113
    OK ch=5 v=0.2034
    OK ch=1 v=0.3413
    OK ch=3 v=0.2101
    OK ch=5 v=0.2055
    OK ch=1 v=0.3510
    OK ch=3 v=0.2107
    OK ch=5 v=0.2037
    OK ch=1 v=0.3619
    OK ch=3 v=0.2153
    OK ch=5 v=0.2043
    OK ch=7 v=0.2087
    OK ch=1 v=0.3310
    OK ch=5 v=0.2054
    OK ch=1 v=0.3473
    OK ch=3 v=0.2105
    OK ch=7 v=0.2049
    OK ch=1 v=0.3358
    OK ch=3 v=0.2167
    OK ch=7 v=0.2073
    OK ch=1 v=0.3421
    OK ch=3 v=0.2184
    OK ch=5 v=0.2062
    OK ch=7 v=0.2050
    OK ch=1 v=0.3031
    OK ch=3 v=0.2076
    OK ch=5 v=0.2035
    OK ch=1 v=0.3278
    OK ch=3 v=0.2117
    OK ch=1 v=0.3266
    OK ch=3 v=0.2131
    OK ch=5 v=0.2047
    OK ch=7 v=0.2064
    OK ch=1 v=0.3315
    OK ch=3 v=0.2125
    OK ch=5 v=0.2066
    OK ch=7 v=0.2055
    OK ch=1 v=0.3258
    OK ch=3 v=0.2139
    OK ch=5 v=0.2038
    OK ch=7 v=0.2090
    OK ch=1 v=0.3317
    OK ch=3 v=0.2151
    OK ch=1 v=0.3448
    OK ch=3 v=0.2127
    OK ch=5 v=0.2058
    OK ch=7 v=0.2055
    OK ch=1 v=0.3545
    OK ch=3 v=0.2155
    OK ch=5 v=0.2092
    OK ch=7 v=0.2034
    OK ch=1 v=0.3314
    OK ch=3 v=0.2094
    OK ch=7 v=0.2051
    OK ch=1 v=0.3183
    OK ch=3 v=0.2117
    OK ch=5 v=0.2069
    OK ch=7 v=0.2056
    OK ch=1 v=0.3382
    OK ch=3 v=0.2187
    OK ch=5 v=0.2079
    OK ch=1 v=0.3185
    OK ch=3 v=0.2138
    OK ch=5 v=0.2107
    OK ch=7 v=0.2048
    OK ch=1 v=0.3334
    OK ch=3 v=0.2100
    OK ch=5 v=0.2087
    OK ch=1 v=0.3084
    OK ch=3 v=0.2080
    OK ch=5 v=0.2066
    OK ch=7 v=0.2042
    OK ch=1 v=0.3231
    OK ch=3 v=0.2132
    OK ch=5 v=0.2058
    OK ch=7 v=0.2059
    OK ch=1 v=0.3306
    OK ch=3 v=0.2154
    OK ch=5 v=0.2075
    OK ch=3 v=0.2117
    OK ch=1 v=0.3447
    OK ch=3 v=0.2171
    OK ch=5 v=0.2059
    OK ch=1 v=0.3659
    OK ch=3 v=0.2242
    OK ch=5 v=0.2045
    OK ch=1 v=0.3321
    OK ch=3 v=0.2122
    OK ch=5 v=0.2039
    OK ch=7 v=0.2074
    OK ch=1 v=0.3165
    OK ch=5 v=0.2066
    OK ch=7 v=0.2048
    OK ch=1 v=0.3372
    OK ch=7 v=0.2071
    OK ch=1 v=0.3551
    OK ch=3 v=0.2171
    OK ch=5 v=0.2056
    OK ch=7 v=0.2039
    OK ch=1 v=0.3526
    OK ch=3 v=0.2162
    OK ch=5 v=0.2051
    OK ch=7 v=0.2059
    OK ch=1 v=0.3267
    OK ch=5 v=0.2068
    OK ch=7 v=0.2052
    OK ch=1 v=0.3394
    OK ch=3 v=0.2139
    OK ch=7 v=0.2077
    OK ch=1 v=0.3151
    OK ch=3 v=0.2107
    OK ch=5 v=0.2056
    OK ch=1 v=0.3108
    OK ch=5 v=0.2043
    OK ch=7 v=0.2086
    OK ch=1 v=0.3215
    OK ch=3 v=0.2123
    OK ch=7 v=0.2080
    OK ch=1 v=0.3322
    OK ch=5 v=0.2053
    OK ch=7 v=0.2049
    OK ch=1 v=0.3231
    OK ch=3 v=0.2050
    OK ch=5 v=0.2065
    OK ch=7 v=0.2043
    OK ch=1 v=0.3001
    OK ch=3 v=0.2075
    OK ch=5 v=0.2049
    OK ch=7 v=0.2059
    OK ch=1 v=0.3559
    OK ch=3 v=0.2103
    OK ch=5 v=0.2040
    OK ch=1 v=0.3528
    OK ch=3 v=0.2192
    OK ch=5 v=0.2066
    OK ch=7 v=0.2050
    OK ch=1 v=0.3332
    OK ch=3 v=0.2158
    OK ch=5 v=0.2084
    OK ch=7 v=0.2039
    OK ch=1 v=0.3268
    OK ch=5 v=0.2079
    OK ch=7 v=0.2056
    OK ch=1 v=0.3450
    OK ch=3 v=0.2198
    OK ch=5 v=0.2053
    OK ch=1 v=0.3209
    OK ch=3 v=0.2166
    OK ch=5 v=0.2075
    OK ch=7 v=0.2074
    OK ch=1 v=0.3189
    OK ch=3 v=0.2064
    OK ch=5 v=0.2100
    OK ch=7 v=0.2061
    OK ch=1 v=0.3536
    OK ch=3 v=0.2174
    OK ch=5 v=0.2069
    OK ch=1 v=0.3431
    OK ch=3 v=0.2135
    OK ch=5 v=0.2060
    OK ch=1 v=0.3551
    OK ch=3 v=0.2184
    OK ch=5 v=0.2077
    OK ch=1 v=0.3321
    OK ch=3 v=0.2122
    OK ch=1 v=0.3153
    OK ch=3 v=0.2072
    OK ch=1 v=0.3079
    OK ch=3 v=0.2056
    OK ch=5 v=0.2061
    OK ch=1 v=0.3022
    OK ch=3 v=0.2072
    OK ch=5 v=0.2049
    OK ch=1 v=0.3391
    OK ch=3 v=0.2106
    OK ch=7 v=0.2036
    OK ch=1 v=0.3589
    OK ch=3 v=0.2160
    OK ch=7 v=0.2049
    OK ch=1 v=0.3506
    OK ch=3 v=0.2204
    OK ch=5 v=0.2038
    OK ch=7 v=0.2068
    OK ch=1 v=0.3136
    OK ch=3 v=0.2132
    OK ch=5 v=0.2046
    OK ch=7 v=0.2093
    OK ch=1 v=0.3503
    OK ch=3 v=0.2178
    OK ch=5 v=0.2036
    OK ch=7 v=0.2075
    OK ch=1 v=0.3332
    OK ch=3 v=0.2147
    OK ch=5 v=0.2046
    OK ch=7 v=0.2054
    OK ch=1 v=0.3338
    OK ch=3 v=0.2101
    OK ch=5 v=0.2062
    OK ch=7 v=0.2063
    OK ch=1 v=0.3048
    OK ch=3 v=0.2126
    OK ch=7 v=0.2052
    OK ch=1 v=0.3135
    OK ch=3 v=0.2074
    OK ch=5 v=0.2055
    OK ch=7 v=0.2075
    OK ch=1 v=0.3240
    OK ch=3 v=0.2106
    OK ch=7 v=0.2052
    OK ch=1 v=0.3478
    OK ch=3 v=0.2169
    OK ch=1 v=0.3281
    OK ch=5 v=0.2068
    OK ch=1 v=0.3453
    OK ch=3 v=0.2196
    OK ch=7 v=0.2041
    OK ch=1 v=0.3405
    OK ch=3 v=0.2165
    OK ch=7 v=0.2055
    OK ch=1 v=0.3297
    OK ch=3 v=0.2170
    OK ch=7 v=0.2072
    OK ch=1 v=0.3421
    OK ch=3 v=0.2125
    OK ch=5 v=0.2087
    OK ch=7 v=0.2061
    OK ch=1 v=0.3229
    OK ch=3 v=0.2068
    OK ch=5 v=0.2081
    OK ch=7 v=0.2070
[  225.8s] DAMPING     ch0:LOCK g=-0.0300 bp=-0.011V ratio=0.02  ch1:LOCK g=-0.0300 bp=-0.005V ratio=0.01  ch2:LOCK g=+0.0100 bp=-0.000V ratio=0.01  ch3:LOCK g=-0.0300 bp=+0.001V ratio=0.00
    OK ch=1 v=0.3236
    OK ch=3 v=0.2150
    OK ch=5 v=0.2059
    OK ch=7 v=0.2045
    OK ch=1 v=0.3501
    OK ch=3 v=0.2182
    OK ch=5 v=0.2087
    OK ch=7 v=0.2057
    OK ch=1 v=0.3218
    OK ch=3 v=0.2100
    OK ch=5 v=0.2099
    OK ch=1 v=0.3084
    OK ch=3 v=0.2081
    OK ch=5 v=0.2082
    OK ch=1 v=0.3129
    OK ch=3 v=0.2127
    OK ch=5 v=0.2070
    OK ch=7 v=0.2073
    OK ch=1 v=0.3367
    OK ch=3 v=0.2072
    OK ch=5 v=0.2056
    OK ch=7 v=0.2025
    OK ch=1 v=0.3541
    OK ch=3 v=0.2167
    OK ch=5 v=0.2073
    OK ch=7 v=0.2052
    OK ch=1 v=0.3426
    OK ch=3 v=0.2151
    OK ch=7 v=0.2061
    OK ch=1 v=0.3493
    OK ch=3 v=0.2191
    OK ch=5 v=0.2046
    OK ch=1 v=0.3256
    OK ch=3 v=0.2162
    OK ch=1 v=0.3359
    OK ch=3 v=0.2148
    OK ch=5 v=0.2060
    OK ch=7 v=0.2075
    OK ch=1 v=0.3177
    OK ch=3 v=0.2114
    OK ch=5 v=0.2071
    OK ch=1 v=0.3262
    OK ch=3 v=0.2124
    OK ch=5 v=0.2051
    OK ch=7 v=0.2082
    OK ch=1 v=0.3119
    OK ch=3 v=0.2037
    OK ch=5 v=0.2033
    OK ch=7 v=0.2076
    OK ch=1 v=0.3390
    OK ch=3 v=0.2115
    OK ch=7 v=0.2056
    OK ch=1 v=0.3675
    OK ch=3 v=0.2221
    OK ch=5 v=0.2042
    OK ch=7 v=0.2077
    OK ch=1 v=0.3325
    OK ch=3 v=0.2134
    OK ch=5 v=0.2055
    OK ch=7 v=0.2052
    OK ch=1 v=0.3320
    OK ch=3 v=0.2164
    OK ch=5 v=0.2031
    OK ch=7 v=0.2061
    OK ch=1 v=0.3292
    OK ch=3 v=0.2170
    OK ch=5 v=0.2041
    OK ch=7 v=0.2038
    OK ch=1 v=0.3235
    OK ch=3 v=0.2122
    OK ch=5 v=0.2066
    OK ch=7 v=0.2065
    OK ch=1 v=0.3393
    OK ch=3 v=0.2151
    OK ch=5 v=0.2058
    OK ch=1 v=0.3414
    OK ch=5 v=0.2053
    OK ch=7 v=0.2078
    OK ch=1 v=0.3045
    OK ch=3 v=0.2169
    OK ch=5 v=0.2062
    OK ch=7 v=0.2040
    OK ch=1 v=0.3284
    OK ch=3 v=0.2101
    OK ch=5 v=0.2084
    OK ch=7 v=0.2049
    OK ch=1 v=0.3321
    OK ch=3 v=0.2087
    OK ch=7 v=0.2066
    OK ch=1 v=0.3210
    OK ch=3 v=0.2097
    OK ch=5 v=0.2064
    OK ch=7 v=0.2080
    OK ch=1 v=0.3388
    OK ch=3 v=0.2172
    OK ch=5 v=0.2051
    OK ch=7 v=0.2064
    OK ch=1 v=0.3399
    OK ch=3 v=0.2114
    OK ch=5 v=0.2096
    OK ch=7 v=0.2036
    OK ch=1 v=0.3211
    OK ch=3 v=0.2064
    OK ch=7 v=0.2063
    OK ch=1 v=0.3554
    OK ch=3 v=0.2195
    OK ch=5 v=0.2070
    OK ch=7 v=0.2043
    OK ch=1 v=0.3369
    OK ch=3 v=0.2125
    OK ch=5 v=0.2084
    OK ch=1 v=0.3294
    OK ch=3 v=0.2151
    OK ch=7 v=0.2049
    OK ch=1 v=0.3435
    OK ch=3 v=0.2165
    OK ch=5 v=0.2096
    OK ch=1 v=0.3114
    OK ch=5 v=0.2073
    OK ch=7 v=0.2094
    OK ch=1 v=0.3123
    OK ch=3 v=0.2067
    OK ch=5 v=0.2062
    OK ch=7 v=0.2047
    OK ch=1 v=0.3454
    OK ch=3 v=0.2149
    OK ch=5 v=0.2052
    OK ch=7 v=0.2063
    OK ch=1 v=0.3237
    OK ch=3 v=0.2113
    OK ch=5 v=0.2066
    OK ch=7 v=0.2042
    OK ch=1 v=0.3307
    OK ch=3 v=0.2137
    OK ch=5 v=0.2041
    OK ch=7 v=0.2080
    OK ch=1 v=0.3292
    OK ch=3 v=0.2164
    OK ch=7 v=0.2057
    OK ch=1 v=0.3335
    OK ch=3 v=0.2101
    OK ch=5 v=0.2047
    OK ch=1 v=0.3439
    OK ch=3 v=0.2142
    OK ch=5 v=0.2055
    OK ch=7 v=0.2066
    OK ch=1 v=0.3481
    OK ch=3 v=0.2161
    OK ch=5 v=0.2049
    OK ch=7 v=0.2091
    OK ch=1 v=0.3161
    OK ch=3 v=0.2189
    OK ch=5 v=0.2055
    OK ch=1 v=0.3262
    OK ch=3 v=0.2166
    OK ch=5 v=0.2040
    OK ch=7 v=0.2062
    OK ch=1 v=0.3564
    OK ch=3 v=0.2158
    OK ch=5 v=0.2054
    OK ch=7 v=0.2040
    OK ch=1 v=0.3529
    OK ch=3 v=0.2134
    OK ch=7 v=0.2065
    OK ch=1 v=0.3231
    OK ch=3 v=0.2115
    OK ch=5 v=0.2027
    OK ch=1 v=0.3305
    OK ch=3 v=0.2090
    OK ch=5 v=0.2054
    OK ch=1 v=0.3191
    OK ch=3 v=0.2130
    OK ch=5 v=0.2065
    OK ch=7 v=0.2027
    OK ch=1 v=0.3205
    OK ch=3 v=0.2118
    OK ch=7 v=0.2052
    OK ch=3 v=0.2143
    OK ch=7 v=0.2071
    OK ch=1 v=0.3374
    OK ch=3 v=0.2113
    OK ch=7 v=0.2062
    OK ch=1 v=0.3330
    OK ch=3 v=0.2107
    OK ch=5 v=0.2047
    OK ch=1 v=0.3234
    OK ch=3 v=0.2137
    OK ch=5 v=0.2074
    OK ch=7 v=0.2045
    OK ch=1 v=0.3428
    OK ch=3 v=0.2120
    OK ch=5 v=0.2101
    OK ch=7 v=0.2036
    OK ch=1 v=0.3101
    OK ch=3 v=0.2088
    OK ch=5 v=0.2076
    OK ch=7 v=0.2043
    OK ch=1 v=0.3204
    OK ch=3 v=0.2042
    OK ch=5 v=0.2071
    OK ch=7 v=0.2063
    OK ch=1 v=0.3341
    OK ch=3 v=0.2162
    OK ch=5 v=0.2084
    OK ch=1 v=0.3474
    OK ch=3 v=0.2191
    OK ch=5 v=0.2077
    OK ch=1 v=0.3394
    OK ch=3 v=0.2148
    OK ch=5 v=0.2083
    OK ch=7 v=0.2040
    OK ch=1 v=0.3279
    OK ch=5 v=0.2074
    OK ch=7 v=0.2053
    OK ch=1 v=0.3425
    OK ch=3 v=0.2165
    OK ch=5 v=0.2080
    OK ch=7 v=0.2058
    OK ch=1 v=0.3166
    OK ch=3 v=0.2100
    OK ch=7 v=0.2084
    OK ch=1 v=0.3240
    OK ch=5 v=0.2066
    OK ch=7 v=0.2047
    OK ch=3 v=0.2094
    OK ch=5 v=0.2047
    OK ch=7 v=0.2065
    OK ch=1 v=0.3334
    OK ch=3 v=0.2130
    OK ch=5 v=0.2040
    OK ch=1 v=0.3228
    OK ch=5 v=0.2052
    OK ch=7 v=0.2055
    OK ch=1 v=0.3602
    OK ch=3 v=0.2192
    OK ch=5 v=0.2038
    OK ch=7 v=0.2065
    OK ch=1 v=0.3503
    OK ch=3 v=0.2129
    OK ch=5 v=0.2033
    OK ch=7 v=0.2054
    OK ch=1 v=0.3299
    OK ch=3 v=0.2154
    OK ch=5 v=0.2039
    OK ch=7 v=0.2066
    OK ch=1 v=0.3382
    OK ch=5 v=0.2051
    OK ch=7 v=0.2078
    OK ch=1 v=0.3786
    OK ch=3 v=0.2206
    OK ch=5 v=0.2059
    OK ch=7 v=0.2003
    OK ch=1 v=0.3476
    OK ch=3 v=0.2157
    OK ch=5 v=0.2051
    OK ch=7 v=0.2075
    OK ch=1 v=0.2931
    OK ch=3 v=0.2091
    OK ch=7 v=0.2083
    OK ch=1 v=0.3150
    OK ch=3 v=0.2126
    OK ch=5 v=0.2067
    OK ch=7 v=0.2114
    OK ch=1 v=0.3203
    OK ch=3 v=0.2136
    OK ch=7 v=0.2054
    OK ch=1 v=0.3079
    OK ch=3 v=0.2101
    OK ch=5 v=0.2062
    OK ch=7 v=0.2079
    OK ch=1 v=0.3269
    OK ch=5 v=0.2050
    OK ch=7 v=0.2054
    OK ch=3 v=0.2113
    OK ch=1 v=0.3352
    OK ch=3 v=0.2077
    OK ch=5 v=0.2065
    OK ch=7 v=0.2030
    OK ch=1 v=0.3539
    OK ch=3 v=0.2205
    OK ch=5 v=0.2090
    OK ch=7 v=0.2051
    OK ch=1 v=0.3231
    OK ch=3 v=0.2099
    OK ch=5 v=0.2077
    OK ch=7 v=0.2035
    OK ch=1 v=0.3452
    OK ch=3 v=0.2127
    OK ch=5 v=0.2068
    OK ch=7 v=0.2064
    OK ch=1 v=0.3402
    OK ch=3 v=0.2170
    OK ch=5 v=0.2088
    OK ch=7 v=0.2057
    OK ch=1 v=0.3442
    OK ch=3 v=0.2154
    OK ch=5 v=0.2106
    OK ch=7 v=0.2045
    OK ch=1 v=0.3332
    OK ch=3 v=0.2166
    OK ch=5 v=0.2070
    OK ch=7 v=0.2084
    OK ch=1 v=0.3221
    OK ch=3 v=0.2155
    OK ch=5 v=0.2084
    OK ch=7 v=0.2071
    OK ch=1 v=0.3257
    OK ch=3 v=0.2179
    OK ch=5 v=0.2063
    OK ch=7 v=0.2053
    OK ch=1 v=0.3263
    OK ch=3 v=0.2071
    OK ch=5 v=0.2045
    OK ch=1 v=0.3198
    OK ch=3 v=0.2044
    OK ch=1 v=0.3311
    OK ch=3 v=0.2123
    OK ch=5 v=0.2024
    OK ch=7 v=0.2067
    OK ch=1 v=0.3371
    OK ch=3 v=0.2157
    OK ch=5 v=0.2047
    OK ch=7 v=0.2046
    OK ch=1 v=0.3356
    OK ch=3 v=0.2121
    OK ch=7 v=0.2071
    OK ch=1 v=0.3440
    OK ch=7 v=0.2061
    OK ch=1 v=0.3449
    OK ch=3 v=0.2144
    OK ch=5 v=0.2041
    OK ch=7 v=0.2070
    OK ch=1 v=0.3195
    OK ch=3 v=0.2138
    OK ch=5 v=0.2062
    OK ch=1 v=0.3284
    OK ch=3 v=0.2124
    OK ch=5 v=0.2055
    OK ch=7 v=0.2055
    OK ch=1 v=0.3297
    OK ch=3 v=0.2159
    OK ch=5 v=0.2064
    OK ch=7 v=0.2030
    OK ch=1 v=0.3228
    OK ch=3 v=0.2168
    OK ch=5 v=0.2053
    OK ch=7 v=0.2083
    OK ch=1 v=0.3331
    OK ch=3 v=0.2134
    OK ch=7 v=0.2097
    OK ch=1 v=0.3710
    OK ch=3 v=0.2162
    OK ch=5 v=0.2066
    OK ch=7 v=0.2065
    OK ch=1 v=0.3198
    OK ch=3 v=0.2123
    OK ch=5 v=0.2080
    OK ch=7 v=0.2043
    OK ch=1 v=0.3515
    OK ch=3 v=0.2188
    OK ch=5 v=0.2069
    OK ch=7 v=0.2056
    OK ch=1 v=0.3476
    OK ch=3 v=0.2167
    OK ch=5 v=0.2051
    OK ch=7 v=0.2048
    OK ch=1 v=0.3300
    OK ch=3 v=0.2102
    OK ch=5 v=0.2071
    OK ch=1 v=0.3254
    OK ch=3 v=0.2121
    OK ch=5 v=0.2085
    OK ch=7 v=0.2066
    OK ch=1 v=0.3120
    OK ch=3 v=0.2082
    OK ch=5 v=0.2072
    OK ch=1 v=0.3177
    OK ch=3 v=0.2102
    OK ch=5 v=0.2066
    OK ch=1 v=0.3055
    OK ch=3 v=0.2057
    OK ch=5 v=0.2075
    OK ch=7 v=0.2028
    OK ch=1 v=0.3234
    OK ch=3 v=0.2122
    OK ch=7 v=0.2043
    OK ch=3 v=0.2092
    OK ch=5 v=0.2053
    OK ch=7 v=0.2051
    OK ch=1 v=0.3641
    OK ch=3 v=0.2157
    OK ch=7 v=0.2044
    OK ch=1 v=0.3541
    OK ch=3 v=0.2182
    OK ch=5 v=0.2073
    OK ch=7 v=0.2083
    OK ch=1 v=0.3321
    OK ch=3 v=0.2148
    OK ch=5 v=0.2086
    OK ch=7 v=0.2051
    OK ch=1 v=0.3174
    OK ch=5 v=0.2072
    OK ch=7 v=0.2083
    OK ch=1 v=0.3354
    OK ch=3 v=0.2097
    OK ch=5 v=0.2059
    OK ch=7 v=0.2060
    OK ch=1 v=0.3272
    OK ch=3 v=0.2203
    OK ch=7 v=0.2066
    OK ch=1 v=0.3198
    OK ch=3 v=0.2085
    OK ch=5 v=0.2064
    OK ch=7 v=0.2077
    OK ch=1 v=0.3587
    OK ch=3 v=0.2177
    OK ch=5 v=0.2053
    OK ch=7 v=0.2062
    OK ch=1 v=0.3354
    OK ch=3 v=0.2108
    OK ch=5 v=0.2036
    OK ch=1 v=0.3238
    OK ch=3 v=0.2126
    OK ch=5 v=0.2022
    OK ch=1 v=0.3253
    OK ch=3 v=0.2156
    OK ch=5 v=0.2052
    OK ch=7 v=0.2046
    OK ch=1 v=0.3397
    OK ch=3 v=0.2121
    OK ch=5 v=0.2058
    OK ch=7 v=0.2060
    OK ch=1 v=0.3455
    OK ch=3 v=0.2141
    OK ch=5 v=0.2038
    OK ch=7 v=0.2051
    OK ch=1 v=0.3297
    OK ch=3 v=0.2107
    OK ch=5 v=0.2058
    OK ch=1 v=0.3235
    OK ch=3 v=0.2121
    OK ch=5 v=0.2065
    OK ch=7 v=0.2068
    OK ch=1 v=0.3435
    OK ch=3 v=0.2140
    OK ch=5 v=0.2073
    OK ch=7 v=0.2057
    OK ch=1 v=0.3326
    OK ch=3 v=0.2177
    OK ch=7 v=0.2068
    OK ch=1 v=0.3491
    OK ch=3 v=0.2196
    OK ch=7 v=0.2080
    OK ch=1 v=0.3171
    OK ch=3 v=0.2147
[  230.8s] DAMPING     ch0:LOCK g=-0.0300 bp=+0.014V ratio=0.03  ch1:LOCK g=-0.0300 bp=+0.010V ratio=0.01  ch2:LOCK g=+0.0100 bp=+0.006V ratio=0.01  ch3:LOCK g=-0.0300 bp=+0.003V ratio=0.00
    OK ch=1 v=0.2989
    OK ch=3 v=0.2039
    OK ch=5 v=0.2094
    OK ch=7 v=0.2073
    OK ch=1 v=0.3224
    OK ch=3 v=0.2101
    OK ch=5 v=0.2076
    OK ch=7 v=0.2055
    OK ch=1 v=0.3306
    OK ch=3 v=0.2078
    OK ch=7 v=0.2029
    OK ch=1 v=0.3495
    OK ch=3 v=0.2115
    OK ch=5 v=0.2061
    OK ch=7 v=0.2069
    OK ch=1 v=0.3326
    OK ch=3 v=0.2178
    OK ch=5 v=0.2076
    OK ch=7 v=0.2064
    OK ch=1 v=0.3373
    OK ch=3 v=0.2163
    OK ch=5 v=0.2060
    OK ch=7 v=0.2073
    OK ch=1 v=0.3106
    OK ch=3 v=0.2092
    OK ch=5 v=0.2069
    OK ch=7 v=0.2046
    OK ch=1 v=0.3274
    OK ch=3 v=0.2082
    OK ch=7 v=0.2035
    OK ch=1 v=0.3227
    OK ch=3 v=0.2096
    OK ch=7 v=0.2064
    OK ch=1 v=0.3292
    OK ch=3 v=0.2135
    OK ch=5 v=0.2060
    OK ch=7 v=0.2047
    OK ch=1 v=0.3312
    OK ch=3 v=0.2147
    OK ch=5 v=0.2052
    OK ch=7 v=0.2071
    OK ch=1 v=0.3614
    OK ch=3 v=0.2216
    OK ch=7 v=0.2060
    OK ch=1 v=0.3405
    OK ch=3 v=0.2193
    OK ch=5 v=0.2059
    OK ch=1 v=0.3258
    OK ch=3 v=0.2122
    OK ch=7 v=0.2071
    OK ch=1 v=0.3115
    OK ch=3 v=0.2082
    OK ch=5 v=0.2065
    OK ch=7 v=0.2083
    OK ch=1 v=0.3270
    OK ch=3 v=0.2113
    OK ch=5 v=0.2041
    OK ch=7 v=0.2089
    OK ch=1 v=0.3447
    OK ch=3 v=0.2196
    OK ch=7 v=0.2056
    OK ch=1 v=0.3291
    OK ch=3 v=0.2170
    OK ch=5 v=0.2068
    OK ch=7 v=0.2062
    OK ch=1 v=0.3564
    OK ch=3 v=0.2161
    OK ch=5 v=0.2054
    OK ch=1 v=0.3486
    OK ch=5 v=0.2035
    OK ch=1 v=0.3238
    OK ch=3 v=0.2133
    OK ch=5 v=0.2044
    OK ch=1 v=0.3207
    OK ch=5 v=0.2073
    OK ch=1 v=0.3077
    OK ch=3 v=0.2061
    OK ch=5 v=0.2085
    OK ch=7 v=0.2012
    OK ch=1 v=0.3102
    OK ch=3 v=0.2036
    OK ch=5 v=0.2075
    OK ch=7 v=0.2058
    OK ch=1 v=0.3478
    OK ch=3 v=0.2172
    OK ch=5 v=0.2055
    OK ch=7 v=0.2068
    OK ch=1 v=0.3377
    OK ch=3 v=0.2137
    OK ch=5 v=0.2048
    OK ch=7 v=0.2078
    OK ch=1 v=0.3105
    OK ch=3 v=0.2095
    OK ch=5 v=0.2078
    OK ch=7 v=0.2038
    OK ch=1 v=0.3401
    OK ch=3 v=0.2148
    OK ch=5 v=0.2083
    OK ch=1 v=0.3295
    OK ch=3 v=0.2083
    OK ch=5 v=0.2070
    OK ch=7 v=0.2033
    OK ch=1 v=0.3407
    OK ch=3 v=0.2145
    OK ch=5 v=0.2082
    OK ch=7 v=0.2042
    OK ch=3 v=0.2118
    OK ch=5 v=0.2094
    OK ch=7 v=0.2051
    OK ch=1 v=0.3443
    OK ch=3 v=0.2154
    OK ch=5 v=0.2072
    OK ch=7 v=0.2081
    OK ch=1 v=0.2997
    OK ch=3 v=0.2087
    OK ch=1 v=0.3084
    OK ch=3 v=0.2144
    OK ch=7 v=0.2066
    OK ch=1 v=0.3063
    OK ch=3 v=0.2114
    OK ch=5 v=0.2059
    OK ch=7 v=0.2083
    OK ch=1 v=0.3439
    OK ch=3 v=0.2173
    OK ch=7 v=0.2044
    OK ch=1 v=0.3329
    OK ch=3 v=0.2115
    OK ch=5 v=0.2043
    OK ch=7 v=0.2053
    OK ch=1 v=0.3399
    OK ch=3 v=0.2142
    OK ch=5 v=0.2033
    OK ch=7 v=0.2069
    OK ch=1 v=0.3551
    OK ch=3 v=0.2157
    OK ch=5 v=0.2056
    OK ch=7 v=0.2046
    OK ch=1 v=0.2997
    OK ch=3 v=0.2163
    OK ch=5 v=0.2070
    OK ch=7 v=0.2070
    OK ch=1 v=0.3393
    OK ch=3 v=0.2154
    OK ch=5 v=0.2045
    OK ch=1 v=0.3648
    OK ch=5 v=0.2040
    OK ch=1 v=0.3601
    OK ch=3 v=0.2165
    OK ch=1 v=0.3163
    OK ch=3 v=0.2068
    OK ch=5 v=0.2056
    OK ch=7 v=0.2075
    OK ch=1 v=0.3284
    OK ch=3 v=0.2124
    OK ch=7 v=0.2061
    OK ch=1 v=0.3446
    OK ch=3 v=0.2113
    OK ch=7 v=0.2070
    OK ch=1 v=0.3354
    OK ch=3 v=0.2152
    OK ch=5 v=0.2045
    OK ch=1 v=0.3329
    OK ch=3 v=0.2121
    OK ch=7 v=0.2077
    OK ch=1 v=0.2994
    OK ch=3 v=0.2200
    OK ch=5 v=0.2062
    OK ch=7 v=0.2050
    OK ch=1 v=0.3286
    OK ch=3 v=0.2124
    OK ch=7 v=0.2069
    OK ch=1 v=0.3501
    OK ch=3 v=0.2146
    OK ch=1 v=0.3531
    OK ch=3 v=0.2172
    OK ch=1 v=0.3362
    OK ch=3 v=0.2136
    OK ch=5 v=0.2056
    OK ch=7 v=0.2053
    OK ch=1 v=0.3178
    OK ch=3 v=0.2111
    OK ch=5 v=0.2082
    OK ch=7 v=0.2038
    OK ch=1 v=0.3233
    OK ch=3 v=0.2103
    OK ch=5 v=0.2090
    OK ch=7 v=0.2078
    OK ch=1 v=0.3438
    OK ch=3 v=0.2124
    OK ch=5 v=0.2066
    OK ch=7 v=0.2032
    OK ch=1 v=0.3086
    OK ch=3 v=0.2050
    OK ch=5 v=0.2072
    OK ch=1 v=0.3460
    OK ch=3 v=0.2158
    OK ch=7 v=0.2042
    OK ch=1 v=0.3450
    OK ch=3 v=0.2166
    OK ch=7 v=0.2062
    OK ch=1 v=0.3256
    OK ch=3 v=0.2124
    OK ch=5 v=0.2078
    OK ch=1 v=0.3068
    OK ch=3 v=0.2116
    OK ch=5 v=0.2085
    OK ch=7 v=0.2055
    OK ch=1 v=0.3429
    OK ch=3 v=0.2133
    OK ch=1 v=0.3383
    OK ch=3 v=0.2102
    OK ch=5 v=0.2063
    OK ch=1 v=0.3399
    OK ch=3 v=0.2149
    OK ch=7 v=0.2070
    OK ch=1 v=0.3297
    OK ch=3 v=0.2133
    OK ch=5 v=0.2054
    OK ch=1 v=0.3385
    OK ch=1 v=0.3477
    OK ch=3 v=0.2180
    OK ch=5 v=0.2043
    OK ch=1 v=0.3509
    OK ch=3 v=0.2174
    OK ch=5 v=0.2050
    OK ch=7 v=0.2064
    OK ch=1 v=0.3281
    OK ch=3 v=0.2088
    OK ch=5 v=0.2044
    OK ch=7 v=0.2074
    OK ch=1 v=0.3561
    OK ch=3 v=0.2217
    OK ch=5 v=0.2026
    OK ch=1 v=0.3242
    OK ch=3 v=0.2146
    OK ch=5 v=0.2049
    OK ch=7 v=0.2066
    OK ch=1 v=0.3194
    OK ch=3 v=0.2123
    OK ch=5 v=0.2068
    OK ch=7 v=0.2039
    OK ch=1 v=0.3247
    OK ch=5 v=0.2052
    OK ch=7 v=0.2064
    OK ch=1 v=0.3432
    OK ch=3 v=0.2171
    OK ch=5 v=0.2040
    OK ch=1 v=0.3254
    OK ch=3 v=0.2137
    OK ch=1 v=0.3375
    OK ch=3 v=0.2127
    OK ch=7 v=0.2076
    OK ch=1 v=0.3075
    OK ch=3 v=0.2101
    OK ch=5 v=0.2061
    OK ch=1 v=0.3483
    OK ch=3 v=0.2199
    OK ch=5 v=0.2066
    OK ch=7 v=0.2045
    OK ch=1 v=0.3385
    OK ch=3 v=0.2183
    OK ch=5 v=0.2061
    OK ch=7 v=0.2066
    OK ch=1 v=0.3239
    OK ch=3 v=0.2079
    OK ch=5 v=0.2067
    OK ch=7 v=0.2044
    OK ch=1 v=0.3083
    OK ch=3 v=0.2069
    OK ch=5 v=0.2091
    OK ch=1 v=0.3099
    OK ch=3 v=0.2061
    OK ch=5 v=0.2079
    OK ch=7 v=0.2038
    OK ch=1 v=0.3312
    OK ch=3 v=0.2090
    OK ch=5 v=0.2068
    OK ch=7 v=0.2046
    OK ch=1 v=0.3486
    OK ch=3 v=0.2171
    OK ch=5 v=0.2075
    OK ch=7 v=0.2076
    OK ch=1 v=0.3334
    OK ch=3 v=0.2151
    OK ch=5 v=0.2082
    OK ch=7 v=0.2053
    OK ch=1 v=0.3339
    OK ch=3 v=0.2199
    OK ch=5 v=0.2073
    OK ch=7 v=0.2041
    OK ch=1 v=0.3312
    OK ch=3 v=0.2114
    OK ch=5 v=0.2085
    OK ch=7 v=0.2058
    OK ch=1 v=0.3427
    OK ch=3 v=0.2105
    OK ch=5 v=0.2076
    OK ch=7 v=0.2051
    OK ch=1 v=0.3329
    OK ch=3 v=0.2160
    OK ch=5 v=0.2067
    OK ch=7 v=0.2066
    OK ch=1 v=0.3318
    OK ch=3 v=0.2126
    OK ch=5 v=0.2056
    OK ch=7 v=0.2044
    OK ch=1 v=0.3164
    OK ch=7 v=0.2070
    OK ch=1 v=0.3418
    OK ch=5 v=0.2063
    OK ch=1 v=0.3165
    OK ch=3 v=0.2056
    OK ch=5 v=0.2053
    OK ch=1 v=0.3497
    OK ch=3 v=0.2176
    OK ch=5 v=0.2046
    OK ch=1 v=0.3321
    OK ch=3 v=0.2168
    OK ch=5 v=0.2037
    OK ch=7 v=0.2077
    OK ch=1 v=0.3315
    OK ch=3 v=0.2108
    OK ch=5 v=0.2046
    OK ch=1 v=0.3567
    OK ch=3 v=0.2079
    OK ch=5 v=0.2041
    OK ch=7 v=0.2092
    OK ch=1 v=0.3468
    OK ch=3 v=0.2127
    OK ch=5 v=0.2050
    OK ch=7 v=0.2073
    OK ch=1 v=0.2937
    OK ch=3 v=0.2117
    OK ch=7 v=0.2087
    OK ch=1 v=0.3143
    OK ch=3 v=0.2168
    OK ch=7 v=0.2057
    OK ch=1 v=0.3104
    OK ch=3 v=0.2125
    OK ch=7 v=0.2049
    OK ch=1 v=0.3543
    OK ch=3 v=0.2201
    OK ch=7 v=0.2037
    OK ch=1 v=0.3427
    OK ch=5 v=0.2041
    OK ch=3 v=0.2176
    OK ch=5 v=0.2058
    OK ch=7 v=0.2044
    OK ch=1 v=0.3318
    OK ch=3 v=0.2154
    OK ch=7 v=0.2062
    OK ch=1 v=0.2955
    OK ch=3 v=0.2141
    OK ch=5 v=0.2076
    OK ch=7 v=0.2078
    OK ch=1 v=0.3430
    OK ch=3 v=0.2075
    OK ch=7 v=0.2052
    OK ch=1 v=0.3524
    OK ch=3 v=0.2104
    OK ch=7 v=0.2061
    OK ch=1 v=0.3551
    OK ch=3 v=0.2155
    OK ch=7 v=0.2075
    OK ch=1 v=0.3330
    OK ch=5 v=0.2092
    OK ch=7 v=0.2049
    OK ch=1 v=0.3091
    OK ch=5 v=0.2084
    OK ch=7 v=0.2022
    OK ch=1 v=0.3102
    OK ch=3 v=0.2086
    OK ch=5 v=0.2101
    OK ch=7 v=0.2037
    OK ch=1 v=0.3464
    OK ch=3 v=0.2167
    OK ch=5 v=0.2074
    OK ch=7 v=0.2073
    OK ch=1 v=0.3387
    OK ch=3 v=0.2158
    OK ch=7 v=0.2053
    OK ch=1 v=0.3293
    OK ch=3 v=0.2088
    OK ch=5 v=0.2095
    OK ch=7 v=0.2075
    OK ch=1 v=0.3428
    OK ch=3 v=0.2111
    OK ch=5 v=0.2084
    OK ch=7 v=0.2052
    OK ch=1 v=0.3259
    OK ch=3 v=0.2100
    OK ch=5 v=0.2046
    OK ch=1 v=0.3195
    OK ch=3 v=0.2108
    OK ch=7 v=0.2078
    OK ch=1 v=0.3181
    OK ch=3 v=0.2131
    OK ch=1 v=0.3196
    OK ch=3 v=0.2126
    OK ch=7 v=0.2028
    OK ch=1 v=0.3478
    OK ch=3 v=0.2163
    OK ch=7 v=0.2044
    OK ch=1 v=0.3545
    OK ch=3 v=0.2189
    OK ch=5 v=0.2034
    OK ch=7 v=0.2052
    OK ch=7 v=0.2081
    OK ch=1 v=0.3269
    OK ch=3 v=0.2111
    OK ch=5 v=0.2043
    OK ch=7 v=0.2074
    OK ch=1 v=0.3463
    OK ch=3 v=0.2131
    OK ch=5 v=0.2055
    OK ch=1 v=0.3222
    OK ch=3 v=0.2146
    OK ch=1 v=0.3163
    OK ch=7 v=0.2057
    OK ch=1 v=0.3193
    OK ch=3 v=0.2120
    OK ch=5 v=0.2040
    OK ch=7 v=0.2075
    OK ch=1 v=0.3454
    OK ch=3 v=0.2126
    OK ch=5 v=0.2047
    OK ch=7 v=0.2052
    OK ch=1 v=0.3280
    OK ch=3 v=0.2141
    OK ch=5 v=0.2063
    OK ch=1 v=0.3326
    OK ch=3 v=0.2129
    OK ch=1 v=0.3034
    OK ch=3 v=0.2196
    OK ch=7 v=0.2065
    OK ch=1 v=0.3311
    OK ch=3 v=0.2108
    OK ch=5 v=0.2054
    OK ch=7 v=0.2057
    OK ch=1 v=0.3117
    OK ch=3 v=0.2047
    OK ch=5 v=0.2061
    OK ch=1 v=0.3222
    OK ch=3 v=0.2084
    OK ch=5 v=0.2069
    OK ch=7 v=0.2033
    OK ch=1 v=0.3626
    OK ch=3 v=0.2205
    OK ch=7 v=0.2072
[  235.9s] DAMPING     ch0:LOCK g=-0.0300 bp=+0.029V ratio=0.03  ch1:LOCK g=-0.0300 bp=+0.005V ratio=0.01  ch2:LOCK g=+0.0100 bp=+0.012V ratio=0.02  ch3:LOCK g=-0.0300 bp=-0.000V ratio=0.00
    OK ch=1 v=0.3315
    OK ch=3 v=0.2148
    OK ch=5 v=0.2079
    OK ch=7 v=0.2029
    OK ch=1 v=0.3291
    OK ch=3 v=0.2141
    OK ch=5 v=0.2098
    OK ch=7 v=0.2066
    OK ch=1 v=0.3412
    OK ch=3 v=0.2148
    OK ch=5 v=0.2090
    OK ch=7 v=0.2082
    OK ch=1 v=0.3292
    OK ch=5 v=0.2081
    OK ch=7 v=0.2042
    OK ch=1 v=0.3408
    OK ch=1 v=0.3392
    OK ch=3 v=0.2140
    OK ch=5 v=0.2088
    OK ch=7 v=0.2062
    OK ch=1 v=0.2982
    OK ch=3 v=0.2072
    OK ch=7 v=0.2052
    OK ch=1 v=0.3106
    OK ch=3 v=0.2088
    OK ch=5 v=0.2074
    OK ch=7 v=0.2088
    OK ch=1 v=0.3070
    OK ch=3 v=0.2051
    OK ch=5 v=0.2046
    OK ch=7 v=0.2065
    OK ch=1 v=0.3467
    OK ch=3 v=0.2170
    OK ch=5 v=0.2040
    OK ch=7 v=0.2070
    OK ch=1 v=0.3510
    OK ch=3 v=0.2158
    OK ch=1 v=0.3400
    OK ch=3 v=0.2163
    OK ch=7 v=0.2053
    OK ch=3 v=0.2074
    OK ch=5 v=0.2035
    OK ch=7 v=0.2074
    OK ch=1 v=0.3544
    OK ch=3 v=0.2203
    OK ch=1 v=0.3235
    OK ch=3 v=0.2151
    OK ch=5 v=0.2051
    OK ch=1 v=0.3221
    OK ch=3 v=0.2127
    OK ch=5 v=0.2068
    OK ch=7 v=0.2055
    OK ch=1 v=0.3332
    OK ch=3 v=0.2135
    OK ch=5 v=0.2059
    OK ch=7 v=0.2063
    OK ch=1 v=0.3383
    OK ch=3 v=0.2148
    OK ch=5 v=0.2048
    OK ch=1 v=0.3279
    OK ch=3 v=0.2122
    OK ch=5 v=0.2038
    OK ch=1 v=0.3178
    OK ch=3 v=0.2095
    OK ch=5 v=0.2064
    OK ch=7 v=0.2048
    OK ch=1 v=0.3251
    OK ch=3 v=0.2114
    OK ch=5 v=0.2058
    OK ch=1 v=0.3550
    OK ch=3 v=0.2184
    OK ch=5 v=0.2040
    OK ch=1 v=0.3443
    OK ch=3 v=0.2140
    OK ch=7 v=0.2067
    OK ch=1 v=0.3225
    OK ch=3 v=0.2175
    OK ch=5 v=0.2064
    OK ch=7 v=0.2057
    OK ch=1 v=0.3457
    OK ch=3 v=0.2122
    OK ch=5 v=0.2088
    OK ch=1 v=0.3386
    OK ch=3 v=0.2115
    OK ch=7 v=0.2068
    OK ch=1 v=0.3191
    OK ch=3 v=0.2142
    OK ch=5 v=0.2069
    OK ch=7 v=0.2033
    OK ch=1 v=0.3221
    OK ch=3 v=0.2134
    OK ch=5 v=0.2081
    OK ch=7 v=0.2046
    OK ch=1 v=0.3145
    OK ch=3 v=0.2074
    OK ch=5 v=0.2087
    OK ch=1 v=0.2977
    OK ch=3 v=0.2080
    OK ch=7 v=0.2059
    OK ch=1 v=0.3382
    OK ch=3 v=0.2145
    OK ch=5 v=0.2076
    OK ch=7 v=0.2076
    OK ch=1 v=0.3399
    OK ch=3 v=0.2136
    OK ch=5 v=0.2060
    OK ch=7 v=0.2052
    OK ch=1 v=0.3499
    OK ch=3 v=0.2252
    OK ch=5 v=0.2082
    OK ch=7 v=0.2074
    OK ch=1 v=0.3560
    OK ch=3 v=0.2174
    OK ch=5 v=0.2077
    OK ch=7 v=0.2062
    OK ch=1 v=0.3168
    OK ch=3 v=0.2073
    OK ch=5 v=0.2068
    OK ch=7 v=0.2071
    OK ch=1 v=0.3241
    OK ch=3 v=0.2087
    OK ch=7 v=0.2057
    OK ch=1 v=0.3061
    OK ch=5 v=0.2054
    OK ch=7 v=0.2043
    OK ch=1 v=0.3245
    OK ch=3 v=0.2140
    OK ch=7 v=0.2068
    OK ch=1 v=0.3629
    OK ch=3 v=0.2188
    OK ch=5 v=0.2041
    OK ch=1 v=0.3513
    OK ch=3 v=0.2150
    OK ch=5 v=0.2024
    OK ch=1 v=0.3334
    OK ch=3 v=0.2136
    OK ch=5 v=0.2039
    OK ch=7 v=0.2079
    OK ch=1 v=0.3373
    OK ch=3 v=0.2166
    OK ch=7 v=0.2073
    OK ch=1 v=0.3052
    OK ch=3 v=0.2114
    OK ch=7 v=0.2068
    OK ch=1 v=0.3090
    OK ch=7 v=0.2052
    OK ch=1 v=0.3420
    OK ch=3 v=0.2156
    OK ch=7 v=0.2060
    OK ch=1 v=0.3594
    OK ch=3 v=0.2212
    OK ch=7 v=0.2075
    OK ch=1 v=0.3468
    OK ch=3 v=0.2144
    OK ch=5 v=0.2056
    OK ch=7 v=0.2050
    OK ch=1 v=0.3311
    OK ch=3 v=0.2110
    OK ch=5 v=0.2071
    OK ch=7 v=0.2023
    OK ch=1 v=0.3154
    OK ch=3 v=0.2087
    OK ch=5 v=0.2065
    OK ch=7 v=0.2066
    OK ch=1 v=0.3184
    OK ch=3 v=0.2123
    OK ch=5 v=0.2077

Stopped by user.
    ,634,704,680,565,497,740,730
Returning DAC outputs to bias voltages...
    OK ch=7 v=0.2061
    OK ch=1 v=0.2500
    OK ch=3 v=0.2500
    OK ch=5 v=0.2500
Connection closed.
Log saved to data/20260804_134033_fast_lock.csv
