==========================================================================
  version   : v7 (untested)
  fixes     : saturation-latch, rail-threshold, runaway-baseline, auto-disable, fast-refault, bias-trim
  channels  : 4 on of 4 -- [True, True, True, True]
  coil map  : [1, 3, 5, 7]
  Kp        : steady [np.float64(-0.03), np.float64(-0.03), np.float64(0.01), np.float64(-0.03)]
  Ki / Kd   : -0.04 / -0.0015
  calib     : 20 s     run length: 240 s
  kicks at  : [60.0, 120.0, 180.0]
==========================================================================
Connected on /dev/cu.usbserial-1120
    OK ch=1 v=0.2500
    OK ch=3 v=0.2500
    OK ch=5 v=0.2500
    OK ch=7 v=0.2500
DAC biases set. Press Enter to start fast-lock damping (Ctrl+C to stop)...     STREAMING
Logging to data/20260804_133605_fast_lock.csv

[CALIBRATING] measuring baseline noise for 20s (outputs held at bias, no damping yet)...

    OK ch=1 v=0.2500
    OK ch=3 v=0.2500
    OK ch=5 v=0.2500
    OK ch=7 v=0.2500
[    0.0s] CALIBRATING ch0:.... g=+0.0000 bp=+0.000V ratio=0.00  ch1:.... g=+0.0000 bp=+0.000V ratio=0.00  ch2:.... g=+0.0000 bp=+0.000V ratio=0.00  ch3:.... g=+0.0000 bp=+0.000V ratio=0.00
[    5.0s] CALIBRATING ch0:.... g=+0.0000 bp=+0.210V ratio=0.00  ch1:.... g=+0.0000 bp=+0.140V ratio=0.00  ch2:.... g=+0.0000 bp=+0.234V ratio=0.00  ch3:.... g=+0.0000 bp=+0.089V ratio=0.00
[   10.0s] CALIBRATING ch0:.... g=+0.0000 bp=+0.269V ratio=0.00  ch1:.... g=+0.0000 bp=+0.045V ratio=0.00  ch2:.... g=+0.0000 bp=+0.494V ratio=0.00  ch3:.... g=+0.0000 bp=+0.061V ratio=0.00
[   15.0s] CALIBRATING ch0:.... g=+0.0000 bp=+0.285V ratio=0.00  ch1:.... g=+0.0000 bp=+0.050V ratio=0.00  ch2:.... g=+0.0000 bp=+0.401V ratio=0.00  ch3:.... g=+0.0000 bp=+0.020V ratio=0.00

[DAMPING] baseline set (ch0=0.1863V, ch1=0.0847V, ch2=0.2874V, ch3=0.0697V). Gain schedules -0.035 -> -0.030...

    OK ch=1 v=0.2530
    OK ch=3 v=0.2506
    OK ch=5 v=0.2536
    OK ch=7 v=0.2489
[   20.0s] DAMPING     ch0:.... g=-0.0003 bp=+0.194V ratio=1.04  ch1:.... g=-0.0003 bp=+0.080V ratio=0.94  ch2:.... g=+0.0003 bp=+0.389V ratio=1.35  ch3:.... g=-0.0003 bp=+0.088V ratio=1.26
    OK ch=1 v=0.2338
    OK ch=3 v=0.2487
    OK ch=5 v=0.2591
    OK ch=7 v=0.2504
    OK ch=1 v=0.2423
    OK ch=3 v=0.2492
    OK ch=5 v=0.2614
    OK ch=7 v=0.2514
    OK ch=1 v=0.2393
    OK ch=3 v=0.2458
    OK ch=5 v=0.2631
    OK ch=7 v=0.2484
    OK ch=1 v=0.2448
    OK ch=3 v=0.2431
    OK ch=7 v=0.2457
    OK ch=1 v=0.2310
    OK ch=3 v=0.2395
    OK ch=5 v=0.2647
    OK ch=7 v=0.2441
    OK ch=1 v=0.2367
    OK ch=3 v=0.2352
    OK ch=5 v=0.2655
    OK ch=7 v=0.2412
    OK ch=1 v=0.2360
    OK ch=5 v=0.2674
    OK ch=7 v=0.2394
    OK ch=1 v=0.2453
    OK ch=3 v=0.2361
    OK ch=5 v=0.2713
    OK ch=1 v=0.2402
    OK ch=3 v=0.2377
    OK ch=5 v=0.2744
    OK ch=7 v=0.2403
    OK ch=1 v=0.2250
    OK ch=5 v=0.2780
    OK ch=7 v=0.2415
    OK ch=1 v=0.2285
    OK ch=3 v=0.2404
    OK ch=5 v=0.2831
    OK ch=7 v=0.2432
    OK ch=1 v=0.2252
    OK ch=3 v=0.2443
    OK ch=5 v=0.2888
    OK ch=7 v=0.2451
    OK ch=1 v=0.2301
    OK ch=3 v=0.2473
    OK ch=5 v=0.2912
    OK ch=7 v=0.2474
    OK ch=1 v=0.2386
    OK ch=3 v=0.2617
    OK ch=5 v=0.2882
    OK ch=7 v=0.2508
    OK ch=1 v=0.2487
    OK ch=3 v=0.2588
    OK ch=5 v=0.2807
    OK ch=7 v=0.2530
    OK ch=1 v=0.2553
    OK ch=3 v=0.2621
    OK ch=5 v=0.2694
    OK ch=7 v=0.2548
    OK ch=1 v=0.2743
    OK ch=3 v=0.2652
    OK ch=5 v=0.2591
    OK ch=7 v=0.2542
    OK ch=1 v=0.2684
    OK ch=3 v=0.2609
    OK ch=5 v=0.2488
    OK ch=7 v=0.2509
    OK ch=1 v=0.2508
    OK ch=3 v=0.2550
    OK ch=5 v=0.2394
    OK ch=1 v=0.2471
    OK ch=3 v=0.2517
    OK ch=5 v=0.2346
    OK ch=7 v=0.2487
    OK ch=1 v=0.2688
    OK ch=3 v=0.2534
    OK ch=5 v=0.2316
    OK ch=7 v=0.2452
    OK ch=1 v=0.2985
    OK ch=3 v=0.2515
    OK ch=5 v=0.2332
    OK ch=7 v=0.2445
    OK ch=1 v=0.2704
    OK ch=3 v=0.2496
    OK ch=5 v=0.2377
    OK ch=7 v=0.2429
    OK ch=1 v=0.2697
    OK ch=5 v=0.2460
    OK ch=7 v=0.2454
    OK ch=1 v=0.2465
    OK ch=3 v=0.2483
    OK ch=5 v=0.2559
    OK ch=7 v=0.2448
    OK ch=1 v=0.2640
    OK ch=3 v=0.2517
    OK ch=5 v=0.2679
    OK ch=7 v=0.2488
    OK ch=1 v=0.2374
    OK ch=3 v=0.2550
    OK ch=5 v=0.2785
    OK ch=7 v=0.2504
    OK ch=1 v=0.2227
    OK ch=3 v=0.2502
    OK ch=5 v=0.2845
    OK ch=1 v=0.2124
    OK ch=3 v=0.2510
    OK ch=5 v=0.2875
    OK ch=7 v=0.2535
    OK ch=1 v=0.1717
    OK ch=3 v=0.2408
    OK ch=5 v=0.2893
    OK ch=7 v=0.2514
    OK ch=1 v=0.1896
    OK ch=3 v=0.2374
    OK ch=5 v=0.2898
    OK ch=7 v=0.2486
    OK ch=1 v=0.1970
    OK ch=3 v=0.2366
    OK ch=5 v=0.2850
    OK ch=7 v=0.2455
    OK ch=1 v=0.1985
    OK ch=3 v=0.2292
    OK ch=5 v=0.2787
    OK ch=7 v=0.2435
    OK ch=1 v=0.2077
    OK ch=3 v=0.2310
    OK ch=5 v=0.2712
    OK ch=7 v=0.2424
    OK ch=1 v=0.2363
    OK ch=3 v=0.2321
    OK ch=5 v=0.2639
    OK ch=7 v=0.2431
    OK ch=1 v=0.2130
    OK ch=3 v=0.2257
    OK ch=5 v=0.2592
    OK ch=7 v=0.2417
    OK ch=1 v=0.2496
    OK ch=3 v=0.2347
    OK ch=5 v=0.2546
    OK ch=7 v=0.2429
    OK ch=1 v=0.2585
    OK ch=3 v=0.2352
    OK ch=5 v=0.2525
    OK ch=7 v=0.2478
    OK ch=1 v=0.2434
    OK ch=3 v=0.2364
    OK ch=7 v=0.2492
    OK ch=1 v=0.2368
    OK ch=3 v=0.2428
    OK ch=5 v=0.2531
    OK ch=7 v=0.2518
    OK ch=1 v=0.2547
    OK ch=3 v=0.2505
    OK ch=5 v=0.2525
    OK ch=7 v=0.2571
    OK ch=1 v=0.2671
    OK ch=3 v=0.2631
    OK ch=7 v=0.2618
    OK ch=1 v=0.2809
    OK ch=3 v=0.2690
    OK ch=5 v=0.2498
    OK ch=7 v=0.2612
    OK ch=1 v=0.2555
    OK ch=3 v=0.2651
    OK ch=5 v=0.2508
    OK ch=7 v=0.2617
    OK ch=1 v=0.2510
    OK ch=3 v=0.2636
    OK ch=7 v=0.2574
    OK ch=1 v=0.2622
    OK ch=3 v=0.2657
    OK ch=1 v=0.2647
    OK ch=3 v=0.2559
    OK ch=5 v=0.2501
    OK ch=7 v=0.2533
    OK ch=1 v=0.2399
    OK ch=3 v=0.2454
    OK ch=5 v=0.2533
    OK ch=7 v=0.2502
    OK ch=1 v=0.2804
    OK ch=3 v=0.2580
    OK ch=5 v=0.2559
    OK ch=1 v=0.2768
    OK ch=3 v=0.2572
    OK ch=5 v=0.2590
    OK ch=7 v=0.2449
    OK ch=1 v=0.2280
    OK ch=3 v=0.2478
    OK ch=5 v=0.2639
    OK ch=7 v=0.2387
    OK ch=1 v=0.2621
    OK ch=5 v=0.2686
    OK ch=7 v=0.2352
    OK ch=1 v=0.2472
    OK ch=5 v=0.2716
    OK ch=7 v=0.2390
    OK ch=1 v=0.2510
    OK ch=3 v=0.2510
    OK ch=5 v=0.2755
    OK ch=7 v=0.2371
    OK ch=1 v=0.2353
    OK ch=3 v=0.2476
    OK ch=5 v=0.2807
    OK ch=7 v=0.2443
    OK ch=1 v=0.2510
    OK ch=3 v=0.2452
    OK ch=5 v=0.2840
    OK ch=7 v=0.2384
    OK ch=1 v=0.2247
    OK ch=3 v=0.2504
    OK ch=5 v=0.2858
    OK ch=1 v=0.2431
    OK ch=3 v=0.2517
    OK ch=5 v=0.2864
    OK ch=7 v=0.2415
    OK ch=1 v=0.2080
    OK ch=3 v=0.2476
    OK ch=5 v=0.2850
    OK ch=1 v=0.2102
    OK ch=3 v=0.2425
    OK ch=5 v=0.2843
    OK ch=7 v=0.2398
    OK ch=1 v=0.2199
    OK ch=3 v=0.2440
    OK ch=5 v=0.2793
    OK ch=7 v=0.2456
    OK ch=1 v=0.2192
    OK ch=3 v=0.2403
    OK ch=5 v=0.2743
    OK ch=7 v=0.2445
    OK ch=1 v=0.2061
    OK ch=3 v=0.2486
    OK ch=5 v=0.2676
    OK ch=7 v=0.2438
    OK ch=1 v=0.2504
    OK ch=3 v=0.2473
    OK ch=5 v=0.2595
    OK ch=7 v=0.2447
    OK ch=1 v=0.2667
    OK ch=3 v=0.2497
    OK ch=5 v=0.2535
    OK ch=7 v=0.2481
    OK ch=1 v=0.2954
    OK ch=3 v=0.2530
    OK ch=5 v=0.2515
    OK ch=7 v=0.2495
    OK ch=1 v=0.2644
    OK ch=3 v=0.2467
    OK ch=7 v=0.2512
    OK ch=1 v=0.2360
    OK ch=3 v=0.2445
    OK ch=7 v=0.2537
    OK ch=1 v=0.2240
    OK ch=3 v=0.2461
    OK ch=7 v=0.2582
    OK ch=1 v=0.2209
    OK ch=3 v=0.2433
    OK ch=5 v=0.2504
    OK ch=7 v=0.2565
    OK ch=1 v=0.2647
    OK ch=3 v=0.2524
    OK ch=5 v=0.2498
    OK ch=7 v=0.2583
    OK ch=1 v=0.2396
    OK ch=3 v=0.2455
    OK ch=5 v=0.2488
    OK ch=7 v=0.2573
    OK ch=1 v=0.2544
    OK ch=3 v=0.2543
    OK ch=5 v=0.2522
    OK ch=7 v=0.2558
    OK ch=1 v=0.2472
    OK ch=3 v=0.2488
    OK ch=5 v=0.2545
    OK ch=1 v=0.2363
    OK ch=3 v=0.2437
    OK ch=5 v=0.2562
    OK ch=7 v=0.2571
    OK ch=1 v=0.2337
    OK ch=3 v=0.2414
    OK ch=5 v=0.2584
    OK ch=7 v=0.2521
    OK ch=1 v=0.2285
    OK ch=5 v=0.2614
    OK ch=7 v=0.2464
    OK ch=3 v=0.2478
    OK ch=5 v=0.2643
    OK ch=1 v=0.2079
    OK ch=3 v=0.2391
    OK ch=5 v=0.2659
    OK ch=7 v=0.2476
    OK ch=1 v=0.2351
    OK ch=3 v=0.2438
    OK ch=1 v=0.2288
    OK ch=3 v=0.2398
    OK ch=5 v=0.2673
    OK ch=7 v=0.2461
    OK ch=1 v=0.2319
    OK ch=3 v=0.2415
    OK ch=5 v=0.2693
    OK ch=7 v=0.2444
    OK ch=1 v=0.2427
    OK ch=3 v=0.2410
    OK ch=5 v=0.2721
    OK ch=7 v=0.2424
    OK ch=1 v=0.2442
    OK ch=3 v=0.2497
    OK ch=5 v=0.2716
    OK ch=7 v=0.2438
    OK ch=1 v=0.2408
    OK ch=3 v=0.2488
    OK ch=5 v=0.2730
    OK ch=7 v=0.2429
    OK ch=1 v=0.2329
    OK ch=3 v=0.2522
    OK ch=5 v=0.2747
    OK ch=7 v=0.2446
    OK ch=1 v=0.2307
    OK ch=3 v=0.2469
    OK ch=7 v=0.2437
    OK ch=1 v=0.2352
    OK ch=3 v=0.2487
    OK ch=5 v=0.2734
    OK ch=1 v=0.2510
    OK ch=3 v=0.2467
    OK ch=5 v=0.2704
    OK ch=7 v=0.2449
    OK ch=1 v=0.2652
    OK ch=3 v=0.2550
    OK ch=5 v=0.2686
    OK ch=1 v=0.2516
    OK ch=3 v=0.2509
    OK ch=5 v=0.2672
    OK ch=1 v=0.2442
    OK ch=3 v=0.2478
    OK ch=5 v=0.2664
    OK ch=1 v=0.2368
    OK ch=3 v=0.2518
    OK ch=5 v=0.2647
    OK ch=1 v=0.2341
    OK ch=3 v=0.2479
    OK ch=5 v=0.2630
    OK ch=7 v=0.2461
    OK ch=1 v=0.2653
    OK ch=3 v=0.2538
    OK ch=5 v=0.2593
    OK ch=7 v=0.2486
    OK ch=1 v=0.2606
    OK ch=3 v=0.2547
    OK ch=5 v=0.2586
    OK ch=7 v=0.2504
    OK ch=1 v=0.2519
    OK ch=3 v=0.2507
    OK ch=3 v=0.2481
    OK ch=7 v=0.2485
    OK ch=1 v=0.2453
    OK ch=5 v=0.2579
    OK ch=7 v=0.2467
    OK ch=1 v=0.2387
    OK ch=3 v=0.2488
    OK ch=5 v=0.2587
    OK ch=7 v=0.2490
    OK ch=1 v=0.2514
    OK ch=3 v=0.2506
    OK ch=5 v=0.2597
    OK ch=1 v=0.2310
    OK ch=3 v=0.2499
    OK ch=7 v=0.2515
    OK ch=1 v=0.2462
    OK ch=3 v=0.2549
    OK ch=5 v=0.2623
    OK ch=7 v=0.2499
    OK ch=1 v=0.2405
    OK ch=3 v=0.2496
    OK ch=7 v=0.2476
    OK ch=1 v=0.2513
    OK ch=3 v=0.2476
    OK ch=5 v=0.2639
    OK ch=7 v=0.2508
    OK ch=1 v=0.2251
    OK ch=3 v=0.2444
    OK ch=5 v=0.2660
    OK ch=1 v=0.2270
    OK ch=3 v=0.2420
    OK ch=5 v=0.2667
    OK ch=7 v=0.2472
    OK ch=1 v=0.2139
    OK ch=3 v=0.2410
    OK ch=7 v=0.2490
    OK ch=1 v=0.2460
    OK ch=3 v=0.2462
    OK ch=7 v=0.2465
    OK ch=1 v=0.2281
    OK ch=3 v=0.2456
    OK ch=5 v=0.2659
    OK ch=7 v=0.2474
    OK ch=3 v=0.2427
    OK ch=5 v=0.2654
    OK ch=1 v=0.2612
    OK ch=3 v=0.2455
    OK ch=7 v=0.2490
    OK ch=1 v=0.2426
    OK ch=3 v=0.2437
    OK ch=1 v=0.2464
    OK ch=3 v=0.2477
    OK ch=7 v=0.2477
    OK ch=1 v=0.2575
    OK ch=3 v=0.2469
    OK ch=7 v=0.2484
    OK ch=1 v=0.2439
    OK ch=3 v=0.2435
    OK ch=5 v=0.2646
    OK ch=1 v=0.2303
    OK ch=3 v=0.2404
    OK ch=5 v=0.2641
    OK ch=7 v=0.2494
    OK ch=1 v=0.2404
    OK ch=3 v=0.2449
    OK ch=5 v=0.2625
    OK ch=7 v=0.2479
    OK ch=1 v=0.2465
    OK ch=3 v=0.2483
    OK ch=5 v=0.2614
    OK ch=3 v=0.2443
    OK ch=5 v=0.2620
    OK ch=7 v=0.2499
    OK ch=1 v=0.2332
    OK ch=5 v=0.2614
    OK ch=7 v=0.2475
    OK ch=1 v=0.2226
    OK ch=3 v=0.2457
    OK ch=7 v=0.2482
    OK ch=1 v=0.2362
    OK ch=3 v=0.2481
    OK ch=7 v=0.2494
    OK ch=1 v=0.2548
    OK ch=3 v=0.2550
    OK ch=5 v=0.2600
    OK ch=7 v=0.2504
    OK ch=1 v=0.2330
    OK ch=3 v=0.2473
    OK ch=5 v=0.2590
    OK ch=7 v=0.2473
    OK ch=1 v=0.2499
    OK ch=3 v=0.2509
    OK ch=5 v=0.2611
    OK ch=7 v=0.2492
    OK ch=1 v=0.2724
    OK ch=3 v=0.2576
    OK ch=7 v=0.2501
[   25.0s] DAMPING     ch0:.... g=-0.0300 bp=+0.033V ratio=0.18  ch1:.... g=-0.0304 bp=+0.004V ratio=0.23  ch2:.... g=+0.0100 bp=+0.047V ratio=0.07  ch3:.... g=-0.0300 bp=+0.012V ratio=0.09
    OK ch=1 v=0.2453
    OK ch=3 v=0.2501
    OK ch=7 v=0.2496
    OK ch=1 v=0.2393
    OK ch=3 v=0.2474
    OK ch=5 v=0.2632
    OK ch=1 v=0.2416
    OK ch=3 v=0.2539
    OK ch=5 v=0.2647
    OK ch=7 v=0.2482
    OK ch=1 v=0.2440
    OK ch=3 v=0.2472
    OK ch=7 v=0.2474
    OK ch=1 v=0.2315
    OK ch=3 v=0.2400
    OK ch=5 v=0.2653
    OK ch=7 v=0.2449
    OK ch=1 v=0.2538
    OK ch=3 v=0.2501
    OK ch=5 v=0.2667
    OK ch=1 v=0.2440
    OK ch=3 v=0.2526
    OK ch=5 v=0.2673
    OK ch=7 v=0.2471
    OK ch=1 v=0.2541
    OK ch=3 v=0.2560
    OK ch=7 v=0.2433
    OK ch=1 v=0.2629
    OK ch=3 v=0.2601
    OK ch=5 v=0.2697
    OK ch=7 v=0.2450
    OK ch=1 v=0.2565
    OK ch=3 v=0.2516
    OK ch=5 v=0.2681
    OK ch=1 v=0.2236
    OK ch=3 v=0.2423
    OK ch=5 v=0.2699
    OK ch=7 v=0.2441
    OK ch=3 v=0.2405
    OK ch=7 v=0.2454
    OK ch=1 v=0.2036
    OK ch=3 v=0.2320
    OK ch=7 v=0.2463
    OK ch=1 v=0.2128
    OK ch=3 v=0.2385
    OK ch=7 v=0.2437
    OK ch=1 v=0.2221
    OK ch=3 v=0.2463
    OK ch=5 v=0.2668
    OK ch=7 v=0.2457
    OK ch=1 v=0.2626
    OK ch=3 v=0.2548
    OK ch=5 v=0.2637
    OK ch=7 v=0.2485
    OK ch=1 v=0.2475
    OK ch=3 v=0.2529
    OK ch=5 v=0.2654
    OK ch=7 v=0.2480
    OK ch=1 v=0.2499
    OK ch=3 v=0.2471
    OK ch=5 v=0.2630
    OK ch=7 v=0.2458
    OK ch=1 v=0.2335
    OK ch=3 v=0.2438
    OK ch=5 v=0.2641
    OK ch=7 v=0.2487
    OK ch=1 v=0.2345
    OK ch=3 v=0.2422
    OK ch=5 v=0.2630
    OK ch=7 v=0.2516
    OK ch=1 v=0.2469
    OK ch=3 v=0.2510
    OK ch=5 v=0.2589
    OK ch=7 v=0.2533
    OK ch=1 v=0.2300
    OK ch=3 v=0.2434
    OK ch=5 v=0.2603
    OK ch=1 v=0.2528
    OK ch=3 v=0.2455
    OK ch=5 v=0.2581
    OK ch=7 v=0.2515
    OK ch=1 v=0.2339
    OK ch=7 v=0.2497
    OK ch=1 v=0.2446
    OK ch=3 v=0.2486
    OK ch=7 v=0.2466
    OK ch=1 v=0.2254
    OK ch=3 v=0.2472
    OK ch=5 v=0.2588
    OK ch=7 v=0.2480
    OK ch=1 v=0.2629
    OK ch=3 v=0.2507
    OK ch=7 v=0.2505
    OK ch=1 v=0.2680
    OK ch=3 v=0.2530
    OK ch=7 v=0.2514
    OK ch=1 v=0.2559
    OK ch=3 v=0.2474
    OK ch=5 v=0.2602
    OK ch=1 v=0.2543
    OK ch=3 v=0.2484
    OK ch=5 v=0.2589
    OK ch=7 v=0.2505
    OK ch=1 v=0.2381
    OK ch=3 v=0.2472
    OK ch=5 v=0.2631
    OK ch=7 v=0.2478
    OK ch=1 v=0.2238
    OK ch=3 v=0.2436
    OK ch=5 v=0.2639
    OK ch=7 v=0.2494
    OK ch=1 v=0.2305
    OK ch=3 v=0.2468
    OK ch=5 v=0.2631
    OK ch=1 v=0.2277
    OK ch=3 v=0.2441
    OK ch=5 v=0.2646
    OK ch=7 v=0.2471
    OK ch=1 v=0.2764
    OK ch=3 v=0.2588
    OK ch=5 v=0.2654
    OK ch=7 v=0.2444
    OK ch=1 v=0.2332
    OK ch=3 v=0.2471
    OK ch=5 v=0.2667
    OK ch=7 v=0.2450
    OK ch=1 v=0.2290
    OK ch=3 v=0.2450
    OK ch=5 v=0.2675
    OK ch=7 v=0.2461
    OK ch=1 v=0.2037
    OK ch=3 v=0.2386
    OK ch=1 v=0.2294
    OK ch=3 v=0.2464
    OK ch=1 v=0.2485
    OK ch=3 v=0.2481
    OK ch=7 v=0.2490
    OK ch=5 v=0.2684
    OK ch=7 v=0.2474
    OK ch=1 v=0.2350
    OK ch=3 v=0.2488
    OK ch=1 v=0.2505
    OK ch=3 v=0.2468
    OK ch=5 v=0.2673
    OK ch=7 v=0.2461
    OK ch=1 v=0.2479
    OK ch=3 v=0.2547
    OK ch=7 v=0.2452
    OK ch=1 v=0.2304
    OK ch=3 v=0.2458
    OK ch=1 v=0.2460
    OK ch=3 v=0.2510
    OK ch=7 v=0.2476
    OK ch=1 v=0.2727
    OK ch=3 v=0.2545
    OK ch=5 v=0.2663
    OK ch=7 v=0.2465
    OK ch=1 v=0.2462
    OK ch=3 v=0.2493
    OK ch=5 v=0.2648
    OK ch=1 v=0.2479
    OK ch=3 v=0.2501
    OK ch=5 v=0.2659
    OK ch=1 v=0.2535
    OK ch=3 v=0.2495
    OK ch=5 v=0.2646
    OK ch=7 v=0.2479
    OK ch=1 v=0.2519
    OK ch=3 v=0.2507
    OK ch=5 v=0.2633
    OK ch=7 v=0.2485
    OK ch=1 v=0.2470
    OK ch=3 v=0.2483
    OK ch=5 v=0.2626
    OK ch=7 v=0.2451
    OK ch=1 v=0.2525
    OK ch=3 v=0.2474
    OK ch=7 v=0.2481
    OK ch=1 v=0.2330
    OK ch=3 v=0.2484
    OK ch=5 v=0.2611
    OK ch=7 v=0.2499
    OK ch=1 v=0.2143
    OK ch=3 v=0.2435
    OK ch=5 v=0.2621
    OK ch=7 v=0.2510
    OK ch=1 v=0.2286
    OK ch=3 v=0.2440
    OK ch=5 v=0.2614
    OK ch=7 v=0.2490
    OK ch=1 v=0.2374
    OK ch=3 v=0.2501
    OK ch=5 v=0.2607
    OK ch=1 v=0.2465
    OK ch=3 v=0.2458
    OK ch=5 v=0.2599
    OK ch=7 v=0.2503
    OK ch=1 v=0.2416
    OK ch=5 v=0.2617
    OK ch=7 v=0.2484
    OK ch=1 v=0.2373
    OK ch=3 v=0.2472
    OK ch=5 v=0.2625
    OK ch=7 v=0.2479
    OK ch=1 v=0.2497
    OK ch=3 v=0.2490
    OK ch=7 v=0.2489
    OK ch=1 v=0.2572
    OK ch=3 v=0.2526
    OK ch=5 v=0.2643
    OK ch=1 v=0.2679
    OK ch=3 v=0.2498
    OK ch=7 v=0.2448
    OK ch=1 v=0.2271
    OK ch=3 v=0.2448
    OK ch=7 v=0.2506
    OK ch=1 v=0.2178
    OK ch=3 v=0.2419
    OK ch=5 v=0.2654
    OK ch=7 v=0.2490
    OK ch=1 v=0.2403
    OK ch=3 v=0.2479
    OK ch=7 v=0.2504
    OK ch=1 v=0.2474
    OK ch=3 v=0.2467
    OK ch=5 v=0.2639
    OK ch=1 v=0.2310
    OK ch=3 v=0.2491
    OK ch=7 v=0.2491
    OK ch=1 v=0.2154
    OK ch=3 v=0.2434
    OK ch=5 v=0.2656
    OK ch=7 v=0.2461
    OK ch=1 v=0.2482
    OK ch=3 v=0.2459
    OK ch=5 v=0.2646
    OK ch=7 v=0.2447
    OK ch=1 v=0.2339
    OK ch=3 v=0.2472
    OK ch=5 v=0.2641
    OK ch=7 v=0.2467
    OK ch=1 v=0.2473
    OK ch=3 v=0.2419
    OK ch=5 v=0.2625
    OK ch=7 v=0.2475
    OK ch=1 v=0.2668
    OK ch=3 v=0.2514
    OK ch=5 v=0.2640
    OK ch=1 v=0.2308
    OK ch=3 v=0.2427
    OK ch=5 v=0.2655
    OK ch=7 v=0.2467
    OK ch=1 v=0.2275
    OK ch=3 v=0.2474
    OK ch=7 v=0.2504
    OK ch=1 v=0.2321
    OK ch=3 v=0.2486
    OK ch=7 v=0.2492
    OK ch=1 v=0.2566
    OK ch=5 v=0.2645
    OK ch=7 v=0.2473
    OK ch=1 v=0.2458
    OK ch=1 v=0.2392
    OK ch=3 v=0.2456
    OK ch=7 v=0.2480
    OK ch=1 v=0.2502
    OK ch=3 v=0.2492
    OK ch=7 v=0.2474
    OK ch=1 v=0.2650
    OK ch=3 v=0.2534
    OK ch=5 v=0.2629
    OK ch=1 v=0.2537
    OK ch=7 v=0.2511
    OK ch=1 v=0.2288
    OK ch=3 v=0.2484
    OK ch=7 v=0.2491
    OK ch=1 v=0.2307
    OK ch=3 v=0.2428
    OK ch=5 v=0.2640
    OK ch=7 v=0.2468
    OK ch=1 v=0.2475
    OK ch=3 v=0.2524
    OK ch=5 v=0.2617
    OK ch=7 v=0.2477
    OK ch=1 v=0.2494
    OK ch=3 v=0.2501
    OK ch=5 v=0.2622
    OK ch=1 v=0.2316
    OK ch=3 v=0.2464
    OK ch=5 v=0.2643
    OK ch=1 v=0.2430
    OK ch=3 v=0.2506
    OK ch=5 v=0.2621
    OK ch=1 v=0.2502
    OK ch=3 v=0.2496
    OK ch=5 v=0.2629
    OK ch=5 v=0.2635
    OK ch=7 v=0.2455
    OK ch=1 v=0.2451
    OK ch=3 v=0.2448
    OK ch=5 v=0.2664
    OK ch=1 v=0.2202
    OK ch=3 v=0.2423
    OK ch=7 v=0.2461
    OK ch=1 v=0.2255
    OK ch=3 v=0.2443
    OK ch=1 v=0.2262
    OK ch=3 v=0.2477
    OK ch=7 v=0.2471
    OK ch=1 v=0.2381
    OK ch=3 v=0.2454
    OK ch=7 v=0.2480
    OK ch=1 v=0.2545
    OK ch=3 v=0.2492
    OK ch=5 v=0.2652
    OK ch=1 v=0.2442
    OK ch=3 v=0.2449
    OK ch=1 v=0.2235
    OK ch=3 v=0.2468
    OK ch=5 v=0.2660
    OK ch=1 v=0.2382
    OK ch=3 v=0.2501
    OK ch=5 v=0.2649
    OK ch=7 v=0.2471
    OK ch=1 v=0.2528
    OK ch=3 v=0.2537
    OK ch=5 v=0.2641
    OK ch=7 v=0.2495
    OK ch=1 v=0.2274
    OK ch=3 v=0.2476
    OK ch=5 v=0.2651
    OK ch=7 v=0.2483
    OK ch=1 v=0.2594
    OK ch=5 v=0.2634
    OK ch=1 v=0.2324
    OK ch=3 v=0.2452
    OK ch=7 v=0.2455
    OK ch=1 v=0.2294
    OK ch=3 v=0.2474
    OK ch=5 v=0.2627
    OK ch=7 v=0.2478
    OK ch=1 v=0.2367
    OK ch=3 v=0.2446
    OK ch=7 v=0.2461
    OK ch=1 v=0.2397
    OK ch=3 v=0.2473
    OK ch=5 v=0.2635
    OK ch=7 v=0.2500
    OK ch=1 v=0.2345
    OK ch=3 v=0.2423
    OK ch=5 v=0.2625
    OK ch=7 v=0.2479
    OK ch=1 v=0.2643
    OK ch=3 v=0.2492
    OK ch=1 v=0.2313
    OK ch=3 v=0.2468
    OK ch=7 v=0.2499
    OK ch=1 v=0.2334
    OK ch=3 v=0.2463
    OK ch=5 v=0.2647
    OK ch=7 v=0.2491
    OK ch=1 v=0.2614
    OK ch=3 v=0.2491
    OK ch=5 v=0.2624
    OK ch=7 v=0.2485
    OK ch=1 v=0.2396
    OK ch=3 v=0.2469
    OK ch=5 v=0.2634
    OK ch=7 v=0.2505
    OK ch=1 v=0.2291
    OK ch=3 v=0.2492
    OK ch=5 v=0.2645
    OK ch=7 v=0.2499
    OK ch=1 v=0.2398
    OK ch=3 v=0.2526
    OK ch=5 v=0.2627
    OK ch=7 v=0.2490
    OK ch=1 v=0.2206
    OK ch=3 v=0.2387
    OK ch=7 v=0.2506
    OK ch=1 v=0.2518
    OK ch=3 v=0.2470
    OK ch=5 v=0.2621
    OK ch=7 v=0.2489
    OK ch=1 v=0.2554
    OK ch=3 v=0.2565
    OK ch=5 v=0.2616
    OK ch=7 v=0.2468
    OK ch=1 v=0.2502
    OK ch=3 v=0.2517
    OK ch=5 v=0.2638
    OK ch=1 v=0.2683
    OK ch=3 v=0.2484
    OK ch=5 v=0.2643
    OK ch=7 v=0.2457
    OK ch=1 v=0.2395
    OK ch=3 v=0.2449
    OK ch=5 v=0.2637
    OK ch=7 v=0.2474
    OK ch=1 v=0.2286
    OK ch=5 v=0.2650
    OK ch=7 v=0.2467
    OK ch=1 v=0.2191
    OK ch=3 v=0.2411
    OK ch=5 v=0.2662
    OK ch=1 v=0.2576
    OK ch=3 v=0.2503
    OK ch=5 v=0.2644
    OK ch=7 v=0.2485
    OK ch=1 v=0.2268
    OK ch=3 v=0.2472
    OK ch=5 v=0.2650
    OK ch=1 v=0.2323
    OK ch=3 v=0.2456
    OK ch=1 v=0.2390
    OK ch=3 v=0.2468
    OK ch=5 v=0.2656
    OK ch=7 v=0.2460
    OK ch=1 v=0.2522
    OK ch=3 v=0.2511
    OK ch=5 v=0.2645
    OK ch=7 v=0.2481
    OK ch=1 v=0.2546
    OK ch=3 v=0.2566
    OK ch=5 v=0.2652
    OK ch=7 v=0.2496
    OK ch=1 v=0.2677
    OK ch=3 v=0.2508
    OK ch=5 v=0.2659
    OK ch=7 v=0.2434
    OK ch=1 v=0.2241
    OK ch=3 v=0.2449
    OK ch=7 v=0.2451
    OK ch=1 v=0.2082
    OK ch=3 v=0.2408
    OK ch=7 v=0.2475
    OK ch=1 v=0.2541
    OK ch=3 v=0.2488
    OK ch=7 v=0.2483
    OK ch=1 v=0.2614
    OK ch=3 v=0.2541
    OK ch=5 v=0.2621
    OK ch=1 v=0.2410
    OK ch=3 v=0.2488
    OK ch=1 v=0.2499
    OK ch=3 v=0.2473
    OK ch=5 v=0.2640
    OK ch=1 v=0.2340
    OK ch=3 v=0.2539
    OK ch=5 v=0.2632
    OK ch=7 v=0.2495
    OK ch=1 v=0.2639
    OK ch=3 v=0.2519
    OK ch=7 v=0.2481
[   30.1s] DAMPING     ch0:.... g=-0.0300 bp=+0.048V ratio=0.13  ch1:.... g=-0.0300 bp=+0.021V ratio=0.11  ch2:.... g=+0.0100 bp=-0.012V ratio=0.05  ch3:.... g=-0.0300 bp=-0.002V ratio=0.07
    OK ch=1 v=0.2500
    OK ch=3 v=0.2490
    OK ch=5 v=0.2623
    OK ch=7 v=0.2490
    OK ch=1 v=0.2115
    OK ch=3 v=0.2405
    OK ch=5 v=0.2640
    OK ch=7 v=0.2477
    OK ch=1 v=0.2336
    OK ch=3 v=0.2460
    OK ch=7 v=0.2452
    OK ch=1 v=0.2401
    OK ch=5 v=0.2625
    OK ch=7 v=0.2467
    OK ch=1 v=0.2472
    OK ch=3 v=0.2467
    OK ch=7 v=0.2475
    OK ch=1 v=0.2429
    OK ch=5 v=0.2633
    OK ch=7 v=0.2503
    OK ch=1 v=0.2439
    OK ch=3 v=0.2474
    OK ch=1 v=0.2625
    OK ch=3 v=0.2581
    OK ch=5 v=0.2639
    OK ch=7 v=0.2488
    OK ch=1 v=0.2228
    OK ch=3 v=0.2416
    OK ch=5 v=0.2654
    OK ch=1 v=0.2264
    OK ch=3 v=0.2437
    OK ch=5 v=0.2633
    OK ch=1 v=0.2186
    OK ch=3 v=0.2394
    OK ch=7 v=0.2472
    OK ch=1 v=0.2583
    OK ch=3 v=0.2503
    OK ch=5 v=0.2639
    OK ch=7 v=0.2482
    OK ch=1 v=0.2569
    OK ch=5 v=0.2627
    OK ch=7 v=0.2471
    OK ch=1 v=0.2430
    OK ch=3 v=0.2482
    OK ch=7 v=0.2495
    OK ch=1 v=0.2547
    OK ch=3 v=0.2464
    OK ch=5 v=0.2633
    OK ch=7 v=0.2485
    OK ch=3 v=0.2489
    OK ch=5 v=0.2644
    OK ch=7 v=0.2468
    OK ch=1 v=0.2582
    OK ch=3 v=0.2455
    OK ch=7 v=0.2480
    OK ch=1 v=0.2348
    OK ch=3 v=0.2465
    OK ch=5 v=0.2650
    OK ch=1 v=0.2243
    OK ch=3 v=0.2448
    OK ch=7 v=0.2494
    OK ch=1 v=0.2072
    OK ch=3 v=0.2405
    OK ch=5 v=0.2637
    OK ch=7 v=0.2480
    OK ch=1 v=0.2313
    OK ch=3 v=0.2503
    OK ch=1 v=0.2398
    OK ch=3 v=0.2519
    OK ch=7 v=0.2464
    OK ch=1 v=0.2426
    OK ch=3 v=0.2453
    OK ch=5 v=0.2629
    OK ch=1 v=0.2256
    OK ch=3 v=0.2471
    OK ch=5 v=0.2638
    OK ch=7 v=0.2457
    OK ch=1 v=0.2309
    OK ch=3 v=0.2433
    OK ch=7 v=0.2499
    OK ch=1 v=0.2681
    OK ch=3 v=0.2549
    OK ch=1 v=0.2399
    OK ch=7 v=0.2473
    OK ch=1 v=0.2474
    OK ch=3 v=0.2538
    OK ch=5 v=0.2662
    OK ch=1 v=0.2453
    OK ch=3 v=0.2481
    OK ch=5 v=0.2656
    OK ch=7 v=0.2466
    OK ch=1 v=0.2484
    OK ch=3 v=0.2522
    OK ch=5 v=0.2647
    OK ch=7 v=0.2492
    OK ch=1 v=0.2663
    OK ch=5 v=0.2636
    OK ch=1 v=0.2492
    OK ch=3 v=0.2489
    OK ch=7 v=0.2477
    OK ch=1 v=0.2384
    OK ch=3 v=0.2472
    OK ch=5 v=0.2648
    OK ch=7 v=0.2460

*** LOCKED -- 11.2s after gain was applied (t=31.2s total) ***

    OK ch=1 v=0.2421
    OK ch=3 v=0.2421
    OK ch=1 v=0.2227
    OK ch=7 v=0.2489
    OK ch=1 v=0.2511
    OK ch=3 v=0.2488
    OK ch=5 v=0.2634
    OK ch=1 v=0.2388
    OK ch=3 v=0.2463
    OK ch=7 v=0.2483
    OK ch=1 v=0.2243
    OK ch=7 v=0.2469
    OK ch=1 v=0.2383
    OK ch=3 v=0.2475
    OK ch=5 v=0.2626
    OK ch=7 v=0.2456
    OK ch=1 v=0.2606
    OK ch=3 v=0.2458
    OK ch=7 v=0.2472
    OK ch=3 v=0.2496
    OK ch=7 v=0.2489
    OK ch=1 v=0.2370
    OK ch=3 v=0.2444
    OK ch=5 v=0.2637
    OK ch=7 v=0.2480
    OK ch=1 v=0.2208
    OK ch=7 v=0.2489
    OK ch=1 v=0.2265
    OK ch=3 v=0.2458
    OK ch=5 v=0.2649
    OK ch=1 v=0.2280
    OK ch=3 v=0.2531
    OK ch=7 v=0.2462
    OK ch=1 v=0.2637
    OK ch=3 v=0.2523
    OK ch=5 v=0.2639
    OK ch=7 v=0.2484
    OK ch=1 v=0.2435
    OK ch=3 v=0.2505
    OK ch=5 v=0.2650
    OK ch=7 v=0.2500
    OK ch=1 v=0.2574
    OK ch=3 v=0.2514
    OK ch=5 v=0.2635
    OK ch=1 v=0.2471
    OK ch=3 v=0.2492
    OK ch=5 v=0.2627
    OK ch=7 v=0.2477
    OK ch=1 v=0.2363
    OK ch=3 v=0.2445
    OK ch=5 v=0.2643
    OK ch=7 v=0.2438
    OK ch=1 v=0.2080
    OK ch=3 v=0.2412
    OK ch=5 v=0.2657
    OK ch=7 v=0.2469
    OK ch=1 v=0.2268
    OK ch=3 v=0.2418
    OK ch=5 v=0.2633
    OK ch=7 v=0.2502
    OK ch=1 v=0.2596
    OK ch=3 v=0.2524
    OK ch=1 v=0.2554
    OK ch=3 v=0.2488
    OK ch=5 v=0.2620
    OK ch=7 v=0.2460
    OK ch=1 v=0.2458
    OK ch=3 v=0.2508
    OK ch=5 v=0.2630
    OK ch=7 v=0.2477
    OK ch=1 v=0.2648
    OK ch=3 v=0.2501
    OK ch=1 v=0.2331
    OK ch=3 v=0.2471
    OK ch=7 v=0.2469
    OK ch=1 v=0.2471
    OK ch=5 v=0.2643
    OK ch=7 v=0.2492
    OK ch=1 v=0.2377
    OK ch=3 v=0.2487
    OK ch=5 v=0.2631
    OK ch=1 v=0.2170
    OK ch=3 v=0.2392
    OK ch=5 v=0.2638
    OK ch=7 v=0.2466
    OK ch=1 v=0.2541
    OK ch=3 v=0.2491
    OK ch=5 v=0.2647
    OK ch=7 v=0.2487
    OK ch=1 v=0.2349
    OK ch=3 v=0.2472
    OK ch=7 v=0.2453
    OK ch=1 v=0.2402
    OK ch=3 v=0.2542
    OK ch=5 v=0.2637
    OK ch=7 v=0.2466
    OK ch=1 v=0.2386
    OK ch=3 v=0.2397
    OK ch=5 v=0.2642
    OK ch=7 v=0.2451
    OK ch=1 v=0.2429
    OK ch=3 v=0.2480
    OK ch=7 v=0.2482
    OK ch=1 v=0.2088
    OK ch=3 v=0.2485
    OK ch=5 v=0.2660
    OK ch=7 v=0.2513
    OK ch=1 v=0.2532
    OK ch=3 v=0.2519
    OK ch=5 v=0.2649
    OK ch=7 v=0.2485
    OK ch=1 v=0.2264
    OK ch=3 v=0.2453
    OK ch=5 v=0.2643
    OK ch=7 v=0.2478
    OK ch=1 v=0.2646
    OK ch=3 v=0.2531
    OK ch=5 v=0.2627
    OK ch=7 v=0.2489
    OK ch=1 v=0.2490
    OK ch=3 v=0.2469
    OK ch=5 v=0.2641
    OK ch=7 v=0.2476
    OK ch=1 v=0.2573
    OK ch=3 v=0.2506
    OK ch=1 v=0.2413
    OK ch=3 v=0.2436
    OK ch=1 v=0.2220
    OK ch=3 v=0.2535
    OK ch=1 v=0.2255
    OK ch=3 v=0.2466
    OK ch=7 v=0.2489
    OK ch=1 v=0.2143
    OK ch=3 v=0.2421
    OK ch=5 v=0.2650
    OK ch=1 v=0.2545
    OK ch=3 v=0.2497
    OK ch=5 v=0.2635
    OK ch=7 v=0.2476
    OK ch=1 v=0.2621
    OK ch=3 v=0.2485
    OK ch=7 v=0.2462
    OK ch=1 v=0.2269
    OK ch=7 v=0.2476
    OK ch=1 v=0.2292
    OK ch=3 v=0.2454
    OK ch=5 v=0.2643
    OK ch=7 v=0.2504
    OK ch=1 v=0.2449
    OK ch=3 v=0.2489
    OK ch=5 v=0.2657
    OK ch=7 v=0.2493
    OK ch=1 v=0.2389
    OK ch=3 v=0.2433
    OK ch=5 v=0.2646
    OK ch=7 v=0.2474
    OK ch=1 v=0.2633
    OK ch=3 v=0.2497
    OK ch=5 v=0.2629
    OK ch=7 v=0.2496
    OK ch=1 v=0.2331
    OK ch=3 v=0.2479
    OK ch=5 v=0.2636
    OK ch=7 v=0.2482
    OK ch=1 v=0.2386
    OK ch=3 v=0.2464
    OK ch=5 v=0.2645
    OK ch=1 v=0.2237
    OK ch=3 v=0.2477
    OK ch=7 v=0.2465
    OK ch=1 v=0.2357
    OK ch=5 v=0.2637
    OK ch=7 v=0.2489
    OK ch=1 v=0.2587
    OK ch=5 v=0.2622
    OK ch=7 v=0.2457
    OK ch=1 v=0.2421
    OK ch=3 v=0.2456
    OK ch=7 v=0.2478
    OK ch=1 v=0.2497
    OK ch=3 v=0.2444
    OK ch=5 v=0.2637
    OK ch=7 v=0.2460
    OK ch=1 v=0.2371
    OK ch=3 v=0.2477
    OK ch=5 v=0.2643
    OK ch=7 v=0.2475
    OK ch=1 v=0.2573
    OK ch=3 v=0.2543
    OK ch=7 v=0.2503
    OK ch=1 v=0.2378
    OK ch=3 v=0.2514
    OK ch=5 v=0.2649
    OK ch=7 v=0.2490
    OK ch=1 v=0.2549
    OK ch=3 v=0.2481
    OK ch=5 v=0.2640
    OK ch=7 v=0.2483
    OK ch=1 v=0.2204
    OK ch=3 v=0.2507
    OK ch=5 v=0.2657
    OK ch=7 v=0.2468
    OK ch=1 v=0.2575
    OK ch=3 v=0.2465
    OK ch=5 v=0.2646
    OK ch=1 v=0.2528
    OK ch=3 v=0.2459
    OK ch=5 v=0.2635
    OK ch=1 v=0.2602
    OK ch=3 v=0.2510
    OK ch=7 v=0.2475
    OK ch=1 v=0.2229
    OK ch=3 v=0.2441
    OK ch=5 v=0.2641
    OK ch=7 v=0.2489
    OK ch=1 v=0.2187
    OK ch=3 v=0.2425
    OK ch=1 v=0.2323
    OK ch=3 v=0.2454
    OK ch=5 v=0.2635
    OK ch=7 v=0.2511
    OK ch=1 v=0.2282
    OK ch=3 v=0.2474
    OK ch=5 v=0.2628
    OK ch=1 v=0.2411
    OK ch=3 v=0.2516
    OK ch=7 v=0.2462
    OK ch=1 v=0.2558
    OK ch=3 v=0.2456
    OK ch=5 v=0.2621
    OK ch=7 v=0.2455
    OK ch=1 v=0.2431
    OK ch=3 v=0.2473
    OK ch=5 v=0.2629
    OK ch=7 v=0.2484
    OK ch=1 v=0.2392
    OK ch=3 v=0.2490
    OK ch=5 v=0.2648
    OK ch=7 v=0.2465
    OK ch=1 v=0.2697
    OK ch=3 v=0.2547
    OK ch=5 v=0.2642
    OK ch=7 v=0.2489
    OK ch=1 v=0.2511
    OK ch=3 v=0.2473
    OK ch=5 v=0.2634
    OK ch=1 v=0.2299
    OK ch=3 v=0.2459
    OK ch=1 v=0.2361
    OK ch=3 v=0.2482
    OK ch=7 v=0.2461
    OK ch=1 v=0.2409
    OK ch=3 v=0.2477
    OK ch=5 v=0.2644
    OK ch=7 v=0.2468
    OK ch=1 v=0.2432
    OK ch=5 v=0.2650
    OK ch=7 v=0.2451
    OK ch=1 v=0.2346
    OK ch=3 v=0.2463
    OK ch=7 v=0.2493
    OK ch=1 v=0.2550
    OK ch=3 v=0.2500
    OK ch=5 v=0.2637
    OK ch=7 v=0.2474
    OK ch=1 v=0.2347
    OK ch=3 v=0.2476
    OK ch=5 v=0.2648
    OK ch=7 v=0.2495
    OK ch=1 v=0.2209
    OK ch=3 v=0.2449
    OK ch=5 v=0.2658
    OK ch=7 v=0.2470
    OK ch=1 v=0.2435
    OK ch=3 v=0.2477
    OK ch=5 v=0.2633
    OK ch=7 v=0.2480
    OK ch=1 v=0.2381
    OK ch=3 v=0.2448
    OK ch=1 v=0.2462
    OK ch=3 v=0.2496
    OK ch=5 v=0.2638
    OK ch=7 v=0.2458
    OK ch=1 v=0.2371
    OK ch=3 v=0.2436
    OK ch=5 v=0.2653
    OK ch=7 v=0.2470
    OK ch=1 v=0.2513
    OK ch=3 v=0.2511
    OK ch=7 v=0.2487
    OK ch=1 v=0.2574
    OK ch=3 v=0.2504
    OK ch=5 v=0.2633
    OK ch=7 v=0.2477
    OK ch=1 v=0.2497
    OK ch=3 v=0.2470
    OK ch=7 v=0.2464
    OK ch=3 v=0.2513
    OK ch=5 v=0.2638
    OK ch=7 v=0.2490
    OK ch=1 v=0.2443
    OK ch=3 v=0.2490
    OK ch=5 v=0.2646
    OK ch=1 v=0.2371
    OK ch=5 v=0.2652
    OK ch=7 v=0.2503
    OK ch=1 v=0.2385
    OK ch=3 v=0.2500
    OK ch=5 v=0.2630
    OK ch=7 v=0.2511
    OK ch=1 v=0.2107
    OK ch=3 v=0.2400
    OK ch=5 v=0.2609
    OK ch=7 v=0.2477
    OK ch=1 v=0.2413
    OK ch=3 v=0.2479
    OK ch=5 v=0.2619
    OK ch=7 v=0.2448
    OK ch=1 v=0.2464
    OK ch=3 v=0.2470
    OK ch=5 v=0.2629
    OK ch=7 v=0.2477
    OK ch=1 v=0.2539
    OK ch=3 v=0.2495
    OK ch=5 v=0.2637
    OK ch=7 v=0.2495
    OK ch=1 v=0.2230
    OK ch=3 v=0.2447
    OK ch=5 v=0.2628
    OK ch=7 v=0.2469
    OK ch=1 v=0.2625
    OK ch=3 v=0.2531
    OK ch=7 v=0.2491
    OK ch=1 v=0.2583
    OK ch=3 v=0.2496
    OK ch=5 v=0.2649
    OK ch=7 v=0.2480
    OK ch=1 v=0.2150
    OK ch=3 v=0.2410
    OK ch=5 v=0.2662
    OK ch=1 v=0.2265
    OK ch=3 v=0.2438
    OK ch=5 v=0.2644
    OK ch=7 v=0.2512
    OK ch=1 v=0.2548
    OK ch=3 v=0.2518
    OK ch=5 v=0.2638
    OK ch=7 v=0.2485
[   35.1s] DAMPING     ch0:LOCK g=-0.0300 bp=-0.001V ratio=0.11  ch1:LOCK g=-0.0300 bp=-0.001V ratio=0.06  ch2:LOCK g=+0.0100 bp=+0.005V ratio=0.03  ch3:LOCK g=-0.0300 bp=+0.005V ratio=0.04
    OK ch=1 v=0.2451
    OK ch=3 v=0.2484
    OK ch=5 v=0.2662
    OK ch=7 v=0.2465
    OK ch=1 v=0.2259
    OK ch=3 v=0.2476
    OK ch=7 v=0.2478
    OK ch=1 v=0.2522
    OK ch=3 v=0.2522
    OK ch=5 v=0.2641
    OK ch=1 v=0.2581
    OK ch=3 v=0.2509
    OK ch=5 v=0.2621
    OK ch=1 v=0.2622
    OK ch=3 v=0.2544
    OK ch=5 v=0.2634
    OK ch=7 v=0.2468
    OK ch=1 v=0.2395
    OK ch=3 v=0.2446
    OK ch=5 v=0.2652
    OK ch=7 v=0.2445
    OK ch=1 v=0.2237
    OK ch=3 v=0.2413
    OK ch=7 v=0.2453
    OK ch=1 v=0.2447
    OK ch=5 v=0.2624
    OK ch=7 v=0.2487
    OK ch=1 v=0.2540
    OK ch=3 v=0.2479
    OK ch=5 v=0.2634
    OK ch=7 v=0.2494
    OK ch=1 v=0.2065
    OK ch=3 v=0.2392
    OK ch=1 v=0.2414
    OK ch=3 v=0.2512
    OK ch=5 v=0.2647
    OK ch=7 v=0.2489
    OK ch=1 v=0.2304
    OK ch=7 v=0.2473
    OK ch=1 v=0.2539
    OK ch=3 v=0.2537
    OK ch=5 v=0.2634
    OK ch=7 v=0.2483
    OK ch=1 v=0.2485
    OK ch=1 v=0.2421
    OK ch=3 v=0.2494
    OK ch=5 v=0.2626
    OK ch=1 v=0.2504
    OK ch=3 v=0.2484
    OK ch=5 v=0.2621
    OK ch=7 v=0.2472
    OK ch=1 v=0.2472
    OK ch=3 v=0.2432
    OK ch=5 v=0.2640
    OK ch=1 v=0.2367
    OK ch=3 v=0.2494
    OK ch=5 v=0.2657
    OK ch=7 v=0.2497
    OK ch=1 v=0.2325
    OK ch=5 v=0.2629
    OK ch=7 v=0.2486
    OK ch=1 v=0.2775
    OK ch=3 v=0.2534
    OK ch=5 v=0.2621
    OK ch=7 v=0.2493
    OK ch=1 v=0.2427
    OK ch=3 v=0.2418
    OK ch=5 v=0.2633
    OK ch=1 v=0.2338
    OK ch=3 v=0.2494
    OK ch=7 v=0.2486
    OK ch=1 v=0.2418
    OK ch=3 v=0.2485
    OK ch=5 v=0.2640
    OK ch=7 v=0.2459
    OK ch=1 v=0.2308
    OK ch=3 v=0.2468
    OK ch=5 v=0.2628
    OK ch=7 v=0.2482
    OK ch=1 v=0.2385
    OK ch=3 v=0.2514
    OK ch=5 v=0.2637
    OK ch=1 v=0.2636
    OK ch=3 v=0.2392
    OK ch=5 v=0.2627
    OK ch=1 v=0.2245
    OK ch=3 v=0.2415
    OK ch=5 v=0.2649
    OK ch=1 v=0.2496
    OK ch=3 v=0.2523
    OK ch=5 v=0.2644
    OK ch=1 v=0.2330
    OK ch=3 v=0.2501
    OK ch=1 v=0.2495
    OK ch=3 v=0.2491
    OK ch=5 v=0.2634
    OK ch=7 v=0.2467
    OK ch=1 v=0.2359
    OK ch=3 v=0.2425
    OK ch=5 v=0.2646
    OK ch=1 v=0.2243
    OK ch=3 v=0.2453
    OK ch=5 v=0.2659
    OK ch=7 v=0.2459
    OK ch=1 v=0.2561
    OK ch=3 v=0.2562
    OK ch=5 v=0.2653
    OK ch=7 v=0.2465
    OK ch=1 v=0.2512
    OK ch=3 v=0.2540
    OK ch=7 v=0.2507
    OK ch=1 v=0.2571
    OK ch=3 v=0.2494
    OK ch=7 v=0.2483
    OK ch=1 v=0.2409
    OK ch=3 v=0.2464
    OK ch=1 v=0.2320
    OK ch=3 v=0.2481
    OK ch=7 v=0.2476
    OK ch=1 v=0.2232
    OK ch=3 v=0.2473
    OK ch=5 v=0.2640
    OK ch=7 v=0.2484
    OK ch=1 v=0.2291
    OK ch=3 v=0.2425
    OK ch=5 v=0.2649
    OK ch=7 v=0.2461
    OK ch=1 v=0.2443
    OK ch=3 v=0.2458
    OK ch=5 v=0.2627
    OK ch=7 v=0.2475
    OK ch=1 v=0.2524
    OK ch=3 v=0.2471
    OK ch=7 v=0.2468
    OK ch=1 v=0.2461
    OK ch=3 v=0.2488
    OK ch=7 v=0.2458
    OK ch=1 v=0.2111
    OK ch=3 v=0.2525
    OK ch=5 v=0.2642
    OK ch=7 v=0.2475
    OK ch=1 v=0.2735
    OK ch=3 v=0.2539
    OK ch=5 v=0.2631
    OK ch=7 v=0.2493
    OK ch=1 v=0.2469
    OK ch=3 v=0.2413
    OK ch=7 v=0.2480
    OK ch=1 v=0.2185
    OK ch=3 v=0.2394
    OK ch=5 v=0.2637
    OK ch=1 v=0.2558
    OK ch=3 v=0.2520
    OK ch=5 v=0.2628
    OK ch=1 v=0.2315
    OK ch=3 v=0.2481
    OK ch=7 v=0.2503
    OK ch=1 v=0.2412
    OK ch=3 v=0.2507
    OK ch=5 v=0.2641
    OK ch=7 v=0.2491
    OK ch=1 v=0.2449
    OK ch=3 v=0.2456
    OK ch=1 v=0.2344
    OK ch=3 v=0.2557
    OK ch=1 v=0.2484
    OK ch=3 v=0.2506
    OK ch=7 v=0.2477
    OK ch=1 v=0.2698
    OK ch=3 v=0.2538
    OK ch=5 v=0.2629
    OK ch=7 v=0.2471
    OK ch=1 v=0.2449
    OK ch=3 v=0.2429
    OK ch=7 v=0.2484
    OK ch=1 v=0.2065
    OK ch=3 v=0.2409
    OK ch=5 v=0.2635
    OK ch=7 v=0.2473
    OK ch=1 v=0.2419
    OK ch=3 v=0.2474
    OK ch=1 v=0.2439
    OK ch=3 v=0.2464
    OK ch=5 v=0.2645
    OK ch=7 v=0.2484
    OK ch=1 v=0.2416
    OK ch=3 v=0.2501
    OK ch=5 v=0.2633
    OK ch=3 v=0.2477
    OK ch=5 v=0.2640
    OK ch=7 v=0.2473
    OK ch=1 v=0.2269
    OK ch=3 v=0.2435
    OK ch=5 v=0.2648
    OK ch=7 v=0.2459
    OK ch=1 v=0.2602
    OK ch=3 v=0.2475
    OK ch=7 v=0.2474
    OK ch=1 v=0.2344
    OK ch=3 v=0.2460
    OK ch=7 v=0.2467
    OK ch=1 v=0.2298
    OK ch=3 v=0.2438
    OK ch=5 v=0.2635
    OK ch=7 v=0.2481
    OK ch=1 v=0.2551
    OK ch=3 v=0.2541
    OK ch=5 v=0.2646
    OK ch=7 v=0.2519
    OK ch=1 v=0.2677
    OK ch=3 v=0.2549
    OK ch=5 v=0.2639
    OK ch=7 v=0.2488
    OK ch=1 v=0.2496
    OK ch=3 v=0.2477
    OK ch=5 v=0.2656
    OK ch=7 v=0.2479
    OK ch=1 v=0.2310
    OK ch=3 v=0.2439
    OK ch=7 v=0.2453
    OK ch=1 v=0.2083
    OK ch=3 v=0.2429
    OK ch=7 v=0.2479
    OK ch=1 v=0.2318
    OK ch=3 v=0.2452
    OK ch=5 v=0.2635
    OK ch=7 v=0.2474
    OK ch=1 v=0.2311
    OK ch=3 v=0.2479
    OK ch=5 v=0.2625
    OK ch=1 v=0.2558
    OK ch=3 v=0.2496
    OK ch=5 v=0.2634
    OK ch=7 v=0.2464
    OK ch=1 v=0.2634
    OK ch=3 v=0.2530
    OK ch=5 v=0.2625
    OK ch=7 v=0.2479
    OK ch=1 v=0.2314
    OK ch=5 v=0.2642
    OK ch=1 v=0.2434
    OK ch=3 v=0.2426
    OK ch=5 v=0.2632
    OK ch=1 v=0.2355
    OK ch=5 v=0.2644
    OK ch=7 v=0.2494
    OK ch=1 v=0.2436
    OK ch=3 v=0.2449
    OK ch=7 v=0.2469
    OK ch=1 v=0.2607
    OK ch=3 v=0.2511
    OK ch=5 v=0.2638
    OK ch=7 v=0.2477
    OK ch=1 v=0.2382
    OK ch=3 v=0.2456
    OK ch=7 v=0.2492
    OK ch=1 v=0.2322
    OK ch=3 v=0.2476
    OK ch=5 v=0.2651
    OK ch=7 v=0.2467
    OK ch=1 v=0.2433
    OK ch=3 v=0.2493
    OK ch=5 v=0.2643
    OK ch=7 v=0.2477
    OK ch=1 v=0.2272
    OK ch=3 v=0.2467
    OK ch=1 v=0.2293
    OK ch=3 v=0.2440
    OK ch=5 v=0.2633
    OK ch=1 v=0.2456
    OK ch=3 v=0.2454
    OK ch=7 v=0.2468
    OK ch=1 v=0.2490
    OK ch=3 v=0.2488
    OK ch=7 v=0.2492
    OK ch=1 v=0.2660
    OK ch=3 v=0.2518
    OK ch=7 v=0.2483
    OK ch=1 v=0.2582
    OK ch=3 v=0.2502
    OK ch=7 v=0.2491
    OK ch=1 v=0.2490
    OK ch=5 v=0.2648
    OK ch=1 v=0.2347
    OK ch=3 v=0.2452
    OK ch=7 v=0.2453
    OK ch=1 v=0.2174
    OK ch=3 v=0.2403
    OK ch=5 v=0.2654
    OK ch=7 v=0.2481
    OK ch=1 v=0.2378
    OK ch=3 v=0.2499
    OK ch=5 v=0.2638
    OK ch=7 v=0.2499
    OK ch=1 v=0.2359
    OK ch=5 v=0.2629
    OK ch=7 v=0.2472
    OK ch=1 v=0.2635
    OK ch=3 v=0.2516
    OK ch=5 v=0.2637
    OK ch=7 v=0.2456
    OK ch=1 v=0.2380
    OK ch=3 v=0.2494
    OK ch=5 v=0.2646
    OK ch=7 v=0.2472
    OK ch=1 v=0.2158
    OK ch=3 v=0.2436
    OK ch=5 v=0.2639
    OK ch=7 v=0.2489
    OK ch=1 v=0.2399
    OK ch=3 v=0.2486
    OK ch=5 v=0.2631
    OK ch=7 v=0.2477
    OK ch=1 v=0.2315
    OK ch=3 v=0.2399
    OK ch=5 v=0.2640
    OK ch=1 v=0.2308
    OK ch=3 v=0.2441
    OK ch=5 v=0.2635
    OK ch=1 v=0.2509
    OK ch=3 v=0.2463
    OK ch=1 v=0.2570
    OK ch=7 v=0.2490
    OK ch=1 v=0.2588
    OK ch=3 v=0.2488
    OK ch=5 v=0.2624
    OK ch=7 v=0.2481
    OK ch=1 v=0.2538
    OK ch=3 v=0.2507
    OK ch=5 v=0.2639
    OK ch=1 v=0.2493
    OK ch=3 v=0.2516
    OK ch=5 v=0.2649
    OK ch=1 v=0.2374
    OK ch=3 v=0.2472
    OK ch=5 v=0.2655
    OK ch=7 v=0.2466
    OK ch=1 v=0.2044
    OK ch=3 v=0.2545
    OK ch=7 v=0.2491
    OK ch=1 v=0.2553
    OK ch=3 v=0.2503
    OK ch=5 v=0.2644
    OK ch=1 v=0.2829
    OK ch=3 v=0.2484
    OK ch=5 v=0.2619
    OK ch=1 v=0.2570
    OK ch=7 v=0.2474
    OK ch=1 v=0.2280
    OK ch=3 v=0.2417
    OK ch=5 v=0.2643
    OK ch=7 v=0.2459
    OK ch=1 v=0.2274
    OK ch=3 v=0.2457
    OK ch=7 v=0.2484
    OK ch=1 v=0.2466
    OK ch=5 v=0.2636
    OK ch=1 v=0.2375
    OK ch=7 v=0.2456
    OK ch=1 v=0.2354
    OK ch=3 v=0.2418
    OK ch=7 v=0.2489
    OK ch=1 v=0.2232
    OK ch=3 v=0.2447
    OK ch=5 v=0.2628
    OK ch=7 v=0.2474
    OK ch=1 v=0.2676
    OK ch=3 v=0.2490
    OK ch=5 v=0.2649
    OK ch=7 v=0.2460
    OK ch=1 v=0.2391
    OK ch=3 v=0.2495
    OK ch=5 v=0.2643
    OK ch=7 v=0.2453
    OK ch=1 v=0.2657
    OK ch=3 v=0.2572
    OK ch=5 v=0.2634
    OK ch=7 v=0.2497
    OK ch=1 v=0.2326
    OK ch=3 v=0.2482
    OK ch=5 v=0.2654
    OK ch=7 v=0.2476
    OK ch=1 v=0.2357
    OK ch=3 v=0.2450
    OK ch=7 v=0.2497
    OK ch=1 v=0.2305
    OK ch=5 v=0.2640
    OK ch=7 v=0.2484
    OK ch=1 v=0.2285
    OK ch=5 v=0.2630
    OK ch=7 v=0.2491
    OK ch=1 v=0.2245
    OK ch=5 v=0.2637
    OK ch=7 v=0.2466
    OK ch=1 v=0.2429
    OK ch=3 v=0.2438
    OK ch=5 v=0.2626
    OK ch=7 v=0.2475
    OK ch=1 v=0.2381
    OK ch=3 v=0.2473
    OK ch=5 v=0.2635
    OK ch=1 v=0.2530
    OK ch=1 v=0.2442
    OK ch=3 v=0.2482
    OK ch=5 v=0.2626
    OK ch=1 v=0.2510
    OK ch=3 v=0.2499
    OK ch=5 v=0.2635
    OK ch=7 v=0.2468
    OK ch=1 v=0.2627
    OK ch=3 v=0.2485
    OK ch=7 v=0.2458
    OK ch=1 v=0.2522
    OK ch=3 v=0.2516
    OK ch=5 v=0.2642
    OK ch=7 v=0.2511
    OK ch=1 v=0.1988
    OK ch=3 v=0.2439
    OK ch=5 v=0.2656
    OK ch=7 v=0.2489
    OK ch=1 v=0.2333
    OK ch=3 v=0.2497
    OK ch=5 v=0.2645
    OK ch=1 v=0.2571
    OK ch=3 v=0.2502
    OK ch=7 v=0.2477
    OK ch=1 v=0.2548
    OK ch=3 v=0.2484
    OK ch=5 v=0.2639
    OK ch=1 v=0.2432
    OK ch=3 v=0.2489
    OK ch=7 v=0.2462
    OK ch=1 v=0.2470
    OK ch=3 v=0.2462
    OK ch=5 v=0.2645
    OK ch=7 v=0.2477
    OK ch=1 v=0.2249
    OK ch=3 v=0.2450
    OK ch=1 v=0.2323
    OK ch=3 v=0.2476
    OK ch=5 v=0.2636
    OK ch=7 v=0.2470
    OK ch=1 v=0.2617
    OK ch=3 v=0.2509
    OK ch=7 v=0.2481
    OK ch=5 v=0.2642
    OK ch=7 v=0.2495
[   40.1s] DAMPING     ch0:LOCK g=-0.0300 bp=+0.036V ratio=0.12  ch1:LOCK g=-0.0300 bp=+0.006V ratio=0.06  ch2:LOCK g=+0.0100 bp=-0.002V ratio=0.01  ch3:LOCK g=-0.0300 bp=+0.001V ratio=0.03
    OK ch=1 v=0.2474
    OK ch=3 v=0.2465
    OK ch=7 v=0.2484
    OK ch=1 v=0.2175
    OK ch=7 v=0.2490
    OK ch=1 v=0.2052
    OK ch=3 v=0.2397
    OK ch=5 v=0.2648
    OK ch=1 v=0.2483
    OK ch=3 v=0.2479
    OK ch=5 v=0.2634
    OK ch=7 v=0.2474
    OK ch=1 v=0.2465
    OK ch=5 v=0.2626
    OK ch=7 v=0.2495
    OK ch=1 v=0.2545
    OK ch=5 v=0.2636
    OK ch=7 v=0.2470
    OK ch=1 v=0.2459
    OK ch=1 v=0.2384
    OK ch=3 v=0.2487
    OK ch=1 v=0.2310
    OK ch=3 v=0.2551
    OK ch=5 v=0.2641
    OK ch=1 v=0.2421
    OK ch=3 v=0.2529
    OK ch=7 v=0.2484
    OK ch=1 v=0.2532
    OK ch=3 v=0.2484
    OK ch=5 v=0.2634
    OK ch=7 v=0.2475
    OK ch=1 v=0.2273
    OK ch=3 v=0.2457
    OK ch=7 v=0.2498
    OK ch=1 v=0.2200
    OK ch=3 v=0.2420
    OK ch=5 v=0.2643
    OK ch=7 v=0.2473
    OK ch=1 v=0.2507
    OK ch=3 v=0.2490
    OK ch=5 v=0.2637
    OK ch=1 v=0.2544
    OK ch=3 v=0.2499
    OK ch=5 v=0.2630
    OK ch=7 v=0.2483
    OK ch=1 v=0.2369
    OK ch=3 v=0.2459
    OK ch=5 v=0.2639
    OK ch=1 v=0.2350
    OK ch=3 v=0.2421
    OK ch=1 v=0.2683
    OK ch=3 v=0.2508
    OK ch=1 v=0.2425
    OK ch=3 v=0.2458
    OK ch=7 v=0.2469
    OK ch=1 v=0.2618
    OK ch=3 v=0.2495
    OK ch=5 v=0.2647
    OK ch=7 v=0.2444
    OK ch=1 v=0.2468
    OK ch=3 v=0.2521
    OK ch=5 v=0.2639
    OK ch=7 v=0.2486
    OK ch=1 v=0.2311
    OK ch=3 v=0.2486
    OK ch=5 v=0.2650
    OK ch=7 v=0.2469
    OK ch=1 v=0.2157
    OK ch=3 v=0.2464
    OK ch=7 v=0.2493
    OK ch=1 v=0.2375
    OK ch=3 v=0.2428
    OK ch=5 v=0.2630
    OK ch=7 v=0.2470
    OK ch=1 v=0.2224
    OK ch=3 v=0.2414
    OK ch=5 v=0.2636
    OK ch=1 v=0.2589
    OK ch=3 v=0.2514
    OK ch=7 v=0.2459
    OK ch=1 v=0.2616
    OK ch=3 v=0.2483
    OK ch=7 v=0.2475
    OK ch=1 v=0.2630
    OK ch=3 v=0.2510
    OK ch=7 v=0.2493
    OK ch=1 v=0.2477
    OK ch=3 v=0.2520
    OK ch=5 v=0.2648
    OK ch=1 v=0.2430
    OK ch=1 v=0.2297
    OK ch=3 v=0.2499
    OK ch=5 v=0.2640
    OK ch=1 v=0.2424
    OK ch=3 v=0.2513
    OK ch=1 v=0.2187
    OK ch=3 v=0.2405
    OK ch=5 v=0.2655
    OK ch=7 v=0.2473
    OK ch=1 v=0.2528
    OK ch=3 v=0.2471
    OK ch=5 v=0.2642
    OK ch=7 v=0.2489
    OK ch=1 v=0.2329
    OK ch=3 v=0.2450
    OK ch=7 v=0.2465
    OK ch=1 v=0.2280
    OK ch=3 v=0.2489
    OK ch=5 v=0.2632
    OK ch=1 v=0.2406
    OK ch=3 v=0.2424
    OK ch=5 v=0.2626
    OK ch=7 v=0.2481
    OK ch=1 v=0.2337
    OK ch=3 v=0.2475
    OK ch=5 v=0.2643
    OK ch=1 v=0.2660
    OK ch=3 v=0.2522
    OK ch=7 v=0.2496
    OK ch=1 v=0.2688
    OK ch=3 v=0.2498
    OK ch=5 v=0.2631
    OK ch=7 v=0.2482
    OK ch=1 v=0.2268
    OK ch=3 v=0.2426
    OK ch=5 v=0.2640
    OK ch=1 v=0.2298
    OK ch=3 v=0.2487
    OK ch=7 v=0.2477
    OK ch=1 v=0.2206
    OK ch=3 v=0.2452
    OK ch=5 v=0.2648
    OK ch=7 v=0.2489
    OK ch=1 v=0.2471
    OK ch=3 v=0.2477
    OK ch=5 v=0.2636
    OK ch=7 v=0.2454
    OK ch=1 v=0.2447
    OK ch=3 v=0.2506
    OK ch=5 v=0.2628
    OK ch=7 v=0.2479
    OK ch=1 v=0.2560
    OK ch=3 v=0.2490
    OK ch=7 v=0.2485
    OK ch=1 v=0.2554
    OK ch=3 v=0.2483
    OK ch=5 v=0.2655
    OK ch=7 v=0.2472
    OK ch=1 v=0.1931
    OK ch=3 v=0.2491
    OK ch=7 v=0.2495
    OK ch=1 v=0.2293
    OK ch=3 v=0.2440
    OK ch=5 v=0.2642
    OK ch=7 v=0.2483
    OK ch=1 v=0.2662
    OK ch=3 v=0.2476
    OK ch=5 v=0.2626
    OK ch=7 v=0.2455
    OK ch=1 v=0.2292
    OK ch=3 v=0.2426
    OK ch=5 v=0.2640
    OK ch=7 v=0.2482
    OK ch=1 v=0.2354
    OK ch=3 v=0.2494
    OK ch=5 v=0.2630
    OK ch=7 v=0.2498
    OK ch=1 v=0.2417
    OK ch=3 v=0.2479
    OK ch=5 v=0.2651
    OK ch=7 v=0.2482
    OK ch=1 v=0.2585
    OK ch=3 v=0.2522
    OK ch=5 v=0.2644
    OK ch=7 v=0.2467
    OK ch=1 v=0.2383
    OK ch=3 v=0.2444
    OK ch=7 v=0.2480
    OK ch=1 v=0.2654
    OK ch=3 v=0.2475
    OK ch=1 v=0.2326
    OK ch=3 v=0.2448
    OK ch=1 v=0.2544
    OK ch=3 v=0.2513
    OK ch=5 v=0.2654
    OK ch=1 v=0.2626
    OK ch=5 v=0.2647
    OK ch=7 v=0.2505
    OK ch=1 v=0.2478
    OK ch=3 v=0.2506
    OK ch=5 v=0.2636
    OK ch=7 v=0.2479
    OK ch=1 v=0.2203
    OK ch=3 v=0.2493
    OK ch=7 v=0.2473
    OK ch=1 v=0.2302
    OK ch=3 v=0.2449
    OK ch=5 v=0.2622
    OK ch=7 v=0.2461
    OK ch=1 v=0.2484
    OK ch=3 v=0.2436
    OK ch=5 v=0.2639
    OK ch=7 v=0.2488
    OK ch=1 v=0.2401
    OK ch=3 v=0.2472
    OK ch=7 v=0.2478
    OK ch=1 v=0.2449
    OK ch=3 v=0.2481
    OK ch=5 v=0.2624
    OK ch=1 v=0.2643
    OK ch=3 v=0.2542
    OK ch=1 v=0.2598
    OK ch=3 v=0.2498
    OK ch=5 v=0.2643
    OK ch=7 v=0.2489
    OK ch=1 v=0.2534
    OK ch=3 v=0.2486
    OK ch=5 v=0.2629
    OK ch=7 v=0.2513
    OK ch=1 v=0.2228
    OK ch=3 v=0.2491
    OK ch=5 v=0.2644
    OK ch=7 v=0.2481
    OK ch=1 v=0.2372
    OK ch=3 v=0.2474
    OK ch=1 v=0.2289
    OK ch=3 v=0.2424
    OK ch=5 v=0.2652
    OK ch=7 v=0.2473
    OK ch=1 v=0.2075
    OK ch=3 v=0.2495
    OK ch=5 v=0.2638
    OK ch=1 v=0.2503
    OK ch=5 v=0.2630
    OK ch=1 v=0.2842
    OK ch=3 v=0.2510
    OK ch=5 v=0.2624
    OK ch=7 v=0.2438
    OK ch=1 v=0.2501
    OK ch=3 v=0.2457
    OK ch=5 v=0.2641
    OK ch=7 v=0.2465
    OK ch=1 v=0.2219
    OK ch=3 v=0.2442
    OK ch=5 v=0.2650
    OK ch=7 v=0.2487
    OK ch=1 v=0.2425
    OK ch=3 v=0.2487
    OK ch=1 v=0.2390
    OK ch=3 v=0.2422
    OK ch=5 v=0.2644
    OK ch=7 v=0.2476
    OK ch=1 v=0.2401
    OK ch=3 v=0.2479
    OK ch=5 v=0.2635
    OK ch=1 v=0.2265
    OK ch=3 v=0.2430
    OK ch=5 v=0.2647
    OK ch=1 v=0.2550
    OK ch=3 v=0.2491
    OK ch=1 v=0.2479
    OK ch=7 v=0.2466
    OK ch=1 v=0.2514
    OK ch=3 v=0.2479
    OK ch=5 v=0.2657
    OK ch=7 v=0.2477
    OK ch=1 v=0.2351
    OK ch=5 v=0.2650
    OK ch=7 v=0.2470
    OK ch=1 v=0.2292
    OK ch=3 v=0.2439
    OK ch=5 v=0.2645
    OK ch=1 v=0.2579
    OK ch=3 v=0.2503
    OK ch=5 v=0.2634
    OK ch=7 v=0.2487
    OK ch=1 v=0.2380
    OK ch=5 v=0.2646
    OK ch=7 v=0.2477
    OK ch=1 v=0.2254
    OK ch=3 v=0.2444
    OK ch=5 v=0.2659
    OK ch=7 v=0.2500
    OK ch=1 v=0.2341
    OK ch=3 v=0.2454
    OK ch=5 v=0.2647
    OK ch=7 v=0.2475
    OK ch=1 v=0.2598
    OK ch=3 v=0.2535
    OK ch=5 v=0.2641
    OK ch=7 v=0.2495
    OK ch=3 v=0.2496
    OK ch=5 v=0.2633
    OK ch=7 v=0.2470
    OK ch=1 v=0.2521
    OK ch=3 v=0.2470
    OK ch=5 v=0.2640
    OK ch=7 v=0.2444
    OK ch=1 v=0.2378
    OK ch=3 v=0.2408
    OK ch=7 v=0.2473
    OK ch=1 v=0.2609
    OK ch=3 v=0.2499
    OK ch=5 v=0.2621
    OK ch=7 v=0.2493
    OK ch=1 v=0.2173
    OK ch=3 v=0.2457
    OK ch=5 v=0.2631
    OK ch=7 v=0.2482
    OK ch=1 v=0.2038
    OK ch=3 v=0.2423
    OK ch=5 v=0.2637
    OK ch=7 v=0.2503
    OK ch=1 v=0.2596
    OK ch=3 v=0.2508
    OK ch=5 v=0.2621
    OK ch=7 v=0.2486
    OK ch=1 v=0.2513
    OK ch=3 v=0.2503
    OK ch=7 v=0.2480
    OK ch=1 v=0.2458
    OK ch=3 v=0.2531
    OK ch=7 v=0.2490
    OK ch=1 v=0.2468
    OK ch=3 v=0.2497
    OK ch=5 v=0.2635
    OK ch=1 v=0.2335
    OK ch=3 v=0.2459
    OK ch=7 v=0.2485
    OK ch=1 v=0.2471
    OK ch=3 v=0.2503
    OK ch=5 v=0.2611
    OK ch=1 v=0.2356
    OK ch=3 v=0.2482
    OK ch=5 v=0.2622
    OK ch=7 v=0.2492
    OK ch=1 v=0.2535
    OK ch=3 v=0.2462
    OK ch=5 v=0.2639
    OK ch=7 v=0.2466
    OK ch=1 v=0.2376
    OK ch=5 v=0.2656
    OK ch=1 v=0.2295
    OK ch=3 v=0.2477
    OK ch=7 v=0.2479
    OK ch=1 v=0.2356
    OK ch=3 v=0.2435
    OK ch=5 v=0.2651
    OK ch=7 v=0.2496
    OK ch=1 v=0.2511
    OK ch=3 v=0.2487
    OK ch=7 v=0.2459
    OK ch=1 v=0.2215
    OK ch=3 v=0.2470
    OK ch=7 v=0.2482
    OK ch=1 v=0.2328
    OK ch=3 v=0.2457
    OK ch=7 v=0.2487
    OK ch=1 v=0.2288
    OK ch=3 v=0.2471
    OK ch=5 v=0.2645
    OK ch=7 v=0.2498
    OK ch=1 v=0.2585
    OK ch=3 v=0.2559
    OK ch=1 v=0.2381
    OK ch=3 v=0.2526
    OK ch=5 v=0.2637
    OK ch=7 v=0.2478
    OK ch=1 v=0.2506
    OK ch=3 v=0.2472
    OK ch=5 v=0.2646
    OK ch=7 v=0.2449
    OK ch=3 v=0.2485
    OK ch=1 v=0.2492
    OK ch=3 v=0.2457
    OK ch=7 v=0.2457
    OK ch=1 v=0.2362
    OK ch=3 v=0.2467
    OK ch=5 v=0.2654
    OK ch=7 v=0.2466
    OK ch=1 v=0.2162
    OK ch=3 v=0.2484
    OK ch=7 v=0.2497
    OK ch=1 v=0.2571
    OK ch=3 v=0.2532
    OK ch=5 v=0.2637
    OK ch=7 v=0.2474
    OK ch=1 v=0.2439
    OK ch=3 v=0.2441
    OK ch=5 v=0.2645
    OK ch=7 v=0.2483
    OK ch=1 v=0.2766
    OK ch=3 v=0.2539
    OK ch=5 v=0.2638
    OK ch=1 v=0.2369
    OK ch=3 v=0.2420
    OK ch=5 v=0.2643
    OK ch=7 v=0.2471
    OK ch=3 v=0.2433
    OK ch=1 v=0.2442
    OK ch=3 v=0.2451
    OK ch=5 v=0.2660
    OK ch=7 v=0.2494
    OK ch=1 v=0.2506
    OK ch=3 v=0.2504
    OK ch=5 v=0.2641
    OK ch=7 v=0.2500
    OK ch=1 v=0.2523
    OK ch=3 v=0.2537
    OK ch=5 v=0.2625
    OK ch=7 v=0.2482
    OK ch=1 v=0.2374
    OK ch=3 v=0.2484
    OK ch=7 v=0.2489
    OK ch=1 v=0.2449
    OK ch=3 v=0.2447
    OK ch=5 v=0.2614
    OK ch=7 v=0.2475
    OK ch=1 v=0.2205
    OK ch=3 v=0.2402
    OK ch=1 v=0.2341
    OK ch=3 v=0.2420
    OK ch=5 v=0.2623
    OK ch=7 v=0.2486
    OK ch=1 v=0.2309
    OK ch=3 v=0.2402
    OK ch=1 v=0.2502
    OK ch=3 v=0.2486
    OK ch=5 v=0.2632
    OK ch=7 v=0.2474
    OK ch=1 v=0.2399
    OK ch=7 v=0.2459
    OK ch=1 v=0.2301
    OK ch=3 v=0.2514
    OK ch=7 v=0.2496
    OK ch=1 v=0.2029
    OK ch=3 v=0.2501
    OK ch=5 v=0.2640
    OK ch=7 v=0.2503
    OK ch=1 v=0.2613
    OK ch=3 v=0.2525
    OK ch=7 v=0.2461
    OK ch=1 v=0.2748
    OK ch=3 v=0.2505
    OK ch=5 v=0.2629
    OK ch=7 v=0.2470
    OK ch=1 v=0.2198
    OK ch=3 v=0.2419
    OK ch=5 v=0.2643
    OK ch=7 v=0.2464
[   45.1s] DAMPING     ch0:LOCK g=-0.0300 bp=-0.031V ratio=0.16  ch1:LOCK g=-0.0300 bp=-0.008V ratio=0.10  ch2:LOCK g=+0.0100 bp=+0.016V ratio=0.04  ch3:LOCK g=-0.0300 bp=-0.003V ratio=0.04
    OK ch=1 v=0.2373
    OK ch=3 v=0.2494
    OK ch=5 v=0.2657
    OK ch=7 v=0.2504
    OK ch=1 v=0.2553
    OK ch=3 v=0.2514
    OK ch=5 v=0.2664
    OK ch=7 v=0.2491
    OK ch=1 v=0.2422
    OK ch=5 v=0.2655
    OK ch=1 v=0.2246
    OK ch=3 v=0.2427
    OK ch=5 v=0.2649
    OK ch=1 v=0.2287
    OK ch=3 v=0.2407
    OK ch=7 v=0.2476
    OK ch=1 v=0.2407
    OK ch=3 v=0.2504
    OK ch=7 v=0.2460
    OK ch=1 v=0.2576
    OK ch=3 v=0.2498
    OK ch=3 v=0.2504
    OK ch=7 v=0.2453
    OK ch=1 v=0.2426
    OK ch=3 v=0.2453
    OK ch=7 v=0.2479
    OK ch=1 v=0.2419
    OK ch=7 v=0.2453
    OK ch=1 v=0.2509
    OK ch=3 v=0.2458
    OK ch=1 v=0.2558
    OK ch=3 v=0.2464
    OK ch=5 v=0.2636
    OK ch=7 v=0.2468
    OK ch=1 v=0.2582
    OK ch=3 v=0.2471
    OK ch=7 v=0.2480
    OK ch=1 v=0.2185
    OK ch=3 v=0.2403
    OK ch=5 v=0.2641
    OK ch=7 v=0.2471
    OK ch=3 v=0.2452
    OK ch=7 v=0.2496
    OK ch=1 v=0.2414
    OK ch=3 v=0.2479
    OK ch=5 v=0.2635
    OK ch=1 v=0.2374
    OK ch=3 v=0.2490
    OK ch=5 v=0.2628
    OK ch=1 v=0.2739
    OK ch=3 v=0.2574
    OK ch=7 v=0.2476
    OK ch=1 v=0.2430
    OK ch=3 v=0.2517
    OK ch=5 v=0.2635
    OK ch=1 v=0.2446
    OK ch=3 v=0.2492
    OK ch=7 v=0.2486
    OK ch=1 v=0.2390
    OK ch=3 v=0.2504
    OK ch=5 v=0.2628
    OK ch=1 v=0.2299
    OK ch=3 v=0.2450
    OK ch=7 v=0.2473
    OK ch=1 v=0.2397
    OK ch=3 v=0.2492
    OK ch=7 v=0.2484
    OK ch=1 v=0.2723
    OK ch=3 v=0.2508
    OK ch=1 v=0.2334
    OK ch=3 v=0.2410
    OK ch=7 v=0.2496
    OK ch=1 v=0.2365
    OK ch=3 v=0.2490
    OK ch=5 v=0.2639
    OK ch=1 v=0.2156
    OK ch=3 v=0.2459
    OK ch=7 v=0.2490
    OK ch=1 v=0.2348
    OK ch=5 v=0.2630
    OK ch=7 v=0.2497
    OK ch=1 v=0.2498
    OK ch=3 v=0.2521
    OK ch=5 v=0.2611
    OK ch=7 v=0.2457
    OK ch=1 v=0.2543
    OK ch=3 v=0.2498
    OK ch=5 v=0.2631
    OK ch=7 v=0.2466
    OK ch=1 v=0.2470
    OK ch=3 v=0.2462
    OK ch=5 v=0.2658
    OK ch=7 v=0.2484
    OK ch=1 v=0.2307
    OK ch=3 v=0.2495
    OK ch=1 v=0.2604
    OK ch=3 v=0.2532
    OK ch=5 v=0.2650
    OK ch=7 v=0.2472
    OK ch=1 v=0.2552
    OK ch=3 v=0.2489
    OK ch=1 v=0.2147
    OK ch=3 v=0.2442
    OK ch=7 v=0.2483
    OK ch=1 v=0.2211
    OK ch=3 v=0.2386
    OK ch=7 v=0.2463
    OK ch=1 v=0.2596
    OK ch=3 v=0.2481
    OK ch=7 v=0.2486
    OK ch=1 v=0.2533
    OK ch=5 v=0.2644
    OK ch=7 v=0.2478
    OK ch=1 v=0.2424
    OK ch=3 v=0.2492
    OK ch=5 v=0.2653
    OK ch=7 v=0.2489
    OK ch=1 v=0.1997
    OK ch=3 v=0.2397
    OK ch=7 v=0.2465
    OK ch=1 v=0.2261
    OK ch=3 v=0.2438
    OK ch=5 v=0.2636
    OK ch=7 v=0.2476
    OK ch=1 v=0.2484
    OK ch=3 v=0.2464
    OK ch=5 v=0.2644
    OK ch=7 v=0.2492
    OK ch=1 v=0.2358
    OK ch=3 v=0.2500
    OK ch=7 v=0.2456
    OK ch=1 v=0.2535
    OK ch=5 v=0.2628
    OK ch=7 v=0.2467
    OK ch=1 v=0.2705
    OK ch=3 v=0.2532
    OK ch=5 v=0.2621
    OK ch=7 v=0.2474
    OK ch=1 v=0.2552
    OK ch=5 v=0.2633
    OK ch=7 v=0.2490
    OK ch=1 v=0.2493
    OK ch=3 v=0.2385
    OK ch=5 v=0.2644
    OK ch=7 v=0.2515
    OK ch=1 v=0.2364
    OK ch=3 v=0.2462
    OK ch=5 v=0.2639
    OK ch=7 v=0.2485
    OK ch=1 v=0.2575
    OK ch=3 v=0.2552
    OK ch=7 v=0.2477
    OK ch=1 v=0.2324
    OK ch=3 v=0.2463
    OK ch=5 v=0.2626
    OK ch=7 v=0.2488
    OK ch=1 v=0.2388
    OK ch=3 v=0.2447
    OK ch=7 v=0.2498
    OK ch=1 v=0.2393
    OK ch=3 v=0.2488
    OK ch=5 v=0.2634
    OK ch=7 v=0.2471
    OK ch=1 v=0.2342
    OK ch=3 v=0.2483
    OK ch=7 v=0.2455
    OK ch=1 v=0.2411
    OK ch=5 v=0.2628
    OK ch=1 v=0.2672
    OK ch=3 v=0.2467
    OK ch=5 v=0.2610
    OK ch=7 v=0.2486
    OK ch=1 v=0.2350
    OK ch=3 v=0.2443
    OK ch=5 v=0.2629
    OK ch=7 v=0.2494
    OK ch=1 v=0.2532
    OK ch=3 v=0.2509
    OK ch=5 v=0.2638
    OK ch=7 v=0.2479
    OK ch=1 v=0.2579
    OK ch=3 v=0.2545
    OK ch=7 v=0.2488
    OK ch=1 v=0.2179
    OK ch=3 v=0.2472
    OK ch=1 v=0.2287
    OK ch=3 v=0.2431
    OK ch=5 v=0.2651
    OK ch=7 v=0.2473
    OK ch=1 v=0.2319
    OK ch=3 v=0.2467
    OK ch=1 v=0.2263
    OK ch=3 v=0.2487
    OK ch=5 v=0.2660
    OK ch=7 v=0.2483
    OK ch=1 v=0.2615
    OK ch=3 v=0.2455
    OK ch=5 v=0.2648
    OK ch=7 v=0.2451
    OK ch=1 v=0.2237
    OK ch=7 v=0.2491
    OK ch=1 v=0.2569
    OK ch=3 v=0.2484
    OK ch=7 v=0.2485
    OK ch=1 v=0.2476
    OK ch=3 v=0.2493
    OK ch=7 v=0.2505
    OK ch=1 v=0.2400
    OK ch=3 v=0.2515
    OK ch=7 v=0.2491
    OK ch=1 v=0.2301
    OK ch=3 v=0.2474
    OK ch=7 v=0.2484
    OK ch=1 v=0.2344
    OK ch=5 v=0.2656
    OK ch=7 v=0.2468
    OK ch=1 v=0.2377
    OK ch=3 v=0.2488
    OK ch=5 v=0.2645
    OK ch=7 v=0.2479
    OK ch=1 v=0.2426
    OK ch=3 v=0.2464
    OK ch=5 v=0.2633
    OK ch=7 v=0.2447
    OK ch=1 v=0.2261
    OK ch=3 v=0.2406
    OK ch=5 v=0.2639
    OK ch=7 v=0.2453
    OK ch=1 v=0.2454
    OK ch=3 v=0.2468
    OK ch=5 v=0.2633
    OK ch=7 v=0.2476
    OK ch=7 v=0.2483
    OK ch=1 v=0.2466
    OK ch=3 v=0.2535
    OK ch=7 v=0.2494
    OK ch=1 v=0.2663
    OK ch=3 v=0.2558
    OK ch=7 v=0.2485
    OK ch=1 v=0.2490
    OK ch=3 v=0.2542
    OK ch=1 v=0.2305
    OK ch=3 v=0.2479
    OK ch=5 v=0.2645
    OK ch=1 v=0.2311
    OK ch=3 v=0.2454
    OK ch=1 v=0.2404
    OK ch=3 v=0.2427
    OK ch=5 v=0.2632
    OK ch=7 v=0.2492
    OK ch=1 v=0.2485
    OK ch=3 v=0.2483
    OK ch=7 v=0.2480
    OK ch=1 v=0.2217
    OK ch=5 v=0.2643
    OK ch=7 v=0.2490
    OK ch=1 v=0.2644
    OK ch=3 v=0.2489
    OK ch=5 v=0.2651
    OK ch=1 v=0.2359
    OK ch=5 v=0.2643
    OK ch=7 v=0.2498
    OK ch=1 v=0.2432
    OK ch=3 v=0.2472
    OK ch=5 v=0.2633
    OK ch=1 v=0.2362
    OK ch=3 v=0.2505
    OK ch=7 v=0.2489
    OK ch=1 v=0.2108
    OK ch=3 v=0.2409
    OK ch=7 v=0.2472
    OK ch=1 v=0.2501
    OK ch=3 v=0.2391
    OK ch=7 v=0.2457
    OK ch=1 v=0.2569
    OK ch=3 v=0.2521
    OK ch=7 v=0.2495
    OK ch=1 v=0.2616
    OK ch=3 v=0.2468
    OK ch=5 v=0.2657
    OK ch=7 v=0.2452
    OK ch=1 v=0.2415
    OK ch=3 v=0.2448
    OK ch=5 v=0.2643
    OK ch=7 v=0.2462
    OK ch=1 v=0.2421
    OK ch=3 v=0.2456
    OK ch=7 v=0.2471
    OK ch=1 v=0.2478
    OK ch=3 v=0.2537
    OK ch=7 v=0.2487
    OK ch=1 v=0.2423
    OK ch=3 v=0.2551
    OK ch=5 v=0.2651
    OK ch=7 v=0.2501
    OK ch=1 v=0.2277
    OK ch=3 v=0.2457
    OK ch=7 v=0.2485
    OK ch=1 v=0.2131
    OK ch=3 v=0.2373
    OK ch=5 v=0.2632
    OK ch=1 v=0.2318
    OK ch=3 v=0.2440
    OK ch=5 v=0.2623
    OK ch=7 v=0.2466
    OK ch=1 v=0.2500
    OK ch=3 v=0.2507
    OK ch=7 v=0.2479
    OK ch=1 v=0.2767
    OK ch=3 v=0.2537
    OK ch=7 v=0.2470
    OK ch=1 v=0.2500
    OK ch=3 v=0.2516
    OK ch=5 v=0.2632
    OK ch=1 v=0.2226
    OK ch=3 v=0.2452
    OK ch=5 v=0.2643
    OK ch=7 v=0.2485
    OK ch=1 v=0.2422
    OK ch=3 v=0.2468
    OK ch=5 v=0.2651
    OK ch=7 v=0.2475
    OK ch=1 v=0.2583
    OK ch=3 v=0.2486
    OK ch=1 v=0.2214
    OK ch=3 v=0.2452
    OK ch=5 v=0.2639
    OK ch=7 v=0.2488
    OK ch=1 v=0.2289
    OK ch=3 v=0.2473
    OK ch=7 v=0.2501
    OK ch=1 v=0.2279
    OK ch=3 v=0.2443
    OK ch=7 v=0.2473
    OK ch=1 v=0.2485
    OK ch=3 v=0.2505
    OK ch=7 v=0.2480
    OK ch=1 v=0.2414
    OK ch=7 v=0.2493
    OK ch=1 v=0.2374
    OK ch=3 v=0.2472
    OK ch=5 v=0.2632
    OK ch=7 v=0.2482
    OK ch=1 v=0.2507
    OK ch=3 v=0.2511
    OK ch=5 v=0.2645
    OK ch=7 v=0.2465
    OK ch=1 v=0.2384
    OK ch=3 v=0.2424
    OK ch=7 v=0.2455
    OK ch=1 v=0.2621
    OK ch=3 v=0.2530
    OK ch=7 v=0.2472
    OK ch=1 v=0.2553
    OK ch=3 v=0.2542
    OK ch=5 v=0.2634
    OK ch=7 v=0.2503
    OK ch=1 v=0.2251
    OK ch=3 v=0.2451
    OK ch=5 v=0.2647
    OK ch=7 v=0.2491
    OK ch=1 v=0.2415
    OK ch=3 v=0.2489
    OK ch=5 v=0.2639
    OK ch=7 v=0.2484
    OK ch=1 v=0.2388
    OK ch=3 v=0.2479
    OK ch=1 v=0.2445
    OK ch=3 v=0.2488
    OK ch=5 v=0.2650
    OK ch=7 v=0.2468
    OK ch=3 v=0.2463
    OK ch=7 v=0.2479
    OK ch=1 v=0.2486
    OK ch=3 v=0.2472
    OK ch=5 v=0.2632
    OK ch=7 v=0.2469
    OK ch=1 v=0.2591
    OK ch=3 v=0.2396
    OK ch=7 v=0.2493
    OK ch=1 v=0.2308
    OK ch=3 v=0.2440
    OK ch=5 v=0.2651
    OK ch=7 v=0.2469
    OK ch=1 v=0.2517
    OK ch=3 v=0.2513
    OK ch=5 v=0.2643
    OK ch=1 v=0.2189
    OK ch=3 v=0.2422
    OK ch=7 v=0.2446
    OK ch=1 v=0.2328
    OK ch=3 v=0.2549
    OK ch=5 v=0.2626
    OK ch=7 v=0.2487
    OK ch=1 v=0.2499
    OK ch=3 v=0.2510
    OK ch=5 v=0.2634
    OK ch=7 v=0.2495
    OK ch=1 v=0.2387
    OK ch=3 v=0.2467
    OK ch=5 v=0.2626
    OK ch=7 v=0.2503
    OK ch=1 v=0.2354
    OK ch=3 v=0.2440
    OK ch=5 v=0.2611
    OK ch=1 v=0.2234
    OK ch=3 v=0.2457
    OK ch=5 v=0.2631
    OK ch=7 v=0.2476
    OK ch=1 v=0.2539
    OK ch=3 v=0.2528
    OK ch=7 v=0.2468
    OK ch=1 v=0.2390
    OK ch=3 v=0.2481
    OK ch=5 v=0.2638
    OK ch=1 v=0.2385
    OK ch=5 v=0.2649
    OK ch=1 v=0.2414
    OK ch=5 v=0.2636
    OK ch=7 v=0.2450
    OK ch=1 v=0.2271
    OK ch=3 v=0.2466
    OK ch=5 v=0.2627
    OK ch=7 v=0.2475
    OK ch=1 v=0.2477
    OK ch=3 v=0.2478
    OK ch=7 v=0.2506
    OK ch=1 v=0.2371
    OK ch=5 v=0.2641
    OK ch=7 v=0.2481
    OK ch=1 v=0.2311
    OK ch=3 v=0.2444
    OK ch=5 v=0.2650
    OK ch=7 v=0.2474
    OK ch=1 v=0.2350
    OK ch=3 v=0.2459
    OK ch=7 v=0.3356

[trim] ch3 rests at 679 counts (+167 off mid-scale) -- bias -> 0.50V

    OK ch=1 v=0.2404
    OK ch=3 v=0.2504
    OK ch=7 v=0.4016
    OK ch=1 v=0.2486
    OK ch=5 v=0.2641
    OK ch=7 v=0.4679
    OK ch=1 v=0.2743
    OK ch=7 v=0.4938
[   50.2s] DAMPING     ch0:LOCK g=-0.0300 bp=+0.018V ratio=0.11  ch1:LOCK g=-0.0300 bp=+0.003V ratio=0.07  ch2:LOCK g=+0.0100 bp=+0.003V ratio=0.03  ch3:LOCK g=-0.0300 bp=-0.003V ratio=0.04
    OK ch=1 v=0.2484
    OK ch=3 v=0.2449
    OK ch=5 v=0.2676
    OK ch=7 v=0.4952
    OK ch=1 v=0.2395
    OK ch=3 v=0.2346
    OK ch=5 v=0.2703
    OK ch=7 v=0.4864
    OK ch=1 v=0.2651
    OK ch=3 v=0.2469
    OK ch=5 v=0.2724
    OK ch=7 v=0.4845
    OK ch=1 v=0.2507
    OK ch=3 v=0.2428
    OK ch=5 v=0.2756
    OK ch=7 v=0.4834
    OK ch=1 v=0.2426
    OK ch=3 v=0.2510
    OK ch=5 v=0.2767
    OK ch=7 v=0.4855
    OK ch=1 v=0.2388
    OK ch=3 v=0.2540
    OK ch=5 v=0.2806
    OK ch=7 v=0.4889
    OK ch=1 v=0.2534
    OK ch=3 v=0.2547
    OK ch=5 v=0.2819
    OK ch=7 v=0.4940
    OK ch=1 v=0.2360
    OK ch=3 v=0.2592
    OK ch=5 v=0.2791
    OK ch=7 v=0.4977
    OK ch=1 v=0.2446
    OK ch=5 v=0.2754
    OK ch=7 v=0.5022
    OK ch=1 v=0.2209
    OK ch=5 v=0.2721
    OK ch=7 v=0.5040
    OK ch=1 v=0.2268
    OK ch=3 v=0.2539
    OK ch=5 v=0.2701
    OK ch=7 v=0.5035
    OK ch=1 v=0.2417
    OK ch=3 v=0.2520
    OK ch=5 v=0.2632
    OK ch=7 v=0.5008
    OK ch=1 v=0.2794
    OK ch=3 v=0.2552
    OK ch=5 v=0.2579
    OK ch=1 v=0.2662
    OK ch=3 v=0.2531
    OK ch=5 v=0.2546
    OK ch=1 v=0.2504
    OK ch=3 v=0.2478
    OK ch=5 v=0.2528
    OK ch=7 v=0.5001
    OK ch=1 v=0.2549
    OK ch=3 v=0.2491
    OK ch=5 v=0.2515
    OK ch=7 v=0.4996
    OK ch=1 v=0.2602
    OK ch=3 v=0.2347
    OK ch=5 v=0.2507
    OK ch=1 v=0.2621
    OK ch=3 v=0.2412
    OK ch=5 v=0.2502
    OK ch=7 v=0.4963
    OK ch=1 v=0.2173
    OK ch=3 v=0.2375
    OK ch=5 v=0.2517
    OK ch=7 v=0.4990
    OK ch=1 v=0.2388
    OK ch=3 v=0.2464
    OK ch=5 v=0.2551
    OK ch=7 v=0.5019
    OK ch=1 v=0.2354
    OK ch=5 v=0.2562
    OK ch=7 v=0.5064
    OK ch=1 v=0.2184
    OK ch=5 v=0.2593
    OK ch=7 v=0.5089
    OK ch=1 v=0.2373
    OK ch=5 v=0.2612
    OK ch=7 v=0.5064
    OK ch=1 v=0.2219
    OK ch=3 v=0.2472
    OK ch=5 v=0.2656
    OK ch=7 v=0.5058
    OK ch=1 v=0.2287
    OK ch=3 v=0.2463
    OK ch=5 v=0.2675
    OK ch=3 v=0.2427
    OK ch=5 v=0.2687
    OK ch=7 v=0.5037
    OK ch=1 v=0.2165
    OK ch=3 v=0.2382
    OK ch=7 v=0.5009
    OK ch=1 v=0.2109
    OK ch=3 v=0.2398
    OK ch=7 v=0.5015
    OK ch=1 v=0.2225
    OK ch=3 v=0.2427
    OK ch=5 v=0.2670
    OK ch=7 v=0.4988
    OK ch=1 v=0.2046
    OK ch=3 v=0.2371
    OK ch=1 v=0.2330
    OK ch=3 v=0.2443
    OK ch=5 v=0.2657
    OK ch=7 v=0.4979
    OK ch=1 v=0.2283
    OK ch=3 v=0.2391
    OK ch=5 v=0.2627
    OK ch=7 v=0.4946
    OK ch=1 v=0.2396
    OK ch=3 v=0.2370
    OK ch=7 v=0.4934
    OK ch=1 v=0.2721
    OK ch=3 v=0.2466
    OK ch=7 v=0.4903
    OK ch=1 v=0.2685
    OK ch=3 v=0.2528
    OK ch=7 v=0.4889
    OK ch=1 v=0.2510
    OK ch=3 v=0.2460
    OK ch=5 v=0.2649
    OK ch=7 v=0.4936
    OK ch=1 v=0.2663
    OK ch=3 v=0.2531
    OK ch=7 v=0.4952
    OK ch=1 v=0.2436
    OK ch=3 v=0.2509
    OK ch=5 v=0.2663
    OK ch=7 v=0.4939
    OK ch=1 v=0.2595
    OK ch=3 v=0.2571
    OK ch=5 v=0.2673
    OK ch=7 v=0.4976
    OK ch=1 v=0.2496
    OK ch=3 v=0.2551
    OK ch=1 v=0.2308
    OK ch=3 v=0.2508
    OK ch=5 v=0.2680
    OK ch=7 v=0.4988
    OK ch=1 v=0.2526
    OK ch=3 v=0.2543
    OK ch=7 v=0.5003
    OK ch=1 v=0.2484
    OK ch=3 v=0.2630
    OK ch=5 v=0.2657
    OK ch=7 v=0.4988
    OK ch=1 v=0.2431
    OK ch=3 v=0.2545
    OK ch=5 v=0.2647
    OK ch=7 v=0.4981
    OK ch=1 v=0.2386
    OK ch=3 v=0.2500
    OK ch=1 v=0.2626
    OK ch=3 v=0.2581
    OK ch=5 v=0.2622
    OK ch=7 v=0.4955
    OK ch=1 v=0.2408
    OK ch=3 v=0.2493
    OK ch=7 v=0.4945
    OK ch=1 v=0.2488
    OK ch=3 v=0.2442
    OK ch=5 v=0.2632
    OK ch=1 v=0.2459
    OK ch=3 v=0.2509
    OK ch=7 v=0.4952
    OK ch=1 v=0.2422
    OK ch=3 v=0.2451
    OK ch=5 v=0.2627
    OK ch=7 v=0.4976
    OK ch=1 v=0.2599
    OK ch=3 v=0.2478
    OK ch=5 v=0.2638
    OK ch=7 v=0.4961
    OK ch=1 v=0.2644
    OK ch=3 v=0.2539
    OK ch=5 v=0.2655
    OK ch=7 v=0.4956
    OK ch=1 v=0.2546
    OK ch=3 v=0.2500
    OK ch=7 v=0.4918
    OK ch=1 v=0.2492
    OK ch=3 v=0.2482
    OK ch=5 v=0.2669
    OK ch=7 v=0.4980
    OK ch=1 v=0.2338
    OK ch=5 v=0.2675
    OK ch=7 v=0.4986
    OK ch=1 v=0.2254
    OK ch=3 v=0.2403
    OK ch=7 v=0.5013
    OK ch=1 v=0.2244
    OK ch=7 v=0.5000
    OK ch=1 v=0.2101
    OK ch=3 v=0.2413
    OK ch=7 v=0.4994
    OK ch=1 v=0.2037
    OK ch=3 v=0.2360
    OK ch=5 v=0.2670
    OK ch=7 v=0.4977
    OK ch=1 v=0.2276
    OK ch=3 v=0.2461
    OK ch=5 v=0.2636
    OK ch=7 v=0.5010
    OK ch=3 v=0.2477
    OK ch=5 v=0.2630
    OK ch=7 v=0.4983
    OK ch=1 v=0.2335
    OK ch=3 v=0.2444
    OK ch=7 v=0.4989
    OK ch=1 v=0.2479
    OK ch=3 v=0.2483
    OK ch=5 v=0.2616
    OK ch=1 v=0.2579
    OK ch=3 v=0.2505
    OK ch=5 v=0.2602
    OK ch=7 v=0.5010
    OK ch=1 v=0.2281
    OK ch=3 v=0.2455
    OK ch=5 v=0.2609
    OK ch=7 v=0.5004
    OK ch=1 v=0.2411
    OK ch=3 v=0.2431
    OK ch=7 v=0.5016
    OK ch=3 v=0.2417
    OK ch=5 v=0.2593
    OK ch=1 v=0.2603
    OK ch=3 v=0.2451
    OK ch=7 v=0.5011
    OK ch=1 v=0.2356
    OK ch=3 v=0.2460
    OK ch=7 v=0.4985
    OK ch=1 v=0.2351
    OK ch=3 v=0.2446
    OK ch=7 v=0.4999
    OK ch=1 v=0.2278
    OK ch=3 v=0.2504
    OK ch=5 v=0.2615
    OK ch=7 v=0.5005
    OK ch=1 v=0.2475
    OK ch=3 v=0.2498
    OK ch=5 v=0.2584
    OK ch=1 v=0.2340
    OK ch=3 v=0.2456
    OK ch=5 v=0.2594
    OK ch=7 v=0.4983
    OK ch=1 v=0.2320
    OK ch=3 v=0.2445
    OK ch=5 v=0.2618
    OK ch=1 v=0.2593
    OK ch=3 v=0.2490
    OK ch=5 v=0.2639
    OK ch=7 v=0.4994
    OK ch=3 v=0.2522
    OK ch=5 v=0.2627
    OK ch=7 v=0.4988
    OK ch=1 v=0.2520
    OK ch=3 v=0.2517
    OK ch=5 v=0.2643
    OK ch=7 v=0.4982
    OK ch=1 v=0.2298
    OK ch=3 v=0.2467
    OK ch=5 v=0.2658
    OK ch=7 v=0.4988
    OK ch=1 v=0.2444
    OK ch=5 v=0.2664
    OK ch=7 v=0.4937
    OK ch=1 v=0.2271
    OK ch=3 v=0.2442
    OK ch=5 v=0.2676
    OK ch=7 v=0.4949
    OK ch=1 v=0.2587
    OK ch=3 v=0.2555
    OK ch=7 v=0.4962
    OK ch=1 v=0.2433
    OK ch=3 v=0.2520
    OK ch=7 v=0.4969
    OK ch=1 v=0.2412
    OK ch=3 v=0.2486
    OK ch=7 v=0.4938
    OK ch=1 v=0.2359
    OK ch=3 v=0.2474
    OK ch=5 v=0.2686
    OK ch=1 v=0.2482
    OK ch=3 v=0.2495
    OK ch=1 v=0.2501
    OK ch=3 v=0.2508
    OK ch=5 v=0.2696
    OK ch=7 v=0.4927
    OK ch=1 v=0.2627
    OK ch=5 v=0.2689
    OK ch=7 v=0.4942
    OK ch=1 v=0.2685
    OK ch=3 v=0.2537
    OK ch=5 v=0.2674
    OK ch=1 v=0.2385
    OK ch=3 v=0.2452
    OK ch=7 v=0.4947
    OK ch=1 v=0.2542
    OK ch=3 v=0.2473
    OK ch=5 v=0.2666
    OK ch=7 v=0.4959
    OK ch=1 v=0.2212
    OK ch=3 v=0.2466
    OK ch=7 v=0.4973
    OK ch=1 v=0.2192
    OK ch=3 v=0.2442
    OK ch=5 v=0.2656
    OK ch=1 v=0.2158
    OK ch=3 v=0.2435
    OK ch=5 v=0.2645
    OK ch=1 v=0.2647
    OK ch=3 v=0.2541
    OK ch=5 v=0.2620
    OK ch=7 v=0.4991
    OK ch=1 v=0.2503
    OK ch=3 v=0.2507
    OK ch=7 v=0.4982
    OK ch=1 v=0.2355
    OK ch=3 v=0.2443
    OK ch=5 v=0.2610
    OK ch=7 v=0.5006
    OK ch=1 v=0.2339
    OK ch=3 v=0.2415
    OK ch=1 v=0.2407
    OK ch=3 v=0.2478
    OK ch=7 v=0.4977
    OK ch=1 v=0.2282
    OK ch=3 v=0.2503
    OK ch=7 v=0.5016
    OK ch=1 v=0.2408
    OK ch=3 v=0.2515
    OK ch=5 v=0.2596
    OK ch=7 v=0.5004
    OK ch=1 v=0.2748
    OK ch=3 v=0.2527
    OK ch=7 v=0.5015
    OK ch=1 v=0.2480
    OK ch=3 v=0.2502
    OK ch=7 v=0.5007
    OK ch=1 v=0.2402
    OK ch=3 v=0.2464
    OK ch=1 v=0.2301
    OK ch=3 v=0.2421
    OK ch=5 v=0.2615
    OK ch=7 v=0.5014
    OK ch=1 v=0.2417
    OK ch=3 v=0.2435
    OK ch=1 v=0.2494
    OK ch=3 v=0.2514
    OK ch=5 v=0.2625
    OK ch=7 v=0.5006
    OK ch=1 v=0.2097
    OK ch=3 v=0.2415
    OK ch=7 v=0.4991
    OK ch=1 v=0.2385
    OK ch=5 v=0.2619
    OK ch=1 v=0.2187
    OK ch=3 v=0.2460
    OK ch=5 v=0.2643
    OK ch=1 v=0.2346
    OK ch=3 v=0.2472
    OK ch=5 v=0.2652
    OK ch=7 v=0.4985
    OK ch=1 v=0.2256
    OK ch=3 v=0.2445
    OK ch=7 v=0.4978
    OK ch=1 v=0.2315
    OK ch=3 v=0.2462
    OK ch=5 v=0.2634
    OK ch=1 v=0.2462
    OK ch=3 v=0.2449
    OK ch=7 v=0.4962
    OK ch=1 v=0.2388
    OK ch=3 v=0.2480
    OK ch=5 v=0.2639
    OK ch=1 v=0.2397
    OK ch=3 v=0.2417
    OK ch=5 v=0.2647
    OK ch=1 v=0.2699
    OK ch=3 v=0.2492
    OK ch=5 v=0.2652
    OK ch=7 v=0.4970
    OK ch=1 v=0.2538
    OK ch=3 v=0.2509
    OK ch=5 v=0.2672
    OK ch=7 v=0.4962
    OK ch=1 v=0.2525
    OK ch=3 v=0.2515
    OK ch=7 v=0.4954
    OK ch=1 v=0.2491
    OK ch=3 v=0.2471
    OK ch=7 v=0.4984
    OK ch=1 v=0.2231
    OK ch=3 v=0.2439
    OK ch=7 v=0.4978
    OK ch=1 v=0.2196
    OK ch=3 v=0.2431
    OK ch=5 v=0.2665
    OK ch=7 v=0.4966
    OK ch=1 v=0.2664
    OK ch=3 v=0.2529
    OK ch=5 v=0.2656
    OK ch=1 v=0.2506
    OK ch=3 v=0.2523
    OK ch=5 v=0.2633
    OK ch=7 v=0.4996
    OK ch=1 v=0.2281
    OK ch=3 v=0.2505
    OK ch=5 v=0.2627
    OK ch=7 v=0.4962
    OK ch=1 v=0.2635
    OK ch=3 v=0.2515
    OK ch=5 v=0.2635
    OK ch=7 v=0.4940
    OK ch=1 v=0.2468
    OK ch=3 v=0.2479
    OK ch=7 v=0.4962
    OK ch=1 v=0.2501
    OK ch=3 v=0.2506
    OK ch=7 v=0.4973
    OK ch=1 v=0.2601
    OK ch=3 v=0.2420
    OK ch=5 v=0.2615
    OK ch=7 v=0.4991
    OK ch=1 v=0.2342
    OK ch=3 v=0.2523
    OK ch=5 v=0.2634
    OK ch=1 v=0.2606
    OK ch=3 v=0.2565
    OK ch=5 v=0.2640
    OK ch=1 v=0.2387
    OK ch=3 v=0.2526
    OK ch=7 v=0.4999
    OK ch=1 v=0.2573
    OK ch=3 v=0.2560
    OK ch=7 v=0.4984
    OK ch=1 v=0.2304
    OK ch=3 v=0.2458
    OK ch=7 v=0.4991
    OK ch=1 v=0.2418
    OK ch=3 v=0.2482
    OK ch=7 v=0.4977
    OK ch=1 v=0.2211
    OK ch=3 v=0.2471
    OK ch=1 v=0.2455
    OK ch=3 v=0.2491
    OK ch=7 v=0.4987
[   55.2s] DAMPING     ch0:LOCK g=-0.0304 bp=+0.034V ratio=0.23  ch1:LOCK g=-0.0300 bp=+0.024V ratio=0.19  ch2:LOCK g=+0.0100 bp=-0.002V ratio=0.08  ch3:LOCK g=-0.0300 bp=-0.001V ratio=0.12
    OK ch=3 v=0.2480
    OK ch=5 v=0.2630
    OK ch=1 v=0.2289
    OK ch=3 v=0.2415
    OK ch=5 v=0.2645
    OK ch=7 v=0.4976
    OK ch=1 v=0.2349
    OK ch=3 v=0.2437
    OK ch=5 v=0.2635
    OK ch=1 v=0.2559
    OK ch=3 v=0.2451
    OK ch=5 v=0.2629
    OK ch=7 v=0.4938
    OK ch=1 v=0.2360
    OK ch=3 v=0.2476
    OK ch=5 v=0.2645
    OK ch=7 v=0.4957
    OK ch=1 v=0.2426
    OK ch=3 v=0.2445
    OK ch=5 v=0.2652
    OK ch=7 v=0.4993
    OK ch=1 v=0.2178
    OK ch=3 v=0.2405
    OK ch=7 v=0.4984
    OK ch=1 v=0.2187
    OK ch=3 v=0.2443
    OK ch=1 v=0.2475
    OK ch=3 v=0.2496
    OK ch=5 v=0.2647
    OK ch=7 v=0.4993
    OK ch=1 v=0.2291
    OK ch=3 v=0.2509
    OK ch=5 v=0.2652
    OK ch=7 v=0.5004
    OK ch=1 v=0.2135
    OK ch=3 v=0.2501
    OK ch=5 v=0.2641
    OK ch=7 v=0.4985
    OK ch=1 v=0.2489
    OK ch=3 v=0.2422
    OK ch=5 v=0.2625
    OK ch=7 v=0.4968
    OK ch=1 v=0.2717
    OK ch=3 v=0.2452
    OK ch=5 v=0.2609
    OK ch=7 v=0.4992
    OK ch=1 v=0.2738
    OK ch=3 v=0.2503
    OK ch=5 v=0.2638
    OK ch=1 v=0.2483
    OK ch=5 v=0.2644
    OK ch=1 v=0.2126
    OK ch=3 v=0.2434
    OK ch=5 v=0.2658
    OK ch=7 v=0.4985
    OK ch=1 v=0.2386
    OK ch=3 v=0.2481
    OK ch=5 v=0.2637
    OK ch=1 v=0.2262
    OK ch=3 v=0.2490
    OK ch=5 v=0.2621
    OK ch=7 v=0.5003
    OK ch=1 v=0.2510
    OK ch=7 v=0.4988
    OK ch=1 v=0.2420
    OK ch=3 v=0.2474
    OK ch=5 v=0.2636
    OK ch=7 v=0.4971
    OK ch=1 v=0.2447
    OK ch=3 v=0.2482
    OK ch=5 v=0.2616
    OK ch=7 v=0.4979
    OK ch=1 v=0.2244
    OK ch=3 v=0.2401
    OK ch=5 v=0.2623
    OK ch=1 v=0.2254
    OK ch=3 v=0.2420
    OK ch=5 v=0.2617
    OK ch=7 v=0.4967
    OK ch=1 v=0.2483
    OK ch=3 v=0.2529
    OK ch=7 v=0.4979
    OK ch=1 v=0.2632
    OK ch=3 v=0.2549
    OK ch=5 v=0.2628
    OK ch=1 v=0.2505
    OK ch=3 v=0.2523
    OK ch=5 v=0.2637
    OK ch=7 v=0.5005
    OK ch=1 v=0.2565
    OK ch=3 v=0.2441
    OK ch=7 v=0.4977
    OK ch=1 v=0.2480
    OK ch=3 v=0.2497
    OK ch=5 v=0.2655
    OK ch=7 v=0.4972
    OK ch=1 v=0.2409
    OK ch=3 v=0.2514
    OK ch=7 v=0.4996
    OK ch=1 v=0.2141
    OK ch=3 v=0.2471
    OK ch=5 v=0.2679
    OK ch=7 v=0.4960
    OK ch=1 v=0.2439
    OK ch=3 v=0.2520
    OK ch=5 v=0.2660
    OK ch=7 v=0.4969
    OK ch=1 v=0.2416
    OK ch=3 v=0.2466
    OK ch=7 v=0.4951
    OK ch=1 v=0.2352
    OK ch=3 v=0.2445
    OK ch=5 v=0.2651
    OK ch=1 v=0.2344
    OK ch=5 v=0.2663
    OK ch=1 v=0.2546
    OK ch=3 v=0.2467
    OK ch=5 v=0.2652
    OK ch=7 v=0.4970
    OK ch=1 v=0.2533
    OK ch=3 v=0.2512
    OK ch=7 v=0.4980
    OK ch=1 v=0.2232
    OK ch=3 v=0.2450
    OK ch=5 v=0.2641
    OK ch=7 v=0.4959
    OK ch=1 v=0.2283
    OK ch=7 v=0.4987
    OK ch=1 v=0.2616
    OK ch=3 v=0.2535
    OK ch=5 v=0.2654
    OK ch=7 v=0.4967
    OK ch=1 v=0.2411
    OK ch=3 v=0.2439
    OK ch=7 v=0.4978
    OK ch=1 v=0.2532
    OK ch=3 v=0.2505
    OK ch=7 v=0.4993
    OK ch=1 v=0.2490
    OK ch=3 v=0.2537
    OK ch=5 v=0.2641
    OK ch=7 v=0.4969
    OK ch=1 v=0.2591
    OK ch=3 v=0.2510
    OK ch=5 v=0.2625
    OK ch=1 v=0.2259
    OK ch=3 v=0.2471
    OK ch=5 v=0.2633
    OK ch=7 v=0.4984
    OK ch=1 v=0.2299
    OK ch=5 v=0.2626
    OK ch=1 v=0.2385
    OK ch=5 v=0.2634
    OK ch=7 v=0.5010
    OK ch=1 v=0.2654
    OK ch=3 v=0.2510
    OK ch=5 v=0.2627
    OK ch=7 v=0.4998
    OK ch=1 v=0.2331
    OK ch=3 v=0.2413
    OK ch=7 v=0.4989
    OK ch=1 v=0.2387
    OK ch=1 v=0.2281
    OK ch=3 v=0.2427
    OK ch=5 v=0.2618
    OK ch=1 v=0.2387
    OK ch=5 v=0.2610
    OK ch=1 v=0.2371
    OK ch=3 v=0.2464
    OK ch=5 v=0.2617
    OK ch=7 v=0.4979
    OK ch=1 v=0.2696
    OK ch=3 v=0.2553
    OK ch=5 v=0.2624
    OK ch=7 v=0.4985
    OK ch=1 v=0.2710
    OK ch=7 v=0.4995
    OK ch=1 v=0.2217
    OK ch=3 v=0.2480
    OK ch=1 v=0.2262
    OK ch=3 v=0.2465
    OK ch=5 v=0.2631
    OK ch=7 v=0.5013
    OK ch=1 v=0.2414
    OK ch=3 v=0.2509
    OK ch=7 v=0.4995
    OK ch=1 v=0.2212
    OK ch=3 v=0.2460
    OK ch=5 v=0.2642
    OK ch=7 v=0.4974
    OK ch=1 v=0.2254
    OK ch=3 v=0.2405
    OK ch=7 v=0.4957
    OK ch=1 v=0.2632
    OK ch=3 v=0.2378
    OK ch=7 v=0.4971
    OK ch=1 v=0.2371
    OK ch=3 v=0.2447
    OK ch=7 v=0.4976
    OK ch=1 v=0.2340
    OK ch=3 v=0.2511
    OK ch=5 v=0.2647
    OK ch=7 v=0.4954
    OK ch=1 v=0.2454
    OK ch=3 v=0.2528
    OK ch=7 v=0.4969
    OK ch=1 v=0.2561
    OK ch=7 v=0.4963
    OK ch=1 v=0.2331
    OK ch=3 v=0.2475
    OK ch=5 v=0.2666
    OK ch=7 v=0.4976
    OK ch=1 v=0.2436
    OK ch=3 v=0.2455
    OK ch=5 v=0.2660
    OK ch=7 v=0.4983
    OK ch=1 v=0.2238
    OK ch=3 v=0.2447
    OK ch=5 v=0.2649
    OK ch=7 v=0.4971
    OK ch=1 v=0.2521
    OK ch=3 v=0.2515
    OK ch=5 v=0.2667
    OK ch=7 v=0.4984
    OK ch=1 v=0.2505
    OK ch=3 v=0.2527
    OK ch=1 v=0.2266
    OK ch=3 v=0.2473

>>> KICK 1/3 REQUESTED at t=60.0s <<<

    OK ch=7 v=0.4938
    OK ch=1 v=0.2335
    OK ch=3 v=0.2453
    OK ch=5 v=0.2647
    OK ch=7 v=0.4968
    OK ch=1 v=0.2196
    OK ch=3 v=0.2467
    OK ch=7 v=0.4957
    OK ch=1 v=0.2377
    OK ch=3 v=0.2448
    OK ch=7 v=0.4998
    OK ch=1 v=0.2595
    OK ch=3 v=0.2523
    OK ch=5 v=0.2615
    OK ch=7 v=0.4992
    OK ch=1 v=0.2392
    OK ch=3 v=0.2455
    OK ch=5 v=0.2623
    OK ch=7 v=0.4975
    OK ch=1 v=0.2517
    OK ch=3 v=0.2508
    OK ch=5 v=0.2637
    OK ch=7 v=0.4985
    OK ch=1 v=0.2495
    OK ch=3 v=0.2461
    OK ch=7 v=0.4974
    OK ch=1 v=0.2241
    OK ch=3 v=0.2480
    OK ch=5 v=0.2630
    OK ch=7 v=0.4986
    OK ch=1 v=0.2485
    OK ch=3 v=0.2448
    OK ch=1 v=0.2611
    OK ch=3 v=0.2494
    OK ch=5 v=0.2642
    OK ch=7 v=0.4997
    OK ch=1 v=0.2436
    OK ch=3 v=0.2447
    OK ch=5 v=0.2633
    OK ch=1 v=0.2395
    OK ch=3 v=0.2483
    OK ch=5 v=0.2627
    OK ch=7 v=0.4990
    OK ch=1 v=0.2566
    OK ch=3 v=0.2491
    OK ch=7 v=0.4996
    OK ch=1 v=0.2377
    OK ch=7 v=0.4980
    OK ch=1 v=0.2075
    OK ch=3 v=0.2439
    OK ch=7 v=0.4952
    OK ch=1 v=0.2220
    OK ch=3 v=0.2457
    OK ch=7 v=0.4985
    OK ch=1 v=0.2098
    OK ch=3 v=0.2408
    OK ch=7 v=0.4992
    OK ch=1 v=0.2628
    OK ch=3 v=0.2511
    OK ch=5 v=0.2619
    OK ch=7 v=0.4966
    OK ch=1 v=0.2551
    OK ch=3 v=0.2503
    OK ch=5 v=0.2632
    OK ch=1 v=0.2513
    OK ch=3 v=0.2483
    OK ch=5 v=0.2645
    OK ch=7 v=0.4956
    OK ch=1 v=0.2458
    OK ch=7 v=0.4962
    OK ch=1 v=0.2359
    OK ch=3 v=0.2533
    OK ch=7 v=0.4979
    OK ch=1 v=0.2384
    OK ch=3 v=0.2451
    OK ch=5 v=0.2653
    OK ch=7 v=0.4986
    OK ch=1 v=0.2227
    OK ch=3 v=0.2475
    OK ch=7 v=0.4997
    OK ch=1 v=0.2336
    OK ch=3 v=0.2492
    OK ch=7 v=0.4983
    OK ch=1 v=0.2210
    OK ch=3 v=0.2444
    OK ch=7 v=0.4990
    OK ch=1 v=0.2529
    OK ch=3 v=0.2477
    OK ch=5 v=0.2643
    OK ch=1 v=0.2538
    OK ch=3 v=0.2486
    OK ch=7 v=0.4974
    OK ch=1 v=0.2510
    OK ch=3 v=0.2474
    OK ch=7 v=0.4959
    OK ch=1 v=0.2539
    OK ch=3 v=0.2484
    OK ch=5 v=0.2636
    OK ch=7 v=0.4985
    OK ch=1 v=0.2363
    OK ch=3 v=0.2438
    OK ch=5 v=0.2653
    OK ch=7 v=0.4978
    OK ch=1 v=0.2641
    OK ch=3 v=0.2525
    OK ch=5 v=0.2644
    OK ch=7 v=0.4989
    OK ch=1 v=0.2427
    OK ch=3 v=0.2491
    OK ch=7 v=0.4976
    OK ch=1 v=0.2558
    OK ch=3 v=0.2480
    OK ch=5 v=0.2625
    OK ch=7 v=0.4998
    OK ch=1 v=0.2256
    OK ch=3 v=0.2406
    OK ch=5 v=0.2646
    OK ch=1 v=0.2562
    OK ch=3 v=0.2484
    OK ch=5 v=0.2634
    OK ch=7 v=0.4979
    OK ch=1 v=0.2305
    OK ch=3 v=0.2479
    OK ch=5 v=0.2640
    OK ch=7 v=0.4986
    OK ch=1 v=0.2442
    OK ch=3 v=0.2513
    OK ch=5 v=0.2628
    OK ch=7 v=0.4961
    OK ch=1 v=0.2364
    OK ch=3 v=0.2449
    OK ch=5 v=0.2637
    OK ch=1 v=0.2388
    OK ch=3 v=0.2493
    OK ch=7 v=0.4968
    OK ch=1 v=0.2330
    OK ch=3 v=0.2475
    OK ch=5 v=0.2628
    OK ch=7 v=0.4984
    OK ch=1 v=0.2545
    OK ch=3 v=0.2519
    OK ch=1 v=0.2563
    OK ch=3 v=0.2496
    OK ch=5 v=0.2641
    OK ch=1 v=0.2654
    OK ch=3 v=0.2541
    OK ch=5 v=0.2631
    OK ch=1 v=0.2462
    OK ch=3 v=0.2533
    OK ch=5 v=0.2639
    OK ch=3 v=0.2501
    OK ch=5 v=0.2654
    OK ch=1 v=0.2231
    OK ch=3 v=0.2452
    OK ch=5 v=0.2649
    OK ch=7 v=0.4968
    OK ch=1 v=0.2464
    OK ch=3 v=0.2441
    OK ch=5 v=0.2643
    OK ch=1 v=0.2429
    OK ch=3 v=0.2484
    OK ch=5 v=0.2634
    OK ch=7 v=0.4983
    OK ch=1 v=0.2235
    OK ch=3 v=0.2444
    OK ch=5 v=0.2653
    OK ch=1 v=0.2303
    OK ch=3 v=0.2420
    OK ch=5 v=0.2632
    OK ch=7 v=0.4961
    OK ch=1 v=0.2291
    OK ch=3 v=0.2447
    OK ch=5 v=0.2643
    OK ch=7 v=0.4950
    OK ch=1 v=0.2419
    OK ch=3 v=0.2441
    OK ch=5 v=0.2630
    OK ch=7 v=0.4982
    OK ch=1 v=0.2375
    OK ch=3 v=0.2489
    OK ch=5 v=0.2644
    OK ch=7 v=0.4965
    OK ch=1 v=0.2431
    OK ch=3 v=0.2496
    OK ch=5 v=0.2651
    OK ch=7 v=0.4979
    OK ch=1 v=0.2730
    OK ch=3 v=0.2573
    OK ch=7 v=0.4994
    OK ch=1 v=0.2417
    OK ch=3 v=0.2499
    OK ch=5 v=0.2642
    OK ch=7 v=0.4982
    OK ch=1 v=0.2375
    OK ch=3 v=0.2472
    OK ch=7 v=0.4990
    OK ch=1 v=0.2410
    OK ch=3 v=0.2503
    OK ch=7 v=0.5001
    OK ch=1 v=0.2144
    OK ch=3 v=0.2442
    OK ch=5 v=0.2657
    OK ch=7 v=0.4986
    OK ch=1 v=0.2374
    OK ch=3 v=0.2473
    OK ch=5 v=0.2635
    OK ch=7 v=0.4968
    OK ch=1 v=0.2354
    OK ch=3 v=0.2398
    OK ch=7 v=0.4992
    OK ch=1 v=0.2291
    OK ch=5 v=0.2641
    OK ch=7 v=0.4980
    OK ch=1 v=0.2484
    OK ch=3 v=0.2529
    OK ch=7 v=0.4989
    OK ch=1 v=0.2435
    OK ch=3 v=0.2502
    OK ch=5 v=0.2629
    OK ch=7 v=0.4976
    OK ch=1 v=0.2503
    OK ch=5 v=0.2617
[   60.2s] DAMPING     ch0:LOCK g=-0.0300 bp=-0.009V ratio=0.14  ch1:LOCK g=-0.0300 bp=-0.001V ratio=0.10  ch2:LOCK g=+0.0100 bp=+0.004V ratio=0.02  ch3:LOCK g=-0.0300 bp=+0.001V ratio=0.04
    OK ch=1 v=0.2406
    OK ch=3 v=0.2495
    OK ch=5 v=0.2627
    OK ch=7 v=0.4986
    OK ch=1 v=0.2472
    OK ch=3 v=0.2510
    OK ch=5 v=0.2636
    OK ch=1 v=0.2446
    OK ch=3 v=0.2480
    OK ch=5 v=0.2646
    OK ch=7 v=0.4961
    OK ch=1 v=0.2115
    OK ch=3 v=0.2412
    OK ch=5 v=0.2627
    OK ch=7 v=0.4996
    OK ch=1 v=0.2561
    OK ch=3 v=0.2482
    OK ch=7 v=0.4984
    OK ch=1 v=0.2583
    OK ch=3 v=0.2518
    OK ch=5 v=0.2634
    OK ch=7 v=0.4956
    OK ch=1 v=0.2459
    OK ch=3 v=0.2477
    OK ch=5 v=0.2650
    OK ch=7 v=0.4981
    OK ch=1 v=0.2488
    OK ch=3 v=0.2458
    OK ch=5 v=0.2637
    OK ch=1 v=0.2457
    OK ch=3 v=0.2479
    OK ch=1 v=0.2273
    OK ch=3 v=0.2447
    OK ch=5 v=0.2643
    OK ch=7 v=0.4993
    OK ch=1 v=0.2508
    OK ch=3 v=0.2540
    OK ch=5 v=0.2637
    OK ch=7 v=0.4969
    OK ch=1 v=0.2260
    OK ch=3 v=0.2465
    OK ch=5 v=0.2643
    OK ch=7 v=0.4991
    OK ch=1 v=0.2570
    OK ch=3 v=0.2490
    OK ch=5 v=0.2636
    OK ch=7 v=0.5003
    OK ch=1 v=0.2458
    OK ch=3 v=0.2478
    OK ch=7 v=0.4961
    OK ch=1 v=0.2302
    OK ch=3 v=0.2451
    OK ch=5 v=0.2650
    OK ch=1 v=0.2340
    OK ch=7 v=0.4951
    OK ch=1 v=0.2397
    OK ch=3 v=0.2468
    OK ch=7 v=0.4977
    OK ch=1 v=0.2113
    OK ch=3 v=0.2441
    OK ch=5 v=0.2644
    OK ch=1 v=0.2426
    OK ch=3 v=0.2493
    OK ch=5 v=0.2652
    OK ch=7 v=0.4989
    OK ch=1 v=0.2540
    OK ch=3 v=0.2513
    OK ch=5 v=0.2636
    OK ch=7 v=0.4978
    OK ch=1 v=0.2439
    OK ch=3 v=0.2527
    OK ch=1 v=0.2474
    OK ch=3 v=0.2497
    OK ch=1 v=0.2235
    OK ch=3 v=0.2424
    OK ch=5 v=0.2652
    OK ch=7 v=0.4989
    OK ch=1 v=0.2467
    OK ch=3 v=0.2485
    OK ch=5 v=0.2646
    OK ch=1 v=0.2403
    OK ch=1 v=0.2421
    OK ch=3 v=0.2490
    OK ch=7 v=0.4976
    OK ch=3 v=0.2467
    OK ch=7 v=0.4970
    OK ch=1 v=0.2500
    OK ch=3 v=0.2509
    OK ch=7 v=0.4981
    OK ch=1 v=0.2173
    OK ch=3 v=0.2456
    OK ch=7 v=0.4973
    OK ch=1 v=0.2398
    OK ch=3 v=0.2472
    OK ch=5 v=0.2660
    OK ch=7 v=0.4985
    OK ch=1 v=0.2499
    OK ch=3 v=0.2465
    OK ch=5 v=0.2637
    OK ch=1 v=0.2462
    OK ch=5 v=0.2626
    OK ch=7 v=0.4936
    OK ch=1 v=0.2345
    OK ch=3 v=0.2435
    OK ch=7 v=0.4948
    OK ch=1 v=0.2300
    OK ch=3 v=0.2462
    OK ch=5 v=0.2638
    OK ch=7 v=0.4972
    OK ch=1 v=0.2718
    OK ch=3 v=0.2499
    OK ch=1 v=0.2436
    OK ch=3 v=0.2467
    OK ch=5 v=0.2629
    OK ch=7 v=0.5008
    OK ch=1 v=0.2694
    OK ch=3 v=0.2519
    OK ch=7 v=0.5000
    OK ch=1 v=0.2353
    OK ch=3 v=0.2470
    OK ch=5 v=0.2650
    OK ch=7 v=0.5005
    OK ch=1 v=0.2411
    OK ch=5 v=0.2639
    OK ch=7 v=0.4985
    OK ch=1 v=0.2227
    OK ch=3 v=0.2449
    OK ch=5 v=0.2631
    OK ch=7 v=0.4992
    OK ch=1 v=0.2396
    OK ch=3 v=0.2477
    OK ch=5 v=0.2640
    OK ch=1 v=0.2469
    OK ch=3 v=0.2519
    OK ch=7 v=0.5008
    OK ch=1 v=0.2350
    OK ch=3 v=0.2456
    OK ch=5 v=0.2649
    OK ch=7 v=0.4968
    OK ch=1 v=0.2426
    OK ch=3 v=0.2449
    OK ch=5 v=0.2629
    OK ch=7 v=0.4985
    OK ch=1 v=0.2135
    OK ch=3 v=0.2423
    OK ch=7 v=0.4950
    OK ch=1 v=0.2530
    OK ch=3 v=0.2506
    OK ch=7 v=0.4987
    OK ch=1 v=0.2652
    OK ch=3 v=0.2533
    OK ch=7 v=0.5007
    OK ch=1 v=0.2391
    OK ch=3 v=0.2489
    OK ch=5 v=0.2634
    OK ch=7 v=0.4980
    OK ch=1 v=0.2381
    OK ch=7 v=0.4961
    OK ch=1 v=0.2162
    OK ch=3 v=0.2436
    OK ch=5 v=0.2652
    OK ch=7 v=0.4984
    OK ch=1 v=0.2507
    OK ch=3 v=0.2480
    OK ch=5 v=0.2633
    OK ch=7 v=0.5002
    OK ch=1 v=0.2378
    OK ch=3 v=0.2431
    OK ch=5 v=0.2645
    OK ch=7 v=0.4961
    OK ch=1 v=0.2270
    OK ch=3 v=0.2487
    OK ch=7 v=0.4984
    OK ch=1 v=0.2513
    OK ch=3 v=0.2519
    OK ch=5 v=0.2629
    OK ch=7 v=0.4951
    OK ch=1 v=0.2201
    OK ch=3 v=0.2431
    OK ch=5 v=0.2636
    OK ch=7 v=0.4965
    OK ch=1 v=0.2413
    OK ch=3 v=0.2490
    OK ch=7 v=0.4985
    OK ch=1 v=0.2556
    OK ch=3 v=0.2522
    OK ch=5 v=0.2645
    OK ch=7 v=0.4964
    OK ch=1 v=0.2671
    OK ch=3 v=0.2548
    OK ch=5 v=0.2657
    OK ch=7 v=0.4988
    OK ch=1 v=0.2205
    OK ch=3 v=0.2468
    OK ch=7 v=0.5002
    OK ch=1 v=0.2366
    OK ch=3 v=0.2454
    OK ch=5 v=0.2651
    OK ch=7 v=0.4974
    OK ch=1 v=0.2763
    OK ch=3 v=0.2504
    OK ch=7 v=0.4969
    OK ch=1 v=0.2245
    OK ch=3 v=0.2409
    OK ch=5 v=0.2665
    OK ch=7 v=0.4983
    OK ch=1 v=0.2337
    OK ch=3 v=0.2447
    OK ch=5 v=0.2650
    OK ch=7 v=0.4950
    OK ch=3 v=0.2488
    OK ch=5 v=0.2629
    OK ch=7 v=0.4978
    OK ch=1 v=0.2515
    OK ch=3 v=0.2494
    OK ch=5 v=0.2634
    OK ch=7 v=0.4985
    OK ch=3 v=0.2501
    OK ch=1 v=0.2334
    OK ch=3 v=0.2440
    OK ch=7 v=0.4954
    OK ch=1 v=0.2377
    OK ch=3 v=0.2508
    OK ch=5 v=0.2641
    OK ch=7 v=0.4967
    OK ch=1 v=0.2576
    OK ch=3 v=0.2479
    OK ch=5 v=0.2635
    OK ch=7 v=0.4987
    OK ch=1 v=0.2228
    OK ch=3 v=0.2391
    OK ch=5 v=0.2630
    OK ch=7 v=0.4977
    OK ch=1 v=0.2370
    OK ch=3 v=0.2499
    OK ch=1 v=0.2419
    OK ch=5 v=0.2604
    OK ch=7 v=0.5001
    OK ch=1 v=0.2341
    OK ch=5 v=0.2629
    OK ch=1 v=0.2658
    OK ch=3 v=0.2493
    OK ch=5 v=0.2651
    OK ch=7 v=0.4975
    OK ch=1 v=0.2353
    OK ch=3 v=0.2462
    OK ch=1 v=0.2332
    OK ch=3 v=0.2447
    OK ch=5 v=0.2626
    OK ch=1 v=0.2553
    OK ch=3 v=0.2487
    OK ch=5 v=0.2608
    OK ch=1 v=0.2668
    OK ch=3 v=0.2530
    OK ch=5 v=0.2641
    OK ch=7 v=0.4967
    OK ch=1 v=0.2301
    OK ch=3 v=0.2417
    OK ch=5 v=0.2699
    OK ch=7 v=0.4980
    OK ch=1 v=0.2339
    OK ch=3 v=0.2487
    OK ch=5 v=0.2610
    OK ch=7 v=0.5029
    OK ch=1 v=0.2594
    OK ch=3 v=0.2544
    OK ch=5 v=0.2561
    OK ch=1 v=0.2544
    OK ch=3 v=0.2536
    OK ch=5 v=0.2610
    OK ch=1 v=0.2121
    OK ch=3 v=0.2433
    OK ch=5 v=0.2665
    OK ch=7 v=0.4964
    OK ch=1 v=0.2491
    OK ch=3 v=0.2456
    OK ch=7 v=0.4928
    OK ch=1 v=0.2336
    OK ch=3 v=0.2466
    OK ch=5 v=0.2608
    OK ch=7 v=0.4959
    OK ch=1 v=0.2702
    OK ch=3 v=0.2496
    OK ch=5 v=0.2600
    OK ch=1 v=0.2324
    OK ch=3 v=0.2436
    OK ch=5 v=0.2658
    OK ch=7 v=0.4978
    OK ch=1 v=0.2432
    OK ch=3 v=0.2483
    OK ch=5 v=0.2689
    OK ch=7 v=0.4925
    OK ch=1 v=0.2280
    OK ch=5 v=0.2681
    OK ch=7 v=0.4970
    OK ch=1 v=0.2218
    OK ch=3 v=0.2417
    OK ch=5 v=0.2644
    OK ch=7 v=0.4959
    OK ch=1 v=0.2309
    OK ch=3 v=0.2471
    OK ch=5 v=0.2626
    OK ch=7 v=0.5000
    OK ch=1 v=0.2591
    OK ch=3 v=0.2555
    OK ch=5 v=0.2670
    OK ch=7 v=0.4990
    OK ch=1 v=0.2316
    OK ch=3 v=0.2449
    OK ch=5 v=0.2676
    OK ch=7 v=0.4962
    OK ch=1 v=0.2535
    OK ch=3 v=0.2486
    OK ch=5 v=0.2655
    OK ch=7 v=0.4987
    OK ch=1 v=0.2838
    OK ch=3 v=0.2652
    OK ch=5 v=0.2409
    OK ch=7 v=0.5117
    OK ch=1 v=0.3718
    OK ch=3 v=0.3270
    OK ch=5 v=0.1529
    OK ch=7 v=0.5648
    OK ch=1 v=0.3452
    OK ch=3 v=0.2912
    OK ch=5 v=0.2047
    OK ch=7 v=0.5309
    OK ch=1 v=0.2569
    OK ch=3 v=0.2030
    OK ch=5 v=0.2930
    OK ch=7 v=0.4576
    OK ch=1 v=0.2700
    OK ch=3 v=0.2435
    OK ch=5 v=0.2504
    OK ch=7 v=0.5008
    OK ch=1 v=0.3635
    OK ch=3 v=0.3370
    OK ch=5 v=0.1569
    OK ch=7 v=0.5943
    OK ch=1 v=0.3166
    OK ch=3 v=0.2677
    OK ch=5 v=0.2169
    OK ch=7 v=0.5246
    OK ch=1 v=0.2290
    OK ch=3 v=0.1801
    OK ch=5 v=0.3045
    OK ch=7 v=0.4370
    OK ch=1 v=0.1408
    OK ch=3 v=0.0919
    OK ch=5 v=0.3927
    OK ch=7 v=0.3488
    OK ch=1 v=0.1997
    OK ch=3 v=0.0153
    OK ch=5 v=0.4664
    OK ch=7 v=0.2608
    OK ch=1 v=0.2880
    OK ch=3 v=0.1036
    OK ch=5 v=0.3781
    OK ch=7 v=0.3491
    OK ch=1 v=0.3760
    OK ch=3 v=0.1916
    OK ch=5 v=0.2901
    OK ch=7 v=0.4371
    OK ch=1 v=0.4641
    OK ch=3 v=0.2797
    OK ch=5 v=0.2020
    OK ch=7 v=0.5252
    OK ch=1 v=0.5000
    OK ch=3 v=0.3683
    OK ch=5 v=0.1134
    OK ch=7 v=0.6138
    OK ch=3 v=0.4528
    OK ch=5 v=0.0449
    OK ch=7 v=0.5865
    OK ch=3 v=0.3866
    OK ch=5 v=0.1111
    OK ch=7 v=0.5204
    OK ch=1 v=0.4339
    OK ch=3 v=0.3205
    OK ch=5 v=0.1430
    OK ch=7 v=0.4542
    OK ch=1 v=0.4871
    OK ch=3 v=0.2323
    OK ch=5 v=0.1186
    OK ch=7 v=0.3660
    OK ch=1 v=0.5000
    OK ch=3 v=0.1444
    OK ch=5 v=0.1713
    OK ch=7 v=0.3628
    OK ch=3 v=0.1500
    OK ch=5 v=0.2158
    OK ch=7 v=0.3976
    OK ch=1 v=0.4654
    OK ch=3 v=0.2063
    OK ch=5 v=0.2372
    OK ch=7 v=0.4414
    OK ch=1 v=0.3766
    OK ch=3 v=0.2335
    OK ch=5 v=0.2465
    OK ch=7 v=0.4677
    OK ch=1 v=0.2835
    OK ch=3 v=0.1404
    OK ch=5 v=0.2744
    OK ch=7 v=0.4155
    OK ch=1 v=0.1895
    OK ch=3 v=0.1059
    OK ch=5 v=0.3683
    OK ch=7 v=0.3613
    OK ch=1 v=0.0959
    OK ch=3 v=0.1996
    OK ch=5 v=0.4531
    OK ch=7 v=0.4379
    OK ch=1 v=0.0025
    OK ch=3 v=0.2930
    OK ch=5 v=0.4007
    OK ch=7 v=0.5224
    OK ch=1 v=0.0914
    OK ch=3 v=0.3154
    OK ch=5 v=0.3992
    OK ch=7 v=0.5214
    OK ch=1 v=0.1846
    OK ch=3 v=0.2223
    OK ch=5 v=0.4535
    OK ch=7 v=0.4382
    OK ch=1 v=0.2725
    OK ch=3 v=0.1495
    OK ch=5 v=0.3656
    OK ch=7 v=0.4142
    OK ch=1 v=0.3611
    OK ch=3 v=0.1867
    OK ch=5 v=0.2770
    OK ch=7 v=0.4013
    OK ch=1 v=0.4489
    OK ch=3 v=0.2133
    OK ch=5 v=0.1892
    OK ch=7 v=0.4182
    OK ch=1 v=0.4816
    OK ch=3 v=0.2031
    OK ch=5 v=0.1246
    OK ch=7 v=0.5063

[trim] ch3 kept at 0.50V -- total offset 566 -> 544 counts.


[trim] ch3 rests at 668 counts (+156 off mid-scale) -- bias -> 0.75V

    OK ch=1 v=0.4229
    OK ch=3 v=0.1965
    OK ch=5 v=0.1638
    OK ch=7 v=0.5946
    OK ch=1 v=0.4026
    OK ch=3 v=0.2256
    OK ch=5 v=0.1735
    OK ch=7 v=0.6571
    OK ch=1 v=0.4315
    OK ch=3 v=0.2705
    OK ch=5 v=0.1712
    OK ch=7 v=0.7450
[   65.2s] DAMPING     ch0:.... g=-0.0350 bp=-0.072V ratio=4.13  ch1:.... g=-0.0350 bp=-0.215V ratio=3.82  ch2:.... g=+0.0120 bp=-0.109V ratio=3.19  ch3:.... g=-0.0350 bp=-0.349V ratio=5.18
    OK ch=1 v=0.4471
    OK ch=3 v=0.3065
    OK ch=5 v=0.1642
    OK ch=7 v=0.8154
    OK ch=1 v=0.5000
    OK ch=3 v=0.3235
    OK ch=5 v=0.1687
    OK ch=7 v=0.8287
    OK ch=1 v=0.4721
    OK ch=3 v=0.3250
    OK ch=5 v=0.1880
    OK ch=1 v=0.4624
    OK ch=3 v=0.3422
    OK ch=5 v=0.1987
    OK ch=7 v=0.8331
    OK ch=1 v=0.4828
    OK ch=3 v=0.3660
    OK ch=5 v=0.1934
    OK ch=7 v=0.8338
    OK ch=1 v=0.4340
    OK ch=3 v=0.3392
    OK ch=5 v=0.1971
    OK ch=7 v=0.8026
    OK ch=1 v=0.3575
    OK ch=3 v=0.2847
    OK ch=5 v=0.2397
    OK ch=7 v=0.7544
    OK ch=1 v=0.2774
    OK ch=3 v=0.2215
    OK ch=5 v=0.2709
    OK ch=7 v=0.7119
    OK ch=1 v=0.3091
    OK ch=3 v=0.1958
    OK ch=5 v=0.2592
    OK ch=7 v=0.6839
    OK ch=1 v=0.2970
    OK ch=3 v=0.1723
    OK ch=5 v=0.2447
    OK ch=7 v=0.6648
    OK ch=1 v=0.2478
    OK ch=3 v=0.1467
    OK ch=5 v=0.2535
    OK ch=7 v=0.6393
    OK ch=1 v=0.2142
    OK ch=3 v=0.1283
    OK ch=5 v=0.2744
    OK ch=7 v=0.6197
    OK ch=1 v=0.2168
    OK ch=3 v=0.1256
    OK ch=5 v=0.2916
    OK ch=7 v=0.6276
    OK ch=1 v=0.2117
    OK ch=3 v=0.1476
    OK ch=5 v=0.2947
    OK ch=7 v=0.6491
    OK ch=1 v=0.2096
    OK ch=3 v=0.1707
    OK ch=5 v=0.3110
    OK ch=7 v=0.6682
    OK ch=1 v=0.1390
    OK ch=3 v=0.2063
    OK ch=5 v=0.3210
    OK ch=7 v=0.6913
    OK ch=1 v=0.1761
    OK ch=3 v=0.2294
    OK ch=5 v=0.2900
    OK ch=7 v=0.7240
    OK ch=1 v=0.2624
    OK ch=3 v=0.2634
    OK ch=5 v=0.2536
    OK ch=7 v=0.7516
    OK ch=1 v=0.3506
    OK ch=3 v=0.2864
    OK ch=5 v=0.2232
    OK ch=7 v=0.7738
    OK ch=1 v=0.2623
    OK ch=3 v=0.2500
    OK ch=5 v=0.2500
    OK ch=7 v=0.7500

!! ch3 runaway/saturation -- freezing all channels, entering FAULT.

    OK ch=1 v=0.2500
[   70.2s] FAULT       ch0:.... g=+0.0000 bp=-0.183V ratio=2.52  ch1:.... g=+0.0000 bp=-0.157V ratio=2.98  ch2:.... g=+0.0000 bp=-0.185V ratio=1.64  ch3:.... g=+0.0000 bp=-0.140V ratio=3.47

[recovered] all channels clear for 5s -- re-calibrating and resuming.

[   75.2s] CALIBRATING ch0:.... g=+0.0000 bp=-0.366V ratio=0.00  ch1:.... g=+0.0000 bp=-0.049V ratio=0.00  ch2:.... g=+0.0000 bp=-0.442V ratio=0.00  ch3:.... g=+0.0000 bp=-0.021V ratio=0.00
[   80.2s] CALIBRATING ch0:.... g=+0.0000 bp=-0.432V ratio=0.00  ch1:.... g=+0.0000 bp=-0.075V ratio=0.00  ch2:.... g=+0.0000 bp=-0.472V ratio=0.00  ch3:.... g=+0.0000 bp=-0.038V ratio=0.00
[   85.2s] CALIBRATING ch0:.... g=+0.0000 bp=-0.331V ratio=0.00  ch1:.... g=+0.0000 bp=-0.234V ratio=0.00  ch2:.... g=+0.0000 bp=-0.404V ratio=0.00  ch3:.... g=+0.0000 bp=-0.227V ratio=0.00
[   90.2s] CALIBRATING ch0:.... g=+0.0000 bp=-0.375V ratio=0.00  ch1:.... g=+0.0000 bp=-0.328V ratio=0.00  ch2:.... g=+0.0000 bp=-0.373V ratio=0.00  ch3:.... g=+0.0000 bp=-0.316V ratio=0.00

[DAMPING] baseline set (ch0=0.4617V, ch1=0.1679V, ch2=0.5033V, ch3=0.1593V). Gain schedules -0.035 -> -0.030...

    OK ch=1 v=0.2536
    OK ch=5 v=0.2470
    OK ch=7 v=0.7555

[trim] ch3 kept at 0.75V -- total offset 544 -> 543 counts.


[trim] ch3 rests at 653 counts (+141 off mid-scale) -- bias -> 1.00V

    OK ch=1 v=0.2684
    OK ch=3 v=0.2461
    OK ch=5 v=0.2252
    OK ch=7 v=0.8216
    OK ch=1 v=0.2753
    OK ch=3 v=0.2426
    OK ch=5 v=0.2102
    OK ch=7 v=0.9044
    OK ch=1 v=0.2908
    OK ch=3 v=0.2401
    OK ch=5 v=0.2065
    OK ch=7 v=0.9901
    OK ch=1 v=0.2989
    OK ch=3 v=0.2422
    OK ch=5 v=0.2047
    OK ch=7 v=0.9888
    OK ch=1 v=0.2870
    OK ch=3 v=0.2450
    OK ch=7 v=0.9896
    OK ch=1 v=0.2941
    OK ch=7 v=0.9920
    OK ch=1 v=0.2864
    OK ch=3 v=0.2510
    OK ch=5 v=0.2061
    OK ch=7 v=0.9979
    OK ch=1 v=0.3162
    OK ch=3 v=0.2641
    OK ch=5 v=0.2037
    OK ch=7 v=1.0066
    OK ch=1 v=0.3065
    OK ch=3 v=0.2693
    OK ch=7 v=1.0160
    OK ch=1 v=0.2990
    OK ch=3 v=0.2740
    OK ch=5 v=0.2068
    OK ch=7 v=1.0228
    OK ch=1 v=0.3088
    OK ch=3 v=0.2844
    OK ch=5 v=0.2124
    OK ch=7 v=1.0304
    OK ch=1 v=0.2944
    OK ch=3 v=0.2867
    OK ch=5 v=0.2172
    OK ch=7 v=1.0335
    OK ch=1 v=0.2950
    OK ch=3 v=0.2823
    OK ch=5 v=0.2212
    OK ch=7 v=1.0302
    OK ch=3 v=0.2777
    OK ch=7 v=1.0203
    OK ch=1 v=0.2688
    OK ch=3 v=0.2679
    OK ch=5 v=0.2222
    OK ch=7 v=1.0114
    OK ch=1 v=0.2812
    OK ch=3 v=0.2550
    OK ch=5 v=0.2185
    OK ch=7 v=0.9995
    OK ch=1 v=0.2730
    OK ch=3 v=0.2385
    OK ch=5 v=0.2148
    OK ch=7 v=0.9857
    OK ch=1 v=0.2702
    OK ch=3 v=0.2277
    OK ch=5 v=0.2142
    OK ch=7 v=0.9777
    OK ch=1 v=0.2569
    OK ch=3 v=0.2165
    OK ch=5 v=0.2170
    OK ch=7 v=0.9691
    OK ch=1 v=0.2696
    OK ch=3 v=0.2146
    OK ch=5 v=0.2266
    OK ch=7 v=0.9631
    OK ch=1 v=0.2432
    OK ch=3 v=0.2098
    OK ch=5 v=0.2361
    OK ch=7 v=0.9642
    OK ch=1 v=0.2154
    OK ch=3 v=0.2108
    OK ch=5 v=0.2475
    OK ch=7 v=0.9699
    OK ch=1 v=0.1967
    OK ch=3 v=0.2187
    OK ch=5 v=0.2565
    OK ch=7 v=0.9800
    OK ch=1 v=0.1946
    OK ch=3 v=0.2360
    OK ch=5 v=0.2545
    OK ch=7 v=0.9953
    OK ch=1 v=0.1901
    OK ch=3 v=0.2499
    OK ch=5 v=0.2511
    OK ch=7 v=1.0114
    OK ch=1 v=0.2246
    OK ch=3 v=0.2634
    OK ch=5 v=0.2405
    OK ch=7 v=1.0250
    OK ch=1 v=0.2494
    OK ch=3 v=0.2724
    OK ch=5 v=0.2268
    OK ch=7 v=1.0330
    OK ch=1 v=0.2872
    OK ch=3 v=0.2770
    OK ch=5 v=0.2132
    OK ch=7 v=1.0317
    OK ch=1 v=0.3026
    OK ch=3 v=0.2716
    OK ch=5 v=0.2018
    OK ch=7 v=1.0286
    OK ch=1 v=0.3298
    OK ch=3 v=0.2585
    OK ch=5 v=0.1963
    OK ch=7 v=1.0227
    OK ch=1 v=0.3330
    OK ch=3 v=0.2597
    OK ch=5 v=0.1910
    OK ch=7 v=1.0129
    OK ch=1 v=0.3549
    OK ch=3 v=0.2558
    OK ch=5 v=0.1821
    OK ch=7 v=0.9959
    OK ch=1 v=0.3870
    OK ch=3 v=0.2544
    OK ch=5 v=0.1783
    OK ch=1 v=0.3600
    OK ch=3 v=0.2474
    OK ch=5 v=0.1742
    OK ch=7 v=0.9942
    OK ch=1 v=0.3548
    OK ch=3 v=0.2446
    OK ch=5 v=0.1705
    OK ch=7 v=0.9957
    OK ch=1 v=0.3415
    OK ch=3 v=0.2477
    OK ch=7 v=1.0034
    OK ch=1 v=0.3604
    OK ch=3 v=0.2579
    OK ch=5 v=0.1755
    OK ch=7 v=1.0078
    OK ch=1 v=0.3402
    OK ch=3 v=0.2657
    OK ch=5 v=0.1941
    OK ch=7 v=1.0159
    OK ch=1 v=0.2856
    OK ch=3 v=0.2719
    OK ch=5 v=0.2165
    OK ch=7 v=1.0227
    OK ch=1 v=0.2457
    OK ch=3 v=0.2784
    OK ch=5 v=0.2403
    OK ch=7 v=1.0210
    OK ch=1 v=0.2125
    OK ch=5 v=0.2572
    OK ch=7 v=1.0187
    OK ch=1 v=0.2253
    OK ch=3 v=0.2775
    OK ch=5 v=0.2641
    OK ch=7 v=1.0109
    OK ch=1 v=0.1764
    OK ch=3 v=0.2570
    OK ch=7 v=0.9984
    OK ch=1 v=0.2154
    OK ch=3 v=0.2510
    OK ch=5 v=0.2578
    OK ch=7 v=0.9887
    OK ch=1 v=0.2340
    OK ch=3 v=0.2349
    OK ch=5 v=0.2493
    OK ch=7 v=0.9763
    OK ch=1 v=0.2443
    OK ch=3 v=0.2272
    OK ch=5 v=0.2390
    OK ch=7 v=0.9655
    OK ch=1 v=0.2769
    OK ch=5 v=0.2291
    OK ch=7 v=0.9603
    OK ch=1 v=0.2783
    OK ch=3 v=0.2233
    OK ch=5 v=0.2221
    OK ch=1 v=0.2717
    OK ch=3 v=0.2283
    OK ch=5 v=0.2195
    OK ch=7 v=0.9616
    OK ch=1 v=0.2501
    OK ch=3 v=0.2223
    OK ch=5 v=0.2187
    OK ch=7 v=0.9679
    OK ch=1 v=0.2795
    OK ch=3 v=0.2367
    OK ch=5 v=0.2178
    OK ch=7 v=0.9802
    OK ch=1 v=0.2684
    OK ch=3 v=0.2415
    OK ch=5 v=0.2170
    OK ch=7 v=0.9909
    OK ch=1 v=0.2703
    OK ch=3 v=0.2550
    OK ch=5 v=0.2158
    OK ch=7 v=1.0077
    OK ch=1 v=0.2652
    OK ch=3 v=0.2699
    OK ch=5 v=0.2140
    OK ch=7 v=1.0221
    OK ch=1 v=0.2866
    OK ch=3 v=0.2743
    OK ch=5 v=0.2126
    OK ch=7 v=1.0315
    OK ch=1 v=0.3221
    OK ch=3 v=0.2794
    OK ch=5 v=0.2073
    OK ch=7 v=1.0344
    OK ch=1 v=0.2975
    OK ch=3 v=0.2689
    OK ch=5 v=0.2059
    OK ch=1 v=0.2858
    OK ch=3 v=0.2652
    OK ch=5 v=0.2046
    OK ch=7 v=1.0331
    OK ch=1 v=0.3213
    OK ch=3 v=0.2682
    OK ch=5 v=0.2000
    OK ch=7 v=1.0286
    OK ch=1 v=0.3515
    OK ch=3 v=0.2615
    OK ch=5 v=0.1936
    OK ch=7 v=1.0169
    OK ch=1 v=0.3108
    OK ch=3 v=0.2492
    OK ch=5 v=0.1907
    OK ch=7 v=1.0115
    OK ch=1 v=0.3204
    OK ch=3 v=0.2416
    OK ch=7 v=1.0054
    OK ch=1 v=0.2975
    OK ch=3 v=0.2383
    OK ch=5 v=0.1919
    OK ch=7 v=1.0032
    OK ch=1 v=0.2919
    OK ch=3 v=0.2389
    OK ch=5 v=0.1957
    OK ch=7 v=1.0007
    OK ch=1 v=0.2818
    OK ch=3 v=0.2360
    OK ch=5 v=0.2028
    OK ch=7 v=0.9992
    OK ch=1 v=0.2619
    OK ch=3 v=0.2437
    OK ch=5 v=0.2133
    OK ch=7 v=1.0012
    OK ch=1 v=0.2115
    OK ch=3 v=0.2327
    OK ch=5 v=0.2256
    OK ch=7 v=1.0020
    OK ch=1 v=0.2258
    OK ch=3 v=0.2465
    OK ch=5 v=0.2340
    OK ch=7 v=0.9985
    OK ch=1 v=0.2484
    OK ch=3 v=0.2564
    OK ch=5 v=0.2389
    OK ch=7 v=1.0020
    OK ch=1 v=0.2430
    OK ch=3 v=0.2524
    OK ch=5 v=0.2423
    OK ch=7 v=0.9967
    OK ch=1 v=0.2147
    OK ch=3 v=0.2459
    OK ch=5 v=0.2413
    OK ch=7 v=0.9931
    OK ch=1 v=0.2453
    OK ch=3 v=0.2485
    OK ch=5 v=0.2355
    OK ch=7 v=0.9925
    OK ch=1 v=0.2483
    OK ch=3 v=0.2494
    OK ch=5 v=0.2309
    OK ch=7 v=0.9905
    OK ch=1 v=0.2763
    OK ch=3 v=0.2450
    OK ch=5 v=0.2245
    OK ch=7 v=0.9881
    OK ch=1 v=0.2941
    OK ch=3 v=0.2460
    OK ch=5 v=0.2179
    OK ch=1 v=0.2988
    OK ch=3 v=0.2434
    OK ch=7 v=0.9874
    OK ch=1 v=0.3337
    OK ch=3 v=0.2543
    OK ch=5 v=0.2170
    OK ch=7 v=0.9886
    OK ch=1 v=0.2965
    OK ch=5 v=0.2136
    OK ch=7 v=0.9922
    OK ch=1 v=0.2954
    OK ch=3 v=0.2576
    OK ch=5 v=0.2125
    OK ch=7 v=0.9952
    OK ch=1 v=0.3211
    OK ch=3 v=0.2626
    OK ch=5 v=0.2102
    OK ch=7 v=0.9995
    OK ch=1 v=0.3132
    OK ch=3 v=0.2609
    OK ch=7 v=1.0035
    OK ch=1 v=0.3103
    OK ch=3 v=0.2640
    OK ch=5 v=0.2123
    OK ch=7 v=1.0071
    OK ch=1 v=0.2876
    OK ch=3 v=0.2635
    OK ch=5 v=0.2084
    OK ch=7 v=1.0130
    OK ch=1 v=0.3171
    OK ch=3 v=0.2690
    OK ch=5 v=0.2076
    OK ch=7 v=1.0142
    OK ch=1 v=0.2999
    OK ch=3 v=0.2606
    OK ch=5 v=0.2092
    OK ch=7 v=1.0149
    OK ch=1 v=0.3068
    OK ch=3 v=0.2680
    OK ch=1 v=0.3169
    OK ch=3 v=0.2631
    OK ch=5 v=0.2100
    OK ch=7 v=1.0124
    OK ch=1 v=0.2871
    OK ch=3 v=0.2524
    OK ch=5 v=0.2085
    OK ch=7 v=1.0083
    OK ch=1 v=0.2949
    OK ch=3 v=0.2535
    OK ch=5 v=0.2078
    OK ch=7 v=1.0057
    OK ch=1 v=0.2938
    OK ch=3 v=0.2506
    OK ch=5 v=0.2107
    OK ch=1 v=0.2560
    OK ch=3 v=0.2421
    OK ch=5 v=0.2131
    OK ch=7 v=1.0013
    OK ch=1 v=0.2448
    OK ch=3 v=0.2403
    OK ch=5 v=0.2155
    OK ch=7 v=0.9999
    OK ch=1 v=0.2788
    OK ch=3 v=0.2482
    OK ch=5 v=0.2179
    OK ch=7 v=0.9986
    OK ch=1 v=0.2615
    OK ch=3 v=0.2410
    OK ch=5 v=0.2210
    OK ch=7 v=0.9956
    OK ch=1 v=0.2660
    OK ch=3 v=0.2432
    OK ch=5 v=0.2228
    OK ch=1 v=0.2334
    OK ch=3 v=0.2386
    OK ch=5 v=0.2248
    OK ch=7 v=0.9974
    OK ch=1 v=0.2232
    OK ch=3 v=0.2377
    OK ch=5 v=0.2263
    OK ch=7 v=0.9947
    OK ch=1 v=0.2206
    OK ch=3 v=0.2359
    OK ch=7 v=0.9993
    OK ch=1 v=0.2632
    OK ch=3 v=0.2434
    OK ch=5 v=0.2226
    OK ch=7 v=0.9987
[   95.2s] DAMPING     ch0:.... g=-0.0309 bp=-0.132V ratio=0.28  ch1:.... g=-0.0310 bp=-0.047V ratio=0.28  ch2:.... g=+0.0100 bp=-0.047V ratio=0.18  ch3:.... g=-0.0303 bp=-0.011V ratio=0.23
    OK ch=1 v=0.2600
    OK ch=3 v=0.2524
    OK ch=1 v=0.2712
    OK ch=3 v=0.2510
    OK ch=5 v=0.2208
    OK ch=7 v=1.0007
    OK ch=1 v=0.2701
    OK ch=3 v=0.2467
    OK ch=1 v=0.2904
    OK ch=3 v=0.2569
    OK ch=5 v=0.2184
    OK ch=7 v=1.0012
    OK ch=1 v=0.2771
    OK ch=3 v=0.2521
    OK ch=5 v=0.2154
    OK ch=7 v=1.0030
    OK ch=1 v=0.2981
    OK ch=3 v=0.2539
    OK ch=5 v=0.2134
    OK ch=7 v=1.0020
    OK ch=1 v=0.2771
    OK ch=3 v=0.2480
    OK ch=1 v=0.2928
    OK ch=3 v=0.2588
    OK ch=5 v=0.2124
    OK ch=7 v=1.0008
    OK ch=1 v=0.2948
    OK ch=5 v=0.2097
    OK ch=7 v=1.0033
    OK ch=1 v=0.3128
    OK ch=5 v=0.2081
    OK ch=1 v=0.3058
    OK ch=3 v=0.2536
    OK ch=5 v=0.2069
    OK ch=7 v=1.0021
    OK ch=1 v=0.2963
    OK ch=3 v=0.2487
    OK ch=5 v=0.2082
    OK ch=7 v=1.0039
    OK ch=1 v=0.3173
    OK ch=3 v=0.2524
    OK ch=5 v=0.2095
    OK ch=7 v=1.0058
    OK ch=1 v=0.2820
    OK ch=3 v=0.2576
    OK ch=7 v=1.0070
    OK ch=1 v=0.2956
    OK ch=3 v=0.2593
    OK ch=5 v=0.2112
    OK ch=7 v=1.0081
    OK ch=1 v=0.3073
    OK ch=5 v=0.2129
    OK ch=1 v=0.2899
    OK ch=3 v=0.2609
    OK ch=1 v=0.2978
    OK ch=3 v=0.2631
    OK ch=5 v=0.2140
    OK ch=7 v=1.0076
    OK ch=1 v=0.2889
    OK ch=3 v=0.2581
    OK ch=5 v=0.2157
    OK ch=7 v=1.0049
    OK ch=1 v=0.2622
    OK ch=3 v=0.2391
    OK ch=5 v=0.2170
    OK ch=7 v=1.0039
    OK ch=1 v=0.2712
    OK ch=3 v=0.2534
    OK ch=5 v=0.2215
    OK ch=7 v=0.9978
    OK ch=1 v=0.2996
    OK ch=3 v=0.2588
    OK ch=5 v=0.2201
    OK ch=1 v=0.2746
    OK ch=3 v=0.2539
    OK ch=5 v=0.2210
    OK ch=7 v=0.9925
    OK ch=1 v=0.2294
    OK ch=3 v=0.2433
    OK ch=5 v=0.2220
    OK ch=7 v=0.9944
    OK ch=1 v=0.2483
    OK ch=3 v=0.2394
    OK ch=5 v=0.2212
    OK ch=7 v=0.9975
    OK ch=1 v=0.2849
    OK ch=3 v=0.2477
    OK ch=5 v=0.2203
    OK ch=1 v=0.2840
    OK ch=3 v=0.2505
    OK ch=5 v=0.2196
    OK ch=7 v=0.9953
    OK ch=1 v=0.2967
    OK ch=3 v=0.2552
    OK ch=5 v=0.2212
    OK ch=7 v=0.9963
    OK ch=1 v=0.2642
    OK ch=3 v=0.2456
    OK ch=5 v=0.2228
    OK ch=7 v=0.9987
    OK ch=1 v=0.2498
    OK ch=3 v=0.2483
    OK ch=5 v=0.2198
    OK ch=1 v=0.2463
    OK ch=5 v=0.2176
    OK ch=7 v=0.9997
    OK ch=1 v=0.2749
    OK ch=3 v=0.2510
    OK ch=7 v=1.0022
    OK ch=1 v=0.2991
    OK ch=3 v=0.2591
    OK ch=5 v=0.2167
    OK ch=7 v=1.0031
    OK ch=1 v=0.2832
    OK ch=3 v=0.2516
    OK ch=5 v=0.2147
    OK ch=7 v=1.0021
    OK ch=1 v=0.2648
    OK ch=3 v=0.2479
    OK ch=5 v=0.2129
    OK ch=7 v=1.0044
    OK ch=1 v=0.3131
    OK ch=3 v=0.2591
    OK ch=5 v=0.2114
    OK ch=7 v=1.0065
    OK ch=1 v=0.2885
    OK ch=3 v=0.2562
    OK ch=5 v=0.2120
    OK ch=1 v=0.3003
    OK ch=3 v=0.2553
    OK ch=1 v=0.2952
    OK ch=3 v=0.2531
    OK ch=5 v=0.2097
    OK ch=7 v=1.0053
    OK ch=1 v=0.3025
    OK ch=3 v=0.2585
    OK ch=5 v=0.2090
    OK ch=7 v=1.0059
    OK ch=1 v=0.2682
    OK ch=3 v=0.2475
    OK ch=5 v=0.2102
    OK ch=7 v=1.0032
    OK ch=1 v=0.3147
    OK ch=3 v=0.2534
    OK ch=7 v=1.0066
    OK ch=1 v=0.2807
    OK ch=3 v=0.2479
    OK ch=7 v=1.0081
    OK ch=1 v=0.3006
    OK ch=3 v=0.2509
    OK ch=5 v=0.2116
    OK ch=7 v=1.0064
    OK ch=1 v=0.2698
    OK ch=3 v=0.2517
    OK ch=5 v=0.2142
    OK ch=7 v=1.0051
    OK ch=1 v=0.2685
    OK ch=3 v=0.2505
    OK ch=5 v=0.2152
    OK ch=7 v=1.0044
    OK ch=1 v=0.2679
    OK ch=3 v=0.2482
    OK ch=5 v=0.2173
    OK ch=7 v=1.0028
    OK ch=1 v=0.2577
    OK ch=3 v=0.2443
    OK ch=5 v=0.2180
    OK ch=7 v=1.0017
    OK ch=1 v=0.2637
    OK ch=3 v=0.2486
    OK ch=5 v=0.2192
    OK ch=7 v=1.0011
    OK ch=1 v=0.2734
    OK ch=3 v=0.2519
    OK ch=5 v=0.2205
    OK ch=7 v=0.9974
    OK ch=1 v=0.2653
    OK ch=3 v=0.2502
    OK ch=7 v=0.9980
    OK ch=3 v=0.2516
    OK ch=5 v=0.2199
    OK ch=7 v=0.9968
    OK ch=1 v=0.2966
    OK ch=3 v=0.2533
    OK ch=7 v=0.9955
    OK ch=1 v=0.2773
    OK ch=5 v=0.2210
    OK ch=7 v=0.9970
    OK ch=1 v=0.2735
    OK ch=7 v=0.9976
    OK ch=1 v=0.2497
    OK ch=3 v=0.2468
    OK ch=5 v=0.2225
    OK ch=7 v=0.9998
    OK ch=1 v=0.2839
    OK ch=3 v=0.2498
    OK ch=5 v=0.2197
    OK ch=7 v=0.9969
    OK ch=1 v=0.2966
    OK ch=3 v=0.2546
    OK ch=5 v=0.2185
    OK ch=1 v=0.2948
    OK ch=3 v=0.2583
    OK ch=5 v=0.2170
    OK ch=7 v=0.9989
    OK ch=1 v=0.2890
    OK ch=3 v=0.2521
    OK ch=5 v=0.2165
    OK ch=7 v=0.9996
    OK ch=1 v=0.2798
    OK ch=3 v=0.2483
    OK ch=7 v=1.0009
    OK ch=1 v=0.2791
    OK ch=3 v=0.2521
    OK ch=7 v=1.0029
    OK ch=1 v=0.2742
    OK ch=3 v=0.2505
    OK ch=5 v=0.2134
    OK ch=1 v=0.2768
    OK ch=3 v=0.2492
    OK ch=5 v=0.2128
    OK ch=7 v=1.0009
    OK ch=1 v=0.3054
    OK ch=3 v=0.2567
    OK ch=7 v=1.0044
    OK ch=1 v=0.2908
    OK ch=3 v=0.2556
    OK ch=1 v=0.2881
    OK ch=3 v=0.2603
    OK ch=5 v=0.2122
    OK ch=7 v=1.0053
    OK ch=1 v=0.2660
    OK ch=7 v=1.0044
    OK ch=1 v=0.2629
    OK ch=3 v=0.2497
    OK ch=5 v=0.2129
    OK ch=7 v=1.0037
    OK ch=1 v=0.3178
    OK ch=3 v=0.2535
    OK ch=5 v=0.2114
    OK ch=7 v=1.0075
    OK ch=1 v=0.2772
    OK ch=3 v=0.2451
    OK ch=5 v=0.2128
    OK ch=7 v=1.0061
    OK ch=1 v=0.2825
    OK ch=3 v=0.2514
    OK ch=1 v=0.2612
    OK ch=3 v=0.2490
    OK ch=7 v=1.0030
    OK ch=1 v=0.2586
    OK ch=3 v=0.2512
    OK ch=5 v=0.2139
    OK ch=7 v=1.0024
    OK ch=1 v=0.2677
    OK ch=3 v=0.2494
    OK ch=7 v=1.0041
    OK ch=3 v=0.2472
    OK ch=5 v=0.2157
    OK ch=7 v=1.0023
    OK ch=1 v=0.2814
    OK ch=3 v=0.2526
    OK ch=5 v=0.2170
    OK ch=1 v=0.3074
    OK ch=3 v=0.2549
    OK ch=5 v=0.2178
    OK ch=7 v=1.0011
    OK ch=1 v=0.2811
    OK ch=3 v=0.2543
    OK ch=3 v=0.2501
    OK ch=5 v=0.2196
    OK ch=1 v=0.2567
    OK ch=3 v=0.2454
    OK ch=5 v=0.2202
    OK ch=7 v=0.9985
    OK ch=1 v=0.2860
    OK ch=3 v=0.2447
    OK ch=5 v=0.2210
    OK ch=1 v=0.2588
    OK ch=3 v=0.2429
    OK ch=5 v=0.2194
    OK ch=7 v=1.0007
    OK ch=1 v=0.2487
    OK ch=3 v=0.2421
    OK ch=5 v=0.2186
    OK ch=1 v=0.2726
    OK ch=3 v=0.2449
    OK ch=5 v=0.2193
    OK ch=7 v=0.9971
    OK ch=1 v=0.2752
    OK ch=3 v=0.2508
    OK ch=7 v=0.9981
    OK ch=1 v=0.3149
    OK ch=3 v=0.2598
    OK ch=5 v=0.2183
    OK ch=7 v=0.9994
    OK ch=1 v=0.2825
    OK ch=3 v=0.2548
    OK ch=5 v=0.2156
    OK ch=7 v=1.0008
    OK ch=1 v=0.2723
    OK ch=3 v=0.2541
    OK ch=5 v=0.2162
    OK ch=7 v=0.9981
    OK ch=1 v=0.2513
    OK ch=3 v=0.2462
    OK ch=7 v=1.0015
    OK ch=1 v=0.2953
    OK ch=3 v=0.2523
    OK ch=7 v=1.0036
    OK ch=1 v=0.2909
    OK ch=3 v=0.2562
    OK ch=5 v=0.2145
    OK ch=7 v=1.0014
    OK ch=1 v=0.2921
    OK ch=3 v=0.2603
    OK ch=5 v=0.2129
    OK ch=7 v=1.0035
    OK ch=1 v=0.2953
    OK ch=3 v=0.2580
    OK ch=5 v=0.2139
    OK ch=1 v=0.2939
    OK ch=3 v=0.2520
    OK ch=5 v=0.2148
    OK ch=7 v=1.0042
    OK ch=1 v=0.2857
    OK ch=3 v=0.2490
    OK ch=7 v=1.0036
    OK ch=1 v=0.2904
    OK ch=3 v=0.2525
    OK ch=5 v=0.2124
    OK ch=7 v=1.0053
    OK ch=1 v=0.2697
    OK ch=3 v=0.2541
    OK ch=5 v=0.2136
    OK ch=7 v=1.0032
    OK ch=1 v=0.2921
    OK ch=3 v=0.2521
    OK ch=7 v=1.0045
    OK ch=1 v=0.2998
    OK ch=3 v=0.2550
    OK ch=5 v=0.2149
    OK ch=7 v=1.0027
    OK ch=1 v=0.2577
    OK ch=3 v=0.2485
    OK ch=7 v=1.0041
    OK ch=1 v=0.2684
    OK ch=3 v=0.2515
    OK ch=5 v=0.2158
    OK ch=7 v=1.0023
    OK ch=1 v=0.3028
    OK ch=3 v=0.2556
    OK ch=7 v=1.0015
    OK ch=1 v=0.2867
    OK ch=3 v=0.2539
    OK ch=1 v=0.2814
    OK ch=3 v=0.2495
    OK ch=5 v=0.2169
    OK ch=7 v=1.0001
    OK ch=1 v=0.2619
    OK ch=3 v=0.2437
    OK ch=5 v=0.2174
    OK ch=7 v=1.0013
    OK ch=1 v=0.2667
    OK ch=3 v=0.2512
    OK ch=5 v=0.2194
    OK ch=7 v=1.0004
    OK ch=1 v=0.2562
    OK ch=3 v=0.2481
    OK ch=7 v=0.9960
    OK ch=1 v=0.2527
    OK ch=3 v=0.2461
    OK ch=7 v=0.9980
    OK ch=1 v=0.2779
    OK ch=3 v=0.2496
    OK ch=5 v=0.2177
    OK ch=7 v=0.9997
    OK ch=1 v=0.3022
    OK ch=3 v=0.2525
    OK ch=1 v=0.2815
    OK ch=3 v=0.2518
    OK ch=5 v=0.2185
    OK ch=7 v=1.0004
    OK ch=1 v=0.2755
    OK ch=3 v=0.2551
    OK ch=5 v=0.2175
    OK ch=7 v=1.0024
    OK ch=1 v=0.2715
    OK ch=3 v=0.2464
    OK ch=7 v=1.0016
    OK ch=1 v=0.2853
    OK ch=3 v=0.2473
    OK ch=5 v=0.2165
    OK ch=1 v=0.2805
    OK ch=3 v=0.2524
    OK ch=5 v=0.2172
    OK ch=7 v=1.0006
    OK ch=1 v=0.3119
    OK ch=3 v=0.2571
    OK ch=5 v=0.2148
    OK ch=7 v=1.0020
    OK ch=1 v=0.2688
    OK ch=3 v=0.2537
    OK ch=5 v=0.2155
    OK ch=1 v=0.2756
    OK ch=3 v=0.2500
    OK ch=7 v=1.0035
    OK ch=1 v=0.2771
    OK ch=3 v=0.2531
    OK ch=5 v=0.2140
    OK ch=1 v=0.2710
    OK ch=3 v=0.2511
    OK ch=5 v=0.2131
    OK ch=7 v=1.0029
    OK ch=1 v=0.2691
    OK ch=3 v=0.2484
    OK ch=7 v=1.0036
    OK ch=1 v=0.3078
    OK ch=3 v=0.2535
    OK ch=1 v=0.3238
    OK ch=3 v=0.2485
    OK ch=5 v=0.2109
    OK ch=7 v=1.0016
    OK ch=1 v=0.2809
    OK ch=3 v=0.2515
    OK ch=5 v=0.2145
    OK ch=7 v=1.0046
    OK ch=1 v=0.2597
    OK ch=3 v=0.2568
    OK ch=5 v=0.2136
    OK ch=7 v=1.0052
    OK ch=1 v=0.2859
    OK ch=3 v=0.2547
    OK ch=7 v=1.0039
    OK ch=1 v=0.2962
    OK ch=3 v=0.2557
    OK ch=7 v=1.0053
    OK ch=1 v=0.2626
    OK ch=3 v=0.2510
    OK ch=5 v=0.2161
    OK ch=7 v=1.0020
    OK ch=1 v=0.2620
    OK ch=3 v=0.2464
    OK ch=1 v=0.2750
    OK ch=3 v=0.2477
    OK ch=5 v=0.2169
    OK ch=1 v=0.3169
    OK ch=3 v=0.2588
    OK ch=7 v=1.0004
    OK ch=1 v=0.2851
    OK ch=3 v=0.2500
    OK ch=7 v=1.0015
    OK ch=1 v=0.2488
    OK ch=5 v=0.2177
[  100.2s] DAMPING     ch0:.... g=-0.0300 bp=-0.022V ratio=0.06  ch1:.... g=-0.0300 bp=+0.003V ratio=0.04  ch2:.... g=+0.0100 bp=+0.020V ratio=0.05  ch3:.... g=-0.0300 bp=+0.011V ratio=0.06
    OK ch=1 v=0.2683
    OK ch=3 v=0.2531
    OK ch=5 v=0.2182
    OK ch=1 v=0.3114
    OK ch=3 v=0.2572
    OK ch=5 v=0.2189
    OK ch=1 v=0.2659
    OK ch=3 v=0.2506
    OK ch=5 v=0.2174
    OK ch=7 v=1.0003
    OK ch=1 v=0.2687
    OK ch=3 v=0.2468
    OK ch=5 v=0.2194
    OK ch=7 v=0.9993
    OK ch=1 v=0.2720
    OK ch=3 v=0.2512
    OK ch=5 v=0.2188
    OK ch=7 v=0.9999
    OK ch=1 v=0.2770
    OK ch=3 v=0.2464
    OK ch=7 v=0.9961
    OK ch=1 v=0.2982
    OK ch=3 v=0.2517
    OK ch=5 v=0.2181
    OK ch=7 v=0.9982
    OK ch=1 v=0.2784
    OK ch=3 v=0.2508
    OK ch=1 v=0.2693
    OK ch=5 v=0.2175
    OK ch=7 v=0.9998
    OK ch=1 v=0.2711
    OK ch=3 v=0.2499
    OK ch=1 v=0.2825
    OK ch=5 v=0.2168
    OK ch=7 v=1.0029
    OK ch=1 v=0.2768
    OK ch=3 v=0.2506
    OK ch=5 v=0.2162
    OK ch=7 v=1.0015
    OK ch=1 v=0.2976
    OK ch=3 v=0.2570
    OK ch=5 v=0.2152
    OK ch=7 v=1.0027
    OK ch=1 v=0.2614
    OK ch=3 v=0.2505
    OK ch=7 v=1.0004
    OK ch=1 v=0.2920
    OK ch=3 v=0.2531
    OK ch=1 v=0.3114
    OK ch=3 v=0.2581
    OK ch=7 v=1.0032
    OK ch=1 v=0.2861
    OK ch=3 v=0.2558
    OK ch=5 v=0.2139
    OK ch=7 v=1.0040
    OK ch=1 v=0.3061
    OK ch=5 v=0.2133
    OK ch=7 v=1.0047
    OK ch=1 v=0.2698
    OK ch=3 v=0.2545
    OK ch=7 v=1.0053
    OK ch=1 v=0.2625
    OK ch=3 v=0.2483
    OK ch=5 v=0.2139
    OK ch=1 v=0.2829
    OK ch=3 v=0.2522
    OK ch=7 v=0.9998
    OK ch=1 v=0.2846
    OK ch=3 v=0.2493
    OK ch=5 v=0.2131
    OK ch=7 v=1.0048
    OK ch=1 v=0.2912
    OK ch=3 v=0.2503
    OK ch=1 v=0.2840
    OK ch=3 v=0.2519
    OK ch=5 v=0.2146
    OK ch=7 v=1.0066
    OK ch=1 v=0.2537
    OK ch=3 v=0.2452
    OK ch=7 v=1.0042
    OK ch=1 v=0.2557
    OK ch=3 v=0.2468
    OK ch=5 v=0.2153
    OK ch=7 v=1.0016
    OK ch=1 v=0.2814
    OK ch=3 v=0.2525
    OK ch=1 v=0.2676
    OK ch=3 v=0.2511
    OK ch=1 v=0.2745
    OK ch=5 v=0.2165
    OK ch=1 v=0.2860
    OK ch=3 v=0.2531
    OK ch=1 v=0.2745
    OK ch=3 v=0.2492
    OK ch=5 v=0.2174
    OK ch=7 v=1.0026
    OK ch=1 v=0.2771
    OK ch=3 v=0.2544
    OK ch=1 v=0.2957
    OK ch=3 v=0.2503
    OK ch=7 v=1.0000
    OK ch=1 v=0.2843
    OK ch=5 v=0.2187
    OK ch=7 v=0.9994
    OK ch=1 v=0.2683
    OK ch=3 v=0.2447
    OK ch=5 v=0.2201
    OK ch=1 v=0.2604
    OK ch=3 v=0.2512
    OK ch=5 v=0.2190
    OK ch=7 v=0.9980
    OK ch=1 v=0.2938
    OK ch=3 v=0.2496
    OK ch=5 v=0.2166
    OK ch=7 v=1.0001
    OK ch=1 v=0.2791
    OK ch=3 v=0.2525
    OK ch=5 v=0.2176
    OK ch=7 v=0.9988
    OK ch=1 v=0.2942
    OK ch=3 v=0.2540
    OK ch=5 v=0.2181
    OK ch=7 v=1.0009
    OK ch=1 v=0.2756
    OK ch=3 v=0.2489
    OK ch=5 v=0.2165
    OK ch=7 v=0.9983
    OK ch=1 v=0.2805
    OK ch=3 v=0.2548
    OK ch=5 v=0.2171
    OK ch=7 v=1.0004
    OK ch=1 v=0.2765
    OK ch=3 v=0.2502
    OK ch=7 v=1.0014
    OK ch=1 v=0.2981
    OK ch=3 v=0.2472
    OK ch=5 v=0.2156
    OK ch=7 v=1.0007
    OK ch=1 v=0.2944
    OK ch=3 v=0.2586
    OK ch=5 v=0.2141
    OK ch=7 v=1.0034
    OK ch=1 v=0.2624
    OK ch=3 v=0.2489
    OK ch=7 v=1.0023
    OK ch=1 v=0.2501
    OK ch=3 v=0.2466
    OK ch=5 v=0.2152
    OK ch=7 v=1.0032
    OK ch=1 v=0.2925
    OK ch=3 v=0.2560
    OK ch=5 v=0.2138
    OK ch=7 v=1.0042
    OK ch=1 v=0.2792
    OK ch=5 v=0.2146
    OK ch=7 v=1.0024
    OK ch=1 v=0.2769
    OK ch=3 v=0.2538
    OK ch=7 v=1.0031
    OK ch=1 v=0.2940
    OK ch=3 v=0.2560
    OK ch=7 v=1.0041
    OK ch=1 v=0.2849
    OK ch=3 v=0.2552
    OK ch=5 v=0.2138
    OK ch=7 v=1.0048
    OK ch=1 v=0.2864
    OK ch=3 v=0.2488
    OK ch=5 v=0.2153
    OK ch=7 v=1.0027
    OK ch=1 v=0.2910
    OK ch=3 v=0.2507
    OK ch=1 v=0.2975
    OK ch=3 v=0.2559

*** LOCKED -- 11.0s after gain was applied (t=102.2s total) ***

    OK ch=1 v=0.2697
    OK ch=3 v=0.2510
    OK ch=7 v=1.0035
    OK ch=1 v=0.2492
    OK ch=3 v=0.2443
    OK ch=5 v=0.2163
    OK ch=1 v=0.2749
    OK ch=3 v=0.2517
    OK ch=5 v=0.2157
    OK ch=1 v=0.2817
    OK ch=3 v=0.2488
    OK ch=7 v=1.0009
    OK ch=1 v=0.2866
    OK ch=3 v=0.2500
    OK ch=5 v=0.2172
    OK ch=7 v=1.0002
    OK ch=1 v=0.2830
    OK ch=3 v=0.2509
    OK ch=7 v=0.9982
    OK ch=1 v=0.2681
    OK ch=3 v=0.2501
    OK ch=7 v=0.9988
    OK ch=1 v=0.2622
    OK ch=3 v=0.2481
    OK ch=1 v=0.2895
    OK ch=3 v=0.2552
    OK ch=5 v=0.2185
    OK ch=7 v=1.0004
    OK ch=1 v=0.2698
    OK ch=3 v=0.2497
    OK ch=5 v=0.2179
    OK ch=7 v=0.9981
    OK ch=1 v=0.2852
    OK ch=3 v=0.2564
    OK ch=7 v=1.0026
    OK ch=1 v=0.2943
    OK ch=3 v=0.2529
    OK ch=5 v=0.2168
    OK ch=7 v=1.0034
    OK ch=1 v=0.2822
    OK ch=3 v=0.2515
    OK ch=7 v=1.0008
    OK ch=1 v=0.2732
    OK ch=3 v=0.2548
    OK ch=5 v=0.2176
    OK ch=7 v=1.0019
    OK ch=1 v=0.2595
    OK ch=3 v=0.2474
    OK ch=5 v=0.2170
    OK ch=7 v=1.0010
    OK ch=1 v=0.3005
    OK ch=3 v=0.2533
    OK ch=5 v=0.2164
    OK ch=7 v=1.0036
    OK ch=1 v=0.2724
    OK ch=3 v=0.2503
    OK ch=5 v=0.2173
    OK ch=1 v=0.2811
    OK ch=3 v=0.2525
    OK ch=5 v=0.2143
    OK ch=7 v=1.0030
    OK ch=1 v=0.2888
    OK ch=3 v=0.2504
    OK ch=5 v=0.2149
    OK ch=7 v=1.0047
    OK ch=1 v=0.3020
    OK ch=3 v=0.2550
    OK ch=5 v=0.2129
    OK ch=7 v=1.0028
    OK ch=1 v=0.2670
    OK ch=3 v=0.2477
    OK ch=5 v=0.2139
    OK ch=7 v=1.0019
    OK ch=1 v=0.2845
    OK ch=3 v=0.2488
    OK ch=7 v=1.0028
    OK ch=1 v=0.2910
    OK ch=3 v=0.2559
    OK ch=1 v=0.2613
    OK ch=3 v=0.2521
    OK ch=1 v=0.2569
    OK ch=3 v=0.2483
    OK ch=1 v=0.2832
    OK ch=3 v=0.2523
    OK ch=1 v=0.2960
    OK ch=3 v=0.2534
    OK ch=7 v=1.0006
    OK ch=1 v=0.2952
    OK ch=3 v=0.2558
    OK ch=5 v=0.2146
    OK ch=7 v=1.0034
    OK ch=1 v=0.2566
    OK ch=3 v=0.2490
    OK ch=5 v=0.2167
    OK ch=7 v=1.0010
    OK ch=1 v=0.2807
    OK ch=3 v=0.2532
    OK ch=7 v=1.0019
    OK ch=1 v=0.2891
    OK ch=3 v=0.2572
    OK ch=7 v=1.0032
    OK ch=1 v=0.2863
    OK ch=3 v=0.2506
    OK ch=7 v=1.0018
    OK ch=1 v=0.2777
    OK ch=3 v=0.2490
    OK ch=1 v=0.2806
    OK ch=3 v=0.2538
    OK ch=5 v=0.2176
    OK ch=7 v=1.0013
    OK ch=1 v=0.2811
    OK ch=3 v=0.2522
    OK ch=5 v=0.2186
    OK ch=1 v=0.2712
    OK ch=3 v=0.2456
    OK ch=5 v=0.2192
    OK ch=7 v=1.0002
    OK ch=1 v=0.2741
    OK ch=3 v=0.2449
    OK ch=5 v=0.2172
    OK ch=7 v=0.9935
    OK ch=1 v=0.2617
    OK ch=3 v=0.2520
    OK ch=5 v=0.2193
    OK ch=7 v=1.0000
    OK ch=1 v=0.2742
    OK ch=5 v=0.2176
    OK ch=3 v=0.2533
    OK ch=5 v=0.2167
    OK ch=1 v=0.2923
    OK ch=3 v=0.2580
    OK ch=5 v=0.2162
    OK ch=7 v=1.0018
    OK ch=1 v=0.2961
    OK ch=3 v=0.2552
    OK ch=7 v=1.0004
    OK ch=1 v=0.2841
    OK ch=3 v=0.2536
    OK ch=5 v=0.2176
    OK ch=7 v=1.0030
    OK ch=1 v=0.2901
    OK ch=5 v=0.2160
    OK ch=7 v=1.0023
    OK ch=1 v=0.2871
    OK ch=3 v=0.2553
    OK ch=7 v=1.0033
    OK ch=1 v=0.2649
    OK ch=3 v=0.2473
    OK ch=5 v=0.2150
    OK ch=7 v=1.0020
    OK ch=1 v=0.2970
    OK ch=3 v=0.2514
    OK ch=1 v=0.2824
    OK ch=5 v=0.2142
    OK ch=7 v=1.0029
    OK ch=1 v=0.2769
    OK ch=3 v=0.2521
    OK ch=5 v=0.2160
    OK ch=7 v=1.0055
    OK ch=1 v=0.2854
    OK ch=3 v=0.2497
    OK ch=5 v=0.2146
    OK ch=7 v=1.0025
    OK ch=1 v=0.2544
    OK ch=3 v=0.2453
    OK ch=5 v=0.2138
    OK ch=1 v=0.2739
    OK ch=3 v=0.2511
    OK ch=5 v=0.2145
    OK ch=7 v=1.0037
    OK ch=1 v=0.2748
    OK ch=3 v=0.2504
    OK ch=5 v=0.2154
    OK ch=7 v=0.9997
    OK ch=1 v=0.2771
    OK ch=3 v=0.2554
    OK ch=5 v=0.2128
    OK ch=7 v=1.0042
    OK ch=1 v=0.3067
    OK ch=3 v=0.2573
    OK ch=5 v=0.2157
    OK ch=7 v=1.0030
    OK ch=1 v=0.2772
    OK ch=3 v=0.2544
    OK ch=7 v=1.0046
    OK ch=1 v=0.2585
    OK ch=3 v=0.2481
    OK ch=7 v=1.0040
    OK ch=1 v=0.2608
    OK ch=3 v=0.2462
    OK ch=7 v=1.0019
    OK ch=1 v=0.2669
    OK ch=3 v=0.2471
    OK ch=7 v=1.0012
    OK ch=1 v=0.2821
    OK ch=3 v=0.2486
    OK ch=7 v=0.9999
    OK ch=1 v=0.2895
    OK ch=3 v=0.2535
    OK ch=5 v=0.2172
    OK ch=1 v=0.2985
    OK ch=3 v=0.2554
    OK ch=5 v=0.2178
    OK ch=7 v=1.0016
    OK ch=1 v=0.2672
    OK ch=3 v=0.2475
    OK ch=7 v=1.0009
    OK ch=1 v=0.2840
    OK ch=3 v=0.2520
    OK ch=7 v=0.9998
    OK ch=1 v=0.3028
    OK ch=3 v=0.2554
    OK ch=7 v=1.0012
    OK ch=1 v=0.2761
    OK ch=3 v=0.2505
    OK ch=7 v=1.0018
    OK ch=1 v=0.2606
    OK ch=3 v=0.2471
    OK ch=7 v=1.0031
    OK ch=1 v=0.2655
    OK ch=3 v=0.2511
    OK ch=1 v=0.2810
    OK ch=5 v=0.2166
    OK ch=7 v=0.9982
    OK ch=1 v=0.2606
    OK ch=3 v=0.2489
    OK ch=1 v=0.3044
    OK ch=3 v=0.2572
    OK ch=5 v=0.2156
    OK ch=7 v=1.0004
    OK ch=1 v=0.2702
    OK ch=3 v=0.2487
    OK ch=5 v=0.2173
    OK ch=1 v=0.2878
    OK ch=3 v=0.2515
    OK ch=5 v=0.2145
    OK ch=7 v=0.9985
    OK ch=1 v=0.2886
    OK ch=3 v=0.2557
    OK ch=5 v=0.2150
    OK ch=7 v=1.0028
    OK ch=1 v=0.3043
    OK ch=3 v=0.2527
    OK ch=7 v=1.0022
    OK ch=1 v=0.2878
    OK ch=7 v=1.0008
    OK ch=1 v=0.2627
    OK ch=3 v=0.2493
    OK ch=5 v=0.2139
    OK ch=7 v=1.0042
    OK ch=1 v=0.2694
    OK ch=3 v=0.2475
    OK ch=7 v=1.0023
    OK ch=1 v=0.2531
    OK ch=3 v=0.2483
    OK ch=5 v=0.2145
    OK ch=7 v=1.0055
    OK ch=1 v=0.2900
    OK ch=3 v=0.2544
    OK ch=5 v=0.2152
    OK ch=7 v=1.0038
    OK ch=1 v=0.2638
    OK ch=3 v=0.2477
    OK ch=7 v=1.0027
    OK ch=1 v=0.3030
    OK ch=3 v=0.2547
    OK ch=5 v=0.2142
    OK ch=7 v=1.0021
    OK ch=1 v=0.2953
    OK ch=3 v=0.2566
    OK ch=7 v=1.0029
    OK ch=1 v=0.2894
    OK ch=5 v=0.2149
    OK ch=7 v=1.0051
    OK ch=1 v=0.2859
    OK ch=3 v=0.2551
    OK ch=5 v=0.2162
    OK ch=7 v=1.0045
    OK ch=1 v=0.2743
    OK ch=3 v=0.2451
    OK ch=7 v=1.0021
    OK ch=3 v=0.2520
    OK ch=5 v=0.2171
    OK ch=7 v=1.0014
[  105.3s] DAMPING     ch0:LOCK g=-0.0300 bp=+0.010V ratio=0.05  ch1:LOCK g=-0.0300 bp=+0.003V ratio=0.03  ch2:LOCK g=+0.0100 bp=+0.013V ratio=0.03  ch3:LOCK g=-0.0300 bp=+0.010V ratio=0.04
    OK ch=1 v=0.2899
    OK ch=3 v=0.2512
    OK ch=7 v=1.0000
    OK ch=1 v=0.3088
    OK ch=3 v=0.2594
    OK ch=5 v=0.2179
    OK ch=7 v=0.9976
    OK ch=1 v=0.2850
    OK ch=3 v=0.2562
    OK ch=5 v=0.2167
    OK ch=7 v=1.0019
    OK ch=1 v=0.2534
    OK ch=3 v=0.2432
    OK ch=5 v=0.2174
    OK ch=7 v=0.9992
    OK ch=1 v=0.2555
    OK ch=1 v=0.2611
    OK ch=3 v=0.2475
    OK ch=1 v=0.2622
    OK ch=3 v=0.2506
    OK ch=5 v=0.2181
    OK ch=7 v=1.0013
    OK ch=1 v=0.2765
    OK ch=3 v=0.2557
    OK ch=5 v=0.2168
    OK ch=1 v=0.3071
    OK ch=3 v=0.2533
    OK ch=7 v=0.9991
    OK ch=1 v=0.2958
    OK ch=3 v=0.2486
    OK ch=5 v=0.2158
    OK ch=7 v=0.9982
    OK ch=1 v=0.2768
    OK ch=3 v=0.2532
    OK ch=7 v=1.0029
    OK ch=1 v=0.2703
    OK ch=3 v=0.2489
    OK ch=5 v=0.2168
    OK ch=7 v=1.0000
    OK ch=1 v=0.3059
    OK ch=3 v=0.2558
    OK ch=5 v=0.2159
    OK ch=7 v=1.0024
    OK ch=1 v=0.2580
    OK ch=3 v=0.2487
    OK ch=1 v=0.2968
    OK ch=3 v=0.2571
    OK ch=5 v=0.2151
    OK ch=7 v=1.0039
    OK ch=1 v=0.2645
    OK ch=3 v=0.2490
    OK ch=5 v=0.2159
    OK ch=1 v=0.2817
    OK ch=3 v=0.2541
    OK ch=7 v=1.0031
    OK ch=1 v=0.2978
    OK ch=3 v=0.2595
    OK ch=5 v=0.2149
    OK ch=7 v=1.0038
    OK ch=1 v=0.2941
    OK ch=3 v=0.2497
    OK ch=5 v=0.2134
    OK ch=7 v=1.0020
    OK ch=1 v=0.2952
    OK ch=3 v=0.2554
    OK ch=5 v=0.2142
    OK ch=7 v=1.0027
    OK ch=1 v=0.2694
    OK ch=3 v=0.2411
    OK ch=7 v=1.0059
    OK ch=1 v=0.2549
    OK ch=3 v=0.2484
    OK ch=5 v=0.2152
    OK ch=7 v=1.0029
    OK ch=1 v=0.2938
    OK ch=3 v=0.3364
    OK ch=5 v=0.2146
    OK ch=7 v=1.0016

[trim] ch3 kept at 1.00V -- total offset 543 -> 486 counts.


[trim] ch1 rests at 641 counts (+130 off mid-scale) -- bias -> 0.50V

    OK ch=1 v=0.3027
    OK ch=3 v=0.4247
    OK ch=5 v=0.2152
    OK ch=7 v=1.0001
    OK ch=1 v=0.2676
    OK ch=3 v=0.4997
    OK ch=5 v=0.2138
    OK ch=1 v=0.2530
    OK ch=3 v=0.4953
    OK ch=5 v=0.2124
    OK ch=7 v=0.9983
    OK ch=1 v=0.2566
    OK ch=3 v=0.4884
    OK ch=5 v=0.2111
    OK ch=1 v=0.2670
    OK ch=3 v=0.4853
    OK ch=7 v=0.9967
    OK ch=1 v=0.2521
    OK ch=3 v=0.4764
    OK ch=5 v=0.2118
    OK ch=7 v=0.9991
    OK ch=1 v=0.2549
    OK ch=3 v=0.4819
    OK ch=5 v=0.2127
    OK ch=7 v=0.9998
    OK ch=1 v=0.2509
    OK ch=3 v=0.4891
    OK ch=5 v=0.2144
    OK ch=7 v=1.0032
    OK ch=1 v=0.2859
    OK ch=3 v=0.5012
    OK ch=5 v=0.2168
    OK ch=7 v=1.0105
    OK ch=1 v=0.2713
    OK ch=3 v=0.5063
    OK ch=5 v=0.2195
    OK ch=7 v=1.0122
    OK ch=1 v=0.2469
    OK ch=3 v=0.5045
    OK ch=5 v=0.2185
    OK ch=7 v=1.0108
    OK ch=1 v=0.2704
    OK ch=3 v=0.5077
    OK ch=5 v=0.2159
    OK ch=7 v=1.0127
    OK ch=1 v=0.2609
    OK ch=3 v=0.5022
    OK ch=5 v=0.2152
    OK ch=1 v=0.2967
    OK ch=3 v=0.5053
    OK ch=5 v=0.2119
    OK ch=7 v=1.0091
    OK ch=1 v=0.2779
    OK ch=3 v=0.5029
    OK ch=5 v=0.2101
    OK ch=7 v=1.0057
    OK ch=1 v=0.3116
    OK ch=5 v=0.2078
    OK ch=7 v=1.0003
    OK ch=1 v=0.2848
    OK ch=3 v=0.5013
    OK ch=7 v=0.9991
    OK ch=1 v=0.2880
    OK ch=3 v=0.5002
    OK ch=7 v=0.9965
    OK ch=1 v=0.2955
    OK ch=3 v=0.4982
    OK ch=7 v=0.9956
    OK ch=1 v=0.3114
    OK ch=3 v=0.5039
    OK ch=5 v=0.2071
    OK ch=7 v=0.9967
    OK ch=1 v=0.2928
    OK ch=3 v=0.5050
    OK ch=5 v=0.2125
    OK ch=7 v=0.9938
    OK ch=1 v=0.2944
    OK ch=3 v=0.5056
    OK ch=5 v=0.2153
    OK ch=7 v=0.9959
    OK ch=1 v=0.3015
    OK ch=3 v=0.5069
    OK ch=5 v=0.2187
    OK ch=7 v=0.9985
    OK ch=1 v=0.2615
    OK ch=3 v=0.5018
    OK ch=5 v=0.2228
    OK ch=7 v=1.0002
    OK ch=1 v=0.2710
    OK ch=3 v=0.5092
    OK ch=5 v=0.2256
    OK ch=7 v=1.0012
    OK ch=1 v=0.3000
    OK ch=3 v=0.5198
    OK ch=5 v=0.2268
    OK ch=7 v=1.0017
    OK ch=1 v=0.3161
    OK ch=3 v=0.5220
    OK ch=5 v=0.2276
    OK ch=7 v=0.9996
    OK ch=1 v=0.2547
    OK ch=3 v=0.5071
    OK ch=5 v=0.2252
    OK ch=7 v=0.9990
    OK ch=1 v=0.2816
    OK ch=3 v=0.5013
    OK ch=5 v=0.2239
    OK ch=7 v=0.9965
    OK ch=1 v=0.2852
    OK ch=3 v=0.5018
    OK ch=5 v=0.2213
    OK ch=7 v=0.9947
    OK ch=1 v=0.2739
    OK ch=3 v=0.4998
    OK ch=5 v=0.2203
    OK ch=1 v=0.2441
    OK ch=3 v=0.4871
    OK ch=5 v=0.2188
    OK ch=7 v=0.9961
    OK ch=1 v=0.2762
    OK ch=3 v=0.4947
    OK ch=7 v=0.9932
    OK ch=1 v=0.3146
    OK ch=3 v=0.5078
    OK ch=5 v=0.2153
    OK ch=1 v=0.2960
    OK ch=3 v=0.5053
    OK ch=5 v=0.2132
    OK ch=7 v=0.9976
    OK ch=1 v=0.2711
    OK ch=3 v=0.4961
    OK ch=1 v=0.2781
    OK ch=3 v=0.4940
    OK ch=5 v=0.2143
    OK ch=7 v=0.9999
    OK ch=1 v=0.2676
    OK ch=3 v=0.4935
    OK ch=5 v=0.2160
    OK ch=7 v=1.0046
    OK ch=1 v=0.2825
    OK ch=3 v=0.4987
    OK ch=5 v=0.2148
    OK ch=7 v=1.0064
    OK ch=1 v=0.2783
    OK ch=3 v=0.5078
    OK ch=5 v=0.2110
    OK ch=7 v=1.0092
    OK ch=1 v=0.2652
    OK ch=3 v=0.5015
    OK ch=5 v=0.2123
    OK ch=7 v=1.0132
    OK ch=1 v=0.2438
    OK ch=3 v=0.5004
    OK ch=5 v=0.2108
    OK ch=7 v=1.0145
    OK ch=1 v=0.2919
    OK ch=3 v=0.5017
    OK ch=5 v=0.2089
    OK ch=3 v=0.5043
    OK ch=5 v=0.2070
    OK ch=7 v=1.0139
    OK ch=1 v=0.2615
    OK ch=3 v=0.4969
    OK ch=5 v=0.2096
    OK ch=7 v=1.0131
    OK ch=1 v=0.2565
    OK ch=5 v=0.2064
    OK ch=7 v=1.0189
    OK ch=1 v=0.2854
    OK ch=3 v=0.5030
    OK ch=5 v=0.2081
    OK ch=7 v=1.0146
    OK ch=1 v=0.3054
    OK ch=3 v=0.5052
    OK ch=5 v=0.1992
    OK ch=7 v=1.0183
    OK ch=1 v=0.2656
    OK ch=3 v=0.4997
    OK ch=7 v=1.0151
    OK ch=1 v=0.2586
    OK ch=3 v=0.4956
    OK ch=5 v=0.2011
    OK ch=7 v=1.0058
    OK ch=1 v=0.2636
    OK ch=3 v=0.4944
    OK ch=7 v=1.0065
    OK ch=1 v=0.2675
    OK ch=3 v=0.4831
    OK ch=5 v=0.2054
    OK ch=7 v=0.9940
    OK ch=1 v=0.3009
    OK ch=3 v=0.4921
    OK ch=5 v=0.2109
    OK ch=7 v=0.9909
    OK ch=1 v=0.2725
    OK ch=3 v=0.4863
    OK ch=5 v=0.2146
    OK ch=7 v=0.9882
    OK ch=1 v=0.2706
    OK ch=3 v=0.4987
    OK ch=7 v=1.0015
    OK ch=1 v=0.2783
    OK ch=3 v=0.4967
    OK ch=5 v=0.2214
    OK ch=7 v=0.9961
    OK ch=1 v=0.2700
    OK ch=3 v=0.4990
    OK ch=5 v=0.2302
    OK ch=7 v=0.9927
    OK ch=3 v=0.5060
    OK ch=5 v=0.2343
    OK ch=7 v=0.9950
    OK ch=1 v=0.2648
    OK ch=3 v=0.5043
    OK ch=5 v=0.2304
    OK ch=7 v=1.0035
    OK ch=1 v=0.2878
    OK ch=3 v=0.5129
    OK ch=5 v=0.2318
    OK ch=7 v=0.9988
    OK ch=1 v=0.2764
    OK ch=3 v=0.5062
    OK ch=5 v=0.2329
    OK ch=7 v=0.9977
    OK ch=1 v=0.3114
    OK ch=3 v=0.5151
    OK ch=5 v=0.2296
    OK ch=7 v=1.0002
    OK ch=1 v=0.2724
    OK ch=3 v=0.5097
    OK ch=5 v=0.2207
    OK ch=7 v=0.9963
    OK ch=1 v=0.2885
    OK ch=3 v=0.5078
    OK ch=5 v=0.2180
    OK ch=7 v=0.9916
    OK ch=1 v=0.2851
    OK ch=3 v=0.5048
    OK ch=5 v=0.2115
    OK ch=7 v=0.9934
    OK ch=1 v=0.2884
    OK ch=7 v=0.9912
    OK ch=1 v=0.3190
    OK ch=3 v=0.5040
    OK ch=5 v=0.2058
    OK ch=7 v=0.9969
    OK ch=1 v=0.3260
    OK ch=3 v=0.5071
    OK ch=5 v=0.2102
    OK ch=7 v=0.9926
    OK ch=1 v=0.3117
    OK ch=3 v=0.5017
    OK ch=5 v=0.2147
    OK ch=7 v=0.9934
    OK ch=1 v=0.2954
    OK ch=3 v=0.5037
    OK ch=5 v=0.2138
    OK ch=7 v=0.9975
    OK ch=1 v=0.3041
    OK ch=3 v=0.5109
    OK ch=5 v=0.2169
    OK ch=7 v=1.0032
    OK ch=1 v=0.2758
    OK ch=3 v=0.5037
    OK ch=5 v=0.2149
    OK ch=7 v=1.0107
    OK ch=1 v=0.2626
    OK ch=3 v=0.5056
    OK ch=5 v=0.2200
    OK ch=7 v=1.0083
    OK ch=1 v=0.2807
    OK ch=3 v=0.5085
    OK ch=5 v=0.2152
    OK ch=7 v=1.0178
    OK ch=1 v=0.2683
    OK ch=3 v=0.5129
    OK ch=5 v=0.2138
    OK ch=7 v=1.0126
    OK ch=1 v=0.2412
    OK ch=3 v=0.4981
    OK ch=5 v=0.2129
    OK ch=7 v=1.0132
    OK ch=1 v=0.2614
    OK ch=5 v=0.2144
    OK ch=7 v=1.0028
    OK ch=1 v=0.2813
    OK ch=3 v=0.5021
    OK ch=5 v=0.2182
    OK ch=7 v=0.9989
    OK ch=1 v=0.2895
    OK ch=3 v=0.4999
    OK ch=5 v=0.2122
    OK ch=7 v=1.0009
    OK ch=1 v=0.2587
    OK ch=3 v=0.4844
    OK ch=5 v=0.2131
    OK ch=7 v=0.9977
    OK ch=1 v=0.2424
    OK ch=3 v=0.4782
    OK ch=5 v=0.2072
    OK ch=7 v=0.9984
    OK ch=1 v=0.2841
    OK ch=3 v=0.4894
    OK ch=7 v=1.0077
    OK ch=1 v=0.2547
    OK ch=3 v=0.4918
    OK ch=5 v=0.2120
    OK ch=7 v=1.0006
    OK ch=1 v=0.2844
    OK ch=3 v=0.4990
    OK ch=5 v=0.2133
    OK ch=7 v=1.0048
    OK ch=1 v=0.2698
    OK ch=5 v=0.2170
    OK ch=7 v=0.9997
    OK ch=1 v=0.2444
    OK ch=3 v=0.4855
    OK ch=5 v=0.2242
    OK ch=7 v=1.0015
    OK ch=1 v=0.2617
    OK ch=3 v=0.4912
    OK ch=5 v=0.2233
    OK ch=7 v=1.0031
    OK ch=1 v=0.2943
    OK ch=3 v=0.5112
    OK ch=5 v=0.2169
    OK ch=7 v=0.9981
    OK ch=1 v=0.3095
    OK ch=3 v=0.5159
    OK ch=5 v=0.2157
    OK ch=7 v=1.0112
    OK ch=1 v=0.2561
    OK ch=3 v=0.5074
    OK ch=7 v=1.0146
    OK ch=1 v=0.2615
    OK ch=3 v=0.5019
    OK ch=5 v=0.2093
    OK ch=7 v=1.0173
    OK ch=1 v=0.2846
    OK ch=5 v=0.2085
    OK ch=7 v=1.0070
    OK ch=1 v=0.2958
    OK ch=3 v=0.4982
    OK ch=7 v=1.0028
    OK ch=1 v=0.2828
    OK ch=3 v=0.5008
    OK ch=5 v=0.2073
    OK ch=1 v=0.3019
    OK ch=3 v=0.5043
    OK ch=5 v=0.2084
    OK ch=7 v=0.9963
    OK ch=1 v=0.3059
    OK ch=3 v=0.4997
    OK ch=5 v=0.2133
    OK ch=7 v=0.9913
    OK ch=1 v=0.2947
    OK ch=3 v=0.4938
    OK ch=5 v=0.2149
    OK ch=7 v=0.9833
    OK ch=1 v=0.3039
    OK ch=3 v=0.4993
    OK ch=5 v=0.2132
    OK ch=7 v=0.9978
    OK ch=1 v=0.2870
    OK ch=3 v=0.5039
    OK ch=5 v=0.2218
    OK ch=7 v=0.9939
    OK ch=1 v=0.2659
    OK ch=3 v=0.5101
    OK ch=5 v=0.2235
    OK ch=7 v=1.0149
    OK ch=1 v=0.2696
    OK ch=3 v=0.5152
    OK ch=5 v=0.2217
    OK ch=7 v=0.9979
    OK ch=1 v=0.2897
    OK ch=3 v=0.5145
    OK ch=5 v=0.2249
    OK ch=7 v=0.9893
[  110.3s] DAMPING     ch0:LOCK g=-0.0300 bp=+0.040V ratio=0.14  ch1:LOCK g=-0.0300 bp=+0.025V ratio=0.20  ch2:LOCK g=+0.0100 bp=-0.015V ratio=0.10  ch3:LOCK g=-0.0300 bp=-0.021V ratio=0.17
    OK ch=1 v=0.2696
    OK ch=3 v=0.5127
    OK ch=5 v=0.2288
    OK ch=7 v=0.9948
    OK ch=1 v=0.2878
    OK ch=3 v=0.5077
    OK ch=5 v=0.2191
    OK ch=7 v=1.0139
    OK ch=1 v=0.2948
    OK ch=3 v=0.5118
    OK ch=5 v=0.2179
    OK ch=7 v=1.0110
    OK ch=1 v=0.2727
    OK ch=3 v=0.5010
    OK ch=5 v=0.2162
    OK ch=7 v=1.0071
    OK ch=1 v=0.2763
    OK ch=3 v=0.4948
    OK ch=5 v=0.2115
    OK ch=7 v=1.0112
    OK ch=1 v=0.2860
    OK ch=3 v=0.4943
    OK ch=5 v=0.2084
    OK ch=7 v=1.0012
    OK ch=1 v=0.2955
    OK ch=3 v=0.4999
    OK ch=5 v=0.2096
    OK ch=7 v=0.9980
    OK ch=1 v=0.2689
    OK ch=3 v=0.4931
    OK ch=5 v=0.2126
    OK ch=7 v=0.9881
    OK ch=1 v=0.2742
    OK ch=3 v=0.4844
    OK ch=5 v=0.2117
    OK ch=1 v=0.2633
    OK ch=3 v=0.4924
    OK ch=7 v=1.0014
    OK ch=1 v=0.2698
    OK ch=3 v=0.4901
    OK ch=5 v=0.2136
    OK ch=7 v=1.0005
    OK ch=1 v=0.2914
    OK ch=3 v=0.5013
    OK ch=5 v=0.2154
    OK ch=7 v=1.0012
    OK ch=1 v=0.2715
    OK ch=3 v=0.5029
    OK ch=5 v=0.2245
    OK ch=7 v=0.9996
    OK ch=1 v=0.2755
    OK ch=3 v=0.5090
    OK ch=5 v=0.2222
    OK ch=7 v=1.0086
    OK ch=1 v=0.2385
    OK ch=5 v=0.2237
    OK ch=7 v=1.0127
    OK ch=1 v=0.2554
    OK ch=3 v=0.5057
    OK ch=5 v=0.2154
    OK ch=7 v=1.0176
    OK ch=1 v=0.2663
    OK ch=3 v=0.5115
    OK ch=5 v=0.2185
    OK ch=7 v=1.0012
    OK ch=1 v=0.2911
    OK ch=3 v=0.5006
    OK ch=5 v=0.2121
    OK ch=7 v=1.0282
    OK ch=1 v=0.2605
    OK ch=3 v=0.4975
    OK ch=7 v=0.9962
    OK ch=1 v=0.2826
    OK ch=3 v=0.4955
    OK ch=5 v=0.2056
    OK ch=7 v=0.9994
    OK ch=3 v=0.4961
    OK ch=5 v=0.1956
    OK ch=7 v=1.0061
    OK ch=1 v=0.2912
    OK ch=3 v=0.4932
    OK ch=5 v=0.1986
    OK ch=7 v=0.9983
    OK ch=1 v=0.3066
    OK ch=3 v=0.4944
    OK ch=5 v=0.2067
    OK ch=7 v=0.9948
    OK ch=3 v=0.4965
    OK ch=5 v=0.2097
    OK ch=1 v=0.3012
    OK ch=5 v=0.2159
    OK ch=7 v=0.9858
    OK ch=3 v=0.4855
    OK ch=5 v=0.2248
    OK ch=7 v=0.9771
    OK ch=1 v=0.2875
    OK ch=3 v=0.4984
    OK ch=5 v=0.2253
    OK ch=7 v=0.9939
    OK ch=1 v=0.2663
    OK ch=3 v=0.5012
    OK ch=5 v=0.2269
    OK ch=7 v=0.9969
    OK ch=1 v=0.2745
    OK ch=3 v=0.5142
    OK ch=5 v=0.2225
    OK ch=7 v=1.0184
    OK ch=1 v=0.2540
    OK ch=3 v=0.5092
    OK ch=5 v=0.2283
    OK ch=7 v=1.0077
    OK ch=1 v=0.2639
    OK ch=3 v=0.5126
    OK ch=5 v=0.2242
    OK ch=7 v=1.0128
    OK ch=1 v=0.2592
    OK ch=3 v=0.5150
    OK ch=5 v=0.2199
    OK ch=7 v=1.0142
    OK ch=1 v=0.2679
    OK ch=3 v=0.5090
    OK ch=5 v=0.2154
    OK ch=7 v=1.0153
    OK ch=1 v=0.2947
    OK ch=3 v=0.5047
    OK ch=5 v=0.2141
    OK ch=7 v=1.0018
    OK ch=1 v=0.2836
    OK ch=3 v=0.5068
    OK ch=5 v=0.2115
    OK ch=7 v=0.9869
    OK ch=1 v=0.3039
    OK ch=3 v=0.4919
    OK ch=5 v=0.2094
    OK ch=7 v=0.9833
    OK ch=1 v=0.2921
    OK ch=3 v=0.4899
    OK ch=5 v=0.2041
    OK ch=7 v=0.9963
    OK ch=1 v=0.3234
    OK ch=3 v=0.4994
    OK ch=5 v=0.2088
    OK ch=1 v=0.2845
    OK ch=3 v=0.4936
    OK ch=5 v=0.2124
    OK ch=7 v=1.0031
    OK ch=1 v=0.2808
    OK ch=3 v=0.4927
    OK ch=5 v=0.2163
    OK ch=7 v=0.9952
    OK ch=1 v=0.2888
    OK ch=3 v=0.4972
    OK ch=5 v=0.2218
    OK ch=7 v=0.9941
    OK ch=1 v=0.2580
    OK ch=3 v=0.5024
    OK ch=5 v=0.2213
    OK ch=7 v=0.9995
    OK ch=1 v=0.2570
    OK ch=3 v=0.5127
    OK ch=5 v=0.2260
    OK ch=7 v=1.0089
    OK ch=1 v=0.2556
    OK ch=3 v=0.5119
    OK ch=5 v=0.2245
    OK ch=7 v=1.0177
    OK ch=1 v=0.2726
    OK ch=3 v=0.5148
    OK ch=5 v=0.2267
    OK ch=7 v=1.0148
    OK ch=1 v=0.2478
    OK ch=3 v=0.5067
    OK ch=5 v=0.2216
    OK ch=7 v=1.0115
    OK ch=1 v=0.2918
    OK ch=3 v=0.5120
    OK ch=5 v=0.2159
    OK ch=7 v=1.0173
    OK ch=1 v=0.2782
    OK ch=3 v=0.5004
    OK ch=5 v=0.2050
    OK ch=7 v=1.0015
    OK ch=1 v=0.2980
    OK ch=3 v=0.4898
    OK ch=5 v=0.2029
    OK ch=7 v=1.0002
    OK ch=1 v=0.2909
    OK ch=3 v=0.4929
    OK ch=5 v=0.2011
    OK ch=7 v=0.9928
    OK ch=1 v=0.2926
    OK ch=3 v=0.4895
    OK ch=5 v=0.2067
    OK ch=7 v=0.9850
    OK ch=1 v=0.2591
    OK ch=3 v=0.4910
    OK ch=5 v=0.2104
    OK ch=7 v=0.9884
    OK ch=1 v=0.2767
    OK ch=3 v=0.4874
    OK ch=5 v=0.2078
    OK ch=7 v=0.9965
    OK ch=1 v=0.3068
    OK ch=3 v=0.5018
    OK ch=5 v=0.2177
    OK ch=7 v=1.0119
    OK ch=1 v=0.3152
    OK ch=3 v=0.5051
    OK ch=5 v=0.2219
    OK ch=7 v=1.0079
    OK ch=1 v=0.2474
    OK ch=3 v=0.5026
    OK ch=5 v=0.2237
    OK ch=7 v=0.9957
    OK ch=1 v=0.2691
    OK ch=3 v=0.5068
    OK ch=5 v=0.2266
    OK ch=7 v=1.0038
    OK ch=1 v=0.2595
    OK ch=3 v=0.5164
    OK ch=7 v=1.0105
    OK ch=1 v=0.2540
    OK ch=3 v=0.5117
    OK ch=5 v=0.2232
    OK ch=7 v=1.0177
    OK ch=1 v=0.2453
    OK ch=3 v=0.5031
    OK ch=5 v=0.2227
    OK ch=7 v=1.0134
    OK ch=1 v=0.2762
    OK ch=3 v=0.5076
    OK ch=5 v=0.2128
    OK ch=7 v=1.0078
    OK ch=1 v=0.2976
    OK ch=3 v=0.5047
    OK ch=5 v=0.2067
    OK ch=1 v=0.2774
    OK ch=3 v=0.4981
    OK ch=5 v=0.2043
    OK ch=7 v=0.9991
    OK ch=1 v=0.2974
    OK ch=3 v=0.4938
    OK ch=5 v=0.1995
    OK ch=7 v=0.9984
    OK ch=1 v=0.3069
    OK ch=3 v=0.4910
    OK ch=5 v=0.2051
    OK ch=7 v=0.9757
    OK ch=1 v=0.2895
    OK ch=3 v=0.4839
    OK ch=5 v=0.2066
    OK ch=7 v=0.9844
    OK ch=1 v=0.2997
    OK ch=3 v=0.4929
    OK ch=5 v=0.2076
    OK ch=7 v=0.9962
    OK ch=1 v=0.2948
    OK ch=3 v=0.5053
    OK ch=5 v=0.2195
    OK ch=7 v=0.9975
    OK ch=1 v=0.2758
    OK ch=3 v=0.5011
    OK ch=5 v=0.2270
    OK ch=7 v=0.9895
    OK ch=3 v=0.5033
    OK ch=7 v=1.0049
    OK ch=1 v=0.2950
    OK ch=3 v=0.5117
    OK ch=5 v=0.2353
    OK ch=7 v=0.9995
    OK ch=1 v=0.2667
    OK ch=3 v=0.5126
    OK ch=5 v=0.2320
    OK ch=7 v=1.0117
    OK ch=1 v=0.2610
    OK ch=3 v=0.5181
    OK ch=5 v=0.2298
    OK ch=7 v=1.0213
    OK ch=1 v=0.2759
    OK ch=3 v=0.5174
    OK ch=5 v=0.2259
    OK ch=7 v=1.0183
    OK ch=1 v=0.2895
    OK ch=3 v=0.5155
    OK ch=5 v=0.2239
    OK ch=7 v=0.9928
    OK ch=1 v=0.2583
    OK ch=3 v=0.4975
    OK ch=5 v=0.2054
    OK ch=7 v=1.0188
    OK ch=1 v=0.2907
    OK ch=3 v=0.4959
    OK ch=5 v=0.2013
    OK ch=7 v=1.0111
    OK ch=1 v=0.2860
    OK ch=3 v=0.4923
    OK ch=5 v=0.2032
    OK ch=7 v=1.0079
    OK ch=1 v=0.2771
    OK ch=3 v=0.4796
    OK ch=5 v=0.1958
    OK ch=7 v=0.9915
    OK ch=1 v=0.2880
    OK ch=3 v=0.4829
    OK ch=5 v=0.2002
    OK ch=7 v=0.9858
    OK ch=1 v=0.3089
    OK ch=3 v=0.4874
    OK ch=5 v=0.2059
    OK ch=7 v=0.9938
    OK ch=1 v=0.2773
    OK ch=3 v=0.4953
    OK ch=5 v=0.2103
    OK ch=7 v=0.9890
    OK ch=1 v=0.2877
    OK ch=3 v=0.5012
    OK ch=5 v=0.2239
    OK ch=7 v=0.9896
    OK ch=1 v=0.2837
    OK ch=3 v=0.5207
    OK ch=5 v=0.2333
    OK ch=7 v=0.9854
    OK ch=1 v=0.2482
    OK ch=3 v=0.5098
    OK ch=5 v=0.2288
    OK ch=7 v=1.0181
    OK ch=1 v=0.2597
    OK ch=3 v=0.5188
    OK ch=5 v=0.2326
    OK ch=7 v=1.0189
    OK ch=1 v=0.2544
    OK ch=3 v=0.5140
    OK ch=5 v=0.2347
    OK ch=7 v=0.9956
    OK ch=1 v=0.2843
    OK ch=3 v=0.5173
    OK ch=5 v=0.2176
    OK ch=7 v=1.0272
    OK ch=1 v=0.2833
    OK ch=3 v=0.5114
    OK ch=5 v=0.2098
    OK ch=7 v=1.0236
    OK ch=1 v=0.2814
    OK ch=3 v=0.5022
    OK ch=5 v=0.2108
    OK ch=7 v=1.0142
    OK ch=1 v=0.2729
    OK ch=3 v=0.4923
    OK ch=5 v=0.1994
    OK ch=7 v=1.0034
    OK ch=1 v=0.2674
    OK ch=3 v=0.4826
    OK ch=7 v=0.9892
    OK ch=1 v=0.2931
    OK ch=3 v=0.4798
    OK ch=7 v=0.9833
    OK ch=1 v=0.3133
    OK ch=3 v=0.4852
    OK ch=5 v=0.2030
    OK ch=7 v=0.9818
    OK ch=1 v=0.3098
    OK ch=3 v=0.4894
    OK ch=5 v=0.2038
    OK ch=7 v=0.9805
    OK ch=1 v=0.2896
    OK ch=3 v=0.4860
    OK ch=5 v=0.2149
    OK ch=7 v=0.9861
    OK ch=1 v=0.2964
    OK ch=3 v=0.4990
    OK ch=5 v=0.2245
    OK ch=7 v=0.9948
    OK ch=1 v=0.2777
    OK ch=3 v=0.5057
    OK ch=5 v=0.2252
    OK ch=7 v=1.0093
    OK ch=1 v=0.2622
    OK ch=3 v=0.5110
    OK ch=5 v=0.2387
    OK ch=7 v=0.9890
    OK ch=1 v=0.2465
    OK ch=3 v=0.5208
    OK ch=5 v=0.2352
    OK ch=7 v=1.0118
    OK ch=1 v=0.2418
    OK ch=3 v=0.5158
    OK ch=5 v=0.2266
    OK ch=7 v=1.0329
    OK ch=1 v=0.2602
    OK ch=3 v=0.5164
    OK ch=5 v=0.2278
    OK ch=7 v=1.0128
    OK ch=1 v=0.2711
    OK ch=3 v=0.5059
    OK ch=5 v=0.2164
    OK ch=7 v=1.0175
    OK ch=1 v=0.2686
    OK ch=3 v=0.5052
    OK ch=5 v=0.2044
    OK ch=7 v=1.0190
    OK ch=1 v=0.2970
    OK ch=5 v=0.2013
    OK ch=7 v=1.0003
    OK ch=1 v=0.3080
    OK ch=3 v=0.4941
    OK ch=5 v=0.1945
    OK ch=1 v=0.3213
    OK ch=3 v=0.4894
    OK ch=5 v=0.1934
    OK ch=7 v=0.9935
    OK ch=1 v=0.3104
    OK ch=3 v=0.4792
    OK ch=5 v=0.1955
    OK ch=7 v=0.9858
    OK ch=1 v=0.3172
    OK ch=3 v=0.4877
    OK ch=5 v=0.2067
    OK ch=7 v=0.9968
    OK ch=1 v=0.2952
    OK ch=3 v=0.4890
    OK ch=5 v=0.2086
    OK ch=7 v=0.9876
    OK ch=1 v=0.2813
    OK ch=3 v=0.4957
    OK ch=5 v=0.2226
    OK ch=7 v=0.9842
    OK ch=1 v=0.2774
    OK ch=3 v=0.5069
    OK ch=5 v=0.2295
    OK ch=7 v=0.9822
    OK ch=1 v=0.2435
    OK ch=3 v=0.5078
    OK ch=5 v=0.2363
    OK ch=7 v=1.0110
    OK ch=1 v=0.2298
    OK ch=3 v=0.5108
    OK ch=5 v=0.2409
    OK ch=7 v=0.9939
    OK ch=1 v=0.2771
    OK ch=3 v=0.5280
    OK ch=5 v=0.2295
    OK ch=7 v=1.0271
    OK ch=1 v=0.2656
    OK ch=3 v=0.5236
    OK ch=7 v=1.0209
    OK ch=1 v=0.2744
    OK ch=3 v=0.5131
    OK ch=5 v=0.2173
    OK ch=7 v=1.0259
    OK ch=1 v=0.2655
    OK ch=3 v=0.5148
    OK ch=5 v=0.2084
    OK ch=7 v=1.0212
    OK ch=1 v=0.3015
    OK ch=3 v=0.4985
    OK ch=5 v=0.2040
    OK ch=7 v=1.0135
[  115.3s] DAMPING     ch0:LOCK g=-0.0300 bp=-0.021V ratio=0.13  ch1:LOCK g=-0.0304 bp=+0.059V ratio=0.23  ch2:LOCK g=+0.0100 bp=-0.056V ratio=0.17  ch3:LOCK g=-0.0307 bp=+0.071V ratio=0.26
    OK ch=1 v=0.2768
    OK ch=3 v=0.4814
    OK ch=5 v=0.1964
    OK ch=7 v=0.9994
    OK ch=1 v=0.3006
    OK ch=5 v=0.1944
    OK ch=7 v=0.9892
    OK ch=1 v=0.3167
    OK ch=3 v=0.4840
    OK ch=5 v=0.1994
    OK ch=7 v=0.9777
    OK ch=1 v=0.2977
    OK ch=3 v=0.4820
    OK ch=5 v=0.2058
    OK ch=7 v=0.9643
    OK ch=1 v=0.3162
    OK ch=3 v=0.4828
    OK ch=5 v=0.2112
    OK ch=7 v=0.9683
    OK ch=1 v=0.2867
    OK ch=3 v=0.4939
    OK ch=5 v=0.2188
    OK ch=7 v=0.9827
    OK ch=1 v=0.2534
    OK ch=3 v=0.5024
    OK ch=5 v=0.2205
    OK ch=7 v=1.0156
    OK ch=1 v=0.2242
    OK ch=3 v=0.5130
    OK ch=5 v=0.2327
    OK ch=7 v=1.0122
    OK ch=1 v=0.2645
    OK ch=3 v=0.5198
    OK ch=5 v=0.2337
    OK ch=7 v=1.0277
    OK ch=1 v=0.2794
    OK ch=3 v=0.5229
    OK ch=5 v=0.2376
    OK ch=7 v=1.0227
    OK ch=1 v=0.2356
    OK ch=3 v=0.5156
    OK ch=5 v=0.2273
    OK ch=7 v=1.0247
    OK ch=1 v=0.2460
    OK ch=3 v=0.5132
    OK ch=5 v=0.2166
    OK ch=7 v=1.0196
    OK ch=1 v=0.2994
    OK ch=3 v=0.5148
    OK ch=5 v=0.2191
    OK ch=7 v=0.9968
    OK ch=1 v=0.3006
    OK ch=3 v=0.5010
    OK ch=5 v=0.2048
    OK ch=7 v=1.0064
    OK ch=1 v=0.3188
    OK ch=3 v=0.4976
    OK ch=5 v=0.1981
    OK ch=7 v=0.9983
    OK ch=1 v=0.2862
    OK ch=3 v=0.4847
    OK ch=5 v=0.1923
    OK ch=7 v=0.9913
    OK ch=1 v=0.2903
    OK ch=3 v=0.4738
    OK ch=5 v=0.1977
    OK ch=7 v=0.9622
    OK ch=1 v=0.2961
    OK ch=3 v=0.4808
    OK ch=5 v=0.1964
    OK ch=7 v=0.9892
    OK ch=1 v=0.2975
    OK ch=3 v=0.4821
    OK ch=5 v=0.2092
    OK ch=7 v=0.9959
    OK ch=1 v=0.3054
    OK ch=3 v=0.4975
    OK ch=5 v=0.2148
    OK ch=7 v=1.0013
    OK ch=1 v=0.2718
    OK ch=3 v=0.5007
    OK ch=5 v=0.2331
    OK ch=7 v=1.0092
    OK ch=1 v=0.2682
    OK ch=3 v=0.5158
    OK ch=5 v=0.2387
    OK ch=7 v=1.0026
    OK ch=1 v=0.2465
    OK ch=3 v=0.5188
    OK ch=5 v=0.2435
    OK ch=7 v=1.0169
    OK ch=1 v=0.2601
    OK ch=3 v=0.5216
    OK ch=5 v=0.2411
    OK ch=7 v=1.0047
    OK ch=1 v=0.2400
    OK ch=3 v=0.5182
    OK ch=5 v=0.2253
    OK ch=7 v=1.0297
    OK ch=1 v=0.2426
    OK ch=3 v=0.5133
    OK ch=5 v=0.2203
    OK ch=7 v=1.0155
    OK ch=1 v=0.2713
    OK ch=3 v=0.5096
    OK ch=5 v=0.2062
    OK ch=7 v=1.0164
    OK ch=1 v=0.3062
    OK ch=3 v=0.5038
    OK ch=5 v=0.2074
    OK ch=7 v=1.0030
    OK ch=1 v=0.3012
    OK ch=3 v=0.4939
    OK ch=5 v=0.1955
    OK ch=7 v=0.9895
    OK ch=1 v=0.3142
    OK ch=3 v=0.4777
    OK ch=5 v=0.1950
    OK ch=7 v=0.9648
    OK ch=1 v=0.3099
    OK ch=3 v=0.4784
    OK ch=5 v=0.1864
    OK ch=7 v=0.9911
    OK ch=1 v=0.2905
    OK ch=3 v=0.4778
    OK ch=5 v=0.1950
    OK ch=1 v=0.2803
    OK ch=3 v=0.4819
    OK ch=5 v=0.2110
    OK ch=7 v=0.9850
    OK ch=1 v=0.2943
    OK ch=3 v=0.4967
    OK ch=5 v=0.2237
    OK ch=7 v=0.9901
    OK ch=1 v=0.2663
    OK ch=3 v=0.5051
    OK ch=5 v=0.2318
    OK ch=7 v=0.9964
    OK ch=1 v=0.2906
    OK ch=3 v=0.5255
    OK ch=5 v=0.2412
    OK ch=7 v=1.0077
    OK ch=1 v=0.2590
    OK ch=3 v=0.5283
    OK ch=5 v=0.2394
    OK ch=7 v=1.0204
    OK ch=1 v=0.2579
    OK ch=3 v=0.5273
    OK ch=5 v=0.2375
    OK ch=7 v=1.0293
    OK ch=1 v=0.2343
    OK ch=3 v=0.5207
    OK ch=5 v=0.2285
    OK ch=7 v=1.0280
    OK ch=1 v=0.2521
    OK ch=3 v=0.5114
    OK ch=5 v=0.2203
    OK ch=7 v=1.0210
    OK ch=1 v=0.2845
    OK ch=3 v=0.5024
    OK ch=5 v=0.2164
    OK ch=7 v=0.9891
    OK ch=1 v=0.2812
    OK ch=3 v=0.4956
    OK ch=5 v=0.2000
    OK ch=7 v=1.0044
    OK ch=1 v=0.2861
    OK ch=3 v=0.4801
    OK ch=5 v=0.1911
    OK ch=7 v=0.9889
    OK ch=1 v=0.3183
    OK ch=3 v=0.4809
    OK ch=5 v=0.1853
    OK ch=7 v=0.9936
    OK ch=3 v=0.4791
    OK ch=5 v=0.1882
    OK ch=7 v=0.9890
    OK ch=1 v=0.3174
    OK ch=3 v=0.4774
    OK ch=5 v=0.2020
    OK ch=7 v=0.9859
    OK ch=1 v=0.2858
    OK ch=3 v=0.4879
    OK ch=5 v=0.2174
    OK ch=7 v=0.9664
    OK ch=1 v=0.2959
    OK ch=3 v=0.4960
    OK ch=5 v=0.2248
    OK ch=7 v=1.0061
    OK ch=1 v=0.2635
    OK ch=3 v=0.5104
    OK ch=5 v=0.2273
    OK ch=1 v=0.2944
    OK ch=3 v=0.5212
    OK ch=5 v=0.2433
    OK ch=7 v=0.9847
    OK ch=1 v=0.2379
    OK ch=3 v=0.5176
    OK ch=5 v=0.2483
    OK ch=7 v=1.0116
    OK ch=1 v=0.2389
    OK ch=3 v=0.5220
    OK ch=5 v=0.2358
    OK ch=7 v=1.0390
    OK ch=1 v=0.2439
    OK ch=3 v=0.5210
    OK ch=5 v=0.2330
    OK ch=7 v=1.0224
    OK ch=1 v=0.2638
    OK ch=3 v=0.5226
    OK ch=5 v=0.2208
    OK ch=7 v=1.0279
    OK ch=1 v=0.2668
    OK ch=3 v=0.5130
    OK ch=5 v=0.2127
    OK ch=7 v=1.0184

>>> KICK 2/3 REQUESTED at t=120.0s <<<

    OK ch=1 v=0.2948
    OK ch=3 v=0.4997
    OK ch=5 v=0.1982
    OK ch=7 v=1.0032
    OK ch=1 v=0.3169
    OK ch=3 v=0.4800
    OK ch=5 v=0.1923
    OK ch=7 v=0.9674
    OK ch=1 v=0.2919
    OK ch=3 v=0.4751
    OK ch=5 v=0.1828
    OK ch=7 v=0.9950
    OK ch=1 v=0.3211
    OK ch=3 v=0.4778
    OK ch=5 v=0.1861
    OK ch=7 v=0.9905
    OK ch=1 v=0.3085
    OK ch=3 v=0.4862
    OK ch=5 v=0.1997
    OK ch=7 v=0.9807
    OK ch=1 v=0.2746
    OK ch=3 v=0.4811
    OK ch=5 v=0.2092
    OK ch=7 v=0.9833
    OK ch=1 v=0.2826
    OK ch=3 v=0.4947
    OK ch=5 v=0.2281
    OK ch=7 v=0.9734
    OK ch=1 v=0.2864
    OK ch=3 v=0.5047
    OK ch=5 v=0.2327
    OK ch=7 v=1.0082
    OK ch=1 v=0.2476
    OK ch=3 v=0.5174
    OK ch=5 v=0.2456
    OK ch=7 v=1.0125
    OK ch=1 v=0.2664
    OK ch=3 v=0.5255
    OK ch=5 v=0.2430
    OK ch=7 v=1.0270
    OK ch=1 v=0.2457
    OK ch=3 v=0.5351
    OK ch=5 v=0.2470
    OK ch=7 v=1.0043
    OK ch=1 v=0.2849
    OK ch=3 v=0.5315
    OK ch=5 v=0.2271
    OK ch=7 v=1.0372
    OK ch=1 v=0.2609
    OK ch=3 v=0.5128
    OK ch=5 v=0.2205
    OK ch=7 v=1.0241
    OK ch=1 v=0.2676
    OK ch=3 v=0.5013
    OK ch=5 v=0.2050
    OK ch=7 v=1.0210
    OK ch=1 v=0.2814
    OK ch=3 v=0.4906
    OK ch=5 v=0.1987
    OK ch=7 v=0.9903
    OK ch=1 v=0.2960
    OK ch=3 v=0.4820
    OK ch=5 v=0.1915
    OK ch=7 v=0.9946
    OK ch=1 v=0.2946
    OK ch=3 v=0.4798
    OK ch=5 v=0.1821
    OK ch=7 v=0.9851
    OK ch=1 v=0.2962
    OK ch=3 v=0.4741
    OK ch=5 v=0.1901
    OK ch=7 v=0.9913
    OK ch=1 v=0.3306
    OK ch=3 v=0.4802
    OK ch=5 v=0.2013
    OK ch=7 v=0.9748
    OK ch=1 v=0.3200
    OK ch=3 v=0.4887
    OK ch=5 v=0.2160
    OK ch=7 v=0.9612
    OK ch=1 v=0.2805
    OK ch=3 v=0.5012
    OK ch=5 v=0.2259
    OK ch=7 v=0.9924
    OK ch=1 v=0.2661
    OK ch=3 v=0.5061
    OK ch=5 v=0.2329
    OK ch=7 v=1.0140
    OK ch=1 v=0.2620
    OK ch=3 v=0.5232
    OK ch=5 v=0.2441
    OK ch=7 v=1.0327
    OK ch=1 v=0.2330
    OK ch=3 v=0.5322
    OK ch=5 v=0.2431
    OK ch=7 v=1.0254
    OK ch=1 v=0.2259
    OK ch=3 v=0.5275
    OK ch=5 v=0.2449
    OK ch=7 v=1.0130
    OK ch=1 v=0.2580
    OK ch=3 v=0.5285
    OK ch=5 v=0.2274
    OK ch=7 v=1.0263
    OK ch=1 v=0.2888
    OK ch=3 v=0.5176
    OK ch=5 v=0.2205
    OK ch=7 v=0.9939
    OK ch=1 v=0.2686
    OK ch=3 v=0.4985
    OK ch=5 v=0.2038
    OK ch=7 v=1.0148
    OK ch=1 v=0.3134
    OK ch=3 v=0.4932
    OK ch=5 v=0.1897
    OK ch=7 v=1.0171
    OK ch=1 v=0.2763
    OK ch=3 v=0.4723
    OK ch=5 v=0.1790
    OK ch=7 v=0.9952
    OK ch=1 v=0.3026
    OK ch=3 v=0.4736
    OK ch=5 v=0.1820
    OK ch=7 v=0.9805
    OK ch=1 v=0.3284
    OK ch=5 v=0.1933
    OK ch=7 v=0.9717
    OK ch=1 v=0.3085
    OK ch=3 v=0.4792
    OK ch=5 v=0.2060
    OK ch=7 v=0.9686
    OK ch=1 v=0.2929
    OK ch=3 v=0.4826
    OK ch=5 v=0.2099
    OK ch=7 v=0.9840
    OK ch=1 v=0.2871
    OK ch=3 v=0.4977
    OK ch=5 v=0.2243
    OK ch=7 v=0.9945
    OK ch=1 v=0.2584
    OK ch=3 v=0.5120
    OK ch=5 v=0.2418
    OK ch=7 v=1.0195
    OK ch=1 v=0.2550
    OK ch=3 v=0.5229
    OK ch=5 v=0.2487
    OK ch=7 v=1.0103
    OK ch=1 v=0.2292
    OK ch=3 v=0.5251
    OK ch=5 v=0.2564
    OK ch=7 v=0.9989
    OK ch=1 v=0.2375
    OK ch=3 v=0.5291
    OK ch=5 v=0.2399
    OK ch=7 v=1.0315
    OK ch=1 v=0.2595
    OK ch=3 v=0.5302
    OK ch=5 v=0.2349
    OK ch=7 v=1.0291
    OK ch=1 v=0.2869
    OK ch=3 v=0.5226
    OK ch=5 v=0.2191
    OK ch=7 v=1.0217
    OK ch=1 v=0.3053
    OK ch=3 v=0.5083
    OK ch=5 v=0.2042
    OK ch=7 v=0.9940
    OK ch=1 v=0.2670
    OK ch=3 v=0.4918
    OK ch=5 v=0.1891
    OK ch=7 v=1.0037
    OK ch=1 v=0.2934
    OK ch=3 v=0.4739
    OK ch=5 v=0.1778
    OK ch=7 v=0.9979
    OK ch=1 v=0.3116
    OK ch=3 v=0.4605
    OK ch=5 v=0.1830
    OK ch=7 v=0.9856
    OK ch=1 v=0.2873
    OK ch=3 v=0.4621
    OK ch=7 v=0.9746
    OK ch=1 v=0.3258
    OK ch=3 v=0.4778
    OK ch=5 v=0.2000
    OK ch=7 v=0.9690
    OK ch=1 v=0.3191
    OK ch=3 v=0.4895
    OK ch=5 v=0.2152
    OK ch=7 v=0.9789
    OK ch=1 v=0.3170
    OK ch=3 v=0.5088
    OK ch=5 v=0.2330
    OK ch=7 v=0.9723
    OK ch=1 v=0.2625
    OK ch=3 v=0.5163
    OK ch=5 v=0.2395
    OK ch=7 v=1.0135
    OK ch=1 v=0.2228
    OK ch=3 v=0.5195
    OK ch=5 v=0.2411
    OK ch=7 v=1.0343
    OK ch=1 v=0.2468
    OK ch=3 v=0.5299
    OK ch=5 v=0.2492
    OK ch=7 v=1.0392
    OK ch=1 v=0.2508
    OK ch=3 v=0.5312
    OK ch=5 v=0.2405
    OK ch=7 v=1.0300
    OK ch=1 v=0.2363
    OK ch=3 v=0.5249
    OK ch=5 v=0.2344
    OK ch=7 v=1.0113
    OK ch=1 v=0.2582
    OK ch=3 v=0.5152
    OK ch=5 v=0.2150
    OK ch=7 v=1.0236
    OK ch=1 v=0.2990
    OK ch=3 v=0.5045
    OK ch=5 v=0.2090
    OK ch=7 v=0.9914
    OK ch=1 v=0.2958
    OK ch=3 v=0.4877
    OK ch=5 v=0.1949
    OK ch=7 v=0.9974
    OK ch=1 v=0.3126
    OK ch=3 v=0.4788
    OK ch=5 v=0.1731
    OK ch=7 v=0.9931
    OK ch=1 v=0.3217
    OK ch=3 v=0.4836
    OK ch=5 v=0.1744
    OK ch=7 v=0.9708
    OK ch=1 v=0.3146
    OK ch=3 v=0.4801
    OK ch=5 v=0.1703
    OK ch=7 v=1.0005
    OK ch=1 v=0.3120
    OK ch=3 v=0.4816
    OK ch=5 v=0.1890
    OK ch=7 v=0.9864
[  120.4s] DAMPING     ch0:LOCK g=-0.0300 bp=+0.115V ratio=0.17  ch1:LOCK g=-0.0319 bp=-0.047V ratio=0.35  ch2:LOCK g=+0.0105 bp=+0.298V ratio=0.31  ch3:LOCK g=-0.0315 bp=-0.023V ratio=0.32
    OK ch=1 v=0.3002
    OK ch=3 v=0.4790
    OK ch=5 v=0.2259
    OK ch=7 v=0.9571
    OK ch=1 v=0.3160
    OK ch=3 v=0.5110
    OK ch=5 v=0.2229
    OK ch=7 v=1.0039
    OK ch=1 v=0.2995
    OK ch=3 v=0.5448
    OK ch=5 v=0.1911
    OK ch=7 v=1.0409
    OK ch=1 v=0.3084
    OK ch=3 v=0.5612
    OK ch=5 v=0.1801
    OK ch=7 v=1.0634
    OK ch=1 v=0.2204
    OK ch=3 v=0.5151
    OK ch=5 v=0.2676
    OK ch=7 v=1.0229
    OK ch=1 v=0.1321
    OK ch=3 v=0.4269
    OK ch=5 v=0.3559
    OK ch=7 v=0.9346
    OK ch=1 v=0.1154
    OK ch=3 v=0.3870
    OK ch=5 v=0.4440
    OK ch=7 v=0.8893
    OK ch=1 v=0.2035
    OK ch=3 v=0.4752
    OK ch=5 v=0.3558
    OK ch=7 v=0.9774
    OK ch=1 v=0.2918
    OK ch=3 v=0.5634
    OK ch=5 v=0.2676
    OK ch=7 v=1.0657
    OK ch=1 v=0.3779
    OK ch=3 v=0.5814
    OK ch=5 v=0.1795
    OK ch=7 v=1.0669
    OK ch=1 v=0.3159
    OK ch=3 v=0.4934
    OK ch=5 v=0.1979
    OK ch=7 v=0.9788
    OK ch=1 v=0.2579
    OK ch=3 v=0.4595
    OK ch=5 v=0.2067
    OK ch=7 v=0.9904
    OK ch=1 v=0.3374
    OK ch=3 v=0.5230
    OK ch=5 v=0.1202
    OK ch=7 v=1.0216
    OK ch=1 v=0.4255
    OK ch=3 v=0.6046
    OK ch=5 v=0.0320
    OK ch=7 v=1.0836
    OK ch=1 v=0.4308
    OK ch=3 v=0.5523
    OK ch=5 v=0.0776
    OK ch=7 v=1.0483
    OK ch=1 v=0.3371
    OK ch=3 v=0.4586
    OK ch=5 v=0.1713
    OK ch=7 v=0.9546
    OK ch=1 v=0.2721
    OK ch=3 v=0.3650
    OK ch=5 v=0.2649
    OK ch=7 v=0.9604

[trim] ch1 reverted to 0.25V and frozen -- total offset 486 -> 528 counts.

    OK ch=1 v=0.3627
    OK ch=3 v=0.2797
    OK ch=5 v=0.2059
    OK ch=7 v=0.9816
    OK ch=1 v=0.3457
    OK ch=3 v=0.3102
    OK ch=5 v=0.2091
    OK ch=7 v=1.0471
    OK ch=1 v=0.2577
    OK ch=3 v=0.2771
    OK ch=5 v=0.2972
    OK ch=7 v=1.0024
    OK ch=1 v=0.1696
    OK ch=3 v=0.2582
    OK ch=5 v=0.3459
    OK ch=7 v=1.0045
    OK ch=1 v=0.1431
    OK ch=3 v=0.2744
    OK ch=5 v=0.3077
    OK ch=7 v=1.0247
    OK ch=1 v=0.2313
    OK ch=3 v=0.2847
    OK ch=5 v=0.2498
    OK ch=7 v=1.0551
    OK ch=1 v=0.2767
    OK ch=3 v=0.2782
    OK ch=5 v=0.2230
    OK ch=7 v=1.0245
    OK ch=1 v=0.2362
    OK ch=3 v=0.2187
    OK ch=5 v=0.2602
    OK ch=7 v=0.9629
    OK ch=1 v=0.2786
    OK ch=3 v=0.1918
    OK ch=5 v=0.2370
    OK ch=7 v=0.9518
    OK ch=1 v=0.2944
    OK ch=3 v=0.2015
    OK ch=5 v=0.1761
    OK ch=7 v=0.9644
    OK ch=1 v=0.3396
    OK ch=5 v=0.1601
    OK ch=7 v=0.9653
    OK ch=1 v=0.2901
    OK ch=3 v=0.1897
    OK ch=5 v=0.2008
    OK ch=7 v=0.9285
    OK ch=1 v=0.3087
    OK ch=3 v=0.1811
    OK ch=5 v=0.2404
    OK ch=7 v=0.9310
    OK ch=1 v=0.2758
    OK ch=3 v=0.2133
    OK ch=5 v=0.2291
    OK ch=7 v=0.9706
    OK ch=1 v=0.2737
    OK ch=3 v=0.2670
    OK ch=5 v=0.2097
    OK ch=7 v=0.9963
    OK ch=1 v=0.3029
    OK ch=3 v=0.2897
    OK ch=5 v=0.2335
    OK ch=7 v=1.0255
    OK ch=1 v=0.2580
    OK ch=3 v=0.2920
    OK ch=5 v=0.2515
    OK ch=7 v=1.0454
    OK ch=1 v=0.2489
    OK ch=3 v=0.3079
    OK ch=5 v=0.2389
    OK ch=7 v=1.0397
    OK ch=1 v=0.2727
    OK ch=3 v=0.3218
    OK ch=5 v=0.2084
    OK ch=7 v=1.0856
    OK ch=1 v=0.2389
    OK ch=3 v=0.3159
    OK ch=5 v=0.1925
    OK ch=7 v=1.0817
    OK ch=1 v=0.2823
    OK ch=3 v=0.2824
    OK ch=7 v=1.0383
    OK ch=1 v=0.3052
    OK ch=3 v=0.2593
    OK ch=5 v=0.1736
    OK ch=7 v=1.0119
    OK ch=1 v=0.3164
    OK ch=3 v=0.2264
    OK ch=5 v=0.1533
    OK ch=7 v=1.0033
    OK ch=1 v=0.3539
    OK ch=3 v=0.2185
    OK ch=5 v=0.1436
    OK ch=7 v=0.9979
    OK ch=1 v=0.3647
    OK ch=3 v=0.2063
    OK ch=5 v=0.1465
    OK ch=7 v=0.9709
    OK ch=1 v=0.3394
    OK ch=3 v=0.2014
    OK ch=5 v=0.1764
    OK ch=7 v=0.9464
    OK ch=1 v=0.2986
    OK ch=3 v=0.2035
    OK ch=5 v=0.2082
    OK ch=7 v=0.9532
    OK ch=1 v=0.2915
    OK ch=3 v=0.2304
    OK ch=5 v=0.2393
    OK ch=7 v=0.9750
    OK ch=1 v=0.2531
    OK ch=3 v=0.2465
    OK ch=5 v=0.2586
    OK ch=7 v=0.9952
    OK ch=1 v=0.1987
    OK ch=3 v=0.2677
    OK ch=5 v=0.2806
    OK ch=7 v=1.0080
    OK ch=1 v=0.1737
    OK ch=3 v=0.2715
    OK ch=5 v=0.2984
    OK ch=7 v=1.0262
    OK ch=1 v=0.1713
    OK ch=3 v=0.2933
    OK ch=5 v=0.2909
    OK ch=7 v=1.0267
    OK ch=1 v=0.2095
    OK ch=3 v=0.2955
    OK ch=5 v=0.2796
    OK ch=7 v=1.0049
    OK ch=1 v=0.2565
    OK ch=3 v=0.2818
    OK ch=5 v=0.2417
    OK ch=7 v=1.0420
    OK ch=1 v=0.2767
    OK ch=3 v=0.2551
    OK ch=5 v=0.2307
    OK ch=7 v=0.9974
    OK ch=1 v=0.3084
    OK ch=3 v=0.2366
    OK ch=5 v=0.2008
    OK ch=7 v=1.0179
    OK ch=1 v=0.3335
    OK ch=3 v=0.2157
    OK ch=5 v=0.1644
    OK ch=7 v=0.9967
    OK ch=1 v=0.3178
    OK ch=3 v=0.2028
    OK ch=5 v=0.1608
    OK ch=7 v=0.9489
    OK ch=1 v=0.3531
    OK ch=3 v=0.2084
    OK ch=5 v=0.1671
    OK ch=7 v=0.9350
    OK ch=1 v=0.3681
    OK ch=3 v=0.2163
    OK ch=5 v=0.1688
    OK ch=7 v=0.9716
    OK ch=1 v=0.2895
    OK ch=3 v=0.2276
    OK ch=5 v=0.1836
    OK ch=7 v=0.9839
    OK ch=1 v=0.2975
    OK ch=3 v=0.2488
    OK ch=5 v=0.2098
    OK ch=7 v=0.9952
    OK ch=1 v=0.2946
    OK ch=3 v=0.2733
    OK ch=5 v=0.2410
    OK ch=7 v=1.0265
    OK ch=1 v=0.2494
    OK ch=3 v=0.2910
    OK ch=5 v=0.2516
    OK ch=7 v=1.0341
    OK ch=1 v=0.2776
    OK ch=3 v=0.3074
    OK ch=5 v=0.2523
    OK ch=7 v=1.0448
    OK ch=1 v=0.2517
    OK ch=3 v=0.3215
    OK ch=5 v=0.2559
    OK ch=7 v=1.0623
    OK ch=1 v=0.2402
    OK ch=3 v=0.3104
    OK ch=5 v=0.2440
    OK ch=7 v=1.0474
    OK ch=1 v=0.2160
    OK ch=3 v=0.2832
    OK ch=5 v=0.2237
    OK ch=7 v=1.0273
    OK ch=1 v=0.2577
    OK ch=3 v=0.2591
    OK ch=5 v=0.2007
    OK ch=7 v=1.0153
    OK ch=1 v=0.3066
    OK ch=3 v=0.2415
    OK ch=5 v=0.1846
    OK ch=7 v=0.9987
    OK ch=1 v=0.3408
    OK ch=3 v=0.2178
    OK ch=5 v=0.1793
    OK ch=7 v=0.9759
    OK ch=1 v=0.3442
    OK ch=3 v=0.2050
    OK ch=5 v=0.1764
    OK ch=7 v=0.9609
    OK ch=1 v=0.3262
    OK ch=3 v=0.1923
    OK ch=5 v=0.1797
    OK ch=7 v=0.9538
    OK ch=1 v=0.3059
    OK ch=3 v=0.1933
    OK ch=5 v=0.1945
    OK ch=7 v=0.9543
    OK ch=1 v=0.3050
    OK ch=3 v=0.2108
    OK ch=5 v=0.2224
    OK ch=7 v=0.9468
    OK ch=1 v=0.2541
    OK ch=3 v=0.2248
    OK ch=5 v=0.2421
    OK ch=7 v=0.9944
    OK ch=1 v=0.2122
    OK ch=3 v=0.2504
    OK ch=5 v=0.2585
    OK ch=7 v=1.0036
    OK ch=1 v=0.1826
    OK ch=3 v=0.2702
    OK ch=5 v=0.2753
    OK ch=7 v=1.0136
    OK ch=1 v=0.2341
    OK ch=3 v=0.3022
    OK ch=5 v=0.2653
    OK ch=7 v=1.0443
    OK ch=1 v=0.2354
    OK ch=3 v=0.3042
    OK ch=5 v=0.2558
    OK ch=7 v=1.0475
    OK ch=1 v=0.2453
    OK ch=3 v=0.3010
    OK ch=5 v=0.2428
    OK ch=7 v=1.0498
    OK ch=1 v=0.2560
    OK ch=3 v=0.2787
    OK ch=5 v=0.2237
    OK ch=7 v=1.0406
    OK ch=1 v=0.2789
    OK ch=3 v=0.2562
    OK ch=5 v=0.1937
    OK ch=7 v=1.0176
    OK ch=1 v=0.3074
    OK ch=3 v=0.2339
    OK ch=5 v=0.1711
    OK ch=7 v=0.9779
    OK ch=1 v=0.3365
    OK ch=3 v=0.2175
    OK ch=5 v=0.1637
    OK ch=7 v=0.9745
    OK ch=1 v=0.3181
    OK ch=3 v=0.2012
    OK ch=5 v=0.1621
    OK ch=7 v=0.9645
    OK ch=1 v=0.3400
    OK ch=3 v=0.2049
    OK ch=5 v=0.1547
    OK ch=7 v=0.9668
    OK ch=1 v=0.3486
    OK ch=3 v=0.2212
    OK ch=5 v=0.1830
    OK ch=7 v=0.9520
    OK ch=1 v=0.3123
    OK ch=3 v=0.2347
    OK ch=5 v=0.2148
    OK ch=7 v=0.9595
    OK ch=1 v=0.2893
    OK ch=3 v=0.2561
    OK ch=5 v=0.2368
    OK ch=7 v=1.0045
    OK ch=1 v=0.2461
    OK ch=3 v=0.2749
    OK ch=5 v=0.2477
    OK ch=7 v=1.0273
    OK ch=1 v=0.2561
    OK ch=3 v=0.2943
    OK ch=5 v=0.2615
    OK ch=7 v=1.0343
    OK ch=1 v=0.2495
    OK ch=3 v=0.3081
    OK ch=5 v=0.2729
    OK ch=7 v=1.0537
    OK ch=1 v=0.2145
    OK ch=3 v=0.3010
    OK ch=5 v=0.2600
    OK ch=7 v=1.0434
    OK ch=1 v=0.2168
    OK ch=3 v=0.2904
    OK ch=5 v=0.2430
    OK ch=7 v=1.0278
    OK ch=1 v=0.2612
    OK ch=3 v=0.2718
    OK ch=5 v=0.2283
    OK ch=7 v=1.0213
    OK ch=1 v=0.2706
    OK ch=3 v=0.2387
    OK ch=5 v=0.2075
    OK ch=7 v=1.0108
    OK ch=1 v=0.3021
    OK ch=3 v=0.2305
    OK ch=5 v=0.1868
    OK ch=7 v=0.9854
    OK ch=1 v=0.3445
    OK ch=3 v=0.2167
    OK ch=5 v=0.1749
    OK ch=7 v=0.9696
    OK ch=1 v=0.3581
    OK ch=3 v=0.2055
    OK ch=5 v=0.1698
    OK ch=1 v=0.3235
    OK ch=3 v=0.1965
    OK ch=5 v=0.1817
    OK ch=1 v=0.3217
    OK ch=3 v=0.1981
    OK ch=5 v=0.1924
    OK ch=7 v=0.9396
    OK ch=1 v=0.2866
    OK ch=3 v=0.2117
    OK ch=5 v=0.2130
    OK ch=7 v=0.9414
    OK ch=1 v=0.2663
    OK ch=3 v=0.2389
    OK ch=5 v=0.2330
    OK ch=7 v=0.9824
    OK ch=1 v=0.2544
    OK ch=3 v=0.2567
    OK ch=5 v=0.2434
    OK ch=7 v=1.0093
    OK ch=1 v=0.2116
    OK ch=3 v=0.2814
    OK ch=5 v=0.2521
    OK ch=7 v=1.0325
    OK ch=1 v=0.2026
    OK ch=3 v=0.3065
    OK ch=5 v=0.2605
    OK ch=7 v=1.0710
    OK ch=1 v=0.2211
    OK ch=3 v=0.2985
    OK ch=5 v=0.2529
    OK ch=7 v=1.0539
    OK ch=1 v=0.2710
    OK ch=3 v=0.2962
    OK ch=5 v=0.2410
    OK ch=7 v=1.0375
    OK ch=1 v=0.3081
    OK ch=3 v=0.2923
    OK ch=5 v=0.2137
    OK ch=7 v=1.0468
    OK ch=1 v=0.2720
    OK ch=3 v=0.2590
    OK ch=5 v=0.1905
    OK ch=7 v=1.0157
    OK ch=1 v=0.2879
    OK ch=3 v=0.2332
    OK ch=5 v=0.1810
    OK ch=7 v=0.9889
    OK ch=1 v=0.3308
    OK ch=3 v=0.2174
    OK ch=5 v=0.1733
    OK ch=7 v=0.9679
    OK ch=1 v=0.3291
    OK ch=3 v=0.2038
    OK ch=5 v=0.1650
    OK ch=7 v=0.9630
    OK ch=1 v=0.3515
    OK ch=3 v=0.2106
    OK ch=5 v=0.1755
    OK ch=1 v=0.3304
    OK ch=3 v=0.2130
    OK ch=5 v=0.1897
    OK ch=7 v=0.9586
    OK ch=1 v=0.3208
    OK ch=3 v=0.2277
    OK ch=5 v=0.2120
    OK ch=7 v=0.9730
    OK ch=1 v=0.2556
    OK ch=3 v=0.2361
    OK ch=5 v=0.2272
    OK ch=7 v=0.9917
[  125.4s] DAMPING     ch0:.... g=-0.0308 bp=+0.140V ratio=0.27  ch1:.... g=-0.0347 bp=-0.116V ratio=0.57  ch2:.... g=+0.0109 bp=+0.279V ratio=0.38  ch3:.... g=-0.0347 bp=-0.088V ratio=0.58
    OK ch=1 v=0.2418
    OK ch=3 v=0.2597
    OK ch=5 v=0.2499
    OK ch=7 v=1.0086
    OK ch=1 v=0.2286
    OK ch=3 v=0.2798
    OK ch=5 v=0.2758
    OK ch=1 v=0.2166
    OK ch=3 v=0.2886
    OK ch=5 v=0.2690
    OK ch=7 v=1.0262
    OK ch=1 v=0.2216
    OK ch=3 v=0.2995
    OK ch=5 v=0.2647
    OK ch=7 v=1.0393
    OK ch=1 v=0.2371
    OK ch=5 v=0.2530
    OK ch=7 v=1.0616
    OK ch=1 v=0.2491
    OK ch=3 v=0.2863
    OK ch=5 v=0.2451
    OK ch=7 v=1.0185
    OK ch=1 v=0.2534
    OK ch=3 v=0.2671
    OK ch=5 v=0.2106
    OK ch=7 v=1.0281
    OK ch=1 v=0.3111
    OK ch=3 v=0.2516
    OK ch=5 v=0.1889
    OK ch=7 v=0.9991
    OK ch=1 v=0.3251
    OK ch=3 v=0.2247
    OK ch=5 v=0.1821
    OK ch=7 v=0.9672
    OK ch=1 v=0.3482
    OK ch=3 v=0.2115
    OK ch=5 v=0.1715
    OK ch=7 v=0.9739
    OK ch=1 v=0.3276
    OK ch=3 v=0.2041
    OK ch=5 v=0.1631
    OK ch=7 v=0.9698
    OK ch=1 v=0.2779
    OK ch=3 v=0.1963
    OK ch=5 v=0.1753
    OK ch=7 v=0.9684
    OK ch=1 v=0.3285
    OK ch=3 v=0.2176
    OK ch=5 v=0.2041
    OK ch=7 v=0.9678
    OK ch=1 v=0.3070
    OK ch=3 v=0.2390
    OK ch=5 v=0.2204
    OK ch=7 v=0.9803
    OK ch=1 v=0.2681
    OK ch=3 v=0.2579
    OK ch=5 v=0.2388
    OK ch=7 v=1.0002
    OK ch=1 v=0.2438
    OK ch=3 v=0.2755
    OK ch=5 v=0.2558
    OK ch=7 v=1.0330
    OK ch=1 v=0.2263
    OK ch=3 v=0.2996
    OK ch=5 v=0.2605
    OK ch=7 v=1.0415
    OK ch=1 v=0.2211
    OK ch=3 v=0.3037
    OK ch=5 v=0.2593
    OK ch=7 v=1.0427
    OK ch=1 v=0.2415
    OK ch=3 v=0.3028
    OK ch=5 v=0.2501
    OK ch=7 v=1.0313
    OK ch=1 v=0.2696
    OK ch=3 v=0.2800
    OK ch=5 v=0.2207
    OK ch=7 v=1.0297
    OK ch=1 v=0.2833
    OK ch=3 v=0.2630
    OK ch=5 v=0.2050
    OK ch=7 v=1.0200
    OK ch=1 v=0.2633
    OK ch=3 v=0.2389
    OK ch=5 v=0.1980
    OK ch=7 v=0.9907
    OK ch=1 v=0.3134
    OK ch=3 v=0.2252
    OK ch=5 v=0.1781
    OK ch=7 v=0.9847
    OK ch=1 v=0.3469
    OK ch=3 v=0.2193
    OK ch=5 v=0.1736
    OK ch=7 v=0.9747
    OK ch=1 v=0.3511
    OK ch=3 v=0.2103
    OK ch=5 v=0.1765
    OK ch=7 v=0.9572
    OK ch=1 v=0.3068
    OK ch=3 v=0.2022
    OK ch=5 v=0.1888
    OK ch=7 v=0.9640
    OK ch=1 v=0.3110
    OK ch=3 v=0.2145
    OK ch=5 v=0.2054
    OK ch=7 v=0.9675
    OK ch=1 v=0.2716
    OK ch=3 v=0.2336
    OK ch=5 v=0.2252
    OK ch=7 v=0.9899
    OK ch=1 v=0.2306
    OK ch=3 v=0.2552
    OK ch=5 v=0.2447
    OK ch=7 v=1.0044
    OK ch=1 v=0.2208
    OK ch=3 v=0.2794
    OK ch=5 v=0.2577
    OK ch=7 v=1.0207
    OK ch=1 v=0.2474
    OK ch=3 v=0.2983
    OK ch=5 v=0.2638
    OK ch=7 v=1.0583
    OK ch=1 v=0.2534
    OK ch=3 v=0.3033
    OK ch=5 v=0.2561
    OK ch=7 v=1.0466
    OK ch=1 v=0.2341
    OK ch=3 v=0.2876
    OK ch=5 v=0.2477
    OK ch=7 v=1.0350
    OK ch=1 v=0.2716
    OK ch=3 v=0.2777
    OK ch=5 v=0.2251
    OK ch=7 v=1.0369
    OK ch=1 v=0.2806
    OK ch=3 v=0.2630
    OK ch=5 v=0.2028
    OK ch=7 v=1.0147
    OK ch=1 v=0.2960
    OK ch=3 v=0.2411
    OK ch=5 v=0.1890
    OK ch=7 v=0.9931
    OK ch=1 v=0.3389
    OK ch=3 v=0.2236
    OK ch=5 v=0.1789
    OK ch=7 v=0.9609
    OK ch=1 v=0.3236
    OK ch=3 v=0.2117
    OK ch=5 v=0.1689
    OK ch=7 v=0.9596
    OK ch=1 v=0.3368
    OK ch=3 v=0.2059
    OK ch=5 v=0.1762
    OK ch=7 v=0.9604
    OK ch=1 v=0.3226
    OK ch=3 v=0.2106
    OK ch=5 v=0.1877
    OK ch=7 v=0.9686
    OK ch=1 v=0.3087
    OK ch=3 v=0.2279
    OK ch=5 v=0.2121
    OK ch=7 v=0.9543
    OK ch=1 v=0.2900
    OK ch=3 v=0.2558
    OK ch=5 v=0.2235
    OK ch=7 v=0.9799
    OK ch=1 v=0.2676
    OK ch=3 v=0.2705
    OK ch=5 v=0.2488
    OK ch=7 v=1.0236
    OK ch=1 v=0.2250
    OK ch=3 v=0.2779
    OK ch=5 v=0.2659
    OK ch=7 v=1.0302
    OK ch=1 v=0.1943
    OK ch=3 v=0.2793
    OK ch=5 v=0.2642
    OK ch=7 v=1.0316
    OK ch=1 v=0.2387
    OK ch=3 v=0.2958
    OK ch=5 v=0.2458
    OK ch=7 v=1.0625
    OK ch=1 v=0.3152
    OK ch=3 v=0.3432
    OK ch=5 v=0.1581
    OK ch=7 v=1.0899
    OK ch=1 v=0.4033
    OK ch=3 v=0.3846
    OK ch=5 v=0.0700
    OK ch=7 v=1.1313
    OK ch=1 v=0.4914
    OK ch=3 v=0.3977
    OK ch=5 v=0.1581
    OK ch=7 v=1.0432
    OK ch=1 v=0.4032
    OK ch=3 v=0.3095
    OK ch=5 v=0.2463
    OK ch=7 v=0.9550
    OK ch=1 v=0.3151
    OK ch=3 v=0.2214
    OK ch=5 v=0.3344
    OK ch=7 v=0.8669
    OK ch=1 v=0.4034
    OK ch=3 v=0.3098
    OK ch=5 v=0.2461
    OK ch=7 v=0.9552
    OK ch=1 v=0.3522
    OK ch=3 v=0.2521
    OK ch=5 v=0.1580
    OK ch=7 v=1.0433
    OK ch=1 v=0.2639
    OK ch=3 v=0.1639
    OK ch=5 v=0.0843
    OK ch=7 v=1.1315
    OK ch=1 v=0.1705
    OK ch=3 v=0.0704
    OK ch=5 v=0.1668
    OK ch=7 v=1.1751
    OK ch=1 v=0.0823
    OK ch=3 v=0.0000
    OK ch=5 v=0.1940
    OK ch=7 v=1.1653
    OK ch=1 v=0.1705
    OK ch=3 v=0.0882
    OK ch=5 v=0.1817
    OK ch=7 v=1.2418
    OK ch=1 v=0.2587
    OK ch=3 v=0.1764
    OK ch=5 v=0.0935
    OK ch=7 v=1.2500
    OK ch=1 v=0.3468
    OK ch=3 v=0.2645
    OK ch=5 v=0.0054
    OK ch=1 v=0.4183
    OK ch=3 v=0.3334
    OK ch=5 v=0.0000
    OK ch=7 v=1.1785
    OK ch=1 v=0.4126
    OK ch=3 v=0.2452
    OK ch=5 v=0.0881
    OK ch=7 v=1.0903
    OK ch=1 v=0.4212
    OK ch=3 v=0.3079
    OK ch=5 v=0.1763
    OK ch=7 v=1.0022
    OK ch=1 v=0.5000
    OK ch=3 v=0.3960
    OK ch=5 v=0.2644
    OK ch=7 v=0.9141
    OK ch=3 v=0.4842
    OK ch=5 v=0.3525
    OK ch=7 v=0.8259
    OK ch=3 v=0.5000
    OK ch=5 v=0.2864
    OK ch=7 v=0.7598
    OK ch=3 v=0.4339
    OK ch=5 v=0.2203
    OK ch=7 v=0.8259
    OK ch=1 v=0.4337
    OK ch=3 v=0.3676
    OK ch=5 v=0.1540
    OK ch=7 v=0.8922
    OK ch=1 v=0.3457
    OK ch=3 v=0.2796
    OK ch=5 v=0.0660
    OK ch=7 v=0.9802
    OK ch=1 v=0.2522
    OK ch=3 v=0.1861
    OK ch=5 v=0.0753
    OK ch=7 v=1.0737
    OK ch=1 v=0.3350
    OK ch=3 v=0.2688
    OK ch=5 v=0.1581
    OK ch=7 v=1.1050
    OK ch=1 v=0.4231
    OK ch=3 v=0.3569
    OK ch=5 v=0.2462
    OK ch=7 v=1.1434
    OK ch=1 v=0.5000
    OK ch=3 v=0.4450
    OK ch=5 v=0.3109
    OK ch=7 v=1.0553
    OK ch=3 v=0.4160
    OK ch=5 v=0.2230
    OK ch=7 v=0.9745
    OK ch=3 v=0.3497
    OK ch=5 v=0.1566
    OK ch=7 v=1.0041
    OK ch=3 v=0.2835
    OK ch=5 v=0.0905
    OK ch=7 v=1.0688
    OK ch=3 v=0.2175
    OK ch=5 v=0.0245
    OK ch=7 v=1.0028
    OK ch=1 v=0.4925
    OK ch=3 v=0.1514
    OK ch=5 v=0.0906
    OK ch=7 v=0.9368
    OK ch=1 v=0.5000
    OK ch=3 v=0.1404
    OK ch=5 v=0.1422
    OK ch=7 v=0.8486
    OK ch=3 v=0.1051
    OK ch=5 v=0.0929
    OK ch=7 v=0.7659
    OK ch=1 v=0.4965
    OK ch=3 v=0.0751
    OK ch=5 v=0.0510
    OK ch=7 v=0.8373
    OK ch=1 v=0.4083
    OK ch=3 v=0.1014
    OK ch=5 v=0.0145
    OK ch=7 v=0.9255
    OK ch=1 v=0.3201
    OK ch=3 v=0.1896
    OK ch=5 v=0.0309
    OK ch=7 v=1.0137
    OK ch=1 v=0.2319
    OK ch=3 v=0.2778
    OK ch=5 v=0.1191
    OK ch=7 v=1.1019
    OK ch=1 v=0.1493
    OK ch=3 v=0.3605
    OK ch=5 v=0.2017
    OK ch=7 v=1.1845
    OK ch=1 v=0.0611
    OK ch=3 v=0.4217
    OK ch=5 v=0.2898
    OK ch=7 v=1.2500
    OK ch=1 v=0.0000
    OK ch=3 v=0.4248
    OK ch=5 v=0.3293
    OK ch=7 v=1.2435
    OK ch=3 v=0.3449
    OK ch=5 v=0.2658
    OK ch=7 v=1.1635
    OK ch=1 v=0.0661
    OK ch=3 v=0.3624
    OK ch=5 v=0.2232
    OK ch=7 v=1.0975
    OK ch=1 v=0.1543
    OK ch=3 v=0.3193
    OK ch=5 v=0.1469
    OK ch=7 v=1.0092
    OK ch=1 v=0.2425
    OK ch=3 v=0.2731
    OK ch=5 v=0.1528
    OK ch=7 v=0.9210
    OK ch=1 v=0.3306
    OK ch=3 v=0.1850
    OK ch=5 v=0.0647
    OK ch=7 v=0.9500
    OK ch=1 v=0.2425
    OK ch=3 v=0.0969
    OK ch=5 v=0.0390
    OK ch=7 v=1.0381
    OK ch=1 v=0.1544
    OK ch=3 v=0.0273
    OK ch=5 v=0.1271
    OK ch=7 v=1.1262
    OK ch=1 v=0.0716
    OK ch=3 v=0.1100
    OK ch=5 v=0.2098
    OK ch=7 v=1.2090
    OK ch=1 v=0.0000
    OK ch=3 v=0.1981
    OK ch=5 v=0.2978
    OK ch=7 v=1.2500
    OK ch=3 v=0.2862
    OK ch=5 v=0.3011
    OK ch=1 v=0.0495
    OK ch=3 v=0.3088
    OK ch=5 v=0.2619
    OK ch=7 v=1.2181
    OK ch=1 v=0.1376
    OK ch=3 v=0.3017
    OK ch=5 v=0.1987
    OK ch=7 v=1.1300
    OK ch=1 v=0.2204
    OK ch=3 v=0.3845
    OK ch=5 v=0.1164
    OK ch=7 v=1.0472
    OK ch=1 v=0.3085
    OK ch=3 v=0.2963
    OK ch=5 v=0.0330
    OK ch=7 v=0.9591
    OK ch=1 v=0.3965
    OK ch=3 v=0.2083
    OK ch=5 v=0.1210
    OK ch=7 v=0.9044
    OK ch=1 v=0.3837
    OK ch=3 v=0.2472
    OK ch=5 v=0.2093
    OK ch=7 v=0.8161
    OK ch=1 v=0.3732
    OK ch=3 v=0.2646
    OK ch=5 v=0.2202
    OK ch=7 v=0.7556
    OK ch=1 v=0.2852
    OK ch=3 v=0.2500
    OK ch=5 v=0.2500
    OK ch=7 v=0.8437

!! ch3 runaway/saturation -- freezing all channels, entering FAULT.

    OK ch=1 v=0.2500
    OK ch=7 v=0.9373
    OK ch=7 v=0.9815
    OK ch=7 v=1.0000
[  130.4s] FAULT       ch0:.... g=+0.0000 bp=-0.989V ratio=2.10  ch1:.... g=+0.0000 bp=-0.547V ratio=1.86  ch2:.... g=+0.0000 bp=+1.512V ratio=0.91  ch3:.... g=+0.0000 bp=+0.156V ratio=3.04

[recovered] all channels clear for 5s -- re-calibrating and resuming.

[  135.4s] CALIBRATING ch0:.... g=+0.0000 bp=-0.779V ratio=0.00  ch1:.... g=+0.0000 bp=-0.773V ratio=0.00  ch2:.... g=+0.0000 bp=-0.082V ratio=0.00  ch3:.... g=+0.0000 bp=-0.591V ratio=0.00
[  140.4s] CALIBRATING ch0:.... g=+0.0000 bp=+0.614V ratio=0.00  ch1:.... g=+0.0000 bp=+0.604V ratio=0.00  ch2:.... g=+0.0000 bp=-0.366V ratio=0.00  ch3:.... g=+0.0000 bp=+0.193V ratio=0.00
[  145.4s] CALIBRATING ch0:.... g=+0.0000 bp=+0.390V ratio=0.00  ch1:.... g=+0.0000 bp=+0.486V ratio=0.00  ch2:.... g=+0.0000 bp=-0.573V ratio=0.00  ch3:.... g=+0.0000 bp=+0.137V ratio=0.00
[  150.4s] CALIBRATING ch0:.... g=+0.0000 bp=+0.011V ratio=0.00  ch1:.... g=+0.0000 bp=-0.030V ratio=0.00  ch2:.... g=+0.0000 bp=+0.796V ratio=0.00  ch3:.... g=+0.0000 bp=+0.215V ratio=0.00

[DAMPING] baseline set (ch0=0.5974V, ch1=0.2828V, ch2=0.6678V, ch3=0.2665V). Gain schedules -0.035 -> -0.030...

    OK ch=1 v=0.2510
    OK ch=5 v=0.2473
    OK ch=7 v=1.0058

[trim] ch3 rests at 661 counts (+149 off mid-scale) -- bias -> 1.25V

    OK ch=1 v=0.2567
    OK ch=3 v=0.2447
    OK ch=5 v=0.2300
    OK ch=7 v=1.0719
    OK ch=1 v=0.2877
    OK ch=3 v=0.2409
    OK ch=5 v=0.2119
    OK ch=7 v=1.1546
    OK ch=1 v=0.2950
    OK ch=3 v=0.2252
    OK ch=5 v=0.2074
    OK ch=7 v=1.2333
    OK ch=1 v=0.3268
    OK ch=3 v=0.2224
    OK ch=5 v=0.2011
    OK ch=7 v=1.2357
    OK ch=1 v=0.3311
    OK ch=3 v=0.2208
    OK ch=5 v=0.1848
    OK ch=7 v=1.2318
    OK ch=1 v=0.2928
    OK ch=3 v=0.2221
    OK ch=5 v=0.1699
    OK ch=7 v=1.2333
    OK ch=1 v=0.2543
    OK ch=3 v=0.2208
    OK ch=5 v=0.1494
    OK ch=7 v=1.2430
    OK ch=1 v=0.2174
    OK ch=3 v=0.2160
    OK ch=5 v=0.1313
    OK ch=7 v=1.2628
[  155.4s] DAMPING     ch0:.... g=-0.0068 bp=+0.870V ratio=1.24  ch1:.... g=-0.0068 bp=+0.117V ratio=1.48  ch2:.... g=+0.0068 bp=+0.648V ratio=0.89  ch3:.... g=-0.0068 bp=-0.083V ratio=0.27
    OK ch=1 v=0.2126
    OK ch=3 v=0.2214
    OK ch=5 v=0.1536
    OK ch=7 v=1.2692
    OK ch=1 v=0.1659
    OK ch=3 v=0.2206
    OK ch=5 v=0.2029
    OK ch=7 v=1.2801
    OK ch=1 v=0.1311
    OK ch=3 v=0.2278
    OK ch=5 v=0.2388
    OK ch=7 v=1.2858
    OK ch=1 v=0.1174
    OK ch=3 v=0.2340
    OK ch=5 v=0.2750
    OK ch=7 v=1.2757
    OK ch=1 v=0.0831
    OK ch=3 v=0.2420
    OK ch=5 v=0.2792
    OK ch=7 v=1.2748
    OK ch=1 v=0.0953
    OK ch=3 v=0.2365
    OK ch=5 v=0.2595
    OK ch=7 v=1.2934
    OK ch=1 v=0.1835
    OK ch=3 v=0.2278
    OK ch=5 v=0.2536
    OK ch=7 v=1.2719
    OK ch=1 v=0.2715
    OK ch=3 v=0.2155
    OK ch=5 v=0.2266
    OK ch=7 v=1.2576
    OK ch=1 v=0.3336
    OK ch=3 v=0.2082
    OK ch=5 v=0.1802
    OK ch=7 v=1.2509
    OK ch=1 v=0.3176
    OK ch=3 v=0.1990
    OK ch=5 v=0.1550
    OK ch=7 v=1.2392
    OK ch=1 v=0.3237
    OK ch=5 v=0.1388
    OK ch=7 v=1.2367
    OK ch=3 v=0.2129
    OK ch=5 v=0.1753
    OK ch=7 v=1.2243
    OK ch=1 v=0.2877
    OK ch=3 v=0.2235
    OK ch=5 v=0.1984
    OK ch=7 v=1.2194
    OK ch=1 v=0.2827
    OK ch=3 v=0.2370
    OK ch=5 v=0.2094
    OK ch=7 v=1.2084
    OK ch=1 v=0.2754
    OK ch=3 v=0.2515
    OK ch=5 v=0.2205
    OK ch=7 v=1.2256
    OK ch=1 v=0.2493
    OK ch=3 v=0.2613
    OK ch=5 v=0.2278
    OK ch=7 v=1.2435
    OK ch=1 v=0.2684
    OK ch=3 v=0.2854
    OK ch=5 v=0.2495
    OK ch=7 v=1.2502
    OK ch=1 v=0.2814
    OK ch=3 v=0.3039
    OK ch=5 v=0.2566
    OK ch=7 v=1.2774
    OK ch=1 v=0.2493
    OK ch=3 v=0.3107
    OK ch=5 v=0.2516
    OK ch=7 v=1.3064
    OK ch=1 v=0.2488
    OK ch=3 v=0.3300
    OK ch=5 v=0.2532
    OK ch=7 v=1.2889
    OK ch=1 v=0.2898
    OK ch=3 v=0.3360
    OK ch=5 v=0.2482
    OK ch=7 v=1.2789
    OK ch=1 v=0.3489
    OK ch=3 v=0.3218
    OK ch=5 v=0.2288
    OK ch=7 v=1.2744
    OK ch=1 v=0.3570
    OK ch=3 v=0.2842
    OK ch=5 v=0.1976
    OK ch=7 v=1.2575
    OK ch=1 v=0.3479
    OK ch=3 v=0.2396
    OK ch=5 v=0.1793
    OK ch=7 v=1.2341
    OK ch=1 v=0.3599
    OK ch=3 v=0.2006
    OK ch=5 v=0.1709
    OK ch=7 v=1.2078
    OK ch=1 v=0.3515
    OK ch=3 v=0.1783
    OK ch=5 v=0.1760
    OK ch=7 v=1.1987
    OK ch=1 v=0.2971
    OK ch=3 v=0.1719
    OK ch=5 v=0.1906
    OK ch=7 v=1.1899
    OK ch=1 v=0.2248
    OK ch=3 v=0.1746
    OK ch=5 v=0.2144
    OK ch=7 v=1.1946
    OK ch=1 v=0.1480
    OK ch=3 v=0.1698
    OK ch=5 v=0.2380
    OK ch=7 v=1.1977
    OK ch=1 v=0.1171
    OK ch=3 v=0.1933
    OK ch=5 v=0.2624
    OK ch=7 v=1.2282
    OK ch=1 v=0.0520
    OK ch=3 v=0.2063
    OK ch=5 v=0.2717
    OK ch=7 v=1.2604
    OK ch=1 v=0.0018
    OK ch=3 v=0.2350
    OK ch=5 v=0.2552
    OK ch=7 v=1.3135
    OK ch=1 v=0.0001
    OK ch=3 v=0.2517
    OK ch=5 v=0.2503
    OK ch=7 v=1.3075
    OK ch=1 v=0.0881
    OK ch=3 v=0.2647
    OK ch=5 v=0.2327
    OK ch=7 v=1.3097
    OK ch=1 v=0.1678
    OK ch=3 v=0.2561
    OK ch=5 v=0.1986
    OK ch=7 v=1.3377
    OK ch=1 v=0.2438
    OK ch=3 v=0.2316
    OK ch=5 v=0.1774
    OK ch=7 v=1.3161
    OK ch=1 v=0.2940
    OK ch=3 v=0.2167
    OK ch=5 v=0.1617
    OK ch=7 v=1.2940
    OK ch=1 v=0.3335
    OK ch=3 v=0.1977
    OK ch=5 v=0.1569
    OK ch=7 v=1.2533
    OK ch=1 v=0.3282
    OK ch=3 v=0.1816
    OK ch=5 v=0.1367
    OK ch=7 v=1.2493
    OK ch=1 v=0.3291
    OK ch=3 v=0.1755
    OK ch=5 v=0.1149
    OK ch=7 v=1.2541
    OK ch=1 v=0.3104
    OK ch=3 v=0.1864
    OK ch=5 v=0.1019
    OK ch=7 v=1.2401
    OK ch=1 v=0.2722
    OK ch=3 v=0.2015
    OK ch=5 v=0.1307
    OK ch=7 v=1.2319
    OK ch=1 v=0.2819
    OK ch=3 v=0.2267
    OK ch=5 v=0.1796
    OK ch=7 v=1.2450
    OK ch=1 v=0.2875
    OK ch=3 v=0.2603
    OK ch=5 v=0.2187
    OK ch=7 v=1.2502
    OK ch=1 v=0.2779
    OK ch=3 v=0.2737
    OK ch=5 v=0.2346
    OK ch=7 v=1.2803
    OK ch=1 v=0.2192
    OK ch=3 v=0.2928
    OK ch=5 v=0.2522
    OK ch=7 v=1.2938
    OK ch=1 v=0.1987
    OK ch=3 v=0.2970
    OK ch=5 v=0.2602
    OK ch=7 v=1.2794
    OK ch=1 v=0.2390
    OK ch=3 v=0.3087
    OK ch=5 v=0.2613
    OK ch=1 v=0.2397
    OK ch=3 v=0.3048
    OK ch=5 v=0.2619
    OK ch=7 v=1.2484
    OK ch=1 v=0.2572
    OK ch=3 v=0.2803
    OK ch=5 v=0.2468
    OK ch=7 v=1.2209
    OK ch=1 v=0.2686
    OK ch=3 v=0.2626
    OK ch=5 v=0.2327
    OK ch=7 v=1.2556
    OK ch=1 v=0.2527
    OK ch=3 v=0.2319
    OK ch=5 v=0.2155
    OK ch=7 v=1.2528
    OK ch=1 v=0.2675
    OK ch=3 v=0.2062
    OK ch=5 v=0.2077
    OK ch=7 v=1.2357
    OK ch=1 v=0.3077
    OK ch=3 v=0.2043
    OK ch=5 v=0.2191
    OK ch=7 v=1.1859
    OK ch=1 v=0.3055
    OK ch=3 v=0.1921
    OK ch=5 v=0.2095
    OK ch=7 v=1.2046
    OK ch=1 v=0.3324
    OK ch=3 v=0.2101
    OK ch=5 v=0.2191
    OK ch=7 v=1.2132
    OK ch=1 v=0.2593
    OK ch=3 v=0.2206
    OK ch=5 v=0.2348
    OK ch=7 v=1.2027
    OK ch=1 v=0.2549
    OK ch=3 v=0.2402
    OK ch=5 v=0.2558
    OK ch=7 v=1.1864
    OK ch=1 v=0.2225
    OK ch=3 v=0.2609
    OK ch=5 v=0.2637
    OK ch=7 v=1.2326
    OK ch=1 v=0.1901
    OK ch=3 v=0.2750
    OK ch=5 v=0.2511
    OK ch=7 v=1.2889
    OK ch=1 v=0.1678
    OK ch=3 v=0.2769
    OK ch=5 v=0.2404
    OK ch=7 v=1.3057
    OK ch=1 v=0.2077
    OK ch=3 v=0.2940
    OK ch=5 v=0.2234
    OK ch=7 v=1.3024
    OK ch=1 v=0.2443
    OK ch=3 v=0.2837
    OK ch=5 v=0.2015
    OK ch=7 v=1.3189
    OK ch=1 v=0.2799
    OK ch=3 v=0.2697
    OK ch=5 v=0.1864
    OK ch=7 v=1.2977
    OK ch=1 v=0.2705
    OK ch=3 v=0.2369
    OK ch=5 v=0.1715
    OK ch=7 v=1.2797
    OK ch=1 v=0.2634
    OK ch=3 v=0.2081
    OK ch=5 v=0.1591
    OK ch=7 v=1.2442
    OK ch=1 v=0.2948
    OK ch=3 v=0.1951
    OK ch=5 v=0.1568
    OK ch=7 v=1.2373
    OK ch=1 v=0.3095
    OK ch=3 v=0.1887
    OK ch=5 v=0.1409
    OK ch=7 v=1.2326
    OK ch=1 v=0.2693
    OK ch=3 v=0.1822
    OK ch=5 v=0.1333
    OK ch=7 v=1.2458
    OK ch=1 v=0.2502
    OK ch=3 v=0.1900
    OK ch=5 v=0.1482
    OK ch=7 v=1.2516
    OK ch=1 v=0.2271
    OK ch=3 v=0.2073
    OK ch=5 v=0.1817
    OK ch=7 v=1.2591
    OK ch=1 v=0.2295
    OK ch=3 v=0.2319
    OK ch=5 v=0.2261
    OK ch=7 v=1.2344
    OK ch=1 v=0.1705
    OK ch=3 v=0.2355
    OK ch=5 v=0.2378
    OK ch=7 v=1.2847
    OK ch=1 v=0.1763
    OK ch=3 v=0.2581
    OK ch=5 v=0.2455
    OK ch=7 v=1.3045
    OK ch=1 v=0.1633
    OK ch=3 v=0.2657
    OK ch=5 v=0.2482
    OK ch=7 v=1.2957
    OK ch=1 v=0.2103
    OK ch=3 v=0.2706
    OK ch=5 v=0.2508
    OK ch=7 v=1.2589
    OK ch=1 v=0.2280
    OK ch=3 v=0.2663
    OK ch=5 v=0.2463
    OK ch=7 v=1.2683
    OK ch=1 v=0.2682
    OK ch=3 v=0.2392
    OK ch=5 v=0.2170
    OK ch=7 v=1.2818
    OK ch=1 v=0.2619
    OK ch=3 v=0.2296
    OK ch=5 v=0.1995
    OK ch=7 v=1.2610
    OK ch=1 v=0.2414
    OK ch=3 v=0.2111
    OK ch=5 v=0.1902
    OK ch=7 v=1.2424
    OK ch=1 v=0.2700
    OK ch=3 v=0.2031
    OK ch=5 v=0.1835
    OK ch=7 v=1.2219
    OK ch=1 v=0.2936
    OK ch=3 v=0.2088
    OK ch=5 v=0.1915
    OK ch=7 v=1.2048
    OK ch=1 v=0.2837
    OK ch=3 v=0.2062
    OK ch=5 v=0.1950
    OK ch=7 v=1.2083
    OK ch=1 v=0.2656
    OK ch=3 v=0.2196
    OK ch=5 v=0.1982
    OK ch=7 v=1.2294
    OK ch=1 v=0.2826
    OK ch=3 v=0.2512
    OK ch=5 v=0.2182
    OK ch=7 v=1.2360
    OK ch=1 v=0.2571
    OK ch=3 v=0.2572
    OK ch=5 v=0.2295
    OK ch=7 v=1.2497
    OK ch=1 v=0.2458
    OK ch=3 v=0.2779
    OK ch=5 v=0.2495
    OK ch=7 v=1.2646
    OK ch=1 v=0.2387
    OK ch=3 v=0.2863
    OK ch=5 v=0.2518
    OK ch=7 v=1.2718
    OK ch=1 v=0.2624
    OK ch=3 v=0.2966
    OK ch=5 v=0.2492
    OK ch=7 v=1.2826
    OK ch=1 v=0.2727
    OK ch=3 v=0.2977
    OK ch=7 v=1.2847
    OK ch=1 v=0.2429
    OK ch=3 v=0.2860
    OK ch=5 v=0.2328
    OK ch=7 v=1.2730
    OK ch=1 v=0.2585
    OK ch=3 v=0.2623
    OK ch=5 v=0.2106
    OK ch=7 v=1.2689
    OK ch=1 v=0.2437
    OK ch=3 v=0.2440
    OK ch=5 v=0.1914
    OK ch=7 v=1.2645
    OK ch=1 v=0.2742
    OK ch=3 v=0.2161
    OK ch=5 v=0.1694
    OK ch=7 v=1.2532
    OK ch=1 v=0.2669
    OK ch=3 v=0.2022
    OK ch=5 v=0.1715
    OK ch=7 v=1.2172
    OK ch=1 v=0.2899
    OK ch=3 v=0.1946
    OK ch=5 v=0.1687
    OK ch=7 v=1.2142
    OK ch=1 v=0.2816
    OK ch=3 v=0.1934
    OK ch=5 v=0.1743
    OK ch=7 v=1.2399
    OK ch=1 v=0.3120
    OK ch=3 v=0.2133
    OK ch=5 v=0.1930
    OK ch=7 v=1.2347
    OK ch=1 v=0.2414
    OK ch=3 v=0.2171
    OK ch=5 v=0.2117
    OK ch=7 v=1.2426
    OK ch=1 v=0.1918
    OK ch=3 v=0.2293
    OK ch=5 v=0.2321
    OK ch=7 v=1.2479
    OK ch=1 v=0.1739
    OK ch=3 v=0.2400
    OK ch=5 v=0.2461
    OK ch=7 v=1.2639
    OK ch=1 v=0.1726
    OK ch=3 v=0.2550
    OK ch=5 v=0.2452
    OK ch=7 v=1.2781
    OK ch=1 v=0.1861
    OK ch=3 v=0.2649
    OK ch=5 v=0.2357
    OK ch=7 v=1.2989
    OK ch=1 v=0.1637
    OK ch=3 v=0.2598
    OK ch=5 v=0.2285
    OK ch=7 v=1.2856
    OK ch=1 v=0.2410
    OK ch=3 v=0.2556
    OK ch=5 v=0.2191
    OK ch=7 v=1.2699
    OK ch=1 v=0.2580
    OK ch=3 v=0.2441
    OK ch=5 v=0.1984
    OK ch=7 v=1.2803
    OK ch=3 v=0.2243
    OK ch=5 v=0.1775
    OK ch=7 v=1.2738
    OK ch=1 v=0.2605
    OK ch=3 v=0.2114
    OK ch=5 v=0.1719
    OK ch=7 v=1.2719
    OK ch=1 v=0.2759
    OK ch=3 v=0.2008
    OK ch=5 v=0.1688
    OK ch=7 v=1.2549
    OK ch=1 v=0.2707
    OK ch=3 v=0.1949
    OK ch=5 v=0.1616
    OK ch=7 v=1.2261
    OK ch=1 v=0.3052
    OK ch=3 v=0.2025
    OK ch=5 v=0.1824
    OK ch=7 v=1.1945
    OK ch=1 v=0.2652
    OK ch=3 v=0.2069
    OK ch=5 v=0.1931
    OK ch=7 v=1.2128
    OK ch=1 v=0.2733
    OK ch=3 v=0.2391
    OK ch=5 v=0.2085
    OK ch=7 v=1.2515
    OK ch=1 v=0.2600
    OK ch=3 v=0.2549
    OK ch=5 v=0.2180
    OK ch=7 v=1.2697
    OK ch=1 v=0.2155
    OK ch=3 v=0.2588
    OK ch=5 v=0.2268
    OK ch=7 v=1.2712
[  160.4s] DAMPING     ch0:.... g=-0.0306 bp=-0.014V ratio=0.25  ch1:.... g=-0.0316 bp=-0.093V ratio=0.33  ch2:.... g=+0.0104 bp=+0.210V ratio=0.28  ch3:.... g=-0.0308 bp=-0.007V ratio=0.27
    OK ch=1 v=0.2102
    OK ch=3 v=0.2702
    OK ch=5 v=0.2483
    OK ch=7 v=1.2638
    OK ch=1 v=0.2504
    OK ch=3 v=0.2886
    OK ch=5 v=0.2399
    OK ch=7 v=1.3019
    OK ch=1 v=0.2448
    OK ch=3 v=0.2805
    OK ch=5 v=0.2364
    OK ch=7 v=1.2916
    OK ch=1 v=0.2363
    OK ch=3 v=0.2730
    OK ch=5 v=0.2289
    OK ch=7 v=1.2641
    OK ch=1 v=0.2667
    OK ch=3 v=0.2558
    OK ch=5 v=0.2241
    OK ch=7 v=1.2360
    OK ch=1 v=0.2348
    OK ch=3 v=0.2283
    OK ch=5 v=0.2154
    OK ch=7 v=1.2338
    OK ch=1 v=0.2726
    OK ch=3 v=0.2198
    OK ch=5 v=0.1856
    OK ch=7 v=1.2415
    OK ch=1 v=0.2641
    OK ch=3 v=0.2162
    OK ch=5 v=0.1784
    OK ch=7 v=1.2334
    OK ch=1 v=0.3052
    OK ch=3 v=0.2239
    OK ch=5 v=0.1867
    OK ch=7 v=1.2270
    OK ch=1 v=0.3130
    OK ch=3 v=0.2171
    OK ch=5 v=0.2010
    OK ch=7 v=1.2167
    OK ch=1 v=0.2792
    OK ch=3 v=0.2201
    OK ch=5 v=0.2091
    OK ch=7 v=1.2371
    OK ch=1 v=0.2444
    OK ch=3 v=0.2254
    OK ch=5 v=0.2205
    OK ch=7 v=1.2458
    OK ch=1 v=0.2073
    OK ch=3 v=0.2355
    OK ch=5 v=0.2313
    OK ch=7 v=1.2504
    OK ch=1 v=0.2271
    OK ch=3 v=0.2572
    OK ch=5 v=0.2487
    OK ch=7 v=1.2573
    OK ch=1 v=0.2141
    OK ch=3 v=0.2609
    OK ch=5 v=0.2423
    OK ch=7 v=1.2690
    OK ch=1 v=0.2053
    OK ch=3 v=0.2628
    OK ch=5 v=0.2330
    OK ch=7 v=1.2922
    OK ch=1 v=0.2107
    OK ch=3 v=0.2644
    OK ch=5 v=0.2228
    OK ch=7 v=1.2857
    OK ch=1 v=0.2071
    OK ch=3 v=0.2505
    OK ch=5 v=0.2082
    OK ch=7 v=1.2719
    OK ch=1 v=0.2446
    OK ch=3 v=0.2479
    OK ch=5 v=0.1941
    OK ch=7 v=1.2918
    OK ch=1 v=0.2589
    OK ch=3 v=0.2246
    OK ch=5 v=0.1770
    OK ch=7 v=1.2655
    OK ch=1 v=0.2957
    OK ch=3 v=0.2206
    OK ch=5 v=0.1680
    OK ch=7 v=1.2479
    OK ch=1 v=0.2851
    OK ch=3 v=0.2093
    OK ch=5 v=0.1721
    OK ch=7 v=1.2221
    OK ch=1 v=0.2720
    OK ch=3 v=0.2014
    OK ch=5 v=0.1750
    OK ch=7 v=1.2308
    OK ch=1 v=0.2938
    OK ch=3 v=0.2082
    OK ch=5 v=0.1890
    OK ch=7 v=1.2247
    OK ch=1 v=0.2519
    OK ch=3 v=0.2218
    OK ch=5 v=0.1917
    OK ch=7 v=1.2494
    OK ch=1 v=0.2108
    OK ch=3 v=0.2263
    OK ch=5 v=0.2064
    OK ch=7 v=1.2546
    OK ch=1 v=0.2331
    OK ch=3 v=0.2428
    OK ch=5 v=0.2239
    OK ch=7 v=1.2660
    OK ch=1 v=0.2146
    OK ch=3 v=0.2541
    OK ch=5 v=0.2364
    OK ch=7 v=1.2729
    OK ch=1 v=0.2203
    OK ch=3 v=0.2657
    OK ch=5 v=0.2375
    OK ch=7 v=1.2819
    OK ch=1 v=0.2210
    OK ch=3 v=0.2642
    OK ch=5 v=0.2345
    OK ch=7 v=1.2805
    OK ch=1 v=0.2188
    OK ch=3 v=0.2602
    OK ch=5 v=0.2292
    OK ch=7 v=1.2629
    OK ch=1 v=0.2660
    OK ch=3 v=0.2543
    OK ch=5 v=0.2266
    OK ch=7 v=1.2591
    OK ch=1 v=0.2436
    OK ch=3 v=0.2406
    OK ch=5 v=0.2075
    OK ch=7 v=1.2568
    OK ch=1 v=0.2346
    OK ch=3 v=0.2256
    OK ch=5 v=0.1863
    OK ch=7 v=1.2534
    OK ch=1 v=0.2686
    OK ch=3 v=0.2197
    OK ch=5 v=0.1855
    OK ch=7 v=1.2407
    OK ch=1 v=0.2700
    OK ch=3 v=0.2135
    OK ch=5 v=0.1850
    OK ch=7 v=1.2360
    OK ch=1 v=0.2921
    OK ch=3 v=0.2158
    OK ch=5 v=0.1964
    OK ch=7 v=1.2233
    OK ch=1 v=0.2743
    OK ch=3 v=0.2218
    OK ch=5 v=0.1999
    OK ch=7 v=1.2341
    OK ch=1 v=0.2594
    OK ch=3 v=0.2301
    OK ch=5 v=0.2115
    OK ch=7 v=1.2436
    OK ch=1 v=0.2630
    OK ch=3 v=0.2337
    OK ch=5 v=0.2248
    OK ch=7 v=1.2392
    OK ch=1 v=0.2373
    OK ch=3 v=0.2537
    OK ch=5 v=0.2337
    OK ch=7 v=1.2537
    OK ch=1 v=0.2539
    OK ch=3 v=0.2737
    OK ch=5 v=0.2415
    OK ch=7 v=1.2710
    OK ch=1 v=0.2505
    OK ch=3 v=0.2752
    OK ch=5 v=0.2345
    OK ch=7 v=1.2845
    OK ch=1 v=0.2029
    OK ch=3 v=0.2672
    OK ch=5 v=0.2375
    OK ch=7 v=1.2581
    OK ch=1 v=0.2336
    OK ch=3 v=0.2656
    OK ch=5 v=0.2293
    OK ch=7 v=1.2544
    OK ch=1 v=0.2406
    OK ch=3 v=0.2512
    OK ch=5 v=0.2039
    OK ch=7 v=1.2817
    OK ch=1 v=0.2431
    OK ch=3 v=0.2347
    OK ch=5 v=0.1912
    OK ch=7 v=1.2709
    OK ch=5 v=0.1818
    OK ch=7 v=1.2542
    OK ch=1 v=0.2479
    OK ch=3 v=0.2140
    OK ch=5 v=0.1779
    OK ch=7 v=1.2436
    OK ch=1 v=0.2934
    OK ch=3 v=0.2112
    OK ch=7 v=1.2331
    OK ch=1 v=0.2720
    OK ch=3 v=0.2076
    OK ch=5 v=0.1870
    OK ch=7 v=1.2303
    OK ch=1 v=0.2783
    OK ch=3 v=0.2103
    OK ch=5 v=0.1904
    OK ch=7 v=1.2290
    OK ch=1 v=0.2883
    OK ch=3 v=0.2252
    OK ch=5 v=0.2047
    OK ch=7 v=1.2403
    OK ch=1 v=0.2575
    OK ch=3 v=0.2279
    OK ch=5 v=0.2130
    OK ch=7 v=1.2524
    OK ch=1 v=0.2242
    OK ch=3 v=0.2343
    OK ch=5 v=0.2242
    OK ch=7 v=1.2533
    OK ch=1 v=0.2270
    OK ch=3 v=0.2441
    OK ch=5 v=0.2312
    OK ch=7 v=1.2761
    OK ch=1 v=0.1949
    OK ch=3 v=0.2541
    OK ch=7 v=1.2816
    OK ch=1 v=0.1965
    OK ch=3 v=0.2554
    OK ch=5 v=0.2234
    OK ch=7 v=1.2878
    OK ch=1 v=0.2135
    OK ch=5 v=0.2315
    OK ch=7 v=1.2455
    OK ch=1 v=0.1885
    OK ch=3 v=0.2493
    OK ch=5 v=0.2131
    OK ch=7 v=1.2790
    OK ch=1 v=0.2416
    OK ch=3 v=0.2515
    OK ch=5 v=0.2059
    OK ch=7 v=1.2651
    OK ch=1 v=0.2640
    OK ch=3 v=0.2370
    OK ch=5 v=0.1986
    OK ch=7 v=1.2509
    OK ch=1 v=0.3033
    OK ch=3 v=0.2318
    OK ch=5 v=0.1859
    OK ch=7 v=1.2616
    OK ch=1 v=0.2780
    OK ch=3 v=0.2175
    OK ch=5 v=0.1799
    OK ch=7 v=1.2581
    OK ch=1 v=0.2523
    OK ch=3 v=0.2084
    OK ch=5 v=0.1807
    OK ch=7 v=1.2496
    OK ch=1 v=0.2842
    OK ch=3 v=0.2147
    OK ch=5 v=0.1994
    OK ch=7 v=1.2076
    OK ch=1 v=0.2521
    OK ch=3 v=0.2185
    OK ch=5 v=0.2050
    OK ch=7 v=1.2438
    OK ch=1 v=0.2797
    OK ch=3 v=0.2384
    OK ch=5 v=0.2115
    OK ch=7 v=1.2577
    OK ch=1 v=0.2339
    OK ch=3 v=0.2482
    OK ch=5 v=0.2183
    OK ch=7 v=1.2623
    OK ch=1 v=0.2237
    OK ch=3 v=0.2523
    OK ch=5 v=0.2301
    OK ch=7 v=1.2517
    OK ch=1 v=0.2105
    OK ch=3 v=0.2592
    OK ch=5 v=0.2330
    OK ch=7 v=1.2560
    OK ch=1 v=0.2314
    OK ch=3 v=0.2612
    OK ch=5 v=0.2300
    OK ch=7 v=1.2823
    OK ch=1 v=0.2378
    OK ch=3 v=0.2680
    OK ch=5 v=0.2204
    OK ch=7 v=1.2806
    OK ch=1 v=0.2463
    OK ch=3 v=0.2553
    OK ch=5 v=0.2165
    OK ch=7 v=1.2656
    OK ch=1 v=0.2473
    OK ch=3 v=0.2481
    OK ch=5 v=0.2116
    OK ch=7 v=1.2746
    OK ch=1 v=0.2548
    OK ch=3 v=0.2370
    OK ch=5 v=0.1978
    OK ch=7 v=1.2529
    OK ch=1 v=0.2941
    OK ch=3 v=0.2306
    OK ch=5 v=0.1949
    OK ch=7 v=1.2402
    OK ch=1 v=0.2895
    OK ch=3 v=0.2230
    OK ch=5 v=0.1987
    OK ch=7 v=1.2203
    OK ch=1 v=0.2564
    OK ch=3 v=0.2172
    OK ch=5 v=0.1926
    OK ch=7 v=1.2349
    OK ch=1 v=0.2784
    OK ch=3 v=0.2237
    OK ch=5 v=0.1977
    OK ch=7 v=1.2535
    OK ch=1 v=0.2362
    OK ch=3 v=0.2224
    OK ch=5 v=0.2016
    OK ch=7 v=1.2408
    OK ch=1 v=0.2416
    OK ch=3 v=0.2297
    OK ch=5 v=0.2215
    OK ch=7 v=1.2177
    OK ch=1 v=0.2450
    OK ch=3 v=0.2420
    OK ch=5 v=0.2258
    OK ch=7 v=1.2318
    OK ch=1 v=0.2309
    OK ch=3 v=0.2483
    OK ch=5 v=0.2238
    OK ch=7 v=1.2795
    OK ch=1 v=0.2375
    OK ch=3 v=0.2567
    OK ch=7 v=1.2868
    OK ch=1 v=0.2405
    OK ch=3 v=0.2581
    OK ch=5 v=0.2272
    OK ch=7 v=1.3003
    OK ch=1 v=0.2093
    OK ch=3 v=0.2486
    OK ch=5 v=0.2238
    OK ch=7 v=1.2859
    OK ch=1 v=0.2207
    OK ch=3 v=0.2448
    OK ch=5 v=0.2144
    OK ch=7 v=1.2640
    OK ch=1 v=0.2400
    OK ch=3 v=0.2433
    OK ch=5 v=0.2092
    OK ch=7 v=1.2310
    OK ch=1 v=0.2540
    OK ch=3 v=0.2404
    OK ch=5 v=0.2032
    OK ch=7 v=1.2293
    OK ch=1 v=0.2850
    OK ch=3 v=0.2290
    OK ch=5 v=0.1822
    OK ch=7 v=1.2637
    OK ch=1 v=0.2630
    OK ch=3 v=0.2181
    OK ch=5 v=0.1784
    OK ch=7 v=1.2611
    OK ch=1 v=0.2570
    OK ch=3 v=0.2140
    OK ch=5 v=0.1843
    OK ch=7 v=1.2502
    OK ch=1 v=0.2850
    OK ch=3 v=0.2191
    OK ch=5 v=0.1958
    OK ch=7 v=1.2382
    OK ch=1 v=0.2551
    OK ch=3 v=0.2209
    OK ch=5 v=0.2025
    OK ch=7 v=1.2480
    OK ch=1 v=0.2471
    OK ch=3 v=0.2369
    OK ch=5 v=0.2086
    OK ch=7 v=1.2540
    OK ch=1 v=0.2195
    OK ch=3 v=0.2405
    OK ch=5 v=0.2169
    OK ch=7 v=1.2594
    OK ch=1 v=0.2510
    OK ch=3 v=0.2554
    OK ch=5 v=0.2330
    OK ch=7 v=1.2522
    OK ch=1 v=0.2140
    OK ch=3 v=0.2538
    OK ch=5 v=0.2345
    OK ch=7 v=1.2441
    OK ch=1 v=0.2269
    OK ch=3 v=0.2551
    OK ch=5 v=0.2257
    OK ch=7 v=1.2783
    OK ch=1 v=0.2137
    OK ch=3 v=0.2490
    OK ch=5 v=0.2163
    OK ch=1 v=0.2615
    OK ch=3 v=0.2589
    OK ch=5 v=0.2133
    OK ch=7 v=1.2755
    OK ch=1 v=0.2459
    OK ch=3 v=0.2427
    OK ch=5 v=0.2110
    OK ch=7 v=1.2653
    OK ch=1 v=0.2360
    OK ch=3 v=0.2349
    OK ch=5 v=0.2031
    OK ch=7 v=1.2424
    OK ch=1 v=0.2853
    OK ch=3 v=0.2304
    OK ch=5 v=0.2010
    OK ch=7 v=1.2430
    OK ch=1 v=0.2819
    OK ch=3 v=0.2285
    OK ch=5 v=0.1967
    OK ch=7 v=1.2424
    OK ch=1 v=0.2562
    OK ch=3 v=0.2152
    OK ch=5 v=0.1854
    OK ch=7 v=1.2503
    OK ch=1 v=0.2597
    OK ch=3 v=0.2214
    OK ch=5 v=0.1987
    OK ch=7 v=1.2373
    OK ch=1 v=0.2405
    OK ch=3 v=0.2352
    OK ch=5 v=0.2062
    OK ch=7 v=1.2429
    OK ch=1 v=0.2566
    OK ch=3 v=0.2316
    OK ch=5 v=0.2147
    OK ch=7 v=1.2502
    OK ch=1 v=0.2492
    OK ch=3 v=0.2446
    OK ch=5 v=0.2184
    OK ch=7 v=1.2599
    OK ch=1 v=0.2632
    OK ch=3 v=0.2524
    OK ch=5 v=0.2251
    OK ch=7 v=1.2664
    OK ch=1 v=0.2528
    OK ch=3 v=0.2572
    OK ch=5 v=0.2323
    OK ch=7 v=1.2546
    OK ch=1 v=0.2195
    OK ch=3 v=0.2546
    OK ch=5 v=0.2287
    OK ch=7 v=1.2644
    OK ch=1 v=0.2397
    OK ch=3 v=0.2581
    OK ch=5 v=0.2211
    OK ch=7 v=1.2733
    OK ch=1 v=0.2213
    OK ch=3 v=0.2507
    OK ch=5 v=0.2100
    OK ch=7 v=1.2703
[  165.5s] DAMPING     ch0:.... g=-0.0300 bp=-0.045V ratio=0.08  ch1:.... g=-0.0300 bp=+0.066V ratio=0.14  ch2:.... g=+0.0100 bp=-0.126V ratio=0.13  ch3:.... g=-0.0300 bp=+0.040V ratio=0.11
    OK ch=1 v=0.2306
    OK ch=3 v=0.2378
    OK ch=5 v=0.2068
    OK ch=7 v=1.2485
    OK ch=1 v=0.2584
    OK ch=5 v=0.1977
    OK ch=7 v=1.2404
    OK ch=1 v=0.2866
    OK ch=3 v=0.2301
    OK ch=5 v=0.1893
    OK ch=7 v=1.2668
    OK ch=1 v=0.2679
    OK ch=3 v=0.2177
    OK ch=5 v=0.1819
    OK ch=7 v=1.2556
    OK ch=1 v=0.2570
    OK ch=5 v=0.1938
    OK ch=7 v=1.2287
    OK ch=1 v=0.2413
    OK ch=3 v=0.2142
    OK ch=5 v=0.1920
    OK ch=7 v=1.2500
    OK ch=1 v=0.2614
    OK ch=3 v=0.2215
    OK ch=5 v=0.1994
    OK ch=7 v=1.2506
    OK ch=1 v=0.2494
    OK ch=3 v=0.2346
    OK ch=5 v=0.2181
    OK ch=7 v=1.2377
    OK ch=1 v=0.2287
    OK ch=3 v=0.2429
    OK ch=7 v=1.2666
    OK ch=1 v=0.2479
    OK ch=3 v=0.2368
    OK ch=5 v=0.2247
    OK ch=7 v=1.2479
    OK ch=1 v=0.2516
    OK ch=3 v=0.2494
    OK ch=5 v=0.2297
    OK ch=7 v=1.2510
    OK ch=1 v=0.2313
    OK ch=3 v=0.2540
    OK ch=5 v=0.2238
    OK ch=7 v=1.2803
    OK ch=1 v=0.2525
    OK ch=3 v=0.2632
    OK ch=5 v=0.2167
    OK ch=7 v=1.2825
    OK ch=1 v=0.2273
    OK ch=3 v=0.2509
    OK ch=5 v=0.2127
    OK ch=7 v=1.2748
    OK ch=1 v=0.2250
    OK ch=3 v=0.2421
    OK ch=5 v=0.2166
    OK ch=7 v=1.2570
    OK ch=1 v=0.2526
    OK ch=3 v=0.2348
    OK ch=5 v=0.2047
    OK ch=7 v=1.2647
    OK ch=1 v=0.2711
    OK ch=3 v=0.2305
    OK ch=5 v=0.1925
    OK ch=1 v=0.2552
    OK ch=3 v=0.2221
    OK ch=5 v=0.1879
    OK ch=7 v=1.2431
    OK ch=1 v=0.2529
    OK ch=3 v=0.2197
    OK ch=5 v=0.1941
    OK ch=7 v=1.2364
    OK ch=1 v=0.2485
    OK ch=3 v=0.2216
    OK ch=5 v=0.1920
    OK ch=7 v=1.2378
    OK ch=1 v=0.2732
    OK ch=3 v=0.2298
    OK ch=5 v=0.1990
    OK ch=7 v=1.2384
    OK ch=1 v=0.2596
    OK ch=3 v=0.2327
    OK ch=5 v=0.2110
    OK ch=7 v=1.2433
    OK ch=1 v=0.2649
    OK ch=3 v=0.2409
    OK ch=5 v=0.2141
    OK ch=7 v=1.2526
    OK ch=1 v=0.2300
    OK ch=5 v=0.2227
    OK ch=7 v=1.2582
    OK ch=1 v=0.2389
    OK ch=3 v=0.2552
    OK ch=5 v=0.2323
    OK ch=7 v=1.2301
    OK ch=1 v=0.2313
    OK ch=3 v=0.2561
    OK ch=5 v=0.2247
    OK ch=7 v=1.2717
    OK ch=1 v=0.2164
    OK ch=3 v=0.2579
    OK ch=5 v=0.2226
    OK ch=7 v=1.2763
    OK ch=1 v=0.2202
    OK ch=3 v=0.2471
    OK ch=5 v=0.2145
    OK ch=7 v=1.2706
    OK ch=1 v=0.2684
    OK ch=3 v=0.2527
    OK ch=5 v=0.2156
    OK ch=7 v=1.2554
    OK ch=1 v=0.2701
    OK ch=3 v=0.2429
    OK ch=5 v=0.2047
    OK ch=7 v=1.2589
    OK ch=1 v=0.2364
    OK ch=3 v=0.2256
    OK ch=5 v=0.1982
    OK ch=7 v=1.2553
    OK ch=1 v=0.2850
    OK ch=3 v=0.2318
    OK ch=5 v=0.1991
    OK ch=7 v=1.2400
    OK ch=1 v=0.2685
    OK ch=3 v=0.2210
    OK ch=5 v=0.1940
    OK ch=7 v=1.2457
    OK ch=1 v=0.2738
    OK ch=3 v=0.2240
    OK ch=5 v=0.1966
    OK ch=7 v=1.2467
    OK ch=1 v=0.2528
    OK ch=3 v=0.2277
    OK ch=5 v=0.2005
    OK ch=7 v=1.2444
    OK ch=1 v=0.2634
    OK ch=3 v=0.2305
    OK ch=5 v=0.2125
    OK ch=7 v=1.2379
    OK ch=1 v=0.2539
    OK ch=3 v=0.2380
    OK ch=5 v=0.2217
    OK ch=7 v=1.2425
    OK ch=1 v=0.2499
    OK ch=3 v=0.2390
    OK ch=5 v=0.2155
    OK ch=7 v=1.2675
    OK ch=1 v=0.2136
    OK ch=3 v=0.2476
    OK ch=5 v=0.2214
    OK ch=7 v=1.2650
    OK ch=1 v=0.1771
    OK ch=3 v=0.2462
    OK ch=5 v=0.2236
    OK ch=7 v=1.2672
    OK ch=1 v=0.2202
    OK ch=3 v=0.2501
    OK ch=5 v=0.2215
    OK ch=7 v=1.2737
    OK ch=1 v=0.2460
    OK ch=5 v=0.2135
    OK ch=7 v=1.2714
    OK ch=1 v=0.2699
    OK ch=3 v=0.2511
    OK ch=5 v=0.2101
    OK ch=7 v=1.2623
    OK ch=1 v=0.2614
    OK ch=3 v=0.2427
    OK ch=5 v=0.2045
    OK ch=7 v=1.2531
    OK ch=1 v=0.2653
    OK ch=3 v=0.2330
    OK ch=5 v=0.1919
    OK ch=7 v=1.2560
    OK ch=1 v=0.2279
    OK ch=3 v=0.2233
    OK ch=5 v=0.1936
    OK ch=7 v=1.2428
    OK ch=1 v=0.2683
    OK ch=3 v=0.2255
    OK ch=7 v=1.2363

*** LOCKED -- 12.4s after gain was applied (t=167.5s total) ***

    OK ch=1 v=0.2656
    OK ch=3 v=0.2275
    OK ch=5 v=0.1959
    OK ch=7 v=1.2502
    OK ch=1 v=0.2565
    OK ch=3 v=0.2253
    OK ch=5 v=0.1971
    OK ch=7 v=1.2520
    OK ch=1 v=0.2597
    OK ch=3 v=0.2325
    OK ch=5 v=0.2084
    OK ch=7 v=1.2421
    OK ch=1 v=0.2464
    OK ch=3 v=0.2355
    OK ch=5 v=0.2161
    OK ch=7 v=1.2443
    OK ch=1 v=0.2558
    OK ch=3 v=0.2460
    OK ch=5 v=0.2179
    OK ch=7 v=1.2783
    OK ch=1 v=0.2358
    OK ch=3 v=0.2492
    OK ch=5 v=0.2206
    OK ch=7 v=1.2685
    OK ch=1 v=0.2283
    OK ch=3 v=0.2484
    OK ch=5 v=0.2232
    OK ch=7 v=1.2663
    OK ch=3 v=0.2506
    OK ch=5 v=0.2248
    OK ch=7 v=1.2804
    OK ch=1 v=0.2593
    OK ch=3 v=0.2427
    OK ch=5 v=0.2275
    OK ch=7 v=1.2290
    OK ch=1 v=0.2556
    OK ch=3 v=0.2468
    OK ch=5 v=0.2159
    OK ch=7 v=1.2563
    OK ch=1 v=0.2260
    OK ch=3 v=0.2393
    OK ch=5 v=0.2088
    OK ch=1 v=0.2491
    OK ch=3 v=0.2407
    OK ch=5 v=0.1963
    OK ch=7 v=1.2635
    OK ch=1 v=0.2549
    OK ch=3 v=0.2315
    OK ch=5 v=0.1954
    OK ch=7 v=1.2667
    OK ch=1 v=0.2740
    OK ch=3 v=0.2306
    OK ch=5 v=0.1919
    OK ch=7 v=1.2450
    OK ch=1 v=0.2602
    OK ch=3 v=0.2238
    OK ch=5 v=0.1955
    OK ch=7 v=1.2383
    OK ch=1 v=0.2739
    OK ch=5 v=0.2082
    OK ch=7 v=1.2140
    OK ch=1 v=0.2713
    OK ch=3 v=0.2337
    OK ch=5 v=0.2029
    OK ch=7 v=1.2476
    OK ch=1 v=0.2530
    OK ch=3 v=0.2316
    OK ch=5 v=0.2189
    OK ch=7 v=1.2295
    OK ch=1 v=0.2293
    OK ch=3 v=0.2332
    OK ch=5 v=0.2240
    OK ch=7 v=1.2368
    OK ch=1 v=0.2541
    OK ch=3 v=0.2454
    OK ch=5 v=0.2253
    OK ch=7 v=1.2824
    OK ch=1 v=0.2200
    OK ch=3 v=0.2503
    OK ch=5 v=0.2187
    OK ch=7 v=1.2787
    OK ch=1 v=0.2562
    OK ch=3 v=0.2645
    OK ch=5 v=0.2214
    OK ch=7 v=1.2758
    OK ch=1 v=0.2369
    OK ch=3 v=0.2609
    OK ch=5 v=0.2288
    OK ch=7 v=1.2595
    OK ch=1 v=0.2387
    OK ch=3 v=0.2512
    OK ch=5 v=0.2150
    OK ch=7 v=1.2731
    OK ch=1 v=0.2185
    OK ch=3 v=0.2459
    OK ch=5 v=0.2049
    OK ch=7 v=1.2708
    OK ch=1 v=0.2322
    OK ch=3 v=0.2340
    OK ch=5 v=0.1967
    OK ch=7 v=1.2533
    OK ch=1 v=0.2488
    OK ch=3 v=0.2369
    OK ch=5 v=0.1945
    OK ch=7 v=1.2451
    OK ch=1 v=0.2866
    OK ch=3 v=0.2232
    OK ch=5 v=0.1878
    OK ch=7 v=1.2350
    OK ch=1 v=0.2721
    OK ch=3 v=0.2186
    OK ch=5 v=0.1798
    OK ch=7 v=1.2495
    OK ch=1 v=0.2977
    OK ch=3 v=0.2226
    OK ch=5 v=0.1904
    OK ch=7 v=1.2439
    OK ch=1 v=0.2636
    OK ch=3 v=0.2143
    OK ch=5 v=0.2022
    OK ch=7 v=1.2391
    OK ch=1 v=0.2581
    OK ch=3 v=0.2258
    OK ch=5 v=0.2201
    OK ch=1 v=0.2218
    OK ch=3 v=0.2312
    OK ch=5 v=0.2236
    OK ch=7 v=1.2500
    OK ch=1 v=0.2187
    OK ch=3 v=0.2398
    OK ch=5 v=0.2357
    OK ch=7 v=1.2510
    OK ch=1 v=0.2376
    OK ch=3 v=0.2593
    OK ch=5 v=0.2377
    OK ch=7 v=1.2653
    OK ch=1 v=0.2148
    OK ch=3 v=0.2606
    OK ch=5 v=0.2301
    OK ch=7 v=1.2813
    OK ch=1 v=0.2244
    OK ch=3 v=0.2586
    OK ch=5 v=0.2328
    OK ch=7 v=1.2622
    OK ch=1 v=0.2384
    OK ch=3 v=0.2643
    OK ch=5 v=0.2266
    OK ch=7 v=1.2582
    OK ch=1 v=0.2529
    OK ch=3 v=0.2502
    OK ch=5 v=0.2028
    OK ch=7 v=1.2850
    OK ch=1 v=0.2355
    OK ch=3 v=0.2374
    OK ch=5 v=0.1886
    OK ch=7 v=1.2785
    OK ch=1 v=0.2695
    OK ch=3 v=0.2260
    OK ch=5 v=0.1806
    OK ch=7 v=1.2652
    OK ch=1 v=0.2713
    OK ch=3 v=0.2170
    OK ch=5 v=0.1816
    OK ch=7 v=1.2182
    OK ch=1 v=0.2636
    OK ch=3 v=0.2158
    OK ch=5 v=0.1764
    OK ch=7 v=1.2440
    OK ch=1 v=0.2924
    OK ch=3 v=0.2065
    OK ch=5 v=0.1848
    OK ch=7 v=1.2376
    OK ch=1 v=0.2761
    OK ch=3 v=0.2080
    OK ch=5 v=0.1976
    OK ch=7 v=1.2278
    OK ch=1 v=0.2973
    OK ch=3 v=0.2185
    OK ch=5 v=0.2211
    OK ch=7 v=1.2123
    OK ch=1 v=0.2451
    OK ch=3 v=0.2295
    OK ch=5 v=0.2371
    OK ch=7 v=1.2229
    OK ch=1 v=0.2120
    OK ch=3 v=0.2496
    OK ch=5 v=0.2569
    OK ch=7 v=1.2422
    OK ch=1 v=0.2232
    OK ch=3 v=0.2648
    OK ch=5 v=0.2619
    OK ch=7 v=1.2600
    OK ch=1 v=0.1954
    OK ch=3 v=0.2788
    OK ch=5 v=0.2676
    OK ch=7 v=1.2662
    OK ch=1 v=0.2180
    OK ch=3 v=0.2935
    OK ch=5 v=0.2578
    OK ch=7 v=1.2911
    OK ch=1 v=0.2112
    OK ch=3 v=0.2870
    OK ch=5 v=0.2261
    OK ch=7 v=1.3049
    OK ch=1 v=0.2185
    OK ch=3 v=0.2791
    OK ch=5 v=0.2072
    OK ch=7 v=1.3034
    OK ch=1 v=0.2807
    OK ch=3 v=0.2587
    OK ch=5 v=0.1937
    OK ch=7 v=1.2571
    OK ch=1 v=0.2558
    OK ch=3 v=0.2393
    OK ch=5 v=0.1683
    OK ch=7 v=1.2828
    OK ch=1 v=0.3078
    OK ch=3 v=0.2247
    OK ch=5 v=0.1590
    OK ch=7 v=1.2745
    OK ch=1 v=0.3088
    OK ch=3 v=0.2000
    OK ch=5 v=0.1435
    OK ch=7 v=1.2399
    OK ch=1 v=0.2870
    OK ch=3 v=0.1785
    OK ch=5 v=0.1402
    OK ch=7 v=1.2216
    OK ch=1 v=0.2898
    OK ch=5 v=0.1471
    OK ch=7 v=1.2150
    OK ch=1 v=0.2802
    OK ch=3 v=0.1775
    OK ch=5 v=0.1679
    OK ch=7 v=1.2097
    OK ch=1 v=0.2630
    OK ch=3 v=0.1903
    OK ch=5 v=0.1994
    OK ch=7 v=1.1215

[trim] ch3 reverted to 1.00V and frozen -- total offset 538 -> 561 counts.

    OK ch=1 v=0.2371
    OK ch=3 v=0.2143
    OK ch=5 v=0.2366
    OK ch=7 v=1.0334
    OK ch=3 v=0.2446
    OK ch=5 v=0.2652
    OK ch=7 v=0.9945
    OK ch=1 v=0.1866
    OK ch=3 v=0.2679
    OK ch=5 v=0.2809
    OK ch=7 v=1.0199
    OK ch=1 v=0.1696
    OK ch=3 v=0.2879
    OK ch=5 v=0.2989
    OK ch=7 v=1.0302
    OK ch=1 v=0.1606
    OK ch=3 v=0.2923
    OK ch=5 v=0.2966
    OK ch=7 v=1.0425
    OK ch=1 v=0.1731
    OK ch=3 v=0.2909
    OK ch=5 v=0.2782
    OK ch=1 v=0.2090
    OK ch=3 v=0.2867
    OK ch=5 v=0.2533
    OK ch=7 v=1.0343
    OK ch=1 v=0.2337
    OK ch=3 v=0.2659
    OK ch=5 v=0.2182
    OK ch=7 v=1.0115
    OK ch=1 v=0.2710
    OK ch=3 v=0.2393
    OK ch=5 v=0.1906
    OK ch=7 v=1.0033
[  170.5s] DAMPING     ch0:LOCK g=-0.0305 bp=-0.193V ratio=0.24  ch1:LOCK g=-0.0327 bp=+0.113V ratio=0.42  ch2:LOCK g=+0.0117 bp=-0.475V ratio=0.53  ch3:LOCK g=-0.0315 bp=+0.041V ratio=0.32
    OK ch=1 v=0.2867
    OK ch=3 v=0.2227
    OK ch=5 v=0.1732
    OK ch=7 v=0.9858
    OK ch=1 v=0.3066
    OK ch=3 v=0.2035
    OK ch=5 v=0.1644
    OK ch=7 v=0.9699
    OK ch=1 v=0.3338
    OK ch=3 v=0.1941
    OK ch=5 v=0.1631
    OK ch=7 v=0.9549
    OK ch=1 v=0.3568
    OK ch=3 v=0.2082
    OK ch=5 v=0.1688
    OK ch=7 v=0.9571
    OK ch=1 v=0.3451
    OK ch=3 v=0.2127
    OK ch=5 v=0.1773
    OK ch=7 v=0.9745
    OK ch=1 v=0.2864
    OK ch=3 v=0.2278
    OK ch=5 v=0.1902
    OK ch=7 v=0.9905
    OK ch=1 v=0.2521
    OK ch=3 v=0.2397
    OK ch=5 v=0.2083
    OK ch=7 v=1.0140
    OK ch=1 v=0.1989
    OK ch=3 v=0.2551
    OK ch=5 v=0.2236
    OK ch=7 v=1.0390
    OK ch=3 v=0.2856
    OK ch=5 v=0.2378
    OK ch=7 v=1.0518
    OK ch=3 v=0.2871
    OK ch=5 v=0.2431
    OK ch=7 v=1.0620
    OK ch=1 v=0.1858
    OK ch=3 v=0.2845
    OK ch=5 v=0.2390
    OK ch=7 v=1.0497
    OK ch=1 v=0.1975
    OK ch=3 v=0.2789
    OK ch=5 v=0.2284
    OK ch=7 v=1.0427
    OK ch=1 v=0.2012
    OK ch=3 v=0.2606
    OK ch=5 v=0.2132
    OK ch=7 v=1.0379
    OK ch=1 v=0.2389
    OK ch=3 v=0.2376
    OK ch=5 v=0.2013
    OK ch=7 v=1.0153
    OK ch=1 v=0.2325
    OK ch=3 v=0.2124
    OK ch=5 v=0.1925
    OK ch=7 v=0.9900
    OK ch=1 v=0.2857
    OK ch=3 v=0.2006
    OK ch=5 v=0.1837
    OK ch=7 v=0.9823
    OK ch=1 v=0.2943
    OK ch=3 v=0.1919
    OK ch=5 v=0.1752
    OK ch=7 v=0.9767
    OK ch=1 v=0.3009
    OK ch=5 v=0.1786
    OK ch=7 v=0.9695
    OK ch=1 v=0.2723
    OK ch=3 v=0.1891
    OK ch=5 v=0.1902
    OK ch=7 v=0.9627
    OK ch=1 v=0.2439
    OK ch=3 v=0.1985
    OK ch=5 v=0.2012
    OK ch=7 v=0.9788
    OK ch=1 v=0.2206
    OK ch=3 v=0.2126
    OK ch=5 v=0.2225
    OK ch=7 v=0.9869
    OK ch=1 v=0.2125
    OK ch=3 v=0.2350
    OK ch=5 v=0.2361
    OK ch=7 v=1.0029
    OK ch=1 v=0.1854
    OK ch=3 v=0.2617
    OK ch=5 v=0.2449
    OK ch=7 v=1.0279
    OK ch=1 v=0.1786
    OK ch=3 v=0.2691
    OK ch=5 v=0.2455
    OK ch=7 v=1.0353
    OK ch=1 v=0.1971
    OK ch=3 v=0.2753
    OK ch=5 v=0.2387
    OK ch=7 v=1.0383
    OK ch=1 v=0.2383
    OK ch=3 v=0.2733
    OK ch=5 v=0.2266
    OK ch=7 v=1.0398
    OK ch=1 v=0.2538
    OK ch=3 v=0.2683
    OK ch=5 v=0.2063
    OK ch=7 v=1.0337
    OK ch=1 v=0.2466
    OK ch=3 v=0.2506
    OK ch=5 v=0.1963
    OK ch=7 v=1.0095
    OK ch=1 v=0.2927
    OK ch=3 v=0.2390
    OK ch=5 v=0.1904
    OK ch=7 v=0.9931
    OK ch=3 v=0.2292
    OK ch=5 v=0.1821
    OK ch=1 v=0.3156
    OK ch=3 v=0.2176
    OK ch=5 v=0.1759
    OK ch=7 v=0.9874
    OK ch=1 v=0.3149
    OK ch=3 v=0.2164
    OK ch=5 v=0.1806
    OK ch=7 v=0.9744
    OK ch=1 v=0.2824
    OK ch=3 v=0.2106
    OK ch=5 v=0.1883
    OK ch=7 v=0.9724
    OK ch=1 v=0.2814
    OK ch=3 v=0.2224
    OK ch=5 v=0.1956
    OK ch=7 v=0.9833
    OK ch=1 v=0.2920
    OK ch=3 v=0.2361
    OK ch=5 v=0.2025
    OK ch=7 v=0.9921
    OK ch=1 v=0.2656
    OK ch=3 v=0.2476
    OK ch=5 v=0.2182
    OK ch=7 v=1.0058
    OK ch=1 v=0.2508
    OK ch=3 v=0.2590
    OK ch=5 v=0.2375
    OK ch=7 v=1.0142
    OK ch=1 v=0.2169
    OK ch=3 v=0.2691
    OK ch=5 v=0.2405
    OK ch=7 v=1.0240
    OK ch=1 v=0.1797
    OK ch=3 v=0.2677
    OK ch=5 v=0.2391
    OK ch=7 v=1.0311
    OK ch=1 v=0.2097
    OK ch=3 v=0.2628
    OK ch=5 v=0.2400
    OK ch=7 v=1.0147
    OK ch=1 v=0.2075
    OK ch=3 v=0.2514
    OK ch=5 v=0.2271
    OK ch=7 v=1.0217
    OK ch=1 v=0.2594
    OK ch=3 v=0.2474
    OK ch=5 v=0.2136
    OK ch=7 v=1.0127
    OK ch=1 v=0.2605
    OK ch=3 v=0.2367
    OK ch=5 v=0.1994
    OK ch=7 v=1.0027
    OK ch=1 v=0.2397
    OK ch=3 v=0.2099
    OK ch=5 v=0.1965
    OK ch=7 v=0.9892
    OK ch=1 v=0.2584
    OK ch=3 v=0.2107
    OK ch=5 v=0.1918
    OK ch=7 v=0.9828
    OK ch=1 v=0.2599
    OK ch=3 v=0.2044
    OK ch=5 v=0.1844
    OK ch=7 v=0.9874
    OK ch=1 v=0.2563
    OK ch=3 v=0.2068
    OK ch=5 v=0.1909
    OK ch=7 v=0.9825
    OK ch=1 v=0.2596
    OK ch=5 v=0.1970
    OK ch=7 v=0.9896
    OK ch=1 v=0.2686
    OK ch=3 v=0.2323
    OK ch=5 v=0.2049
    OK ch=7 v=1.0002
    OK ch=1 v=0.2604
    OK ch=3 v=0.2458
    OK ch=5 v=0.2118
    OK ch=7 v=1.0151
    OK ch=1 v=0.2084
    OK ch=3 v=0.2472
    OK ch=5 v=0.2201
    OK ch=7 v=1.0176
    OK ch=1 v=0.2246
    OK ch=3 v=0.2607
    OK ch=5 v=0.2236
    OK ch=7 v=1.0200
    OK ch=1 v=0.2070
    OK ch=3 v=0.2574
    OK ch=5 v=0.2189
    OK ch=7 v=1.0355
    OK ch=1 v=0.2163
    OK ch=3 v=0.2582
    OK ch=5 v=0.2171
    OK ch=7 v=1.0284
    OK ch=1 v=0.2537
    OK ch=5 v=0.2120
    OK ch=7 v=1.0246
    OK ch=1 v=0.2431
    OK ch=3 v=0.2500
    OK ch=5 v=0.2064
    OK ch=7 v=1.0229
    OK ch=1 v=0.2465
    OK ch=3 v=0.2397
    OK ch=5 v=0.1995
    OK ch=7 v=1.0126
    OK ch=1 v=0.2727
    OK ch=3 v=0.2280
    OK ch=5 v=0.1931
    OK ch=7 v=1.0050
    OK ch=1 v=0.2931
    OK ch=3 v=0.2265
    OK ch=5 v=0.1886
    OK ch=7 v=0.9963
    OK ch=1 v=0.3005
    OK ch=3 v=0.2232
    OK ch=5 v=0.1961
    OK ch=7 v=0.9862
    OK ch=1 v=0.2657
    OK ch=3 v=0.2187
    OK ch=5 v=0.1991
    OK ch=7 v=0.9824
    OK ch=1 v=0.2710
    OK ch=3 v=0.2208
    OK ch=5 v=0.2046
    OK ch=7 v=0.9863
    OK ch=1 v=0.2456
    OK ch=3 v=0.2307
    OK ch=5 v=0.2101
    OK ch=7 v=0.9907
    OK ch=1 v=0.2215
    OK ch=3 v=0.2375
    OK ch=5 v=0.2201
    OK ch=7 v=0.9940
    OK ch=1 v=0.2383
    OK ch=3 v=0.2447
    OK ch=5 v=0.2283
    OK ch=7 v=1.0018
    OK ch=1 v=0.2260
    OK ch=3 v=0.2549
    OK ch=5 v=0.2298
    OK ch=7 v=1.0204
    OK ch=1 v=0.2352
    OK ch=3 v=0.2593
    OK ch=5 v=0.2309
    OK ch=7 v=1.0143
    OK ch=1 v=0.2049
    OK ch=3 v=0.2570
    OK ch=5 v=0.2286
    OK ch=1 v=0.2261
    OK ch=3 v=0.2540
    OK ch=5 v=0.2222
    OK ch=7 v=1.0166
    OK ch=1 v=0.2476
    OK ch=3 v=0.2479
    OK ch=5 v=0.2120
    OK ch=7 v=1.0137
    OK ch=1 v=0.2639
    OK ch=3 v=0.2411
    OK ch=5 v=0.2096
    OK ch=7 v=0.9969
    OK ch=1 v=0.2602
    OK ch=3 v=0.2308
    OK ch=5 v=0.2017
    OK ch=7 v=0.9905
    OK ch=1 v=0.2733
    OK ch=3 v=0.2273
    OK ch=5 v=0.1921
    OK ch=7 v=1.0004
    OK ch=1 v=0.2518
    OK ch=3 v=0.2232
    OK ch=5 v=0.1930
    OK ch=7 v=0.9948
    OK ch=1 v=0.2650
    OK ch=3 v=0.2255
    OK ch=5 v=0.1953
    OK ch=7 v=0.9967
    OK ch=1 v=0.2471
    OK ch=5 v=0.2017
    OK ch=1 v=0.2779
    OK ch=3 v=0.2361
    OK ch=1 v=0.2664
    OK ch=3 v=0.2336
    OK ch=5 v=0.2056
    OK ch=7 v=0.9998
    OK ch=1 v=0.2815
    OK ch=3 v=0.2396
    OK ch=5 v=0.2120
    OK ch=7 v=1.0070
    OK ch=1 v=0.2353
    OK ch=3 v=0.2420
    OK ch=5 v=0.2194
    OK ch=7 v=1.0084
    OK ch=1 v=0.2191
    OK ch=3 v=0.2485
    OK ch=5 v=0.2173
    OK ch=7 v=1.0196
    OK ch=1 v=0.2319
    OK ch=3 v=0.2543
    OK ch=7 v=1.0213
    OK ch=1 v=0.2536
    OK ch=3 v=0.2433
    OK ch=5 v=0.2142
    OK ch=7 v=1.0274
    OK ch=1 v=0.2053
    OK ch=3 v=0.2446
    OK ch=5 v=0.2158
    OK ch=7 v=1.0195
    OK ch=1 v=0.2062
    OK ch=3 v=0.2432
    OK ch=5 v=0.2087
    OK ch=7 v=1.0141
    OK ch=1 v=0.2604
    OK ch=3 v=0.2418
    OK ch=5 v=0.2036
    OK ch=7 v=1.0076
    OK ch=1 v=0.2633
    OK ch=3 v=0.2304
    OK ch=5 v=0.1996
    OK ch=7 v=1.0022
    OK ch=1 v=0.2770
    OK ch=3 v=0.2329
    OK ch=5 v=0.1990
    OK ch=7 v=0.9932
    OK ch=1 v=0.2371
    OK ch=3 v=0.2166
    OK ch=5 v=0.1983
    OK ch=7 v=0.9917
    OK ch=1 v=0.2700
    OK ch=3 v=0.2216
    OK ch=5 v=0.2019
    OK ch=7 v=0.9938
    OK ch=1 v=0.2578
    OK ch=3 v=0.2269
    OK ch=5 v=0.2004
    OK ch=7 v=1.0018
    OK ch=1 v=0.2727
    OK ch=3 v=0.2352
    OK ch=5 v=0.2056
    OK ch=7 v=1.0001
    OK ch=1 v=0.2683
    OK ch=3 v=0.2423
    OK ch=5 v=0.2149
    OK ch=7 v=1.0007
    OK ch=1 v=0.2116
    OK ch=3 v=0.2394
    OK ch=5 v=0.2215
    OK ch=7 v=1.0086
    OK ch=1 v=0.2288
    OK ch=3 v=0.2461
    OK ch=5 v=0.2240
    OK ch=7 v=1.0125
    OK ch=1 v=0.2173
    OK ch=3 v=0.2449
    OK ch=5 v=0.2180
    OK ch=1 v=0.2518
    OK ch=3 v=0.2538
    OK ch=5 v=0.2136
    OK ch=7 v=1.0192
    OK ch=1 v=0.2369
    OK ch=3 v=0.2469
    OK ch=5 v=0.2144
    OK ch=7 v=1.0118
    OK ch=1 v=0.2474
    OK ch=3 v=0.2480
    OK ch=5 v=0.2117
    OK ch=7 v=1.0051
    OK ch=1 v=0.2600
    OK ch=3 v=0.2419
    OK ch=5 v=0.2096
    OK ch=7 v=1.0057
    OK ch=1 v=0.2751
    OK ch=3 v=0.2389
    OK ch=5 v=0.2016
    OK ch=7 v=1.0039
    OK ch=1 v=0.2371
    OK ch=3 v=0.2272
    OK ch=5 v=0.1998
    OK ch=7 v=1.0001
    OK ch=1 v=0.2608
    OK ch=3 v=0.2299
    OK ch=5 v=0.2046
    OK ch=7 v=0.9905
    OK ch=1 v=0.2642
    OK ch=3 v=0.2346
    OK ch=5 v=0.2063
    OK ch=7 v=0.9952
    OK ch=1 v=0.2541
    OK ch=3 v=0.2335
    OK ch=7 v=0.9918
    OK ch=1 v=0.2882
    OK ch=3 v=0.2408
    OK ch=5 v=0.2082
    OK ch=7 v=0.9968
    OK ch=1 v=0.2381
    OK ch=3 v=0.2384
    OK ch=5 v=0.2094
    OK ch=7 v=1.0073
    OK ch=1 v=0.2552
    OK ch=3 v=0.2403
    OK ch=5 v=0.2155
    OK ch=7 v=1.0011
    OK ch=1 v=0.2307
    OK ch=3 v=0.2435
    OK ch=5 v=0.2199
    OK ch=7 v=1.0043
    OK ch=1 v=0.2273
    OK ch=3 v=0.2457
    OK ch=5 v=0.2232
    OK ch=7 v=1.0150
    OK ch=1 v=0.2412
    OK ch=3 v=0.2467
    OK ch=5 v=0.2152
    OK ch=7 v=1.0173
    OK ch=1 v=0.2189
    OK ch=3 v=0.2516
    OK ch=5 v=0.2103
    OK ch=7 v=1.0145
    OK ch=1 v=0.2424
    OK ch=3 v=0.2425
    OK ch=7 v=1.0103
    OK ch=1 v=0.2769
    OK ch=3 v=0.2330
    OK ch=5 v=0.2091
    OK ch=7 v=1.0006
    OK ch=1 v=0.2538
    OK ch=3 v=0.2343
    OK ch=5 v=0.2042
    OK ch=7 v=1.0030
    OK ch=1 v=0.2650
    OK ch=3 v=0.2287
    OK ch=5 v=0.2036
    OK ch=7 v=0.9960
    OK ch=1 v=0.2400
    OK ch=3 v=0.2299
    OK ch=5 v=0.1984
    OK ch=7 v=1.0039
    OK ch=1 v=0.2383
    OK ch=3 v=0.2285
    OK ch=5 v=0.1992
    OK ch=7 v=1.0059
[  175.5s] DAMPING     ch0:LOCK g=-0.0300 bp=-0.020V ratio=0.06  ch1:LOCK g=-0.0300 bp=-0.012V ratio=0.07  ch2:LOCK g=+0.0100 bp=+0.033V ratio=0.06  ch3:LOCK g=-0.0300 bp=-0.005V ratio=0.08
    OK ch=1 v=0.2627
    OK ch=3 v=0.2356
    OK ch=5 v=0.2002
    OK ch=7 v=1.0049
    OK ch=1 v=0.2655
    OK ch=3 v=0.2301
    OK ch=5 v=0.2048
    OK ch=7 v=1.0025
    OK ch=1 v=0.2607
    OK ch=3 v=0.2395
    OK ch=5 v=0.2107
    OK ch=7 v=1.0089
    OK ch=1 v=0.2500
    OK ch=3 v=0.2366
    OK ch=5 v=0.2124
    OK ch=1 v=0.2434
    OK ch=3 v=0.2428
    OK ch=1 v=0.1995
    OK ch=3 v=0.2345
    OK ch=7 v=1.0139
    OK ch=1 v=0.2199
    OK ch=3 v=0.2374
    OK ch=5 v=0.2148
    OK ch=7 v=1.0121
    OK ch=1 v=0.2264
    OK ch=3 v=0.2422
    OK ch=1 v=0.2256
    OK ch=3 v=0.2401
    OK ch=5 v=0.2161
    OK ch=7 v=1.0129
    OK ch=1 v=0.2545
    OK ch=3 v=0.2471
    OK ch=5 v=0.2115
    OK ch=7 v=1.0086
    OK ch=1 v=0.2356
    OK ch=3 v=0.2430
    OK ch=5 v=0.2081
    OK ch=7 v=1.0037
    OK ch=1 v=0.2551
    OK ch=3 v=0.2380
    OK ch=5 v=0.2076
    OK ch=7 v=1.0050
    OK ch=1 v=0.2666
    OK ch=3 v=0.2371
    OK ch=7 v=0.9990
    OK ch=1 v=0.2723
    OK ch=3 v=0.2383
    OK ch=5 v=0.2018
    OK ch=7 v=0.9982
    OK ch=1 v=0.2503
    OK ch=3 v=0.2350
    OK ch=5 v=0.2028
    OK ch=7 v=1.0025
    OK ch=1 v=0.2741
    OK ch=3 v=0.2378
    OK ch=5 v=0.2082
    OK ch=7 v=0.9984
    OK ch=1 v=0.2328
    OK ch=3 v=0.2281
    OK ch=5 v=0.2104
    OK ch=7 v=0.9943
    OK ch=1 v=0.2780
    OK ch=3 v=0.2405
    OK ch=5 v=0.2086
    OK ch=7 v=0.9998
    OK ch=1 v=0.2490
    OK ch=3 v=0.2435
    OK ch=5 v=0.2149
    OK ch=7 v=0.9939
    OK ch=1 v=0.2599
    OK ch=3 v=0.2400
    OK ch=5 v=0.2194
    OK ch=7 v=0.9998
    OK ch=3 v=0.2503
    OK ch=5 v=0.2171
    OK ch=7 v=1.0115
    OK ch=1 v=0.2288
    OK ch=3 v=0.2416
    OK ch=5 v=0.2152
    OK ch=7 v=1.0124
    OK ch=1 v=0.2353
    OK ch=3 v=0.2299
    OK ch=5 v=0.2132
    OK ch=7 v=1.0150
    OK ch=3 v=0.2433
    OK ch=5 v=0.2082
    OK ch=7 v=1.0143
    OK ch=1 v=0.2485
    OK ch=3 v=0.2502
    OK ch=5 v=0.2093
    OK ch=7 v=1.0065
    OK ch=1 v=0.2656
    OK ch=3 v=0.2460
    OK ch=5 v=0.2086
    OK ch=7 v=1.0074
    OK ch=1 v=0.2275
    OK ch=3 v=0.2350
    OK ch=5 v=0.2030
    OK ch=7 v=1.0065
    OK ch=1 v=0.2489
    OK ch=3 v=0.2336
    OK ch=5 v=0.2014
    OK ch=7 v=1.0020
    OK ch=1 v=0.2517
    OK ch=3 v=0.2347
    OK ch=5 v=0.2057
    OK ch=7 v=1.0009
    OK ch=1 v=0.2419
    OK ch=3 v=0.2325
    OK ch=5 v=0.2020
    OK ch=1 v=0.2395
    OK ch=3 v=0.2289
    OK ch=5 v=0.2080
    OK ch=1 v=0.2667
    OK ch=3 v=0.2342
    OK ch=5 v=0.2089
    OK ch=7 v=0.9985
    OK ch=1 v=0.2392
    OK ch=7 v=1.0028
    OK ch=1 v=0.2630
    OK ch=3 v=0.2407
    OK ch=5 v=0.2094
    OK ch=7 v=1.0054
    OK ch=1 v=0.2379
    OK ch=3 v=0.2366
    OK ch=5 v=0.2123
    OK ch=7 v=1.0087
    OK ch=1 v=0.2105
    OK ch=3 v=0.2379
    OK ch=5 v=0.2117
    OK ch=7 v=1.0105
    OK ch=1 v=0.2698
    OK ch=3 v=0.2431
    OK ch=5 v=0.2151
    OK ch=7 v=1.0042
    OK ch=1 v=0.2518
    OK ch=3 v=0.2437
    OK ch=5 v=0.2145
    OK ch=7 v=1.0080
    OK ch=1 v=0.2465
    OK ch=3 v=0.2408
    OK ch=5 v=0.2122
    OK ch=7 v=1.0112
    OK ch=1 v=0.2558
    OK ch=3 v=0.2427
    OK ch=7 v=1.0071
    OK ch=1 v=0.2533
    OK ch=3 v=0.2369
    OK ch=5 v=0.2090
    OK ch=1 v=0.2502
    OK ch=3 v=0.2405
    OK ch=5 v=0.2041
    OK ch=7 v=1.0036
    OK ch=1 v=0.2465
    OK ch=3 v=0.2346
    OK ch=5 v=0.2036
    OK ch=7 v=1.0078
    OK ch=1 v=0.2617
    OK ch=3 v=0.2220
    OK ch=5 v=0.2065
    OK ch=7 v=0.9923
    OK ch=1 v=0.2677
    OK ch=3 v=0.2397
    OK ch=7 v=1.0021
    OK ch=1 v=0.2571
    OK ch=5 v=0.2054
    OK ch=7 v=1.0001
    OK ch=1 v=0.2610
    OK ch=3 v=0.2380
    OK ch=5 v=0.2039
    OK ch=7 v=1.0059
    OK ch=1 v=0.2380
    OK ch=3 v=0.2345
    OK ch=5 v=0.2060
    OK ch=1 v=0.2421
    OK ch=3 v=0.2376
    OK ch=5 v=0.2104
    OK ch=7 v=1.0012
    OK ch=1 v=0.2354
    OK ch=3 v=0.2365
    OK ch=5 v=0.2112
    OK ch=7 v=1.0039
    OK ch=1 v=0.2514
    OK ch=3 v=0.2430
    OK ch=5 v=0.2120
    OK ch=7 v=1.0132
    OK ch=1 v=0.2463
    OK ch=3 v=0.2462
    OK ch=5 v=0.2142
    OK ch=1 v=0.2292
    OK ch=3 v=0.2397
    OK ch=5 v=0.2089
    OK ch=7 v=1.0142
    OK ch=1 v=0.2348
    OK ch=3 v=0.2446
    OK ch=5 v=0.2109
    OK ch=7 v=1.0096
    OK ch=1 v=0.2657
    OK ch=3 v=0.2512
    OK ch=5 v=0.2098
    OK ch=7 v=1.0055
    OK ch=1 v=0.2585

>>> KICK 3/3 REQUESTED at t=180.0s <<<

    OK ch=3 v=0.2369
    OK ch=5 v=0.2079
    OK ch=1 v=0.2412
    OK ch=3 v=0.2378
    OK ch=5 v=0.2092
    OK ch=7 v=1.0001
    OK ch=1 v=0.2209
    OK ch=3 v=0.2297
    OK ch=5 v=0.2069
    OK ch=7 v=1.0026
    OK ch=1 v=0.2554
    OK ch=3 v=0.2334
    OK ch=5 v=0.2099
    OK ch=7 v=0.9957
    OK ch=1 v=0.2587
    OK ch=3 v=0.2382
    OK ch=5 v=0.2089
    OK ch=7 v=0.9931
    OK ch=1 v=0.2547
    OK ch=3 v=0.2391
    OK ch=5 v=0.2114
    OK ch=7 v=1.0019
    OK ch=1 v=0.2598
    OK ch=3 v=0.2355
    OK ch=5 v=0.2090
    OK ch=7 v=1.0050
    OK ch=1 v=0.2576
    OK ch=3 v=0.2406
    OK ch=5 v=0.2125
    OK ch=7 v=1.0037
    OK ch=1 v=0.2593
    OK ch=3 v=0.2384
    OK ch=5 v=0.2161
    OK ch=7 v=1.0077
    OK ch=1 v=0.2423
    OK ch=5 v=0.2138
    OK ch=7 v=1.0101
    OK ch=1 v=0.2248
    OK ch=3 v=0.2368
    OK ch=5 v=0.2177
    OK ch=7 v=1.0056
    OK ch=1 v=0.2485
    OK ch=3 v=0.2394
    OK ch=5 v=0.2130
    OK ch=1 v=0.2399
    OK ch=3 v=0.2408
    OK ch=5 v=0.2120
    OK ch=7 v=0.9959
    OK ch=1 v=0.2344
    OK ch=3 v=0.2390
    OK ch=5 v=0.2084
    OK ch=7 v=1.0097
    OK ch=1 v=0.2389
    OK ch=3 v=0.2395
    OK ch=5 v=0.2048
    OK ch=1 v=0.2453
    OK ch=3 v=0.2357
    OK ch=7 v=1.0033
    OK ch=1 v=0.2484
    OK ch=3 v=0.2377
    OK ch=5 v=0.2030
    OK ch=7 v=1.0046
    OK ch=1 v=0.2846
    OK ch=3 v=0.2408
    OK ch=5 v=0.2016
    OK ch=1 v=0.2545
    OK ch=3 v=0.2298
    OK ch=5 v=0.2043
    OK ch=7 v=1.0076
    OK ch=1 v=0.2580
    OK ch=3 v=0.2314
    OK ch=7 v=1.0049
    OK ch=1 v=0.2246
    OK ch=3 v=0.2344
    OK ch=5 v=0.2034
    OK ch=7 v=1.0102
    OK ch=1 v=0.2593
    OK ch=3 v=0.2436
    OK ch=5 v=0.2042
    OK ch=7 v=1.0080
    OK ch=1 v=0.2432
    OK ch=3 v=0.2402
    OK ch=5 v=0.2063
    OK ch=7 v=1.0063
    OK ch=1 v=0.2267
    OK ch=3 v=0.2390
    OK ch=5 v=0.2090
    OK ch=7 v=1.0077
    OK ch=1 v=0.2374
    OK ch=3 v=0.2374
    OK ch=5 v=0.2119
    OK ch=7 v=1.0056
    OK ch=1 v=0.2510
    OK ch=7 v=1.0048
    OK ch=1 v=0.2661
    OK ch=3 v=0.2423
    OK ch=7 v=1.0068
    OK ch=1 v=0.2626
    OK ch=3 v=0.2443
    OK ch=5 v=0.2147
    OK ch=7 v=1.0010
    OK ch=1 v=0.2406
    OK ch=3 v=0.2380
    OK ch=5 v=0.2167
    OK ch=7 v=0.9985
    OK ch=1 v=0.2346
    OK ch=5 v=0.2145
    OK ch=7 v=1.0003
    OK ch=1 v=0.2279
    OK ch=3 v=0.2369
    OK ch=5 v=0.2081
    OK ch=7 v=1.0104
    OK ch=1 v=0.2518
    OK ch=3 v=0.2359
    OK ch=5 v=0.2072
    OK ch=7 v=1.0018
    OK ch=1 v=0.2824
    OK ch=3 v=0.2366
    OK ch=5 v=0.2126
    OK ch=1 v=0.2635
    OK ch=3 v=0.2445
    OK ch=5 v=0.2096
    OK ch=7 v=1.0108
    OK ch=1 v=0.2310
    OK ch=3 v=0.2397
    OK ch=7 v=1.0078
    OK ch=1 v=0.2339
    OK ch=3 v=0.2335
    OK ch=5 v=0.2135
    OK ch=7 v=0.9992
    OK ch=1 v=0.2493
    OK ch=3 v=0.2360
    OK ch=5 v=0.2114
    OK ch=7 v=1.0004
    OK ch=1 v=0.2498
    OK ch=3 v=0.2374
    OK ch=5 v=0.2093
    OK ch=7 v=1.0024
    OK ch=1 v=0.2707
    OK ch=3 v=0.2381
    OK ch=5 v=0.2101
    OK ch=7 v=1.0039
    OK ch=1 v=0.2470
    OK ch=3 v=0.2349
    OK ch=5 v=0.2091
    OK ch=7 v=1.0072
    OK ch=1 v=0.2498
    OK ch=3 v=0.2415
    OK ch=5 v=0.2065
    OK ch=7 v=1.0106
    OK ch=1 v=0.2566
    OK ch=5 v=0.2109
    OK ch=7 v=1.0059
    OK ch=1 v=0.2591
    OK ch=3 v=0.2480
    OK ch=7 v=1.0023
    OK ch=1 v=0.2528
    OK ch=3 v=0.2505
    OK ch=5 v=0.2089
    OK ch=7 v=1.0069
    OK ch=1 v=0.2259
    OK ch=3 v=0.2406
    OK ch=7 v=1.0039
    OK ch=1 v=0.2364
    OK ch=3 v=0.2353
    OK ch=5 v=0.2043
    OK ch=7 v=1.0084
    OK ch=1 v=0.2690
    OK ch=3 v=0.2371
    OK ch=5 v=0.2055
    OK ch=7 v=1.0072
    OK ch=3 v=0.2410
    OK ch=5 v=0.2074
    OK ch=1 v=0.2595
    OK ch=5 v=0.2064
    OK ch=7 v=1.0020
    OK ch=1 v=0.2336
    OK ch=3 v=0.2341
    OK ch=5 v=0.2033
    OK ch=7 v=1.0094
    OK ch=1 v=0.2409
    OK ch=3 v=0.2324
    OK ch=5 v=0.2077
    OK ch=1 v=0.2729
    OK ch=3 v=0.2336
    OK ch=7 v=1.0034
    OK ch=1 v=0.2369
    OK ch=5 v=0.2068
    OK ch=7 v=1.0009
    OK ch=1 v=0.2292
    OK ch=3 v=0.2354
    OK ch=5 v=0.2055
    OK ch=7 v=0.9989
    OK ch=1 v=0.2132
    OK ch=3 v=0.2311
    OK ch=5 v=0.2101
    OK ch=7 v=1.0041
    OK ch=1 v=0.2525
    OK ch=3 v=0.2390
    OK ch=5 v=0.2133
    OK ch=1 v=0.2761
    OK ch=3 v=0.2429
    OK ch=5 v=0.2152
    OK ch=7 v=1.0081
    OK ch=1 v=0.2313
    OK ch=3 v=0.2366
    OK ch=5 v=0.2145
    OK ch=7 v=1.0033
    OK ch=1 v=0.2648
    OK ch=3 v=0.2442
    OK ch=5 v=0.2139
    OK ch=7 v=1.0065
    OK ch=1 v=0.2374
    OK ch=3 v=0.2331
    OK ch=5 v=0.2148
    OK ch=7 v=1.0077
    OK ch=1 v=0.2561
    OK ch=3 v=0.2411
    OK ch=5 v=0.2105
    OK ch=7 v=1.0046
    OK ch=1 v=0.2293
    OK ch=3 v=0.2406
    OK ch=5 v=0.2075
    OK ch=7 v=1.0052
    OK ch=1 v=0.2536
    OK ch=5 v=0.2049
    OK ch=7 v=1.0075
    OK ch=1 v=0.2594
    OK ch=3 v=0.2413
    OK ch=5 v=0.2084
    OK ch=7 v=0.9988
    OK ch=1 v=0.2569
    OK ch=3 v=0.2344
    OK ch=5 v=0.2101
    OK ch=7 v=1.0025
    OK ch=1 v=0.2429
    OK ch=5 v=0.2057
    OK ch=7 v=1.0065
    OK ch=1 v=0.2525
    OK ch=3 v=0.2332
    OK ch=5 v=0.2080
    OK ch=7 v=1.0045
    OK ch=1 v=0.2661
    OK ch=3 v=0.2418
    OK ch=5 v=0.2073
    OK ch=1 v=0.2672
    OK ch=3 v=0.2378
    OK ch=7 v=0.9996
    OK ch=1 v=0.2351
    OK ch=3 v=0.2346
    OK ch=5 v=0.2055
    OK ch=7 v=1.0097
[  180.5s] DAMPING     ch0:LOCK g=-0.0300 bp=+0.016V ratio=0.05  ch1:LOCK g=-0.0300 bp=-0.010V ratio=0.04  ch2:LOCK g=+0.0100 bp=+0.018V ratio=0.03  ch3:LOCK g=-0.0300 bp=+0.000V ratio=0.02
    OK ch=1 v=0.2340
    OK ch=3 v=0.2388
    OK ch=5 v=0.2099
    OK ch=7 v=1.0105
    OK ch=1 v=0.2377
    OK ch=3 v=0.2442
    OK ch=5 v=0.2057
    OK ch=7 v=1.0098
    OK ch=1 v=0.2296
    OK ch=3 v=0.2408
    OK ch=5 v=0.2066
    OK ch=1 v=0.2540
    OK ch=3 v=0.2418
    OK ch=5 v=0.2111
    OK ch=7 v=1.0073
    OK ch=1 v=0.2633
    OK ch=3 v=0.2360
    OK ch=7 v=0.9997
    OK ch=1 v=0.2528
    OK ch=3 v=0.2378
    OK ch=5 v=0.2091
    OK ch=7 v=1.0079
    OK ch=1 v=0.2707
    OK ch=3 v=0.2430
    OK ch=7 v=1.0029
    OK ch=1 v=0.2485
    OK ch=5 v=0.2076
    OK ch=7 v=1.0036
    OK ch=1 v=0.2676
    OK ch=3 v=0.2436
    OK ch=5 v=0.2137
    OK ch=1 v=0.2379
    OK ch=3 v=0.2409
    OK ch=5 v=0.2151
    OK ch=7 v=0.9984
    OK ch=1 v=0.2337
    OK ch=3 v=0.2321
    OK ch=5 v=0.2136
    OK ch=7 v=0.9948
    OK ch=1 v=0.2471
    OK ch=3 v=0.2394
    OK ch=5 v=0.2095
    OK ch=7 v=1.0060
    OK ch=1 v=0.2293
    OK ch=3 v=0.2287
    OK ch=5 v=0.2103
    OK ch=7 v=1.0035
    OK ch=1 v=0.2378
    OK ch=3 v=0.2337
    OK ch=5 v=0.2123
    OK ch=1 v=0.2467
    OK ch=3 v=0.2373
    OK ch=5 v=0.2095
    OK ch=7 v=1.0057
    OK ch=1 v=0.2372
    OK ch=3 v=0.2434
    OK ch=5 v=0.2117
    OK ch=7 v=0.9956
    OK ch=1 v=0.2460
    OK ch=3 v=0.2346
    OK ch=7 v=1.0068
    OK ch=1 v=0.2562
    OK ch=3 v=0.2317
    OK ch=5 v=0.2127
    OK ch=7 v=0.9992
    OK ch=1 v=0.2821
    OK ch=3 v=0.2440
    OK ch=5 v=0.2095
    OK ch=7 v=0.9998
    OK ch=1 v=0.2724
    OK ch=5 v=0.2087
    OK ch=7 v=1.0162
    OK ch=1 v=0.2562
    OK ch=3 v=0.2451
    OK ch=5 v=0.2067
    OK ch=7 v=1.0129
    OK ch=1 v=0.2392
    OK ch=3 v=0.2381
    OK ch=7 v=1.0139
    OK ch=5 v=0.2082
    OK ch=7 v=1.0080
    OK ch=3 v=0.2366
    OK ch=7 v=1.0093
    OK ch=1 v=0.2493
    OK ch=3 v=0.2223
    OK ch=5 v=0.2073
    OK ch=7 v=1.0018
    OK ch=1 v=0.2463
    OK ch=3 v=0.2370
    OK ch=5 v=0.2016
    OK ch=7 v=1.0083
    OK ch=1 v=0.2475
    OK ch=5 v=0.2046
    OK ch=7 v=0.9989
    OK ch=1 v=0.2455
    OK ch=3 v=0.2399
    OK ch=5 v=0.2036
    OK ch=7 v=1.0071
    OK ch=1 v=0.2310
    OK ch=3 v=0.2332
    OK ch=5 v=0.2061
    OK ch=1 v=0.2368
    OK ch=3 v=0.2383
    OK ch=5 v=0.2086
    OK ch=7 v=1.0076
    OK ch=1 v=0.2732
    OK ch=3 v=0.2433
    OK ch=5 v=0.2092
    OK ch=1 v=0.2740
    OK ch=3 v=0.2406
    OK ch=5 v=0.2103
    OK ch=7 v=1.0010
    OK ch=1 v=0.2275
    OK ch=3 v=0.2392
    OK ch=5 v=0.2116
    OK ch=7 v=1.0075
    OK ch=1 v=0.2448
    OK ch=3 v=0.2339
    OK ch=5 v=0.2109
    OK ch=1 v=0.2350
    OK ch=3 v=0.2391
    OK ch=5 v=0.2089
    OK ch=3 v=0.2413
    OK ch=5 v=0.2131
    OK ch=7 v=1.0058
    OK ch=1 v=0.2563
    OK ch=3 v=0.2339
    OK ch=7 v=0.9988
    OK ch=1 v=0.2335
    OK ch=3 v=0.2417
    OK ch=5 v=0.2114
    OK ch=7 v=1.0022
    OK ch=1 v=0.2559
    OK ch=3 v=0.2436
    OK ch=5 v=0.2148
    OK ch=7 v=1.0051
    OK ch=1 v=0.2207
    OK ch=3 v=0.2327
    OK ch=5 v=0.2103
    OK ch=7 v=1.0067
    OK ch=1 v=0.2552
    OK ch=3 v=0.2408
    OK ch=1 v=0.2597
    OK ch=5 v=0.2109
    OK ch=7 v=1.0024
    OK ch=1 v=0.2718
    OK ch=3 v=0.2435
    OK ch=5 v=0.2124
    OK ch=7 v=0.9993
    OK ch=1 v=0.2701
    OK ch=3 v=0.2353
    OK ch=5 v=0.2106
    OK ch=7 v=1.0006
    OK ch=1 v=0.2340
    OK ch=3 v=0.2347
    OK ch=5 v=0.2121
    OK ch=7 v=1.0013
    OK ch=1 v=0.2435
    OK ch=3 v=0.2371
    OK ch=5 v=0.2054
    OK ch=7 v=1.0029
    OK ch=1 v=0.2702
    OK ch=3 v=0.2380
    OK ch=7 v=1.0042
    OK ch=1 v=0.2823
    OK ch=3 v=0.2395
    OK ch=5 v=0.2103
    OK ch=7 v=1.0001
    OK ch=1 v=0.2143
    OK ch=3 v=0.2349
    OK ch=5 v=0.2093
    OK ch=7 v=1.0023
    OK ch=1 v=0.2739
    OK ch=3 v=0.2446
    OK ch=5 v=0.2099
    OK ch=7 v=1.0040
    OK ch=1 v=0.2533
    OK ch=3 v=0.2384
    OK ch=5 v=0.2086
    OK ch=7 v=1.0085
    OK ch=1 v=0.2412
    OK ch=3 v=0.2406
    OK ch=5 v=0.2063
    OK ch=7 v=1.0141
    OK ch=1 v=0.2213
    OK ch=3 v=0.2390
    OK ch=5 v=0.2072
    OK ch=7 v=1.0107
    OK ch=1 v=0.2460
    OK ch=3 v=0.2406
    OK ch=5 v=0.2059
    OK ch=7 v=1.0056
    OK ch=1 v=0.2412
    OK ch=3 v=0.2365
    OK ch=5 v=0.2040
    OK ch=7 v=1.0113
    OK ch=1 v=0.2583
    OK ch=3 v=0.2444
    OK ch=5 v=0.2080
    OK ch=7 v=1.0029
    OK ch=1 v=0.2547
    OK ch=3 v=0.2353
    OK ch=7 v=1.0007
    OK ch=1 v=0.2581
    OK ch=3 v=0.2391
    OK ch=5 v=0.2102
    OK ch=7 v=1.0063
    OK ch=1 v=0.2506
    OK ch=5 v=0.2066
    OK ch=7 v=1.0093
    OK ch=1 v=0.2555
    OK ch=3 v=0.2296
    OK ch=5 v=0.2089
    OK ch=7 v=1.0074
    OK ch=1 v=0.2226
    OK ch=3 v=0.2326
    OK ch=5 v=0.2097
    OK ch=7 v=1.0012
    OK ch=1 v=0.2549
    OK ch=3 v=0.2423
    OK ch=5 v=0.2122
    OK ch=1 v=0.2581
    OK ch=3 v=0.2359
    OK ch=5 v=0.2143
    OK ch=7 v=1.0036
    OK ch=1 v=0.2450
    OK ch=3 v=0.2376
    OK ch=5 v=0.2172
    OK ch=7 v=0.9964
    OK ch=1 v=0.2343
    OK ch=3 v=0.2360
    OK ch=5 v=0.2142
    OK ch=7 v=1.0064
    OK ch=1 v=0.2783
    OK ch=3 v=0.2320
    OK ch=5 v=0.2126
    OK ch=1 v=0.2538
    OK ch=3 v=0.2441
    OK ch=5 v=0.2075
    OK ch=7 v=1.0076
    OK ch=1 v=0.2609
    OK ch=3 v=0.2449
    OK ch=5 v=0.2131
    OK ch=7 v=1.0046
    OK ch=1 v=0.2350
    OK ch=7 v=1.0008
    OK ch=1 v=0.2231
    OK ch=3 v=0.2380
    OK ch=5 v=0.2074
    OK ch=7 v=1.0101
    OK ch=1 v=0.2403
    OK ch=3 v=0.2353
    OK ch=5 v=0.2047
    OK ch=7 v=1.0049
    OK ch=1 v=0.2374
    OK ch=3 v=0.2369
    OK ch=5 v=0.2072
    OK ch=7 v=1.0005
    OK ch=1 v=0.2445
    OK ch=5 v=0.2047
    OK ch=7 v=1.0072
    OK ch=1 v=0.2810
    OK ch=3 v=0.2381
    OK ch=5 v=0.2077
    OK ch=7 v=1.0057
    OK ch=1 v=0.2587
    OK ch=3 v=0.2397
    OK ch=5 v=0.2049
    OK ch=7 v=1.0086
    OK ch=1 v=0.2366
    OK ch=3 v=0.2349
    OK ch=7 v=1.0079
    OK ch=1 v=0.2427
    OK ch=3 v=0.2385
    OK ch=5 v=0.2101
    OK ch=7 v=1.0045
    OK ch=1 v=0.2706
    OK ch=3 v=0.2394
    OK ch=5 v=0.2088
    OK ch=1 v=0.2613
    OK ch=3 v=0.2453
    OK ch=7 v=1.0074
    OK ch=1 v=0.2644
    OK ch=7 v=1.0085
    OK ch=1 v=0.2150
    OK ch=3 v=0.2374
    OK ch=5 v=0.2081
    OK ch=7 v=1.0115
    OK ch=1 v=0.2228
    OK ch=3 v=0.2385
    OK ch=5 v=0.2065
    OK ch=7 v=1.0066
    OK ch=1 v=0.2418
    OK ch=3 v=0.2373
    OK ch=5 v=0.2080
    OK ch=7 v=1.0037
    OK ch=1 v=0.2448
    OK ch=3 v=0.2361
    OK ch=5 v=0.2102
    OK ch=7 v=1.0022
    OK ch=1 v=0.2553
    OK ch=3 v=0.2342
    OK ch=5 v=0.2084
    OK ch=7 v=1.0051
    OK ch=1 v=0.2310
    OK ch=3 v=0.2353
    OK ch=5 v=0.2129
    OK ch=7 v=0.9998
    OK ch=1 v=0.2521
    OK ch=3 v=0.2402
    OK ch=5 v=0.2096
    OK ch=7 v=1.0054
    OK ch=1 v=0.2493
    OK ch=3 v=0.2392
    OK ch=5 v=0.2126
    OK ch=7 v=1.0039
    OK ch=1 v=0.2652
    OK ch=3 v=0.2341
    OK ch=5 v=0.2141
    OK ch=1 v=0.2637
    OK ch=3 v=0.2403
    OK ch=5 v=0.2127
    OK ch=7 v=1.0008
    OK ch=1 v=0.2345
    OK ch=3 v=0.2377
    OK ch=5 v=0.2113
    OK ch=7 v=1.0028
    OK ch=1 v=0.2214
    OK ch=3 v=0.2329
    OK ch=7 v=1.0076
    OK ch=1 v=0.2483
    OK ch=3 v=0.2360
    OK ch=5 v=0.2143
    OK ch=7 v=1.0043
    OK ch=1 v=0.2685
    OK ch=3 v=0.2401
    OK ch=5 v=0.2077
    OK ch=7 v=1.0062
    OK ch=1 v=0.2480
    OK ch=3 v=0.2439
    OK ch=5 v=0.2063
    OK ch=1 v=0.2347
    OK ch=3 v=0.2323
    OK ch=5 v=0.2089
    OK ch=1 v=0.2533
    OK ch=3 v=0.2371
    OK ch=5 v=0.2116
    OK ch=7 v=0.9996
    OK ch=1 v=0.2599
    OK ch=3 v=0.2353
    OK ch=5 v=0.2132
    OK ch=7 v=1.0059
    OK ch=1 v=0.2270
    OK ch=5 v=0.2037
    OK ch=7 v=1.0080
    OK ch=1 v=0.2747
    OK ch=3 v=0.2481
    OK ch=5 v=0.1965
    OK ch=7 v=1.0112
    OK ch=1 v=0.2737
    OK ch=3 v=0.2444
    OK ch=5 v=0.1976
    OK ch=7 v=1.0131
    OK ch=1 v=0.2628
    OK ch=3 v=0.2368
    OK ch=5 v=0.2150
    OK ch=7 v=0.9953
    OK ch=1 v=0.2548
    OK ch=3 v=0.2405
    OK ch=5 v=0.2168
    OK ch=7 v=1.0011
    OK ch=1 v=0.2281
    OK ch=3 v=0.2334
    OK ch=5 v=0.2099
    OK ch=7 v=1.0083
    OK ch=1 v=0.2381
    OK ch=3 v=0.2384
    OK ch=5 v=0.1978
    OK ch=7 v=1.0119
    OK ch=1 v=0.2575
    OK ch=3 v=0.2556
    OK ch=5 v=0.1941
    OK ch=7 v=1.0146
    OK ch=1 v=0.2774
    OK ch=3 v=0.2592
    OK ch=5 v=0.1754
    OK ch=7 v=1.0264
    OK ch=1 v=0.3602
    OK ch=3 v=0.3130
    OK ch=5 v=0.0926
    OK ch=7 v=1.0780
    OK ch=1 v=0.2891
    OK ch=3 v=0.2437
    OK ch=5 v=0.1707
    OK ch=7 v=1.0205
    OK ch=1 v=0.2011
    OK ch=3 v=0.1557
    OK ch=5 v=0.2587
    OK ch=7 v=0.9325
    OK ch=1 v=0.1128
    OK ch=3 v=0.0835
    OK ch=5 v=0.3470
    OK ch=7 v=0.8442
    OK ch=1 v=0.2009
    OK ch=3 v=0.1715
    OK ch=5 v=0.2589
    OK ch=7 v=0.9322
    OK ch=1 v=0.2890
    OK ch=3 v=0.2596
    OK ch=5 v=0.1708
    OK ch=7 v=1.0203
    OK ch=1 v=0.3206
    OK ch=3 v=0.3103
    OK ch=5 v=0.1337
    OK ch=7 v=1.0867
    OK ch=1 v=0.3367
    OK ch=3 v=0.2221
    OK ch=5 v=0.2219
    OK ch=7 v=0.9985

[trim] ch0 rests at 601 counts (+90 off mid-scale) -- bias -> 0.50V

    OK ch=1 v=0.3903
    OK ch=3 v=0.1462
    OK ch=5 v=0.2926
    OK ch=7 v=0.9336
    OK ch=1 v=0.4786
    OK ch=3 v=0.2345
    OK ch=5 v=0.2043
    OK ch=7 v=1.0035
    OK ch=1 v=0.5666
    OK ch=3 v=0.3225
    OK ch=5 v=0.1162
    OK ch=7 v=1.0916
    OK ch=1 v=0.6547
    OK ch=3 v=0.4106
    OK ch=5 v=0.0455
    OK ch=7 v=1.1797
    OK ch=1 v=0.7039
    OK ch=3 v=0.3304
    OK ch=5 v=0.0741
    OK ch=7 v=1.0913
    OK ch=1 v=0.6159
    OK ch=3 v=0.2425
    OK ch=5 v=0.1620
    OK ch=7 v=1.0033
    OK ch=1 v=0.5277
    OK ch=3 v=0.1543
    OK ch=5 v=0.2324
    OK ch=7 v=0.9296
    OK ch=1 v=0.4606
    OK ch=3 v=0.1486
    OK ch=5 v=0.1902
    OK ch=7 v=0.9565
    OK ch=1 v=0.4979
    OK ch=3 v=0.1873
    OK ch=5 v=0.1638
    OK ch=7 v=0.9758
[  185.5s] DAMPING     ch0:LOCK g=-0.0326 bp=+0.185V ratio=0.41  ch1:LOCK g=-0.0342 bp=-0.054V ratio=0.54  ch2:LOCK g=+0.0120 bp=+0.653V ratio=0.62  ch3:LOCK g=-0.0349 bp=+0.061V ratio=0.59
    OK ch=1 v=0.5086
    OK ch=3 v=0.2167
    OK ch=5 v=0.1740
    OK ch=7 v=1.0019
    OK ch=1 v=0.4565
    OK ch=5 v=0.2116
    OK ch=7 v=1.0151
    OK ch=1 v=0.4213
    OK ch=3 v=0.2269
    OK ch=5 v=0.2549
    OK ch=7 v=0.9971
    OK ch=1 v=0.3378
    OK ch=3 v=0.2103
    OK ch=5 v=0.3084
    OK ch=7 v=0.9883
    OK ch=1 v=0.3973
    OK ch=3 v=0.2249
    OK ch=5 v=0.3141
    OK ch=7 v=0.9961
    OK ch=1 v=0.4305
    OK ch=3 v=0.2582
    OK ch=5 v=0.2796
    OK ch=7 v=1.0123
    OK ch=1 v=0.5176
    OK ch=3 v=0.2839
    OK ch=5 v=0.2316
    OK ch=7 v=1.0306
    OK ch=1 v=0.5150
    OK ch=3 v=0.2798
    OK ch=5 v=0.2041
    OK ch=7 v=1.0280
    OK ch=1 v=0.4879
    OK ch=3 v=0.2387
    OK ch=5 v=0.2243
    OK ch=7 v=1.0001
    OK ch=1 v=0.4657
    OK ch=3 v=0.2054
    OK ch=5 v=0.2458
    OK ch=7 v=0.9701
    OK ch=1 v=0.5375
    OK ch=3 v=0.1963
    OK ch=5 v=0.2287
    OK ch=7 v=0.9630
    OK ch=1 v=0.5462
    OK ch=3 v=0.2134
    OK ch=5 v=0.1915
    OK ch=7 v=0.9646
    OK ch=1 v=0.5816
    OK ch=3 v=0.2249
    OK ch=5 v=0.1808
    OK ch=7 v=0.9656
    OK ch=1 v=0.5320
    OK ch=5 v=0.1941
    OK ch=7 v=0.9670
    OK ch=1 v=0.5249
    OK ch=3 v=0.2363
    OK ch=5 v=0.2002
    OK ch=7 v=0.9849
    OK ch=1 v=0.5060
    OK ch=3 v=0.2543
    OK ch=5 v=0.1980
    OK ch=7 v=0.9914
    OK ch=1 v=0.5084
    OK ch=3 v=0.2677
    OK ch=5 v=0.1957
    OK ch=7 v=1.0260
    OK ch=1 v=0.5493
    OK ch=3 v=0.2906
    OK ch=5 v=0.2009
    OK ch=7 v=1.0491
    OK ch=1 v=0.5286
    OK ch=3 v=0.2976
    OK ch=7 v=1.0522
    OK ch=1 v=0.4983
    OK ch=3 v=0.2934
    OK ch=5 v=0.2034
    OK ch=7 v=1.0497
    OK ch=1 v=0.4888
    OK ch=3 v=0.2823
    OK ch=5 v=0.2007
    OK ch=7 v=1.0405
    OK ch=1 v=0.5378
    OK ch=3 v=0.2723
    OK ch=5 v=0.1979
    OK ch=7 v=1.0367
    OK ch=1 v=0.5631
    OK ch=3 v=0.2582
    OK ch=5 v=0.1902
    OK ch=7 v=1.0225
    OK ch=1 v=0.5187
    OK ch=3 v=0.2406
    OK ch=5 v=0.1797
    OK ch=7 v=1.0076
    OK ch=3 v=0.2165
    OK ch=5 v=0.1910
    OK ch=7 v=0.9980
    OK ch=1 v=0.4972
    OK ch=3 v=0.1965
    OK ch=5 v=0.1996
    OK ch=7 v=0.9768
    OK ch=1 v=0.4759
    OK ch=5 v=0.1950
    OK ch=7 v=0.9790
    OK ch=1 v=0.4718
    OK ch=3 v=0.1944
    OK ch=5 v=0.1978
    OK ch=7 v=0.9837
    OK ch=1 v=0.4484
    OK ch=5 v=0.2220
    OK ch=7 v=0.9804
    OK ch=1 v=0.4241
    OK ch=5 v=0.2402
    OK ch=7 v=0.9819
    OK ch=1 v=0.4460
    OK ch=3 v=0.2054
    OK ch=5 v=0.2514
    OK ch=7 v=0.9869
    OK ch=1 v=0.4401
    OK ch=3 v=0.2194
    OK ch=5 v=0.2421
    OK ch=7 v=1.0006
    OK ch=1 v=0.4523
    OK ch=3 v=0.2424
    OK ch=5 v=0.2293
    OK ch=7 v=1.0144
    OK ch=1 v=0.4715
    OK ch=3 v=0.2511
    OK ch=5 v=0.2420
    OK ch=7 v=1.0206
    OK ch=1 v=0.4465
    OK ch=3 v=0.2375
    OK ch=5 v=0.2432
    OK ch=7 v=1.0154
    OK ch=1 v=0.4712
    OK ch=3 v=0.2428
    OK ch=5 v=0.2237
    OK ch=7 v=1.0192
    OK ch=1 v=0.5144
    OK ch=3 v=0.2544
    OK ch=5 v=0.2118
    OK ch=7 v=1.0098
    OK ch=1 v=0.5331
    OK ch=3 v=0.2479
    OK ch=5 v=0.1944
    OK ch=7 v=1.0131
    OK ch=1 v=0.5559
    OK ch=3 v=0.2803
    OK ch=5 v=0.1379
    OK ch=7 v=1.0424
    OK ch=1 v=0.5723
    OK ch=3 v=0.2855
    OK ch=5 v=0.0825
    OK ch=7 v=1.0577
    OK ch=1 v=0.5286
    OK ch=3 v=0.1973
    OK ch=5 v=0.1707
    OK ch=7 v=0.9772
    OK ch=1 v=0.4404
    OK ch=3 v=0.1091
    OK ch=5 v=0.2589
    OK ch=7 v=0.8889
    OK ch=1 v=0.4571
    OK ch=3 v=0.1401
    OK ch=5 v=0.3188
    OK ch=7 v=0.8786
    OK ch=1 v=0.5452
    OK ch=3 v=0.2282
    OK ch=5 v=0.2307
    OK ch=7 v=0.9667
    OK ch=1 v=0.5921
    OK ch=3 v=0.3164
    OK ch=5 v=0.1424
    OK ch=7 v=1.0549
    OK ch=1 v=0.5040
    OK ch=3 v=0.2801
    OK ch=5 v=0.2010
    OK ch=7 v=1.0500
    OK ch=1 v=0.4169
    OK ch=3 v=0.2071
    OK ch=5 v=0.2891
    OK ch=7 v=0.9747
    OK ch=1 v=0.4602
    OK ch=3 v=0.2566
    OK ch=5 v=0.2407
    OK ch=7 v=1.0203
    OK ch=1 v=0.5483
    OK ch=3 v=0.3446
    OK ch=5 v=0.1526
    OK ch=7 v=1.1047
    OK ch=1 v=0.6363
    OK ch=3 v=0.3735
    OK ch=5 v=0.0648
    OK ch=7 v=1.1074
    OK ch=1 v=0.5481
    OK ch=3 v=0.2853
    OK ch=5 v=0.1530
    OK ch=7 v=1.0192
    OK ch=1 v=0.4599
    OK ch=3 v=0.1971
    OK ch=5 v=0.2412
    OK ch=7 v=0.9520
    OK ch=1 v=0.4810
    OK ch=3 v=0.1935
    OK ch=5 v=0.2014
    OK ch=7 v=0.9716
    OK ch=1 v=0.5692
    OK ch=3 v=0.2418
    OK ch=5 v=0.1215
    OK ch=7 v=1.0004
    OK ch=1 v=0.6051
    OK ch=3 v=0.2236
    OK ch=5 v=0.1566
    OK ch=7 v=0.9913
    OK ch=1 v=0.5172
    OK ch=3 v=0.1911
    OK ch=5 v=0.2445
    OK ch=7 v=0.9589
    OK ch=1 v=0.4288
    OK ch=3 v=0.1774
    OK ch=5 v=0.2932
    OK ch=7 v=0.9508
    OK ch=1 v=0.4085
    OK ch=3 v=0.2100
    OK ch=5 v=0.2696
    OK ch=7 v=0.9786
    OK ch=1 v=0.4586
    OK ch=3 v=0.2480
    OK ch=5 v=0.2521
    OK ch=7 v=1.0052
    OK ch=1 v=0.4136
    OK ch=5 v=0.2713
    OK ch=7 v=1.0133
    OK ch=1 v=0.3928
    OK ch=3 v=0.2385
    OK ch=5 v=0.2904
    OK ch=7 v=1.0087
    OK ch=1 v=0.3664
    OK ch=3 v=0.2255
    OK ch=5 v=0.2786
    OK ch=7 v=0.9976
    OK ch=1 v=0.4488
    OK ch=3 v=0.2449
    OK ch=5 v=0.2278
    OK ch=7 v=1.0106
    OK ch=1 v=0.5272
    OK ch=3 v=0.2558
    OK ch=5 v=0.1892
    OK ch=7 v=1.0319
    OK ch=1 v=0.5371
    OK ch=3 v=0.2381
    OK ch=5 v=0.1830
    OK ch=7 v=1.0143
    OK ch=1 v=0.5301
    OK ch=3 v=0.2080
    OK ch=5 v=0.1841
    OK ch=7 v=0.9943
    OK ch=1 v=0.5419
    OK ch=3 v=0.2202
    OK ch=5 v=0.1756
    OK ch=7 v=0.9911
    OK ch=1 v=0.5553
    OK ch=3 v=0.2326
    OK ch=5 v=0.1573
    OK ch=7 v=1.0068
    OK ch=1 v=0.5238
    OK ch=3 v=0.2309
    OK ch=5 v=0.1533
    OK ch=7 v=1.0036
    OK ch=1 v=0.5247
    OK ch=3 v=0.2321
    OK ch=5 v=0.1682
    OK ch=7 v=0.9956
    OK ch=1 v=0.5540
    OK ch=3 v=0.2396
    OK ch=5 v=0.1717
    OK ch=7 v=1.0126
    OK ch=1 v=0.5309
    OK ch=3 v=0.2516
    OK ch=7 v=1.0279
    OK ch=1 v=0.5201
    OK ch=3 v=0.2657
    OK ch=7 v=1.0401
    OK ch=1 v=0.5310
    OK ch=3 v=0.2764
    OK ch=5 v=0.1874
    OK ch=1 v=0.4970
    OK ch=3 v=0.2696
    OK ch=5 v=0.2105
    OK ch=7 v=1.0318
    OK ch=1 v=0.4910
    OK ch=5 v=0.2280
    OK ch=7 v=1.0193
    OK ch=1 v=0.4702
    OK ch=3 v=0.2608
    OK ch=5 v=0.2311
    OK ch=7 v=1.0295
    OK ch=1 v=0.5027
    OK ch=3 v=0.2615
    OK ch=5 v=0.2275
    OK ch=7 v=1.0235
    OK ch=1 v=0.4633
    OK ch=3 v=0.2371
    OK ch=5 v=0.2316
    OK ch=7 v=1.0110
    OK ch=1 v=0.4833
    OK ch=3 v=0.2238
    OK ch=5 v=0.2392
    OK ch=7 v=0.9935
    OK ch=1 v=0.4611
    OK ch=3 v=0.2189
    OK ch=5 v=0.2303
    OK ch=7 v=0.9791
    OK ch=1 v=0.4903
    OK ch=3 v=0.2182
    OK ch=5 v=0.2147
    OK ch=7 v=0.9785
    OK ch=1 v=0.5283
    OK ch=3 v=0.2155
    OK ch=5 v=0.2041
    OK ch=7 v=0.9816
    OK ch=1 v=0.5324
    OK ch=3 v=0.2234
    OK ch=5 v=0.2035
    OK ch=7 v=0.9836
    OK ch=1 v=0.5067
    OK ch=3 v=0.2156
    OK ch=5 v=0.2141
    OK ch=7 v=0.9817
    OK ch=1 v=0.4798
    OK ch=3 v=0.2069
    OK ch=5 v=0.2698
    OK ch=7 v=0.9540
    OK ch=1 v=0.4584
    OK ch=3 v=0.2110
    OK ch=5 v=0.2758
    OK ch=7 v=0.9654
    OK ch=1 v=0.4337
    OK ch=3 v=0.2260
    OK ch=5 v=0.2408
    OK ch=7 v=0.9916
    OK ch=1 v=0.4535
    OK ch=3 v=0.2473
    OK ch=5 v=0.2266
    OK ch=7 v=1.0020
    OK ch=1 v=0.4929
    OK ch=3 v=0.2523
    OK ch=5 v=0.2241
    OK ch=7 v=1.0200
    OK ch=1 v=0.4998
    OK ch=3 v=0.2579
    OK ch=5 v=0.2192
    OK ch=7 v=1.0252
    OK ch=1 v=0.4897
    OK ch=3 v=0.2668
    OK ch=5 v=0.1939
    OK ch=7 v=1.0411
    OK ch=1 v=0.5286
    OK ch=3 v=0.2689
    OK ch=5 v=0.1846
    OK ch=7 v=1.0233
    OK ch=1 v=0.5608
    OK ch=3 v=0.2612
    OK ch=7 v=1.0208
    OK ch=1 v=0.5204
    OK ch=3 v=0.2483
    OK ch=5 v=0.1783
    OK ch=7 v=1.0278
    OK ch=1 v=0.5046
    OK ch=3 v=0.2240
    OK ch=5 v=0.1709
    OK ch=7 v=1.0162
    OK ch=1 v=0.5292
    OK ch=3 v=0.2351
    OK ch=5 v=0.1599
    OK ch=7 v=1.0066
    OK ch=1 v=0.5811
    OK ch=3 v=0.2411
    OK ch=5 v=0.1588
    OK ch=7 v=1.0130
    OK ch=1 v=0.5680
    OK ch=3 v=0.2418
    OK ch=5 v=0.1717
    OK ch=7 v=0.9984
    OK ch=1 v=0.5090
    OK ch=3 v=0.2259
    OK ch=5 v=0.1827
    OK ch=7 v=1.0070
    OK ch=1 v=0.5170
    OK ch=3 v=0.2341
    OK ch=5 v=0.1941
    OK ch=7 v=1.0108
    OK ch=1 v=0.4779
    OK ch=3 v=0.2440
    OK ch=5 v=0.2142
    OK ch=7 v=1.0124
    OK ch=1 v=0.4597
    OK ch=5 v=0.2323
    OK ch=7 v=1.0116
    OK ch=1 v=0.4558
    OK ch=3 v=0.2501
    OK ch=5 v=0.2380
    OK ch=7 v=1.0139
    OK ch=1 v=0.4309
    OK ch=3 v=0.2447
    OK ch=5 v=0.2460
    OK ch=7 v=1.0116
    OK ch=1 v=0.4409
    OK ch=3 v=0.2338
    OK ch=5 v=0.2483
    OK ch=7 v=1.0125
    OK ch=1 v=0.4831
    OK ch=3 v=0.2409
    OK ch=5 v=0.2423
    OK ch=7 v=1.0101
    OK ch=1 v=0.4524
    OK ch=3 v=0.2223
    OK ch=5 v=0.2359
    OK ch=7 v=0.9960
    OK ch=1 v=0.4723
    OK ch=3 v=0.2128
    OK ch=5 v=0.2296
    OK ch=7 v=0.9862
    OK ch=1 v=0.5043
    OK ch=3 v=0.2218
    OK ch=5 v=0.2199
    OK ch=7 v=0.9884
    OK ch=1 v=0.5080
    OK ch=3 v=0.2145
    OK ch=5 v=0.2108
    OK ch=7 v=0.9836
    OK ch=1 v=0.5197
    OK ch=3 v=0.2138
    OK ch=5 v=0.2018
    OK ch=7 v=0.9783
    OK ch=1 v=0.5093
    OK ch=3 v=0.2207
    OK ch=5 v=0.2043
    OK ch=7 v=0.9730
    OK ch=1 v=0.4956
    OK ch=3 v=0.2315
    OK ch=5 v=0.2053
    OK ch=7 v=0.9910
    OK ch=1 v=0.5025
    OK ch=3 v=0.2436
    OK ch=5 v=0.2040
    OK ch=7 v=1.0034
    OK ch=1 v=0.5072
    OK ch=3 v=0.2540
    OK ch=7 v=1.0141
    OK ch=1 v=0.5017
    OK ch=3 v=0.2527
    OK ch=5 v=0.2060
    OK ch=7 v=1.0197
    OK ch=1 v=0.5176
    OK ch=3 v=0.2690
    OK ch=5 v=0.2084
    OK ch=7 v=1.0251
[  190.5s] DAMPING     ch0:LOCK g=-0.0302 bp=-0.038V ratio=0.22  ch1:.... g=-0.0301 bp=-0.016V ratio=0.21  ch2:.... g=+0.0107 bp=-0.089V ratio=0.34  ch3:.... g=-0.0302 bp=-0.037V ratio=0.22
    OK ch=1 v=0.5357
    OK ch=3 v=0.2719
    OK ch=5 v=0.2029
    OK ch=7 v=1.0328
    OK ch=1 v=0.5276
    OK ch=3 v=0.2701
    OK ch=5 v=0.2015
    OK ch=7 v=1.0298
    OK ch=1 v=0.5088
    OK ch=3 v=0.2664
    OK ch=5 v=0.1995
    OK ch=7 v=1.0243
    OK ch=1 v=0.5278
    OK ch=3 v=0.2507
    OK ch=5 v=0.1947
    OK ch=7 v=1.0155
    OK ch=1 v=0.5113
    OK ch=3 v=0.2387
    OK ch=5 v=0.1932
    OK ch=7 v=1.0064
    OK ch=1 v=0.5205
    OK ch=3 v=0.2344
    OK ch=5 v=0.1898
    OK ch=7 v=1.0076
    OK ch=1 v=0.4962
    OK ch=3 v=0.2215
    OK ch=5 v=0.1967
    OK ch=7 v=0.9905
    OK ch=1 v=0.5418
    OK ch=3 v=0.2299
    OK ch=5 v=0.2032
    OK ch=7 v=0.9930
    OK ch=1 v=0.5093
    OK ch=3 v=0.2208
    OK ch=5 v=0.2049
    OK ch=7 v=0.9916
    OK ch=1 v=0.4807
    OK ch=3 v=0.2227
    OK ch=5 v=0.2155
    OK ch=7 v=0.9950
    OK ch=1 v=0.4671
    OK ch=3 v=0.2264
    OK ch=5 v=0.2292
    OK ch=7 v=0.9902
    OK ch=1 v=0.4599
    OK ch=3 v=0.2329
    OK ch=5 v=0.2304
    OK ch=7 v=0.9952
    OK ch=1 v=0.4702
    OK ch=3 v=0.2389
    OK ch=5 v=0.2339
    OK ch=7 v=1.0074
    OK ch=1 v=0.4473
    OK ch=3 v=0.2344
    OK ch=5 v=0.2314
    OK ch=7 v=1.0106
    OK ch=1 v=0.4598
    OK ch=1 v=0.4532
    OK ch=3 v=0.2316
    OK ch=5 v=0.2303
    OK ch=7 v=1.0134
    OK ch=1 v=0.4813
    OK ch=3 v=0.2412
    OK ch=5 v=0.2197
    OK ch=1 v=0.5191
    OK ch=3 v=0.2426
    OK ch=5 v=0.2136
    OK ch=7 v=1.0074
    OK ch=1 v=0.5054
    OK ch=3 v=0.2359
    OK ch=5 v=0.2113
    OK ch=7 v=1.0050
    OK ch=1 v=0.5003
    OK ch=3 v=0.2335
    OK ch=5 v=0.1994
    OK ch=7 v=1.0067
    OK ch=1 v=0.5111
    OK ch=3 v=0.2316
    OK ch=5 v=0.1963
    OK ch=7 v=0.9947
    OK ch=1 v=0.5067
    OK ch=5 v=0.1928
    OK ch=7 v=0.9974
    OK ch=1 v=0.5188
    OK ch=3 v=0.2367
    OK ch=5 v=0.1890
    OK ch=7 v=1.0028
    OK ch=1 v=0.5295
    OK ch=5 v=0.1906
    OK ch=7 v=1.0063
    OK ch=1 v=0.5509
    OK ch=3 v=0.2375
    OK ch=5 v=0.1900
    OK ch=7 v=0.9973
    OK ch=1 v=0.4915
    OK ch=3 v=0.2362
    OK ch=5 v=0.1917
    OK ch=7 v=1.0121
    OK ch=1 v=0.5147
    OK ch=3 v=0.2512
    OK ch=5 v=0.2015
    OK ch=7 v=1.0149
    OK ch=1 v=0.4987
    OK ch=3 v=0.2440
    OK ch=5 v=0.2054
    OK ch=7 v=1.0144
    OK ch=1 v=0.5249
    OK ch=3 v=0.2545
    OK ch=5 v=0.2072
    OK ch=7 v=1.0188
    OK ch=1 v=0.4821
    OK ch=3 v=0.2515
    OK ch=5 v=0.2107
    OK ch=7 v=1.0199
    OK ch=1 v=0.4932
    OK ch=3 v=0.2503
    OK ch=5 v=0.2197
    OK ch=7 v=1.0058
    OK ch=1 v=0.4794
    OK ch=3 v=0.2461
    OK ch=7 v=1.0102
    OK ch=1 v=0.4976
    OK ch=3 v=0.2448
    OK ch=5 v=0.2164
    OK ch=7 v=1.0042
    OK ch=1 v=0.4934
    OK ch=3 v=0.2389
    OK ch=7 v=0.9976
    OK ch=1 v=0.4837
    OK ch=3 v=0.2273
    OK ch=5 v=0.2156
    OK ch=7 v=1.0016
    OK ch=1 v=0.5140
    OK ch=3 v=0.2265
    OK ch=5 v=0.2142
    OK ch=7 v=0.9963
    OK ch=1 v=0.4812
    OK ch=5 v=0.2079
    OK ch=7 v=0.9947
    OK ch=1 v=0.5161
    OK ch=3 v=0.2288
    OK ch=5 v=0.2145
    OK ch=7 v=0.9913
    OK ch=1 v=0.5073
    OK ch=3 v=0.2248
    OK ch=5 v=0.2157
    OK ch=7 v=0.9922
    OK ch=1 v=0.5085
    OK ch=3 v=0.2305
    OK ch=7 v=0.9964
    OK ch=1 v=0.5215
    OK ch=3 v=0.2414
    OK ch=5 v=0.2178
    OK ch=1 v=0.4943
    OK ch=3 v=0.2343
    OK ch=5 v=0.2190
    OK ch=7 v=0.9900
    OK ch=1 v=0.5061
    OK ch=3 v=0.2380
    OK ch=5 v=0.2197
    OK ch=7 v=1.0040
    OK ch=1 v=0.4774
    OK ch=3 v=0.2416
    OK ch=5 v=0.2212
    OK ch=7 v=1.0103
    OK ch=1 v=0.4762
    OK ch=3 v=0.2496
    OK ch=5 v=0.2127
    OK ch=7 v=1.0115
    OK ch=1 v=0.5044
    OK ch=3 v=0.2506
    OK ch=5 v=0.2067
    OK ch=7 v=1.0157
    OK ch=1 v=0.4757
    OK ch=3 v=0.2404
    OK ch=5 v=0.2057
    OK ch=7 v=1.0175
    OK ch=1 v=0.4633
    OK ch=3 v=0.2363
    OK ch=5 v=0.1981
    OK ch=7 v=1.0191
    OK ch=1 v=0.5369
    OK ch=3 v=0.2499
    OK ch=5 v=0.1966
    OK ch=7 v=1.0000
    OK ch=1 v=0.5251
    OK ch=3 v=0.2398
    OK ch=5 v=0.1939
    OK ch=7 v=1.0014
    OK ch=1 v=0.5177
    OK ch=3 v=0.2415
    OK ch=5 v=0.1930
    OK ch=7 v=1.0108
    OK ch=1 v=0.4953
    OK ch=3 v=0.2274
    OK ch=5 v=0.1918
    OK ch=7 v=1.0078
    OK ch=1 v=0.5060
    OK ch=3 v=0.2285
    OK ch=1 v=0.4851
    OK ch=5 v=0.1976
    OK ch=7 v=1.0110
    OK ch=1 v=0.5055
    OK ch=3 v=0.2383
    OK ch=5 v=0.2110
    OK ch=7 v=1.0040
    OK ch=1 v=0.5218
    OK ch=5 v=0.2148
    OK ch=7 v=1.0058
    OK ch=1 v=0.5086
    OK ch=3 v=0.2388
    OK ch=7 v=0.9937
    OK ch=1 v=0.4744
    OK ch=3 v=0.2413
    OK ch=5 v=0.2165
    OK ch=7 v=1.0055
    OK ch=1 v=0.4619
    OK ch=3 v=0.2351
    OK ch=5 v=0.2182
    OK ch=7 v=1.0141
    OK ch=1 v=0.4708
    OK ch=3 v=0.2375
    OK ch=5 v=0.2253
    OK ch=7 v=1.0053
    OK ch=1 v=0.4953
    OK ch=3 v=0.2476
    OK ch=5 v=0.2226
    OK ch=7 v=1.0033
    OK ch=1 v=0.4931
    OK ch=3 v=0.2403
    OK ch=5 v=0.2188
    OK ch=7 v=1.0068
    OK ch=1 v=0.4925
    OK ch=3 v=0.2393
    OK ch=5 v=0.2163
    OK ch=7 v=1.0043
    OK ch=1 v=0.5215
    OK ch=5 v=0.2131
    OK ch=7 v=1.0050
    OK ch=1 v=0.5119
    OK ch=3 v=0.2345
    OK ch=5 v=0.2117
    OK ch=7 v=1.0002
    OK ch=1 v=0.5366
    OK ch=3 v=0.2310
    OK ch=5 v=0.2095
    OK ch=7 v=0.9914
    OK ch=1 v=0.4797
    OK ch=3 v=0.2203
    OK ch=5 v=0.2077
    OK ch=7 v=0.9960
    OK ch=1 v=0.5059
    OK ch=3 v=0.2322
    OK ch=7 v=0.9982
    OK ch=1 v=0.4956
    OK ch=3 v=0.2356
    OK ch=5 v=0.2018
    OK ch=7 v=1.0059
    OK ch=1 v=0.4849
    OK ch=3 v=0.2367
    OK ch=5 v=0.2033
    OK ch=7 v=1.0032
    OK ch=1 v=0.5066
    OK ch=3 v=0.2474
    OK ch=5 v=0.2068
    OK ch=7 v=1.0061
    OK ch=1 v=0.4999
    OK ch=3 v=0.2419
    OK ch=5 v=0.2062
    OK ch=7 v=1.0078
    OK ch=1 v=0.5158
    OK ch=3 v=0.2537
    OK ch=5 v=0.2078
    OK ch=7 v=1.0098
    OK ch=1 v=0.5217
    OK ch=3 v=0.2479
    OK ch=5 v=0.2053
    OK ch=7 v=1.0202
    OK ch=1 v=0.4792
    OK ch=3 v=0.2384
    OK ch=7 v=1.0142
    OK ch=1 v=0.4956
    OK ch=3 v=0.2457
    OK ch=5 v=0.2100
    OK ch=7 v=1.0016
    OK ch=1 v=0.4864
    OK ch=3 v=0.2468
    OK ch=5 v=0.2066
    OK ch=7 v=1.0054
    OK ch=1 v=0.4938
    OK ch=3 v=0.2399
    OK ch=1 v=0.5205
    OK ch=3 v=0.2415
    OK ch=5 v=0.2088
    OK ch=7 v=1.0078
    OK ch=1 v=0.5113
    OK ch=3 v=0.2404
    OK ch=5 v=0.2103
    OK ch=7 v=1.0085
    OK ch=1 v=0.4934
    OK ch=3 v=0.2342
    OK ch=5 v=0.2015
    OK ch=7 v=1.0070
    OK ch=1 v=0.4976
    OK ch=3 v=0.2305
    OK ch=5 v=0.2095
    OK ch=7 v=1.0010
    OK ch=1 v=0.4954
    OK ch=3 v=0.2312
    OK ch=5 v=0.2111
    OK ch=7 v=0.9987
    OK ch=1 v=0.4743
    OK ch=3 v=0.2280
    OK ch=5 v=0.2133
    OK ch=7 v=1.0016
    OK ch=1 v=0.4787
    OK ch=3 v=0.2337
    OK ch=5 v=0.2158
    OK ch=7 v=0.9976
    OK ch=1 v=0.5179
    OK ch=3 v=0.2413
    OK ch=5 v=0.2134
    OK ch=7 v=1.0020
    OK ch=1 v=0.5122
    OK ch=3 v=0.2350
    OK ch=5 v=0.2166
    OK ch=7 v=1.0065
    OK ch=1 v=0.5066
    OK ch=3 v=0.2364
    OK ch=5 v=0.2213
    OK ch=7 v=0.9931
    OK ch=1 v=0.4843
    OK ch=3 v=0.2353
    OK ch=5 v=0.2161
    OK ch=7 v=1.0080
    OK ch=1 v=0.5043
    OK ch=3 v=0.2504
    OK ch=5 v=0.2143
    OK ch=7 v=1.0101
    OK ch=1 v=0.5005
    OK ch=3 v=0.2431
    OK ch=5 v=0.2100
    OK ch=7 v=1.0089
    OK ch=1 v=0.5227
    OK ch=3 v=0.2399
    OK ch=5 v=0.2060
    OK ch=7 v=1.0062
    OK ch=1 v=0.4971
    OK ch=3 v=0.2386
    OK ch=5 v=0.2031
    OK ch=7 v=1.0099
    OK ch=1 v=0.4927
    OK ch=3 v=0.2323
    OK ch=5 v=0.2007
    OK ch=1 v=0.5126
    OK ch=3 v=0.2351
    OK ch=5 v=0.2025
    OK ch=7 v=1.0061
    OK ch=1 v=0.4950
    OK ch=3 v=0.2335
    OK ch=5 v=0.1979
    OK ch=7 v=1.0045
    OK ch=1 v=0.5046
    OK ch=3 v=0.2316
    OK ch=5 v=0.1966
    OK ch=7 v=1.0054
    OK ch=1 v=0.5192
    OK ch=3 v=0.2386
    OK ch=5 v=0.2049
    OK ch=7 v=0.9995
    OK ch=1 v=0.5036
    OK ch=3 v=0.2332
    OK ch=5 v=0.2039
    OK ch=7 v=1.0084
    OK ch=1 v=0.4890
    OK ch=3 v=0.2390
    OK ch=5 v=0.2060
    OK ch=7 v=1.0077
    OK ch=1 v=0.4999
    OK ch=3 v=0.2448
    OK ch=5 v=0.2122
    OK ch=7 v=1.0018
    OK ch=1 v=0.4989
    OK ch=3 v=0.2437
    OK ch=5 v=0.2138
    OK ch=7 v=1.0099
    OK ch=1 v=0.4741
    OK ch=3 v=0.2416
    OK ch=5 v=0.2168
    OK ch=7 v=1.0084
    OK ch=1 v=0.4694
    OK ch=3 v=0.2446
    OK ch=5 v=0.2098
    OK ch=7 v=1.0067
    OK ch=1 v=0.5090
    OK ch=5 v=0.2156
    OK ch=7 v=1.0020
    OK ch=1 v=0.5241
    OK ch=3 v=0.2466
    OK ch=5 v=0.2184
    OK ch=7 v=1.0030
    OK ch=1 v=0.4937
    OK ch=3 v=0.2354
    OK ch=5 v=0.2161
    OK ch=7 v=1.0015
    OK ch=1 v=0.5029
    OK ch=3 v=0.2328
    OK ch=7 v=1.0002
    OK ch=1 v=0.5169
    OK ch=3 v=0.2432
    OK ch=5 v=0.2147
    OK ch=7 v=0.9989
    OK ch=1 v=0.4710
    OK ch=3 v=0.2392
    OK ch=5 v=0.2128
    OK ch=7 v=1.0033
    OK ch=1 v=0.4880
    OK ch=3 v=0.2321
    OK ch=5 v=0.2079
    OK ch=7 v=1.0015
    OK ch=1 v=0.5109
    OK ch=3 v=0.2248
    OK ch=5 v=0.2090
    OK ch=7 v=0.9865
    OK ch=1 v=0.4894
    OK ch=3 v=0.2308
    OK ch=5 v=0.2084
    OK ch=7 v=1.0049
    OK ch=1 v=0.5277
    OK ch=3 v=0.2419
    OK ch=5 v=0.2110
    OK ch=7 v=1.0090
    OK ch=1 v=0.5071
    OK ch=3 v=0.2430
    OK ch=5 v=0.2082
    OK ch=7 v=1.0065
    OK ch=1 v=0.4932
    OK ch=3 v=0.2347
    OK ch=5 v=0.2076
    OK ch=7 v=1.0082
    OK ch=1 v=0.4844
    OK ch=3 v=0.2416
    OK ch=5 v=0.2083
    OK ch=7 v=1.0112
    OK ch=1 v=0.4894
    OK ch=3 v=0.2383
    OK ch=5 v=0.2052
    OK ch=7 v=1.0166
    OK ch=1 v=0.5012
    OK ch=3 v=0.2390
    OK ch=5 v=0.2073
    OK ch=7 v=1.0052
    OK ch=1 v=0.5216
    OK ch=3 v=0.2540
    OK ch=5 v=0.2044
[  195.6s] DAMPING     ch0:LOCK g=-0.0300 bp=+0.019V ratio=0.05  ch1:LOCK g=-0.0300 bp=+0.022V ratio=0.05  ch2:.... g=+0.0100 bp=+0.008V ratio=0.08  ch3:LOCK g=-0.0300 bp=+0.002V ratio=0.06
    OK ch=1 v=0.5200
    OK ch=3 v=0.2449
    OK ch=7 v=1.0145
    OK ch=1 v=0.4785
    OK ch=3 v=0.2357
    OK ch=5 v=0.2033
    OK ch=7 v=1.0101
    OK ch=1 v=0.4944
    OK ch=5 v=0.1975
    OK ch=7 v=1.0128
    OK ch=1 v=0.5229
    OK ch=3 v=0.2322
    OK ch=5 v=0.2018
    OK ch=7 v=1.0049
    OK ch=1 v=0.5211
    OK ch=3 v=0.2358
    OK ch=5 v=0.2034
    OK ch=7 v=1.0059
    OK ch=1 v=0.4866
    OK ch=3 v=0.2327
    OK ch=5 v=0.2073
    OK ch=7 v=1.0030
    OK ch=1 v=0.4760
    OK ch=3 v=0.2354
    OK ch=5 v=0.2125
    OK ch=7 v=1.0005
    OK ch=1 v=0.4985
    OK ch=3 v=0.2336
    OK ch=5 v=0.2137
    OK ch=7 v=1.0037
    OK ch=1 v=0.4811
    OK ch=3 v=0.2387
    OK ch=5 v=0.2122
    OK ch=7 v=1.0023
    OK ch=1 v=0.5090
    OK ch=3 v=0.2327
    OK ch=5 v=0.2190
    OK ch=7 v=1.0029
    OK ch=1 v=0.4801
    OK ch=3 v=0.2373
    OK ch=5 v=0.2135
    OK ch=7 v=1.0072
    OK ch=1 v=0.5019
    OK ch=3 v=0.2435
    OK ch=5 v=0.2147
    OK ch=7 v=1.0060
    OK ch=1 v=0.5322
    OK ch=3 v=0.2511
    OK ch=5 v=0.2216
    OK ch=7 v=1.0007
    OK ch=1 v=0.4761
    OK ch=3 v=0.2374
    OK ch=5 v=0.2178
    OK ch=7 v=1.0024
    OK ch=1 v=0.5019
    OK ch=3 v=0.2420
    OK ch=5 v=0.2122
    OK ch=1 v=0.4836
    OK ch=3 v=0.2404
    OK ch=5 v=0.2069
    OK ch=1 v=0.4815
    OK ch=3 v=0.2333
    OK ch=5 v=0.2040
    OK ch=7 v=1.0042
    OK ch=1 v=0.4900
    OK ch=3 v=0.2307
    OK ch=5 v=0.2081
    OK ch=7 v=1.0016
    OK ch=1 v=0.5168
    OK ch=3 v=0.2376
    OK ch=5 v=0.2004
    OK ch=7 v=1.0060
    OK ch=1 v=0.4940
    OK ch=3 v=0.2369
    OK ch=7 v=1.0055
    OK ch=1 v=0.5452
    OK ch=3 v=0.2468
    OK ch=5 v=0.2093
    OK ch=7 v=1.0018
    OK ch=1 v=0.5205
    OK ch=3 v=0.2425
    OK ch=5 v=0.2052
    OK ch=7 v=1.0034
    OK ch=1 v=0.4877
    OK ch=3 v=0.2378
    OK ch=5 v=0.2072
    OK ch=7 v=1.0045
    OK ch=1 v=0.4921
    OK ch=3 v=0.2358
    OK ch=5 v=0.2082
    OK ch=7 v=1.0039
    OK ch=1 v=0.4870
    OK ch=3 v=0.2351
    OK ch=5 v=0.2117
    OK ch=7 v=1.0125
    OK ch=1 v=0.4858
    OK ch=3 v=0.2419
    OK ch=5 v=0.2085
    OK ch=1 v=0.4955
    OK ch=3 v=0.2374
    OK ch=7 v=1.0081
    OK ch=1 v=0.5137
    OK ch=3 v=0.2413
    OK ch=5 v=0.2074
    OK ch=7 v=1.0071
    OK ch=1 v=0.4993
    OK ch=3 v=0.2364
    OK ch=5 v=0.2125
    OK ch=7 v=1.0035
    OK ch=1 v=0.5154
    OK ch=3 v=0.2443
    OK ch=7 v=0.9997
    OK ch=1 v=0.5130
    OK ch=3 v=0.2418
    OK ch=5 v=0.2079
    OK ch=7 v=1.0075
    OK ch=1 v=0.4965
    OK ch=3 v=0.2327
    OK ch=5 v=0.2099
    OK ch=7 v=0.9980
    OK ch=1 v=0.4929
    OK ch=3 v=0.2306
    OK ch=5 v=0.2118
    OK ch=7 v=0.9988
    OK ch=1 v=0.5000
    OK ch=3 v=0.2377
    OK ch=5 v=0.2135
    OK ch=7 v=1.0072
    OK ch=1 v=0.4893
    OK ch=3 v=0.2371
    OK ch=5 v=0.2094
    OK ch=7 v=1.0059
    OK ch=1 v=0.4758
    OK ch=3 v=0.2329
    OK ch=7 v=1.0031
    OK ch=1 v=0.5164
    OK ch=3 v=0.2351
    OK ch=5 v=0.2142
    OK ch=7 v=1.0021
    OK ch=1 v=0.4932
    OK ch=5 v=0.2119
    OK ch=7 v=1.0077
    OK ch=1 v=0.5278
    OK ch=3 v=0.2419
    OK ch=5 v=0.2105
    OK ch=7 v=1.0058
    OK ch=1 v=0.5029
    OK ch=3 v=0.2392
    OK ch=5 v=0.2082
    OK ch=7 v=1.0074
    OK ch=1 v=0.4920
    OK ch=3 v=0.2409
    OK ch=5 v=0.2088
    OK ch=7 v=1.0092
    OK ch=1 v=0.5226
    OK ch=3 v=0.2439
    OK ch=5 v=0.2109
    OK ch=7 v=1.0057
    OK ch=1 v=0.5032
    OK ch=3 v=0.2483
    OK ch=5 v=0.2075
    OK ch=7 v=1.0070
    OK ch=1 v=0.4720
    OK ch=3 v=0.2372
    OK ch=5 v=0.2083
    OK ch=7 v=1.0076
    OK ch=1 v=0.5049
    OK ch=3 v=0.2353
    OK ch=5 v=0.2045
    OK ch=7 v=1.0008
    OK ch=1 v=0.4997
    OK ch=3 v=0.2301
    OK ch=5 v=0.2034
    OK ch=7 v=1.0068
    OK ch=1 v=0.4857
    OK ch=3 v=0.2414
    OK ch=5 v=0.2015
    OK ch=7 v=1.0095
    OK ch=1 v=0.4963
    OK ch=3 v=0.2390
    OK ch=5 v=0.2022
    OK ch=1 v=0.4778
    OK ch=3 v=0.2383
    OK ch=5 v=0.2069
    OK ch=7 v=1.0056
    OK ch=1 v=0.5070
    OK ch=3 v=0.2393
    OK ch=5 v=0.2050
    OK ch=1 v=0.5217
    OK ch=5 v=0.2084
    OK ch=7 v=1.0026
    OK ch=1 v=0.5182
    OK ch=5 v=0.2091
    OK ch=7 v=0.9988
    OK ch=1 v=0.4999
    OK ch=3 v=0.2387
    OK ch=5 v=0.2116
    OK ch=7 v=0.9983
    OK ch=1 v=0.5029
    OK ch=3 v=0.2419
    OK ch=5 v=0.2164
    OK ch=7 v=1.0018
    OK ch=1 v=0.5017
    OK ch=3 v=0.2376
    OK ch=7 v=1.0061
    OK ch=1 v=0.4861
    OK ch=3 v=0.2369
    OK ch=5 v=0.2196
    OK ch=7 v=1.0007
    OK ch=1 v=0.4844
    OK ch=3 v=0.2395
    OK ch=5 v=0.2175
    OK ch=7 v=1.0069
    OK ch=1 v=0.5116
    OK ch=3 v=0.2429
    OK ch=5 v=0.2151
    OK ch=7 v=1.0098
    OK ch=1 v=0.4738
    OK ch=3 v=0.2301
    OK ch=7 v=1.0017
    OK ch=1 v=0.4758
    OK ch=3 v=0.2357
    OK ch=5 v=0.2099
    OK ch=7 v=1.0046
    OK ch=1 v=0.5098
    OK ch=5 v=0.2130
    OK ch=7 v=0.9985
    OK ch=1 v=0.5248
    OK ch=3 v=0.2378
    OK ch=5 v=0.2106
    OK ch=7 v=1.0017
    OK ch=1 v=0.4998
    OK ch=3 v=0.2362
    OK ch=5 v=0.2085
    OK ch=1 v=0.4960
    OK ch=5 v=0.2062
    OK ch=1 v=0.5004
    OK ch=3 v=0.2349
    OK ch=5 v=0.2043
    OK ch=7 v=1.0059
    OK ch=1 v=0.4901
    OK ch=3 v=0.2391
    OK ch=5 v=0.2050
    OK ch=7 v=1.0121
    OK ch=1 v=0.4961
    OK ch=3 v=0.2410
    OK ch=5 v=0.2070
    OK ch=7 v=1.0052
    OK ch=1 v=0.4907
    OK ch=3 v=0.2358
    OK ch=5 v=0.2042
    OK ch=1 v=0.5151
    OK ch=3 v=0.2416
    OK ch=5 v=0.2036
    OK ch=7 v=1.0062
    OK ch=1 v=0.5412
    OK ch=3 v=0.2489
    OK ch=5 v=0.2050
    OK ch=7 v=1.0108
    OK ch=1 v=0.5187
    OK ch=3 v=0.2463
    OK ch=7 v=1.0118
    OK ch=1 v=0.4902
    OK ch=3 v=0.2457
    OK ch=7 v=1.0160
    OK ch=1 v=0.4941
    OK ch=3 v=0.2348
    OK ch=5 v=0.2066
    OK ch=7 v=1.0090
    OK ch=1 v=0.5030
    OK ch=3 v=0.2457
    OK ch=1 v=0.4863
    OK ch=3 v=0.2381
    OK ch=5 v=0.2073
    OK ch=7 v=1.0114
    OK ch=1 v=0.4805
    OK ch=3 v=0.2314
    OK ch=7 v=1.0014
    OK ch=1 v=0.4761
    OK ch=3 v=0.2329
    OK ch=5 v=0.2032
    OK ch=7 v=1.0085
    OK ch=1 v=0.5009
    OK ch=3 v=0.2409
    OK ch=5 v=0.2070
    OK ch=1 v=0.5162
    OK ch=3 v=0.2331
    OK ch=5 v=0.2113
    OK ch=7 v=0.9905
    OK ch=1 v=0.4847
    OK ch=3 v=0.2295
    OK ch=5 v=0.2103
    OK ch=7 v=0.9992
    OK ch=1 v=0.5013
    OK ch=3 v=0.2378
    OK ch=5 v=0.2123
    OK ch=7 v=0.9960
    OK ch=1 v=0.5073
    OK ch=3 v=0.2362
    OK ch=5 v=0.2144
    OK ch=7 v=1.0000
    OK ch=1 v=0.4789
    OK ch=3 v=0.2357
    OK ch=5 v=0.2156
    OK ch=7 v=1.0017
    OK ch=1 v=0.4975
    OK ch=3 v=0.2332
    OK ch=5 v=0.2172
    OK ch=7 v=1.0024
    OK ch=1 v=0.5078
    OK ch=3 v=0.2442
    OK ch=5 v=0.2182
    OK ch=1 v=0.5027
    OK ch=3 v=0.2387
    OK ch=5 v=0.2207
    OK ch=7 v=1.0049
    OK ch=1 v=0.4877
    OK ch=3 v=0.2363
    OK ch=5 v=0.2165
    OK ch=1 v=0.4702
    OK ch=3 v=0.2317
    OK ch=5 v=0.2101
    OK ch=7 v=1.0110
    OK ch=1 v=0.4898
    OK ch=3 v=0.2424
    OK ch=5 v=0.2089
    OK ch=7 v=1.0048
    OK ch=1 v=0.5060
    OK ch=3 v=0.2396
    OK ch=5 v=0.2083
    OK ch=7 v=1.0027
    OK ch=1 v=0.5310
    OK ch=3 v=0.2458
    OK ch=5 v=0.2064
    OK ch=7 v=1.0103
    OK ch=1 v=0.4968
    OK ch=3 v=0.2315
    OK ch=7 v=1.0019
    OK ch=1 v=0.5161
    OK ch=3 v=0.2402
    OK ch=5 v=0.1995
    OK ch=7 v=1.0096
    OK ch=1 v=0.5088
    OK ch=3 v=0.2394
    OK ch=5 v=0.2002
    OK ch=7 v=1.0076
    OK ch=1 v=0.4966
    OK ch=3 v=0.2354
    OK ch=5 v=0.2058
    OK ch=7 v=1.0040
    OK ch=1 v=0.4717
    OK ch=3 v=0.2335
    OK ch=5 v=0.2050
    OK ch=7 v=1.0106
    OK ch=1 v=0.5073
    OK ch=3 v=0.2489
    OK ch=5 v=0.2034
    OK ch=7 v=1.0051
    OK ch=1 v=0.5124
    OK ch=3 v=0.2445
    OK ch=5 v=0.2074
    OK ch=1 v=0.4965
    OK ch=3 v=0.2358
    OK ch=5 v=0.2053
    OK ch=7 v=1.0098
    OK ch=1 v=0.5039
    OK ch=3 v=0.2379
    OK ch=5 v=0.2088
    OK ch=7 v=1.0021
    OK ch=3 v=0.2394
    OK ch=5 v=0.2075
    OK ch=7 v=0.9981
    OK ch=1 v=0.5066
    OK ch=5 v=0.2101
    OK ch=7 v=1.0126
    OK ch=1 v=0.4500
    OK ch=3 v=0.2424
    OK ch=5 v=0.2119
    OK ch=1 v=0.4970
    OK ch=3 v=0.2359
    OK ch=1 v=0.4943
    OK ch=3 v=0.2323
    OK ch=5 v=0.2098
    OK ch=7 v=1.0055
    OK ch=1 v=0.5143
    OK ch=3 v=0.2411
    OK ch=5 v=0.2107
    OK ch=7 v=1.0011
    OK ch=1 v=0.4851
    OK ch=3 v=0.2300
    OK ch=5 v=0.2115
    OK ch=7 v=1.0061
    OK ch=1 v=0.5162
    OK ch=3 v=0.2378
    OK ch=5 v=0.2168
    OK ch=7 v=0.9949
    OK ch=1 v=0.5067
    OK ch=3 v=0.2325
    OK ch=5 v=0.2194
    OK ch=7 v=0.9895
    OK ch=1 v=0.4906
    OK ch=3 v=0.2361
    OK ch=5 v=0.2108
    OK ch=7 v=1.0072
    OK ch=1 v=0.4699
    OK ch=3 v=0.2320
    OK ch=5 v=0.2132
    OK ch=7 v=1.0078
    OK ch=1 v=0.5073
    OK ch=3 v=0.2397
    OK ch=5 v=0.2121
    OK ch=7 v=1.0060
    OK ch=1 v=0.5901
    OK ch=3 v=0.2386
    OK ch=5 v=0.2085
    OK ch=7 v=1.0090

[trim] ch0 kept at 0.50V -- total offset 496 -> 477 counts.


[trim] ch0 rests at 572 counts (+60 off mid-scale) -- bias -> 0.75V

    OK ch=1 v=0.6782
    OK ch=3 v=0.2374
    OK ch=5 v=0.2116
    OK ch=7 v=1.0013
    OK ch=1 v=0.7396
    OK ch=3 v=0.2482
    OK ch=5 v=0.2154
    OK ch=7 v=1.0002
    OK ch=1 v=0.7658
    OK ch=3 v=0.2409
    OK ch=5 v=0.2121
    OK ch=7 v=1.0124
    OK ch=1 v=0.7416
    OK ch=3 v=0.2362
    OK ch=5 v=0.2070
    OK ch=7 v=1.0179
    OK ch=1 v=0.7018
    OK ch=3 v=0.2222
    OK ch=5 v=0.2076
    OK ch=7 v=1.0187
    OK ch=1 v=0.7067
    OK ch=3 v=0.2233
    OK ch=5 v=0.2103
    OK ch=7 v=1.0088
    OK ch=1 v=0.7505
    OK ch=3 v=0.2342
    OK ch=5 v=0.2029
    OK ch=7 v=1.0119
    OK ch=1 v=0.7614
    OK ch=3 v=0.2327
    OK ch=5 v=0.1988
    OK ch=7 v=1.0094
    OK ch=1 v=0.7769
    OK ch=3 v=0.2294
    OK ch=5 v=0.1965
    OK ch=7 v=1.0031
    OK ch=1 v=0.7579
    OK ch=7 v=1.0066
[  200.6s] DAMPING     ch0:LOCK g=-0.0300 bp=-0.047V ratio=0.09  ch1:LOCK g=-0.0300 bp=-0.070V ratio=0.10  ch2:LOCK g=+0.0100 bp=+0.077V ratio=0.07  ch3:LOCK g=-0.0300 bp=+0.040V ratio=0.08
    OK ch=1 v=0.7531
    OK ch=3 v=0.2315
    OK ch=1 v=0.7448
    OK ch=3 v=0.2296
    OK ch=5 v=0.1970
    OK ch=7 v=0.9954
    OK ch=1 v=0.7405
    OK ch=3 v=0.2251
    OK ch=5 v=0.1945
    OK ch=7 v=1.0051
    OK ch=1 v=0.7619
    OK ch=3 v=0.2431
    OK ch=5 v=0.1960
    OK ch=7 v=1.0088
    OK ch=1 v=0.7396
    OK ch=5 v=0.2052
    OK ch=7 v=1.0066
    OK ch=1 v=0.7323
    OK ch=3 v=0.2405
    OK ch=5 v=0.2083
    OK ch=7 v=1.0078
    OK ch=1 v=0.7651
    OK ch=3 v=0.2456
    OK ch=5 v=0.2133
    OK ch=7 v=1.0020
    OK ch=1 v=0.7729
    OK ch=3 v=0.2479
    OK ch=5 v=0.2166
    OK ch=7 v=1.0063
    OK ch=1 v=0.7494
    OK ch=5 v=0.2198
    OK ch=7 v=1.0074
    OK ch=1 v=0.7531
    OK ch=3 v=0.2414
    OK ch=7 v=1.0007
    OK ch=1 v=0.7431
    OK ch=3 v=0.2437
    OK ch=7 v=1.0084
    OK ch=1 v=0.7399
    OK ch=3 v=0.2486
    OK ch=5 v=0.2249
    OK ch=7 v=0.9971
    OK ch=1 v=0.7646
    OK ch=3 v=0.2520
    OK ch=5 v=0.2170
    OK ch=7 v=1.0038
    OK ch=1 v=0.7707
    OK ch=3 v=0.2438
    OK ch=5 v=0.2156
    OK ch=7 v=0.9973
    OK ch=1 v=0.7693
    OK ch=3 v=0.2408
    OK ch=5 v=0.2128
    OK ch=7 v=0.9966
    OK ch=1 v=0.7472
    OK ch=3 v=0.2342
    OK ch=7 v=0.9948
    OK ch=1 v=0.7388
    OK ch=3 v=0.2371
    OK ch=5 v=0.2073
    OK ch=7 v=1.0036
    OK ch=1 v=0.7258
    OK ch=3 v=0.2333
    OK ch=5 v=0.2106
    OK ch=7 v=0.9963
    OK ch=1 v=0.7710
    OK ch=3 v=0.2457
    OK ch=5 v=0.2114
    OK ch=7 v=0.9940
    OK ch=1 v=0.7677
    OK ch=3 v=0.2439
    OK ch=5 v=0.2141
    OK ch=7 v=1.0018
    OK ch=1 v=0.7619
    OK ch=3 v=0.2481
    OK ch=7 v=1.0075
    OK ch=1 v=0.7289
    OK ch=3 v=0.2350
    OK ch=5 v=0.2153
    OK ch=7 v=1.0061
    OK ch=1 v=0.7539
    OK ch=3 v=0.2381
    OK ch=5 v=0.2131
    OK ch=7 v=1.0094
    OK ch=1 v=0.7526
    OK ch=3 v=0.2418
    OK ch=7 v=1.0042
    OK ch=1 v=0.7401
    OK ch=3 v=0.2447
    OK ch=5 v=0.2089
    OK ch=7 v=1.0145
    OK ch=1 v=0.7362
    OK ch=3 v=0.2379
    OK ch=5 v=0.2112
    OK ch=7 v=1.0058
    OK ch=1 v=0.7399
    OK ch=3 v=0.2374
    OK ch=5 v=0.2021
    OK ch=7 v=1.0063
    OK ch=1 v=0.7174
    OK ch=3 v=0.2360
    OK ch=5 v=0.2006
    OK ch=7 v=1.0142
    OK ch=1 v=0.7496
    OK ch=3 v=0.2304
    OK ch=5 v=0.1981
    OK ch=7 v=1.0123
    OK ch=1 v=0.7516
    OK ch=3 v=0.2262
    OK ch=5 v=0.1973
    OK ch=7 v=1.0044
    OK ch=1 v=0.7726
    OK ch=3 v=0.2253
    OK ch=5 v=0.1992
    OK ch=7 v=1.0064
    OK ch=1 v=0.7601
    OK ch=3 v=0.2360
    OK ch=5 v=0.2003
    OK ch=7 v=1.0119
    OK ch=1 v=0.7141
    OK ch=3 v=0.2277
    OK ch=5 v=0.2033
    OK ch=7 v=1.0089
    OK ch=1 v=0.7290
    OK ch=3 v=0.2248
    OK ch=5 v=0.2104
    OK ch=7 v=0.9961
    OK ch=1 v=0.7619
    OK ch=3 v=0.2392
    OK ch=5 v=0.2120
    OK ch=7 v=1.0060
    OK ch=1 v=0.7596
    OK ch=3 v=0.2412
    OK ch=5 v=0.2142
    OK ch=7 v=1.0085
    OK ch=1 v=0.7384
    OK ch=3 v=0.2389
    OK ch=5 v=0.2115
    OK ch=7 v=1.0098
    OK ch=1 v=0.7608
    OK ch=3 v=0.2400
    OK ch=7 v=1.0069
    OK ch=1 v=0.7645
    OK ch=3 v=0.2413
    OK ch=5 v=0.2097
    OK ch=7 v=1.0091
    OK ch=1 v=0.7448
    OK ch=3 v=0.2398
    OK ch=5 v=0.2125
    OK ch=7 v=1.0067
    OK ch=1 v=0.7439
    OK ch=3 v=0.2392
    OK ch=5 v=0.2081
    OK ch=7 v=1.0110
    OK ch=1 v=0.7272
    OK ch=3 v=0.2321
    OK ch=5 v=0.2030
    OK ch=1 v=0.7568
    OK ch=3 v=0.2447
    OK ch=5 v=0.2065
    OK ch=7 v=1.0058
    OK ch=1 v=0.7817
    OK ch=5 v=0.2057
    OK ch=7 v=1.0035
    OK ch=1 v=0.7374
    OK ch=3 v=0.2440
    OK ch=5 v=0.2040
    OK ch=7 v=0.9995
    OK ch=1 v=0.7439
    OK ch=3 v=0.2372
    OK ch=5 v=0.2082
    OK ch=7 v=1.0001
    OK ch=1 v=0.7205
    OK ch=3 v=0.2397
    OK ch=5 v=0.2043
    OK ch=7 v=0.9971
    OK ch=1 v=0.7456
    OK ch=3 v=0.2420
    OK ch=5 v=0.2069
    OK ch=7 v=0.9982
    OK ch=1 v=0.7698
    OK ch=3 v=0.2317
    OK ch=5 v=0.2209
    OK ch=7 v=0.9975
    OK ch=1 v=0.7800
    OK ch=3 v=0.2473
    OK ch=7 v=1.0074
    OK ch=1 v=0.7792
    OK ch=3 v=0.2537
    OK ch=5 v=0.2203
    OK ch=7 v=1.0040
    OK ch=1 v=0.7314
    OK ch=3 v=0.2425
    OK ch=5 v=0.2182
    OK ch=7 v=1.0026
    OK ch=1 v=0.7445
    OK ch=3 v=0.2488
    OK ch=5 v=0.2172
    OK ch=1 v=0.7420
    OK ch=3 v=0.2443
    OK ch=5 v=0.2185
    OK ch=7 v=1.0044
    OK ch=1 v=0.7322
    OK ch=3 v=0.2380
    OK ch=5 v=0.2130
    OK ch=1 v=0.7578
    OK ch=3 v=0.2447
    OK ch=5 v=0.2135
    OK ch=1 v=0.7753
    OK ch=3 v=0.2417
    OK ch=7 v=1.0026
    OK ch=1 v=0.7510
    OK ch=3 v=0.2407
    OK ch=5 v=0.2100
    OK ch=7 v=0.9994
    OK ch=3 v=0.2284
    OK ch=5 v=0.2087
    OK ch=7 v=0.9963
    OK ch=1 v=0.7250
    OK ch=3 v=0.2274
    OK ch=5 v=0.2117
    OK ch=7 v=1.0011
    OK ch=1 v=0.7671
    OK ch=3 v=0.2342
    OK ch=5 v=0.2082
    OK ch=7 v=0.9970
    OK ch=1 v=0.7676
    OK ch=3 v=0.2312
    OK ch=5 v=0.2050
    OK ch=7 v=1.0044
    OK ch=1 v=0.7431
    OK ch=3 v=0.2286
    OK ch=7 v=1.0090
    OK ch=1 v=0.7398
    OK ch=3 v=0.2313
    OK ch=5 v=0.2025
    OK ch=1 v=0.7485
    OK ch=3 v=0.2437
    OK ch=5 v=0.2060
    OK ch=7 v=1.0131
    OK ch=1 v=0.7403
    OK ch=3 v=0.2359
    OK ch=5 v=0.2075
    OK ch=7 v=1.0045
    OK ch=1 v=0.7396
    OK ch=3 v=0.2391
    OK ch=5 v=0.2029
    OK ch=7 v=1.0148
    OK ch=1 v=0.7501
    OK ch=3 v=0.2420
    OK ch=5 v=0.2035
    OK ch=7 v=1.0178
    OK ch=1 v=0.7439
    OK ch=3 v=0.2414
    OK ch=5 v=0.2029
    OK ch=7 v=1.0146
    OK ch=1 v=0.7461
    OK ch=3 v=0.2391
    OK ch=5 v=0.2035
    OK ch=7 v=1.0078
    OK ch=1 v=0.7607
    OK ch=3 v=0.2407
    OK ch=5 v=0.2048
    OK ch=7 v=1.0072
    OK ch=1 v=0.7432
    OK ch=3 v=0.2401
    OK ch=5 v=0.1967
    OK ch=7 v=1.0209
    OK ch=1 v=0.7480
    OK ch=3 v=0.2358
    OK ch=5 v=0.1998
    OK ch=7 v=1.0111
    OK ch=1 v=0.7356
    OK ch=3 v=0.2347
    OK ch=5 v=0.2017
    OK ch=7 v=1.0039
    OK ch=1 v=0.7560
    OK ch=3 v=0.2324
    OK ch=5 v=0.2076
    OK ch=7 v=0.9987
    OK ch=1 v=0.7693
    OK ch=1 v=0.7596
    OK ch=3 v=0.2356
    OK ch=5 v=0.2105
    OK ch=1 v=0.7697
    OK ch=3 v=0.2376
    OK ch=5 v=0.2118
    OK ch=7 v=0.9968
    OK ch=1 v=0.7249
    OK ch=3 v=0.2340
    OK ch=5 v=0.2227
    OK ch=7 v=0.9920
    OK ch=1 v=0.7454
    OK ch=3 v=0.2364
    OK ch=5 v=0.2208
    OK ch=7 v=1.0028
    OK ch=1 v=0.7309
    OK ch=7 v=1.0047
    OK ch=1 v=0.7363
    OK ch=3 v=0.2420
    OK ch=5 v=0.2179
    OK ch=7 v=1.0075
    OK ch=1 v=0.7470
    OK ch=3 v=0.2487
    OK ch=5 v=0.2168
    OK ch=7 v=1.0055
    OK ch=1 v=0.7713
    OK ch=3 v=0.2475
    OK ch=5 v=0.2212
    OK ch=7 v=1.0039
    OK ch=1 v=0.7484
    OK ch=3 v=0.2381
    OK ch=5 v=0.2223
    OK ch=7 v=1.0030
    OK ch=1 v=0.7398
    OK ch=3 v=0.2362
    OK ch=5 v=0.2135
    OK ch=7 v=1.0048
    OK ch=1 v=0.7346
    OK ch=3 v=0.2400
    OK ch=5 v=0.2125
    OK ch=7 v=1.0019
    OK ch=1 v=0.7625
    OK ch=3 v=0.2435
    OK ch=5 v=0.2152
    OK ch=7 v=0.9991
    OK ch=1 v=0.7389
    OK ch=3 v=0.2375
    OK ch=5 v=0.2056
    OK ch=7 v=0.9998
    OK ch=3 v=0.2330
    OK ch=7 v=0.9953
    OK ch=1 v=0.7775
    OK ch=3 v=0.2414
    OK ch=5 v=0.2071
    OK ch=1 v=0.7691
    OK ch=3 v=0.2386
    OK ch=5 v=0.2036
    OK ch=7 v=1.0047
    OK ch=1 v=0.7567
    OK ch=3 v=0.2401
    OK ch=5 v=0.2008
    OK ch=7 v=1.0089
    OK ch=1 v=0.7640
    OK ch=3 v=0.2466
    OK ch=5 v=0.1960
    OK ch=7 v=1.0135
    OK ch=1 v=0.7947
    OK ch=3 v=0.2444
    OK ch=5 v=0.2035
    OK ch=7 v=1.0092
    OK ch=1 v=0.7532
    OK ch=3 v=0.2403
    OK ch=5 v=0.2042
    OK ch=7 v=1.0117
    OK ch=1 v=0.7413
    OK ch=3 v=0.2430
    OK ch=5 v=0.2099
    OK ch=7 v=1.0051
    OK ch=1 v=0.7104
    OK ch=3 v=0.2344
    OK ch=7 v=1.0072
    OK ch=1 v=0.7339
    OK ch=3 v=0.2431
    OK ch=5 v=0.2040
    OK ch=7 v=1.0142
    OK ch=1 v=0.7697
    OK ch=3 v=0.2421
    OK ch=5 v=0.2014
    OK ch=7 v=1.0173
    OK ch=1 v=0.7298
    OK ch=3 v=0.2320
    OK ch=5 v=0.2091
    OK ch=7 v=1.0049
    OK ch=1 v=0.7526
    OK ch=3 v=0.2356
    OK ch=5 v=0.2072
    OK ch=7 v=1.0022
    OK ch=1 v=0.7349
    OK ch=3 v=0.2324
    OK ch=5 v=0.2087
    OK ch=7 v=1.0070
    OK ch=3 v=0.2293
    OK ch=7 v=1.0045
    OK ch=1 v=0.7364
    OK ch=3 v=0.2257
    OK ch=5 v=0.2096
    OK ch=7 v=1.0005
    OK ch=1 v=0.7540
    OK ch=5 v=0.2117
    OK ch=7 v=0.9969
    OK ch=1 v=0.7709
    OK ch=3 v=0.2332
    OK ch=5 v=0.2100
    OK ch=7 v=1.0020
    OK ch=1 v=0.7224
    OK ch=3 v=0.2294
    OK ch=5 v=0.2148
    OK ch=7 v=1.0033
    OK ch=1 v=0.7260
    OK ch=5 v=0.2213
    OK ch=7 v=1.0042
    OK ch=1 v=0.7363
    OK ch=3 v=0.2336
    OK ch=5 v=0.2203
    OK ch=7 v=0.9999
    OK ch=1 v=0.7646
    OK ch=3 v=0.2419
    OK ch=5 v=0.2143
    OK ch=7 v=1.0066
    OK ch=3 v=0.2441
    OK ch=7 v=1.0075
    OK ch=1 v=0.7449
    OK ch=1 v=0.7260
    OK ch=3 v=0.2383
    OK ch=5 v=0.2131
    OK ch=1 v=0.7642
    OK ch=3 v=0.2472
    OK ch=5 v=0.2102
    OK ch=7 v=1.0016
    OK ch=1 v=0.7691
    OK ch=3 v=0.2455
    OK ch=5 v=0.2048
    OK ch=7 v=1.0070
    OK ch=1 v=0.7698
    OK ch=3 v=0.2450
    OK ch=5 v=0.2058
    OK ch=7 v=1.0039
    OK ch=1 v=0.7261
    OK ch=3 v=0.2377
    OK ch=5 v=0.2035
    OK ch=7 v=1.0049
    OK ch=1 v=0.7377
    OK ch=3 v=0.2365
    OK ch=5 v=0.1973
    OK ch=7 v=1.0098
    OK ch=1 v=0.7640
    OK ch=3 v=0.2462
    OK ch=5 v=0.1983
    OK ch=7 v=1.0054
    OK ch=1 v=0.7694
    OK ch=5 v=0.2022
    OK ch=7 v=1.0032
    OK ch=1 v=0.7772
    OK ch=3 v=0.2388
    OK ch=5 v=0.2047
    OK ch=7 v=1.0045
    OK ch=1 v=0.7581
    OK ch=3 v=0.2436
    OK ch=5 v=0.2077
    OK ch=7 v=1.0002
    OK ch=1 v=0.7616
    OK ch=3 v=0.2481
    OK ch=5 v=0.2095
    OK ch=7 v=1.0047
    OK ch=1 v=0.7472
    OK ch=3 v=0.2448
    OK ch=5 v=0.2153
    OK ch=7 v=1.0092
[  205.6s] DAMPING     ch0:LOCK g=-0.0300 bp=+0.064V ratio=0.07  ch1:LOCK g=-0.0300 bp=+0.041V ratio=0.10  ch2:LOCK g=+0.0100 bp=+0.042V ratio=0.08  ch3:LOCK g=-0.0300 bp=+0.003V ratio=0.04
    OK ch=1 v=0.7336
    OK ch=3 v=0.2378
    OK ch=7 v=1.0051
    OK ch=1 v=0.7273
    OK ch=3 v=0.2444
    OK ch=5 v=0.2124
    OK ch=7 v=1.0090
    OK ch=1 v=0.7611
    OK ch=3 v=0.2386
    OK ch=5 v=0.2135
    OK ch=7 v=0.9992
    OK ch=1 v=0.7303
    OK ch=3 v=0.2298
    OK ch=5 v=0.2174
    OK ch=7 v=0.9972
    OK ch=1 v=0.7337
    OK ch=3 v=0.2308
    OK ch=5 v=0.2150
    OK ch=7 v=1.0068
    OK ch=1 v=0.7344
    OK ch=3 v=0.2370
    OK ch=5 v=0.2086
    OK ch=7 v=1.0104
    OK ch=1 v=0.7417
    OK ch=3 v=0.2362
    OK ch=5 v=0.2123
    OK ch=7 v=1.0046
    OK ch=1 v=0.7640
    OK ch=3 v=0.2391
    OK ch=5 v=0.2183
    OK ch=7 v=1.0025
    OK ch=1 v=0.7413
    OK ch=3 v=0.2289
    OK ch=5 v=0.2134
    OK ch=7 v=1.0043
    OK ch=1 v=0.7381
    OK ch=3 v=0.2212
    OK ch=5 v=0.2174
    OK ch=7 v=0.9968
    OK ch=1 v=0.7537
    OK ch=3 v=0.2287
    OK ch=5 v=0.2219
    OK ch=7 v=0.9894
    OK ch=1 v=0.7417
    OK ch=3 v=0.2343
    OK ch=5 v=0.2083
    OK ch=7 v=1.0058
    OK ch=1 v=0.7637
    OK ch=3 v=0.2479
    OK ch=5 v=0.2008
    OK ch=7 v=1.0149
    OK ch=1 v=0.7548
    OK ch=3 v=0.2417
    OK ch=5 v=0.2022
    OK ch=7 v=1.0076
    OK ch=1 v=0.7605
    OK ch=3 v=0.2408
    OK ch=7 v=1.0148
    OK ch=1 v=0.7740
    OK ch=3 v=0.2449
    OK ch=5 v=0.2003
    OK ch=7 v=1.0111
    OK ch=1 v=0.7517
    OK ch=3 v=0.2402
    OK ch=5 v=0.1996
    OK ch=7 v=1.0078
    OK ch=1 v=0.7275
    OK ch=3 v=0.2409
    OK ch=5 v=0.1973
    OK ch=7 v=1.0164
    OK ch=1 v=0.7492
    OK ch=3 v=0.2471
    OK ch=5 v=0.1919
    OK ch=7 v=1.0158
    OK ch=1 v=0.7289
    OK ch=3 v=0.2332
    OK ch=5 v=0.1965
    OK ch=7 v=1.0100
    OK ch=1 v=0.7456
    OK ch=3 v=0.2382
    OK ch=5 v=0.2012
    OK ch=7 v=1.0052
    OK ch=1 v=0.7691
    OK ch=3 v=0.2414
    OK ch=1 v=0.7551
    OK ch=3 v=0.2379
    OK ch=7 v=1.0079
    OK ch=3 v=0.2414
    OK ch=5 v=0.2110
    OK ch=7 v=1.0042
    OK ch=1 v=0.7428
    OK ch=3 v=0.2389
    OK ch=5 v=0.2180
    OK ch=7 v=0.9947
    OK ch=1 v=0.7547
    OK ch=5 v=0.2171
    OK ch=7 v=1.0027
    OK ch=1 v=0.7757
    OK ch=3 v=0.2328
    OK ch=5 v=0.2184
    OK ch=7 v=0.9939
    OK ch=1 v=0.7524
    OK ch=3 v=0.2378
    OK ch=5 v=0.2203
    OK ch=7 v=0.9992
    OK ch=1 v=0.7196
    OK ch=3 v=0.2307
    OK ch=5 v=0.2223
    OK ch=7 v=1.0047
    OK ch=1 v=0.7218
    OK ch=3 v=0.2369
    OK ch=7 v=1.0037
    OK ch=1 v=0.7339
    OK ch=3 v=0.2386
    OK ch=5 v=0.2243
    OK ch=7 v=1.0028
    OK ch=1 v=0.7712
    OK ch=3 v=0.2472
    OK ch=5 v=0.2193
    OK ch=1 v=0.7449
    OK ch=3 v=0.2367
    OK ch=5 v=0.2223
    OK ch=7 v=0.9913
    OK ch=1 v=0.7675
    OK ch=3 v=0.2359
    OK ch=5 v=0.2163
    OK ch=7 v=0.9988
    OK ch=1 v=0.7501
    OK ch=3 v=0.2274
    OK ch=5 v=0.2131
    OK ch=7 v=1.0006
    OK ch=1 v=0.7233
    OK ch=3 v=0.2299
    OK ch=5 v=0.2125
    OK ch=7 v=1.0020
    OK ch=1 v=0.7310
    OK ch=3 v=0.2360
    OK ch=5 v=0.2073
    OK ch=7 v=1.0097
    OK ch=1 v=0.7608
    OK ch=3 v=0.2420
    OK ch=5 v=0.2061
    OK ch=7 v=1.0008
    OK ch=1 v=0.7397
    OK ch=3 v=0.2375
    OK ch=5 v=0.2039
    OK ch=7 v=1.0023
    OK ch=1 v=0.7596
    OK ch=3 v=0.2396
    OK ch=7 v=1.0110
    OK ch=1 v=0.7694
    OK ch=3 v=0.2458
    OK ch=5 v=0.2008
    OK ch=7 v=1.0006
    OK ch=1 v=0.7902
    OK ch=3 v=0.2506
    OK ch=5 v=0.1959
    OK ch=7 v=1.0150
    OK ch=1 v=0.7531
    OK ch=3 v=0.2481
    OK ch=5 v=0.1982
    OK ch=7 v=1.0177
    OK ch=1 v=0.7519
    OK ch=7 v=1.0147
    OK ch=1 v=0.7318
    OK ch=3 v=0.2425
    OK ch=5 v=0.2025
    OK ch=7 v=1.0155
    OK ch=1 v=0.7503
    OK ch=3 v=0.2431
    OK ch=5 v=0.1989
    OK ch=7 v=1.0115
    OK ch=1 v=0.7621
    OK ch=5 v=0.1998
    OK ch=1 v=0.7374
    OK ch=3 v=0.2384
    OK ch=5 v=0.2019
    OK ch=7 v=1.0121
    OK ch=1 v=0.7573
    OK ch=3 v=0.2394
    OK ch=7 v=1.0091
    OK ch=1 v=0.7560
    OK ch=3 v=0.2376
    OK ch=5 v=0.2093
    OK ch=7 v=0.9996
    OK ch=1 v=0.7351
    OK ch=3 v=0.2287
    OK ch=5 v=0.2116
    OK ch=7 v=1.0032
    OK ch=1 v=0.7379
    OK ch=3 v=0.2311
    OK ch=5 v=0.2154
    OK ch=7 v=1.0017
    OK ch=1 v=0.7412
    OK ch=3 v=0.2294
    OK ch=5 v=0.2168
    OK ch=7 v=1.0010
    OK ch=1 v=0.7286
    OK ch=3 v=0.2278
    OK ch=5 v=0.2188
    OK ch=7 v=0.9986
    OK ch=1 v=0.7353
    OK ch=3 v=0.2258
    OK ch=5 v=0.2204
    OK ch=7 v=0.9957
    OK ch=1 v=0.7586
    OK ch=3 v=0.2351
    OK ch=5 v=0.2216
    OK ch=7 v=0.9998
    OK ch=1 v=0.7579
    OK ch=3 v=0.2386
    OK ch=7 v=1.0027
    OK ch=1 v=0.7495
    OK ch=5 v=0.2163
    OK ch=7 v=1.0078
    OK ch=1 v=0.7560
    OK ch=3 v=0.2412
    OK ch=5 v=0.2186
    OK ch=7 v=1.0048
    OK ch=1 v=0.7356
    OK ch=3 v=0.2366
    OK ch=5 v=0.2173
    OK ch=7 v=0.9997
    OK ch=1 v=0.7533
    OK ch=3 v=0.2391
    OK ch=7 v=0.9986
    OK ch=1 v=0.7462
    OK ch=3 v=0.2384
    OK ch=5 v=0.2100
    OK ch=7 v=1.0004
    OK ch=1 v=0.7354
    OK ch=3 v=0.2339
    OK ch=5 v=0.2066
    OK ch=7 v=0.9984
    OK ch=1 v=0.7667
    OK ch=3 v=0.2442
    OK ch=5 v=0.2002
    OK ch=7 v=1.0113
    OK ch=1 v=0.7634
    OK ch=3 v=0.2421
    OK ch=5 v=0.2020
    OK ch=7 v=1.0062
    OK ch=1 v=0.7553
    OK ch=3 v=0.2405
    OK ch=5 v=0.2011
    OK ch=7 v=1.0017
    OK ch=1 v=0.7571
    OK ch=3 v=0.2475
    OK ch=5 v=0.1966
    OK ch=7 v=1.0116
    OK ch=1 v=0.7391
    OK ch=3 v=0.2419
    OK ch=5 v=0.1955
    OK ch=7 v=1.0148
    OK ch=1 v=0.7844
    OK ch=3 v=0.2486
    OK ch=5 v=0.1968
    OK ch=7 v=1.0130
    OK ch=1 v=0.7585
    OK ch=3 v=0.2504
    OK ch=5 v=0.2002
    OK ch=7 v=1.0107
    OK ch=1 v=0.7574
    OK ch=3 v=0.2422
    OK ch=5 v=0.2056
    OK ch=7 v=1.0102
    OK ch=1 v=0.7276
    OK ch=3 v=0.2374
    OK ch=5 v=0.2066
    OK ch=7 v=1.0124
    OK ch=1 v=0.7349
    OK ch=3 v=0.2362
    OK ch=5 v=0.2156
    OK ch=7 v=1.0003
    OK ch=1 v=0.7494
    OK ch=3 v=0.2339
    OK ch=5 v=0.2120
    OK ch=7 v=1.0040
    OK ch=1 v=0.7554
    OK ch=3 v=0.2393
    OK ch=5 v=0.2136
    OK ch=7 v=1.0024
    OK ch=1 v=0.7541
    OK ch=3 v=0.2408
    OK ch=5 v=0.2158
    OK ch=7 v=1.0062
    OK ch=1 v=0.7634
    OK ch=5 v=0.2170
    OK ch=7 v=0.9982
    OK ch=1 v=0.7261
    OK ch=3 v=0.2328
    OK ch=5 v=0.2144
    OK ch=7 v=1.0032
    OK ch=1 v=0.7202
    OK ch=3 v=0.2290
    OK ch=5 v=0.2174
    OK ch=7 v=0.9981
    OK ch=3 v=0.2258
    OK ch=5 v=0.2196
    OK ch=7 v=0.9963
    OK ch=1 v=0.7509
    OK ch=3 v=0.2300
    OK ch=5 v=0.2187
    OK ch=7 v=0.9914
    OK ch=1 v=0.7334
    OK ch=5 v=0.2151
    OK ch=7 v=1.0002
    OK ch=1 v=0.7533
    OK ch=3 v=0.2289
    OK ch=5 v=0.2158
    OK ch=7 v=0.9989
    OK ch=1 v=0.7475
    OK ch=3 v=0.2304
    OK ch=7 v=1.0003
    OK ch=1 v=0.7490
    OK ch=3 v=0.2289
    OK ch=5 v=0.2129
    OK ch=7 v=1.0085
    OK ch=1 v=0.7691
    OK ch=3 v=0.2420
    OK ch=5 v=0.2065
    OK ch=7 v=1.0063
    OK ch=1 v=0.7317
    OK ch=3 v=0.2383
    OK ch=5 v=0.2054
    OK ch=7 v=1.0152
    OK ch=1 v=0.7607
    OK ch=3 v=0.2464
    OK ch=5 v=0.2086
    OK ch=7 v=1.0134
    OK ch=1 v=0.7671
    OK ch=5 v=0.1994
    OK ch=7 v=1.0113
    OK ch=1 v=0.7731
    OK ch=3 v=0.2469
    OK ch=5 v=0.1939
    OK ch=7 v=1.0210
    OK ch=1 v=0.7575
    OK ch=3 v=0.2428
    OK ch=5 v=0.2000
    OK ch=7 v=1.0045
    OK ch=1 v=0.7441
    OK ch=3 v=0.2391
    OK ch=5 v=0.2025
    OK ch=1 v=0.7617
    OK ch=3 v=0.2440
    OK ch=5 v=0.2015
    OK ch=7 v=1.0081
    OK ch=1 v=0.7596
    OK ch=3 v=0.2418
    OK ch=5 v=0.1978
    OK ch=1 v=0.7809
    OK ch=3 v=0.2474
    OK ch=5 v=0.1989
    OK ch=7 v=1.0098
    OK ch=1 v=0.7528
    OK ch=3 v=0.2440
    OK ch=5 v=0.1968
    OK ch=7 v=1.0114
    OK ch=1 v=0.7462
    OK ch=3 v=0.2420
    OK ch=5 v=0.2037
    OK ch=7 v=1.0089
    OK ch=1 v=0.7577
    OK ch=3 v=0.2444
    OK ch=5 v=0.2106
    OK ch=7 v=1.0018
    OK ch=1 v=0.7511
    OK ch=3 v=0.2409
    OK ch=5 v=0.2144
    OK ch=7 v=1.0023
    OK ch=1 v=0.7261
    OK ch=3 v=0.2352
    OK ch=5 v=0.2183
    OK ch=7 v=1.0030
    OK ch=1 v=0.7455
    OK ch=3 v=0.2371
    OK ch=5 v=0.2177
    OK ch=7 v=0.9978
    OK ch=1 v=0.7397
    OK ch=3 v=0.2328
    OK ch=5 v=0.2169
    OK ch=7 v=0.9993
    OK ch=1 v=0.7212
    OK ch=3 v=0.2268
    OK ch=5 v=0.2211
    OK ch=7 v=1.0017
    OK ch=1 v=0.7260
    OK ch=3 v=0.2310
    OK ch=5 v=0.2206
    OK ch=7 v=1.0023
    OK ch=1 v=0.7595
    OK ch=3 v=0.2369
    OK ch=5 v=0.2212
    OK ch=7 v=0.9920
    OK ch=1 v=0.7328
    OK ch=3 v=0.2330
    OK ch=7 v=0.9963
    OK ch=1 v=0.7418
    OK ch=3 v=0.2341
    OK ch=5 v=0.2199
    OK ch=7 v=1.0026
    OK ch=1 v=0.7627
    OK ch=3 v=0.2350
    OK ch=5 v=0.2183
    OK ch=7 v=1.0043
    OK ch=1 v=0.7616
    OK ch=3 v=0.2356
    OK ch=5 v=0.2108
    OK ch=7 v=1.0032
    OK ch=1 v=0.7052
    OK ch=3 v=0.2302
    OK ch=5 v=0.2080
    OK ch=7 v=1.0077
    OK ch=1 v=0.7406
    OK ch=3 v=0.2361
    OK ch=5 v=0.2088
    OK ch=7 v=0.9999
    OK ch=1 v=0.7656
    OK ch=3 v=0.2421
    OK ch=5 v=0.2039
    OK ch=7 v=1.0054
    OK ch=1 v=0.8083
    OK ch=3 v=0.2527
    OK ch=5 v=0.1990
    OK ch=7 v=1.0114
    OK ch=1 v=0.7397
    OK ch=3 v=0.2347
    OK ch=7 v=1.0095
    OK ch=1 v=0.7327
    OK ch=3 v=0.2416
    OK ch=5 v=0.1964
    OK ch=7 v=1.0163
    OK ch=1 v=0.7646
    OK ch=3 v=0.2503
    OK ch=5 v=0.1994
    OK ch=7 v=1.0105
    OK ch=1 v=0.7462
    OK ch=3 v=0.2405
    OK ch=5 v=0.1987
    OK ch=7 v=1.0084
    OK ch=1 v=0.7645
    OK ch=3 v=0.2422
    OK ch=5 v=0.1978
    OK ch=7 v=1.0135
    OK ch=1 v=0.7631
    OK ch=3 v=0.2455
    OK ch=5 v=0.1965
    OK ch=7 v=1.0180
    OK ch=1 v=0.7339
    OK ch=3 v=0.2419
    OK ch=5 v=0.2008
    OK ch=7 v=1.0123
    OK ch=1 v=0.7440
    OK ch=3 v=0.2360
    OK ch=5 v=0.2061
    OK ch=7 v=0.9998
[  210.6s] DAMPING     ch0:LOCK g=-0.0300 bp=+0.011V ratio=0.08  ch1:LOCK g=-0.0300 bp=+0.020V ratio=0.08  ch2:LOCK g=+0.0100 bp=+0.146V ratio=0.15  ch3:LOCK g=-0.0300 bp=+0.029V ratio=0.09
    OK ch=1 v=0.7417
    OK ch=3 v=0.2330
    OK ch=5 v=0.2086
    OK ch=7 v=1.0010
    OK ch=1 v=0.7660
    OK ch=3 v=0.2411
    OK ch=5 v=0.2119
    OK ch=7 v=1.0069
    OK ch=1 v=0.7677
    OK ch=3 v=0.2332
    OK ch=5 v=0.2174
    OK ch=7 v=0.9999
    OK ch=1 v=0.7410
    OK ch=7 v=1.0037
    OK ch=1 v=0.7591
    OK ch=3 v=0.2367
    OK ch=5 v=0.2190
    OK ch=7 v=1.0045
    OK ch=1 v=0.7374
    OK ch=3 v=0.2373
    OK ch=5 v=0.2177
    OK ch=1 v=0.7529
    OK ch=3 v=0.2390
    OK ch=5 v=0.2222
    OK ch=7 v=1.0000
    OK ch=1 v=0.7343
    OK ch=3 v=0.2322
    OK ch=7 v=0.9994
    OK ch=1 v=0.7280
    OK ch=3 v=0.2317
    OK ch=5 v=0.2187
    OK ch=7 v=0.9962
    OK ch=1 v=0.7566
    OK ch=3 v=0.2342
    OK ch=5 v=0.2199
    OK ch=7 v=1.0000
    OK ch=1 v=0.7423
    OK ch=3 v=0.2284
    OK ch=5 v=0.2146
    OK ch=7 v=0.9994
    OK ch=1 v=0.7332
    OK ch=3 v=0.2383
    OK ch=5 v=0.2104
    OK ch=7 v=1.0075
    OK ch=1 v=0.7247
    OK ch=3 v=0.2301
    OK ch=5 v=0.2142
    OK ch=7 v=1.0026
    OK ch=1 v=0.7735
    OK ch=3 v=0.2437
    OK ch=5 v=0.2065
    OK ch=7 v=1.0040
    OK ch=1 v=0.7630
    OK ch=3 v=0.2447
    OK ch=5 v=0.2034
    OK ch=7 v=1.0061
    OK ch=1 v=0.7690
    OK ch=3 v=0.2406
    OK ch=5 v=0.2045
    OK ch=7 v=1.0017
    OK ch=1 v=0.7732
    OK ch=3 v=0.2484
    OK ch=5 v=0.2031
    OK ch=7 v=1.0059
    OK ch=1 v=0.7298
    OK ch=3 v=0.2369
    OK ch=5 v=0.2013
    OK ch=7 v=1.0124
    OK ch=1 v=0.7201
    OK ch=3 v=0.2445
    OK ch=5 v=0.1992
    OK ch=7 v=1.0076
    OK ch=1 v=0.7626
    OK ch=3 v=0.2493
    OK ch=5 v=0.1999
    OK ch=7 v=1.0104
    OK ch=1 v=0.7960
    OK ch=3 v=0.2551
    OK ch=5 v=0.2010
    OK ch=7 v=1.0124
    OK ch=1 v=0.7684
    OK ch=3 v=0.2471
    OK ch=5 v=0.1998
    OK ch=7 v=1.0133
    OK ch=1 v=0.7376
    OK ch=3 v=0.2346
    OK ch=5 v=0.2038
    OK ch=7 v=1.0043
    OK ch=1 v=0.7326
    OK ch=3 v=0.2352
    OK ch=5 v=0.2076
    OK ch=7 v=1.0024
    OK ch=1 v=0.7301
    OK ch=3 v=0.2323
    OK ch=5 v=0.2141
    OK ch=7 v=1.0062
    OK ch=1 v=0.7341
    OK ch=3 v=0.2347
    OK ch=5 v=0.2118
    OK ch=7 v=1.0074
    OK ch=1 v=0.7662
    OK ch=3 v=0.2362
    OK ch=5 v=0.2105
    OK ch=7 v=1.0064
    OK ch=1 v=0.7429
    OK ch=3 v=0.2370
    OK ch=5 v=0.2167
    OK ch=7 v=0.9996
    OK ch=1 v=0.7537
    OK ch=3 v=0.2329
    OK ch=5 v=0.2195
    OK ch=7 v=1.0013
    OK ch=1 v=0.7147
    OK ch=3 v=0.2271
    OK ch=5 v=0.2179
    OK ch=1 v=0.7644
    OK ch=3 v=0.2343
    OK ch=5 v=0.2187
    OK ch=7 v=0.9945
    OK ch=1 v=0.7326
    OK ch=7 v=1.0012
    OK ch=3 v=0.2281
    OK ch=5 v=0.2208
    OK ch=7 v=1.0023
    OK ch=1 v=0.7411
    OK ch=3 v=0.2315
    OK ch=7 v=0.9965
    OK ch=1 v=0.7583
    OK ch=3 v=0.2347
    OK ch=5 v=0.2146
    OK ch=7 v=1.0037
    OK ch=1 v=0.7557
    OK ch=3 v=0.2362
    OK ch=5 v=0.2088
    OK ch=7 v=1.0052
    OK ch=1 v=0.7465
    OK ch=5 v=0.2078
    OK ch=7 v=1.0058
    OK ch=1 v=0.7280
    OK ch=3 v=0.2269
    OK ch=7 v=1.0096
    OK ch=1 v=0.7488
    OK ch=3 v=0.2364
    OK ch=5 v=0.2059
    OK ch=7 v=1.0047
    OK ch=1 v=0.7933
    OK ch=3 v=0.2494
    OK ch=5 v=0.2011
    OK ch=7 v=1.0061
    OK ch=1 v=0.7880
    OK ch=5 v=0.1969
    OK ch=7 v=1.0108
    OK ch=1 v=0.7444
    OK ch=3 v=0.2453
    OK ch=5 v=0.1991
    OK ch=7 v=1.0113
    OK ch=1 v=0.7424
    OK ch=5 v=0.1981
    OK ch=7 v=1.0126
    OK ch=1 v=0.7600
    OK ch=3 v=0.2467
    OK ch=7 v=1.0094
    OK ch=1 v=0.7633
    OK ch=3 v=0.2457
    OK ch=5 v=0.1999
    OK ch=7 v=1.0059
    OK ch=1 v=0.7511
    OK ch=3 v=0.2424
    OK ch=5 v=0.2020
    OK ch=7 v=1.0044
    OK ch=1 v=0.7762
    OK ch=3 v=0.2386
    OK ch=5 v=0.2050
    OK ch=7 v=1.0087
    OK ch=1 v=0.7443
    OK ch=3 v=0.2478
    OK ch=5 v=0.2019
    OK ch=7 v=1.0125
    OK ch=1 v=0.7087
    OK ch=3 v=0.2351
    OK ch=5 v=0.2076
    OK ch=7 v=1.0089
    OK ch=1 v=0.7105
    OK ch=3 v=0.2345
    OK ch=5 v=0.2155
    OK ch=7 v=0.9994
    OK ch=1 v=0.7718
    OK ch=3 v=0.2424
    OK ch=5 v=0.2171
    OK ch=7 v=1.0016
    OK ch=1 v=0.7465
    OK ch=3 v=0.2362
    OK ch=7 v=1.0030
    OK ch=1 v=0.7522
    OK ch=3 v=0.2354
    OK ch=5 v=0.2164
    OK ch=7 v=0.9978
    OK ch=1 v=0.7620
    OK ch=3 v=0.2336
    OK ch=7 v=1.0014
    OK ch=1 v=0.7509
    OK ch=3 v=0.2356
    OK ch=5 v=0.2232
    OK ch=7 v=1.0008
    OK ch=1 v=0.7334
    OK ch=3 v=0.2324
    OK ch=5 v=0.2188
    OK ch=7 v=0.9988
    OK ch=1 v=0.7429
    OK ch=3 v=0.2340
    OK ch=5 v=0.2176
    OK ch=7 v=1.0021
    OK ch=1 v=0.7623
    OK ch=3 v=0.2360
    OK ch=5 v=0.2225
    OK ch=7 v=0.9960
    OK ch=1 v=0.7277
    OK ch=3 v=0.2293
    OK ch=5 v=0.2201
    OK ch=7 v=0.9997
    OK ch=1 v=0.7316
    OK ch=3 v=0.2351
    OK ch=5 v=0.2130
    OK ch=7 v=1.0040
    OK ch=1 v=0.7465
    OK ch=3 v=0.2308
    OK ch=5 v=0.2106
    OK ch=7 v=0.9988
    OK ch=1 v=0.7696
    OK ch=3 v=0.2391
    OK ch=5 v=0.2072
    OK ch=7 v=1.0053
    OK ch=1 v=0.7450
    OK ch=3 v=0.2362
    OK ch=5 v=0.2058
    OK ch=7 v=1.0105
    OK ch=1 v=0.7353
    OK ch=3 v=0.2392
    OK ch=5 v=0.1982
    OK ch=7 v=1.0099
    OK ch=1 v=0.7565
    OK ch=3 v=0.2457
    OK ch=5 v=0.2004
    OK ch=7 v=1.0117
    OK ch=1 v=0.7490
    OK ch=3 v=0.2422
    OK ch=5 v=0.1981
    OK ch=7 v=1.0109
    OK ch=1 v=0.7573
    OK ch=3 v=0.2448
    OK ch=5 v=0.1930
    OK ch=7 v=1.0178
    OK ch=1 v=0.7365
    OK ch=3 v=0.2462
    OK ch=7 v=1.0116
    OK ch=1 v=0.7617
    OK ch=3 v=0.2405
    OK ch=5 v=0.2002
    OK ch=7 v=1.0107
    OK ch=3 v=0.2427
    OK ch=5 v=0.2030
    OK ch=7 v=1.0090
    OK ch=1 v=0.7506
    OK ch=3 v=0.2391
    OK ch=5 v=0.2009
    OK ch=7 v=1.0106
    OK ch=1 v=0.7686
    OK ch=3 v=0.2447
    OK ch=5 v=0.2060
    OK ch=7 v=1.0061
    OK ch=1 v=0.7520
    OK ch=3 v=0.2419
    OK ch=5 v=0.2079
    OK ch=7 v=1.0077
    OK ch=1 v=0.7277
    OK ch=3 v=0.2327
    OK ch=5 v=0.2113
    OK ch=7 v=1.0029
    OK ch=1 v=0.7378
    OK ch=5 v=0.2171
    OK ch=7 v=1.0011
    OK ch=1 v=0.7466
    OK ch=3 v=0.2341
    OK ch=5 v=0.2203
    OK ch=7 v=0.9920
    OK ch=1 v=0.7525
    OK ch=3 v=0.2394
    OK ch=5 v=0.2181
    OK ch=7 v=1.0012
    OK ch=1 v=0.7492
    OK ch=3 v=0.2341
    OK ch=5 v=0.2204
    OK ch=1 v=0.7476
    OK ch=3 v=0.2331
    OK ch=7 v=0.9936
    OK ch=1 v=0.7324
    OK ch=7 v=1.0025
    OK ch=1 v=0.7401
    OK ch=3 v=0.2355
    OK ch=5 v=0.2182
    OK ch=7 v=1.0017
    OK ch=1 v=0.7527
    OK ch=3 v=0.2364
    OK ch=5 v=0.2176
    OK ch=1 v=0.7450
    OK ch=5 v=0.2166
    OK ch=7 v=1.0042
    OK ch=1 v=0.7399
    OK ch=3 v=0.2261
    OK ch=7 v=0.9981
    OK ch=1 v=0.7392
    OK ch=3 v=0.2284
    OK ch=7 v=0.9940
    OK ch=1 v=0.7244
    OK ch=3 v=0.2310
    OK ch=5 v=0.2114
    OK ch=7 v=1.0048
    OK ch=1 v=0.7877
    OK ch=3 v=0.2430
    OK ch=5 v=0.2105
    OK ch=7 v=1.0081
    OK ch=1 v=0.7602
    OK ch=3 v=0.2477
    OK ch=5 v=0.2055
    OK ch=7 v=1.0093
    OK ch=1 v=0.7488
    OK ch=3 v=0.2467
    OK ch=5 v=0.2028
    OK ch=7 v=1.0037
    OK ch=1 v=0.7595
    OK ch=3 v=0.2459
    OK ch=5 v=0.2044
    OK ch=7 v=1.0103
    OK ch=1 v=0.7564
    OK ch=3 v=0.2475
    OK ch=5 v=0.1982
    OK ch=7 v=1.0122
    OK ch=1 v=0.7900
    OK ch=3 v=0.2384
    OK ch=5 v=0.1953
    OK ch=7 v=1.0146
    OK ch=1 v=0.7568
    OK ch=3 v=0.2398
    OK ch=5 v=0.1997
    OK ch=7 v=1.0104
    OK ch=1 v=0.7496
    OK ch=3 v=0.2450
    OK ch=5 v=0.1985
    OK ch=7 v=1.0096
    OK ch=1 v=0.7387
    OK ch=3 v=0.2362
    OK ch=5 v=0.2006
    OK ch=7 v=1.0062
    OK ch=1 v=0.7674
    OK ch=3 v=0.2489
    OK ch=5 v=0.2044
    OK ch=7 v=1.0036
    OK ch=1 v=0.7257
    OK ch=3 v=0.2353
    OK ch=5 v=0.2061
    OK ch=7 v=1.0056
    OK ch=1 v=0.7466
    OK ch=3 v=0.2392
    OK ch=5 v=0.2085
    OK ch=7 v=1.0078
    OK ch=1 v=0.7499
    OK ch=3 v=0.2415
    OK ch=5 v=0.2098
    OK ch=7 v=1.0011
    OK ch=1 v=0.7639
    OK ch=3 v=0.2404
    OK ch=5 v=0.2133
    OK ch=7 v=1.0033
    OK ch=1 v=0.7374
    OK ch=3 v=0.2332
    OK ch=5 v=0.2155
    OK ch=7 v=1.0054
    OK ch=1 v=0.7236
    OK ch=3 v=0.2276
    OK ch=5 v=0.2163
    OK ch=7 v=1.0043
    OK ch=1 v=0.7466
    OK ch=3 v=0.2350
    OK ch=5 v=0.2207
    OK ch=7 v=0.9950
    OK ch=1 v=0.7267
    OK ch=3 v=0.2307
    OK ch=5 v=0.2187
    OK ch=1 v=0.7695
    OK ch=3 v=0.2359
    OK ch=5 v=0.2216
    OK ch=7 v=1.0039
    OK ch=1 v=0.7505
    OK ch=3 v=0.2336
    OK ch=5 v=0.2207
    OK ch=7 v=1.0021
    OK ch=1 v=0.7445
    OK ch=3 v=0.2282
    OK ch=5 v=0.2193
    OK ch=7 v=1.0009
    OK ch=3 v=0.2314
    OK ch=5 v=0.2139
    OK ch=7 v=1.0014
    OK ch=1 v=0.8158
    OK ch=3 v=0.2346
    OK ch=5 v=0.2118
    OK ch=7 v=1.0102

[trim] ch0 kept at 0.75V -- total offset 477 -> 461 counts.


[trim] ch0 rests at 556 counts (+44 off mid-scale) -- bias -> 1.00V

    OK ch=1 v=0.8986
    OK ch=7 v=1.0084
    OK ch=1 v=0.9480
    OK ch=3 v=0.2384
    OK ch=5 v=0.2106
    OK ch=7 v=1.0017
    OK ch=1 v=1.0001
    OK ch=3 v=0.2343
    OK ch=5 v=0.2055
    OK ch=7 v=1.0078
    OK ch=1 v=1.0040
    OK ch=3 v=0.2460
    OK ch=5 v=0.2047
    OK ch=7 v=1.0070
    OK ch=1 v=0.9814
    OK ch=3 v=0.2378
    OK ch=5 v=0.2090
    OK ch=7 v=1.0121
    OK ch=1 v=0.9931
    OK ch=5 v=0.2019
    OK ch=7 v=1.0188
    OK ch=1 v=1.0134
    OK ch=3 v=0.2455
    OK ch=5 v=0.1998
    OK ch=7 v=1.0197
    OK ch=1 v=0.9791
    OK ch=3 v=0.2358
    OK ch=5 v=0.1950
    OK ch=7 v=1.0165
    OK ch=1 v=0.9912
    OK ch=3 v=0.2351
    OK ch=5 v=0.1939
    OK ch=7 v=1.0121
    OK ch=1 v=1.0113
    OK ch=3 v=0.2364
    OK ch=7 v=1.0078
    OK ch=1 v=0.9825
    OK ch=3 v=0.2279
    OK ch=5 v=0.1927
    OK ch=7 v=1.0020
    OK ch=1 v=0.9671
    OK ch=3 v=0.2334
    OK ch=5 v=0.1947
    OK ch=7 v=1.0043
    OK ch=1 v=1.0236
    OK ch=3 v=0.2287
    OK ch=5 v=0.1954
[  215.7s] DAMPING     ch0:LOCK g=-0.0300 bp=-0.050V ratio=0.08  ch1:LOCK g=-0.0300 bp=-0.055V ratio=0.11  ch2:LOCK g=+0.0100 bp=+0.201V ratio=0.15  ch3:LOCK g=-0.0300 bp=+0.042V ratio=0.10
    OK ch=1 v=1.0185
    OK ch=3 v=0.2396
    OK ch=5 v=0.1961
    OK ch=7 v=1.0100
    OK ch=1 v=1.0237
    OK ch=5 v=0.2066
    OK ch=7 v=0.9973
    OK ch=1 v=1.0263
    OK ch=3 v=0.2437
    OK ch=5 v=0.2082
    OK ch=7 v=1.0062
    OK ch=1 v=0.9853
    OK ch=3 v=0.2408
    OK ch=5 v=0.2179
    OK ch=7 v=1.0018
    OK ch=1 v=0.9904
    OK ch=3 v=0.2455
    OK ch=5 v=0.2206
    OK ch=7 v=1.0054
    OK ch=1 v=0.9794
    OK ch=3 v=0.2417
    OK ch=5 v=0.2187
    OK ch=7 v=1.0126
    OK ch=1 v=0.9953
    OK ch=3 v=0.2375
    OK ch=5 v=0.2257
    OK ch=7 v=0.9992
    OK ch=1 v=1.0200
    OK ch=3 v=0.2475
    OK ch=5 v=0.2292
    OK ch=7 v=0.9939
    OK ch=1 v=0.9987
    OK ch=3 v=0.2402
    OK ch=5 v=0.2228
    OK ch=7 v=1.0027
    OK ch=1 v=1.0054
    OK ch=3 v=0.2391
    OK ch=5 v=0.2176
    OK ch=1 v=1.0205
    OK ch=3 v=0.2434
    OK ch=7 v=1.0000
    OK ch=1 v=1.0015
    OK ch=3 v=0.2393
    OK ch=7 v=0.9960
    OK ch=1 v=0.9980
    OK ch=3 v=0.2330
    OK ch=5 v=0.2163
    OK ch=7 v=0.9917
    OK ch=1 v=1.0018
    OK ch=3 v=0.2321
    OK ch=5 v=0.2137
    OK ch=7 v=0.9924
    OK ch=1 v=1.0047
    OK ch=3 v=0.2399
    OK ch=5 v=0.2080
    OK ch=7 v=1.0011
    OK ch=1 v=1.0110
    OK ch=3 v=0.2421
    OK ch=5 v=0.2112
    OK ch=7 v=0.9946
    OK ch=1 v=0.9829
    OK ch=3 v=0.2376
    OK ch=5 v=0.2099
    OK ch=7 v=1.0004
    OK ch=1 v=1.0029
    OK ch=3 v=0.2451
    OK ch=5 v=0.2068
    OK ch=7 v=1.0087
    OK ch=1 v=0.9841
    OK ch=5 v=0.2029
    OK ch=7 v=1.0144
    OK ch=1 v=1.0038
    OK ch=3 v=0.2441
    OK ch=5 v=0.2071
    OK ch=7 v=1.0134
    OK ch=1 v=0.9781
    OK ch=3 v=0.2426
    OK ch=5 v=0.2064
    OK ch=7 v=1.0139
    OK ch=1 v=0.9941
    OK ch=3 v=0.2449
    OK ch=5 v=0.2024
    OK ch=7 v=1.0097
    OK ch=1 v=1.0169
    OK ch=3 v=0.2436
    OK ch=7 v=1.0107
    OK ch=1 v=1.0250
    OK ch=3 v=0.2402
    OK ch=5 v=0.2009
    OK ch=7 v=1.0116
    OK ch=1 v=0.9977
    OK ch=3 v=0.2357
    OK ch=5 v=0.2023
    OK ch=1 v=1.0034
    OK ch=3 v=0.2340
    OK ch=7 v=1.0104
    OK ch=1 v=1.0153
    OK ch=3 v=0.2296
    OK ch=7 v=1.0035
    OK ch=1 v=1.0059
    OK ch=3 v=0.2345
    OK ch=5 v=0.2029
    OK ch=7 v=1.0078
    OK ch=1 v=0.9855
    OK ch=3 v=0.2321
    OK ch=5 v=0.2057
    OK ch=7 v=1.0016
    OK ch=1 v=0.9895
    OK ch=3 v=0.2281
    OK ch=5 v=0.2066
    OK ch=7 v=1.0071
    OK ch=1 v=0.9565
    OK ch=3 v=0.2185
    OK ch=5 v=0.2091
    OK ch=7 v=1.0059
    OK ch=1 v=1.0007
    OK ch=3 v=0.2346
    OK ch=5 v=0.2119
    OK ch=7 v=1.0039
    OK ch=1 v=0.9936
    OK ch=3 v=0.2317
    OK ch=7 v=1.0060
    OK ch=1 v=0.9873
    OK ch=3 v=0.2300
    OK ch=5 v=0.2160
    OK ch=7 v=1.0024
    OK ch=1 v=1.0235
    OK ch=3 v=0.2392
    OK ch=1 v=0.9987
    OK ch=3 v=0.2330
    OK ch=7 v=1.0050
    OK ch=1 v=0.9883
    OK ch=3 v=0.2354
    OK ch=5 v=0.2166
    OK ch=7 v=1.0035
    OK ch=1 v=0.9785
    OK ch=3 v=0.2366
    OK ch=5 v=0.2138
    OK ch=7 v=1.0071
    OK ch=1 v=0.9903
    OK ch=3 v=0.2452
    OK ch=5 v=0.2083
    OK ch=7 v=1.0129
    OK ch=1 v=1.0213
    OK ch=3 v=0.2461
    OK ch=5 v=0.2089
    OK ch=7 v=1.0028
    OK ch=1 v=0.9919
    OK ch=3 v=0.2380
    OK ch=1 v=1.0152
    OK ch=3 v=0.2485
    OK ch=5 v=0.2059
    OK ch=7 v=1.0019
    OK ch=1 v=1.0338
    OK ch=3 v=0.2438
    OK ch=5 v=0.2010
    OK ch=7 v=1.0026
    OK ch=1 v=1.0175
    OK ch=3 v=0.2456
    OK ch=5 v=0.2003
    OK ch=7 v=1.0082
    OK ch=1 v=0.9920
    OK ch=3 v=0.2443
    OK ch=7 v=1.0104
    OK ch=1 v=0.9993
    OK ch=3 v=0.2410
    OK ch=5 v=0.2052
    OK ch=7 v=1.0056
    OK ch=1 v=1.0410
    OK ch=3 v=0.2342
    OK ch=5 v=0.2072
    OK ch=7 v=1.0005
    OK ch=1 v=0.9913
    OK ch=3 v=0.2447
    OK ch=5 v=0.2113
    OK ch=7 v=0.9986
    OK ch=3 v=0.2477
    OK ch=5 v=0.2147
    OK ch=7 v=1.0029
    OK ch=1 v=0.9986
    OK ch=3 v=0.2441
    OK ch=7 v=0.9948
    OK ch=1 v=0.9689
    OK ch=3 v=0.2376
    OK ch=5 v=0.2133
    OK ch=7 v=1.0053
    OK ch=1 v=1.0000
    OK ch=3 v=0.2485
    OK ch=7 v=1.0069
    OK ch=1 v=0.9913
    OK ch=3 v=0.2446
    OK ch=5 v=0.2181
    OK ch=7 v=1.0021
    OK ch=1 v=0.9945
    OK ch=5 v=0.2164
    OK ch=7 v=1.0057
    OK ch=1 v=1.0049
    OK ch=3 v=0.2359
    OK ch=5 v=0.2188
    OK ch=7 v=1.0040
    OK ch=1 v=0.9985
    OK ch=5 v=0.2155
    OK ch=7 v=1.0064
    OK ch=1 v=1.0083
    OK ch=3 v=0.2352
    OK ch=5 v=0.2171
    OK ch=7 v=1.0030
    OK ch=1 v=0.9888
    OK ch=7 v=0.9996
    OK ch=1 v=0.9720
    OK ch=3 v=0.2278
    OK ch=5 v=0.2123
    OK ch=7 v=1.0046
    OK ch=1 v=1.0152
    OK ch=3 v=0.2273
    OK ch=5 v=0.2102
    OK ch=7 v=1.0023
    OK ch=1 v=1.0087
    OK ch=5 v=0.2123
    OK ch=7 v=1.0054
    OK ch=1 v=0.9639
    OK ch=3 v=0.2234
    OK ch=7 v=0.9990
    OK ch=1 v=0.9599
    OK ch=3 v=0.2209
    OK ch=5 v=0.2084
    OK ch=1 v=0.9764
    OK ch=3 v=0.2292
    OK ch=5 v=0.2024
    OK ch=7 v=1.0072
    OK ch=1 v=1.0075
    OK ch=3 v=0.2377
    OK ch=1 v=1.0194
    OK ch=3 v=0.2387
    OK ch=5 v=0.2042
    OK ch=7 v=1.0028
    OK ch=1 v=1.0071
    OK ch=3 v=0.2397
    OK ch=5 v=0.2031
    OK ch=7 v=1.0113
    OK ch=1 v=1.0281
    OK ch=3 v=0.2482
    OK ch=5 v=0.1991
    OK ch=7 v=1.0131
    OK ch=1 v=1.0088
    OK ch=5 v=0.1933
    OK ch=7 v=1.0174
    OK ch=1 v=1.0010
    OK ch=3 v=0.2392
    OK ch=5 v=0.2006
    OK ch=7 v=1.0182
    OK ch=1 v=0.9794
    OK ch=3 v=0.2368
    OK ch=5 v=0.1962
    OK ch=7 v=1.0235
    OK ch=1 v=1.0173
    OK ch=3 v=0.2485
    OK ch=5 v=0.1968
    OK ch=7 v=1.0123
    OK ch=1 v=1.0199
    OK ch=3 v=0.2435
    OK ch=5 v=0.2018
    OK ch=7 v=0.9996
    OK ch=1 v=1.0054
    OK ch=3 v=0.2416
    OK ch=5 v=0.2048
    OK ch=7 v=1.0041
    OK ch=1 v=0.9973
    OK ch=3 v=0.2386
    OK ch=5 v=0.2073
    OK ch=1 v=0.9814
    OK ch=3 v=0.2341
    OK ch=5 v=0.2050
    OK ch=7 v=1.0019
    OK ch=1 v=0.9846
    OK ch=3 v=0.2320
    OK ch=5 v=0.2091
    OK ch=7 v=1.0042
    OK ch=1 v=0.9859
    OK ch=3 v=0.2431
    OK ch=5 v=0.2157
    OK ch=7 v=0.9964
    OK ch=1 v=1.0005
    OK ch=3 v=0.2364
    OK ch=5 v=0.2191
    OK ch=7 v=0.9955
    OK ch=1 v=1.0345
    OK ch=3 v=0.2474
    OK ch=5 v=0.2228
    OK ch=1 v=0.9976
    OK ch=3 v=0.2360
    OK ch=5 v=0.2238
    OK ch=7 v=0.9909
    OK ch=1 v=1.0036
    OK ch=3 v=0.2350
    OK ch=7 v=1.0046
    OK ch=1 v=0.9995
    OK ch=3 v=0.2392
    OK ch=5 v=0.2263
    OK ch=7 v=0.9970
    OK ch=1 v=0.9793
    OK ch=3 v=0.2352
    OK ch=7 v=0.9950
    OK ch=1 v=0.9718
    OK ch=3 v=0.2329
    OK ch=5 v=0.2229
    OK ch=7 v=1.0042
    OK ch=1 v=0.9891
    OK ch=5 v=0.2193
    OK ch=7 v=1.0026
    OK ch=1 v=0.9996
    OK ch=3 v=0.2335
    OK ch=5 v=0.2162
    OK ch=1 v=1.0183
    OK ch=3 v=0.2411
    OK ch=5 v=0.2108
    OK ch=7 v=1.0046
    OK ch=1 v=0.9899
    OK ch=3 v=0.2364
    OK ch=5 v=0.2079
    OK ch=7 v=1.0037
    OK ch=1 v=0.9988
    OK ch=3 v=0.2353
    OK ch=5 v=0.2061
    OK ch=1 v=0.9998
    OK ch=3 v=0.2397
    OK ch=5 v=0.2046
    OK ch=7 v=1.0067
    OK ch=1 v=1.0377
    OK ch=3 v=0.2475
    OK ch=7 v=1.0003
    OK ch=1 v=1.0119
    OK ch=5 v=0.1961
    OK ch=7 v=1.0127
    OK ch=1 v=1.0205
    OK ch=3 v=0.2440
    OK ch=5 v=0.1985
    OK ch=1 v=1.0017
    OK ch=3 v=0.2448
    OK ch=7 v=1.0110
    OK ch=1 v=0.9906
    OK ch=3 v=0.2370
    OK ch=5 v=0.1962
    OK ch=7 v=1.0137
    OK ch=1 v=1.0063
    OK ch=3 v=0.2433
    OK ch=5 v=0.1997
    OK ch=7 v=1.0112
    OK ch=1 v=0.9815
    OK ch=3 v=0.2376
    OK ch=7 v=1.0107
    OK ch=1 v=0.9590
    OK ch=3 v=0.2400
    OK ch=5 v=0.1991
    OK ch=7 v=1.0170
    OK ch=1 v=1.0134
    OK ch=5 v=0.2024
    OK ch=7 v=1.0104
    OK ch=1 v=1.0125
    OK ch=3 v=0.2389
    OK ch=5 v=0.2042
    OK ch=7 v=1.0059
    OK ch=1 v=1.0133
    OK ch=3 v=0.2405
    OK ch=5 v=0.2059
    OK ch=7 v=1.0086
    OK ch=1 v=0.9802
    OK ch=3 v=0.2350
    OK ch=5 v=0.2097
    OK ch=1 v=0.9985
    OK ch=3 v=0.2335
    OK ch=7 v=1.0092
    OK ch=1 v=0.9971
    OK ch=3 v=0.2392
    OK ch=5 v=0.2129
    OK ch=7 v=1.0017
    OK ch=1 v=0.9706
    OK ch=3 v=0.2296
    OK ch=5 v=0.2124
    OK ch=7 v=1.0064
    OK ch=1 v=0.9821
    OK ch=3 v=0.2331
    OK ch=5 v=0.2166
    OK ch=7 v=0.9971
    OK ch=3 v=0.2289
    OK ch=5 v=0.2215
    OK ch=7 v=0.9921
    OK ch=1 v=1.0264
    OK ch=3 v=0.2323
    OK ch=5 v=0.2197
    OK ch=7 v=0.9986
    OK ch=1 v=1.0131
    OK ch=3 v=0.2262
    OK ch=5 v=0.2176
    OK ch=7 v=1.0013
    OK ch=1 v=1.0175
    OK ch=3 v=0.2277
    OK ch=7 v=1.0069
    OK ch=1 v=0.9965
    OK ch=3 v=0.2363
    OK ch=5 v=0.2185
    OK ch=7 v=0.9993
    OK ch=1 v=0.9817
    OK ch=3 v=0.2319
    OK ch=7 v=1.0020
    OK ch=1 v=0.9902
    OK ch=3 v=0.2409
    OK ch=5 v=0.2111
    OK ch=7 v=1.0061
    OK ch=1 v=0.9969
    OK ch=5 v=0.2124
    OK ch=7 v=1.0069
    OK ch=1 v=1.0113
    OK ch=3 v=0.2464
    OK ch=5 v=0.2104
    OK ch=7 v=1.0043
    OK ch=1 v=1.0143
    OK ch=3 v=0.2443
    OK ch=5 v=0.2064
    OK ch=7 v=1.0088
    OK ch=1 v=0.9874
    OK ch=3 v=0.2455
    OK ch=5 v=0.2028
    OK ch=7 v=1.0095
    OK ch=1 v=0.9926
    OK ch=3 v=0.2467
    OK ch=5 v=0.1966
    OK ch=7 v=1.0068
    OK ch=1 v=1.0067
    OK ch=3 v=0.2392
    OK ch=5 v=0.1972
    OK ch=7 v=1.0044
    OK ch=1 v=1.0288
    OK ch=3 v=0.2501
    OK ch=5 v=0.1978
    OK ch=7 v=1.0053
    OK ch=1 v=1.0219
    OK ch=3 v=0.2510
    OK ch=5 v=0.1953
    OK ch=7 v=1.0146
    OK ch=1 v=0.9975
    OK ch=3 v=0.2402
    OK ch=5 v=0.2009
    OK ch=7 v=1.0057
    OK ch=1 v=0.9892
    OK ch=3 v=0.2450
    OK ch=5 v=0.2076
    OK ch=7 v=1.0012
    OK ch=1 v=1.0056
    OK ch=3 v=0.2441
    OK ch=5 v=0.2053
    OK ch=7 v=1.0073
    OK ch=1 v=0.9828
    OK ch=3 v=0.2365
    OK ch=5 v=0.2135
    OK ch=7 v=1.0006
[  220.7s] DAMPING     ch0:LOCK g=-0.0300 bp=+0.010V ratio=0.06  ch1:LOCK g=-0.0300 bp=+0.037V ratio=0.11  ch2:LOCK g=+0.0100 bp=+0.089V ratio=0.13  ch3:LOCK g=-0.0300 bp=+0.003V ratio=0.07
    OK ch=1 v=1.0178
    OK ch=3 v=0.2408
    OK ch=5 v=0.2175
    OK ch=7 v=0.9962
    OK ch=1 v=1.0009
    OK ch=3 v=0.2436
    OK ch=5 v=0.2194
    OK ch=7 v=1.0079
    OK ch=1 v=1.0082
    OK ch=3 v=0.2346
    OK ch=5 v=0.2154
    OK ch=7 v=1.0045
    OK ch=1 v=0.9859
    OK ch=5 v=0.2168
    OK ch=7 v=1.0076
    OK ch=1 v=0.9638
    OK ch=3 v=0.2284
    OK ch=5 v=0.2212
    OK ch=7 v=0.9991
    OK ch=1 v=0.9920
    OK ch=5 v=0.2219
    OK ch=7 v=0.9981
    OK ch=1 v=0.9942
    OK ch=3 v=0.2304
    OK ch=5 v=0.2167
    OK ch=7 v=1.0107
    OK ch=1 v=0.9785
    OK ch=3 v=0.2256
    OK ch=7 v=1.0004
    OK ch=1 v=0.9915
    OK ch=3 v=0.2297
    OK ch=5 v=0.2115
    OK ch=7 v=1.0034
    OK ch=1 v=0.9974
    OK ch=5 v=0.2093
    OK ch=7 v=1.0015
    OK ch=1 v=0.9666
    OK ch=3 v=0.2329
    OK ch=5 v=0.2136
    OK ch=7 v=0.9965
    OK ch=1 v=1.0082
    OK ch=3 v=0.2315
    OK ch=5 v=0.2067
    OK ch=7 v=1.0056
    OK ch=1 v=0.9983
    OK ch=3 v=0.2345
    OK ch=5 v=0.2094
    OK ch=7 v=0.9972
    OK ch=1 v=1.0222
    OK ch=3 v=0.2442
    OK ch=5 v=0.2041
    OK ch=7 v=1.0071
    OK ch=1 v=0.9888
    OK ch=3 v=0.2387
    OK ch=5 v=0.1979
    OK ch=7 v=1.0167
    OK ch=1 v=1.0240
    OK ch=3 v=0.2474
    OK ch=5 v=0.1962
    OK ch=7 v=1.0180
    OK ch=1 v=1.0056
    OK ch=3 v=0.2449
    OK ch=5 v=0.1956
    OK ch=7 v=1.0157
    OK ch=1 v=1.0067
    OK ch=3 v=0.2433
    OK ch=5 v=0.1995
    OK ch=7 v=1.0168
    OK ch=1 v=0.9912
    OK ch=3 v=0.2423
    OK ch=5 v=0.1945
    OK ch=7 v=1.0145
    OK ch=1 v=1.0003
    OK ch=3 v=0.2499
    OK ch=5 v=0.1951
    OK ch=7 v=1.0133
    OK ch=1 v=1.0387
    OK ch=3 v=0.2468
    OK ch=5 v=0.2046
    OK ch=7 v=1.0022
    OK ch=1 v=1.0042
    OK ch=3 v=0.2415
    OK ch=5 v=0.2067
    OK ch=7 v=1.0038
    OK ch=1 v=0.9938
    OK ch=3 v=0.2388
    OK ch=5 v=0.2089
    OK ch=7 v=1.0027
    OK ch=1 v=1.0034
    OK ch=3 v=0.2411
    OK ch=5 v=0.2112
    OK ch=7 v=1.0005
    OK ch=1 v=0.9879
    OK ch=3 v=0.2342
    OK ch=5 v=0.2167
    OK ch=7 v=0.9943
    OK ch=1 v=1.0025
    OK ch=3 v=0.2375
    OK ch=5 v=0.2195
    OK ch=7 v=0.9981
    OK ch=1 v=0.9885
    OK ch=3 v=0.2323
    OK ch=5 v=0.2185
    OK ch=7 v=1.0048
    OK ch=1 v=1.0035
    OK ch=3 v=0.2391
    OK ch=5 v=0.2226
    OK ch=7 v=0.9981
    OK ch=1 v=0.9709
    OK ch=3 v=0.2284
    OK ch=5 v=0.2251
    OK ch=7 v=0.9949
    OK ch=1 v=0.9847
    OK ch=3 v=0.2312
    OK ch=5 v=0.2261
    OK ch=7 v=0.9983
    OK ch=1 v=0.9642
    OK ch=3 v=0.2276
    OK ch=5 v=0.2187
    OK ch=7 v=1.0054
    OK ch=1 v=1.0045
    OK ch=3 v=0.2324
    OK ch=5 v=0.2178
    OK ch=7 v=1.0036
    OK ch=1 v=1.0091
    OK ch=3 v=0.2418
    OK ch=5 v=0.2211
    OK ch=7 v=0.9950
    OK ch=1 v=1.0364
    OK ch=3 v=0.2485
    OK ch=5 v=0.2158
    OK ch=7 v=1.0022
    OK ch=1 v=1.0062
    OK ch=3 v=0.2394
    OK ch=5 v=0.2100
    OK ch=7 v=1.0052
    OK ch=1 v=0.9827
    OK ch=3 v=0.2362
    OK ch=5 v=0.2068
    OK ch=7 v=1.0017
    OK ch=1 v=1.0040
    OK ch=3 v=0.2388
    OK ch=5 v=0.2025
    OK ch=7 v=1.0074
    OK ch=1 v=1.0214
    OK ch=3 v=0.2416
    OK ch=5 v=0.1983
    OK ch=7 v=1.0093
    OK ch=1 v=1.0012
    OK ch=3 v=0.2398
    OK ch=5 v=0.1931
    OK ch=7 v=1.0143
    OK ch=1 v=1.0148
    OK ch=3 v=0.2424
    OK ch=5 v=0.1952
    OK ch=7 v=1.0097
    OK ch=1 v=0.9959
    OK ch=3 v=0.2402
    OK ch=5 v=0.1962
    OK ch=7 v=1.0129
    OK ch=1 v=1.0173
    OK ch=3 v=0.2436
    OK ch=5 v=0.1943
    OK ch=7 v=1.0140
    OK ch=1 v=0.9593
    OK ch=3 v=0.2375
    OK ch=5 v=0.1927
    OK ch=7 v=1.0175
    OK ch=1 v=0.9975
    OK ch=3 v=0.2445
    OK ch=5 v=0.1963
    OK ch=7 v=1.0154
    OK ch=1 v=1.0112
    OK ch=3 v=0.2479
    OK ch=5 v=0.2043
    OK ch=7 v=1.0035
    OK ch=1 v=1.0174
    OK ch=3 v=0.2400
    OK ch=5 v=0.2097
    OK ch=7 v=1.0069
    OK ch=1 v=1.0000
    OK ch=3 v=0.2351
    OK ch=5 v=0.2127
    OK ch=7 v=1.0062
    OK ch=1 v=0.9738
    OK ch=3 v=0.2326
    OK ch=5 v=0.2173
    OK ch=7 v=1.0004
    OK ch=1 v=0.9839
    OK ch=3 v=0.2386
    OK ch=5 v=0.2162
    OK ch=1 v=1.0130
    OK ch=5 v=0.2182
    OK ch=7 v=0.9943
    OK ch=1 v=0.9930
    OK ch=5 v=0.2174
    OK ch=7 v=1.0039
    OK ch=1 v=1.0173
    OK ch=3 v=0.2332
    OK ch=5 v=0.2226
    OK ch=7 v=1.0031
    OK ch=1 v=0.9809
    OK ch=3 v=0.2268
    OK ch=5 v=0.2250
    OK ch=7 v=1.0001
    OK ch=1 v=0.9671
    OK ch=3 v=0.2241
    OK ch=5 v=0.2197
    OK ch=7 v=0.9967
    OK ch=1 v=1.0129
    OK ch=3 v=0.2315
    OK ch=5 v=0.2208
    OK ch=1 v=0.9743
    OK ch=3 v=0.2305
    OK ch=5 v=0.2182
    OK ch=7 v=0.9984
    OK ch=1 v=1.0036
    OK ch=3 v=0.2384
    OK ch=5 v=0.2159
    OK ch=7 v=1.0016
    OK ch=1 v=1.0235
    OK ch=5 v=0.2148
    OK ch=7 v=1.0051
    OK ch=1 v=0.9994
    OK ch=3 v=0.2363
    OK ch=5 v=0.2134
    OK ch=7 v=0.9942
    OK ch=1 v=1.0004
    OK ch=3 v=0.2371
    OK ch=5 v=0.2106
    OK ch=7 v=1.0052
    OK ch=1 v=1.0200
    OK ch=3 v=0.2475
    OK ch=5 v=0.2078
    OK ch=7 v=1.0090
    OK ch=1 v=1.0182
    OK ch=5 v=0.1995
    OK ch=7 v=1.0133
    OK ch=1 v=1.0121
    OK ch=3 v=0.2487
    OK ch=5 v=0.1985
    OK ch=7 v=1.0120
    OK ch=1 v=0.9795
    OK ch=3 v=0.2428
    OK ch=5 v=0.1955
    OK ch=7 v=1.0139
    OK ch=1 v=0.9916
    OK ch=3 v=0.2433
    OK ch=5 v=0.1963
    OK ch=7 v=1.0121
    OK ch=1 v=1.0022
    OK ch=5 v=0.1953
    OK ch=7 v=1.0100
    OK ch=1 v=0.9901
    OK ch=3 v=0.2419
    OK ch=5 v=0.1972
    OK ch=7 v=1.0044
    OK ch=1 v=1.0042
    OK ch=3 v=0.2467
    OK ch=5 v=0.1994
    OK ch=7 v=1.0051
    OK ch=1 v=1.0212
    OK ch=3 v=0.2440
    OK ch=7 v=1.0072
    OK ch=1 v=1.0246
    OK ch=7 v=1.0126
    OK ch=1 v=0.9938
    OK ch=5 v=0.2037
    OK ch=7 v=1.0121
    OK ch=1 v=0.9888
    OK ch=3 v=0.2400
    OK ch=5 v=0.2137
    OK ch=7 v=1.0048
    OK ch=1 v=0.9789
    OK ch=3 v=0.2318
    OK ch=5 v=0.2182
    OK ch=7 v=1.0003
    OK ch=1 v=1.0120
    OK ch=3 v=0.2367
    OK ch=5 v=0.2214
    OK ch=7 v=0.9961
    OK ch=1 v=1.0028
    OK ch=3 v=0.2378
    OK ch=5 v=0.2194
    OK ch=7 v=0.9996
    OK ch=1 v=0.9704
    OK ch=3 v=0.2285
    OK ch=5 v=0.2220
    OK ch=7 v=1.0022
    OK ch=1 v=0.9941
    OK ch=5 v=0.2231
    OK ch=7 v=0.9944
    OK ch=1 v=0.9887
    OK ch=3 v=0.2291
    OK ch=5 v=0.2181
    OK ch=7 v=1.0055
    OK ch=1 v=1.0055
    OK ch=3 v=0.2339
    OK ch=5 v=0.2191
    OK ch=7 v=0.9992
    OK ch=1 v=0.9848
    OK ch=3 v=0.2240
    OK ch=5 v=0.2204
    OK ch=7 v=0.9982
    OK ch=1 v=0.9910
    OK ch=3 v=0.2311
    OK ch=5 v=0.2159
    OK ch=7 v=1.0043
    OK ch=1 v=0.9820
    OK ch=3 v=0.2265
    OK ch=5 v=0.2151
    OK ch=7 v=0.9958
    OK ch=1 v=1.0177
    OK ch=3 v=0.2331
    OK ch=5 v=0.2098
    OK ch=7 v=1.0075
    OK ch=1 v=0.9928
    OK ch=3 v=0.2360
    OK ch=5 v=0.2061
    OK ch=7 v=1.0116
    OK ch=1 v=1.0143
    OK ch=3 v=0.2418
    OK ch=5 v=0.2033
    OK ch=7 v=1.0057
    OK ch=1 v=0.9853
    OK ch=3 v=0.2401
    OK ch=5 v=0.2008
    OK ch=7 v=1.0081
    OK ch=1 v=0.9912
    OK ch=3 v=0.2444
    OK ch=5 v=0.1997
    OK ch=7 v=1.0123
    OK ch=1 v=0.9819
    OK ch=3 v=0.2527
    OK ch=5 v=0.1952
    OK ch=7 v=1.0209
    OK ch=1 v=1.0117
    OK ch=3 v=0.2480
    OK ch=5 v=0.1922
    OK ch=7 v=1.0153
    OK ch=1 v=1.0285
    OK ch=3 v=0.2504
    OK ch=5 v=0.1966
    OK ch=7 v=1.0007
    OK ch=1 v=1.0525
    OK ch=3 v=0.2542
    OK ch=5 v=0.1975
    OK ch=7 v=1.0118
    OK ch=1 v=1.0158
    OK ch=3 v=0.2450
    OK ch=5 v=0.2025
    OK ch=7 v=1.0086
    OK ch=1 v=0.9829
    OK ch=3 v=0.2400
    OK ch=7 v=1.0096
    OK ch=1 v=0.9705
    OK ch=3 v=0.2439
    OK ch=5 v=0.2046
    OK ch=7 v=1.0105
    OK ch=1 v=0.9783
    OK ch=3 v=0.2374
    OK ch=5 v=0.2066
    OK ch=7 v=1.0034
    OK ch=1 v=1.0093
    OK ch=3 v=0.2381
    OK ch=5 v=0.2105
    OK ch=7 v=1.0056
    OK ch=1 v=1.0103
    OK ch=3 v=0.2365
    OK ch=5 v=0.2192
    OK ch=7 v=0.9972
    OK ch=1 v=1.0039
    OK ch=3 v=0.2305
    OK ch=5 v=0.2204
    OK ch=1 v=0.9831
    OK ch=3 v=0.2252
    OK ch=5 v=0.2273
    OK ch=7 v=0.9954
    OK ch=1 v=1.0032
    OK ch=3 v=0.2367
    OK ch=5 v=0.2233
    OK ch=7 v=1.0009
    OK ch=1 v=1.0077
    OK ch=3 v=0.2359
    OK ch=5 v=0.2221
    OK ch=1 v=0.9904
    OK ch=3 v=0.2281
    OK ch=5 v=0.2246
    OK ch=7 v=0.9990
    OK ch=1 v=0.9728
    OK ch=5 v=0.2220
    OK ch=7 v=0.9974
    OK ch=1 v=0.9913
    OK ch=3 v=0.2357
    OK ch=5 v=0.2249
    OK ch=1 v=0.9771
    OK ch=3 v=0.2340
    OK ch=5 v=0.2228
    OK ch=7 v=0.9961
    OK ch=1 v=0.9905
    OK ch=3 v=0.2310
    OK ch=5 v=0.2148
    OK ch=7 v=0.9997
    OK ch=1 v=0.9995
    OK ch=3 v=0.2360
    OK ch=5 v=0.2068
    OK ch=7 v=1.0100
    OK ch=1 v=1.0020
    OK ch=3 v=0.2326
    OK ch=5 v=0.2075
    OK ch=7 v=1.0026
    OK ch=1 v=1.0093
    OK ch=3 v=0.2370
    OK ch=5 v=0.2054
    OK ch=7 v=1.0050
    OK ch=1 v=0.9948
    OK ch=3 v=0.2354
    OK ch=5 v=0.2022
    OK ch=7 v=1.0094
    OK ch=1 v=1.0069
    OK ch=3 v=0.2507
    OK ch=5 v=0.1928
    OK ch=7 v=1.0160
    OK ch=1 v=0.9951
    OK ch=3 v=0.2483
    OK ch=5 v=0.1923
    OK ch=1 v=1.0063
    OK ch=3 v=0.2437
    OK ch=5 v=0.1950
    OK ch=7 v=1.0052
    OK ch=1 v=1.0123
    OK ch=5 v=0.1908
    OK ch=7 v=1.0176
    OK ch=1 v=1.0218
    OK ch=3 v=0.2472
    OK ch=5 v=0.1925
    OK ch=7 v=1.0126
    OK ch=1 v=1.0133
    OK ch=5 v=0.1969
    OK ch=7 v=1.0093
    OK ch=1 v=1.0263
    OK ch=3 v=0.2464
    OK ch=5 v=0.2010
    OK ch=7 v=1.0070
    OK ch=1 v=0.9862
    OK ch=3 v=0.2370
    OK ch=5 v=0.2037
    OK ch=7 v=1.0086
    OK ch=1 v=0.9721
    OK ch=5 v=0.2058
    OK ch=7 v=1.0116
    OK ch=1 v=0.9910
    OK ch=3 v=0.2386
    OK ch=5 v=0.2113
    OK ch=7 v=1.0063
[  225.7s] DAMPING     ch0:LOCK g=-0.0300 bp=-0.002V ratio=0.06  ch1:LOCK g=-0.0300 bp=+0.025V ratio=0.09  ch2:LOCK g=+0.0100 bp=+0.171V ratio=0.19  ch3:LOCK g=-0.0300 bp=+0.041V ratio=0.10
    OK ch=1 v=1.0022
    OK ch=3 v=0.2453
    OK ch=5 v=0.2105
    OK ch=7 v=1.0027
    OK ch=1 v=1.0010
    OK ch=3 v=0.2378
    OK ch=5 v=0.2171
    OK ch=1 v=1.0087
    OK ch=5 v=0.2243
    OK ch=7 v=0.9990
    OK ch=1 v=1.0304
    OK ch=3 v=0.2288
    OK ch=5 v=0.2226
    OK ch=7 v=0.9997
    OK ch=1 v=0.9820
    OK ch=3 v=0.2321
    OK ch=5 v=0.2265
    OK ch=7 v=0.9980
    OK ch=1 v=0.9956
    OK ch=3 v=0.2327
    OK ch=5 v=0.2228
    OK ch=7 v=0.9990
    OK ch=1 v=0.9806
    OK ch=3 v=0.2279
    OK ch=5 v=0.2235
    OK ch=7 v=0.9980
    OK ch=3 v=0.2285
    OK ch=5 v=0.2211
    OK ch=7 v=0.9993
    OK ch=1 v=0.9720
    OK ch=3 v=0.2305
    OK ch=5 v=0.2216
    OK ch=1 v=0.9863
    OK ch=3 v=0.2324
    OK ch=5 v=0.2206
    OK ch=7 v=0.9890
    OK ch=1 v=1.0109
    OK ch=3 v=0.2369
    OK ch=5 v=0.2150
    OK ch=7 v=1.0010
    OK ch=1 v=1.0157
    OK ch=3 v=0.2388
    OK ch=5 v=0.2124
    OK ch=7 v=1.0031
    OK ch=1 v=0.9868
    OK ch=3 v=0.2350
    OK ch=5 v=0.2060
    OK ch=7 v=1.0049
    OK ch=1 v=1.0085
    OK ch=3 v=0.2418
    OK ch=5 v=0.2051
    OK ch=7 v=1.0036
    OK ch=1 v=1.0223
    OK ch=3 v=0.2458
    OK ch=5 v=0.2034
    OK ch=7 v=1.0103
    OK ch=1 v=0.9944
    OK ch=3 v=0.2441
    OK ch=5 v=0.1981
    OK ch=7 v=1.0170
    OK ch=1 v=1.0105
    OK ch=3 v=0.2522
    OK ch=5 v=0.2011
    OK ch=7 v=1.0060
    OK ch=1 v=1.0208
    OK ch=3 v=0.2450
    OK ch=5 v=0.1963
    OK ch=1 v=0.9990
    OK ch=3 v=0.2401
    OK ch=5 v=0.1923
    OK ch=7 v=1.0176
    OK ch=1 v=0.9957
    OK ch=3 v=0.2414
    OK ch=7 v=1.0167
    OK ch=1 v=0.9943
    OK ch=3 v=0.2476
    OK ch=5 v=0.1946
    OK ch=7 v=1.0214
    OK ch=1 v=0.9825
    OK ch=3 v=0.2418
    OK ch=5 v=0.1958
    OK ch=7 v=1.0102
    OK ch=1 v=1.0176
    OK ch=3 v=0.2447
    OK ch=5 v=0.1998
    OK ch=7 v=1.0055
    OK ch=1 v=0.9977
    OK ch=3 v=0.2424
    OK ch=5 v=0.2049
    OK ch=7 v=1.0073
    OK ch=1 v=1.0021
    OK ch=3 v=0.2340
    OK ch=5 v=0.2144
    OK ch=7 v=0.9945
    OK ch=1 v=0.9830
    OK ch=3 v=0.2323
    OK ch=5 v=0.2223
    OK ch=7 v=0.9955
    OK ch=1 v=1.0072
    OK ch=3 v=0.2361
    OK ch=5 v=0.2229
    OK ch=7 v=1.0025
    OK ch=1 v=0.9995
    OK ch=3 v=0.2350
    OK ch=5 v=0.2209
    OK ch=7 v=1.0058
    OK ch=1 v=0.9573
    OK ch=3 v=0.2277
    OK ch=5 v=0.2220
    OK ch=7 v=1.0027
    OK ch=1 v=0.9710
    OK ch=3 v=0.2303
    OK ch=5 v=0.2254
    OK ch=7 v=0.9983
    OK ch=1 v=1.0117
    OK ch=3 v=0.2339
    OK ch=5 v=0.2213
    OK ch=7 v=1.0012
    OK ch=1 v=0.9928
    OK ch=3 v=0.2272
    OK ch=5 v=0.2206
    OK ch=7 v=1.0045
    OK ch=1 v=1.0216
    OK ch=3 v=0.2328
    OK ch=7 v=0.9928
    OK ch=1 v=0.9975
    OK ch=3 v=0.2371
    OK ch=5 v=0.2143
    OK ch=7 v=1.0002
    OK ch=1 v=1.0111
    OK ch=3 v=0.2300
    OK ch=7 v=0.9939
    OK ch=1 v=0.9986
    OK ch=3 v=0.2291
    OK ch=5 v=0.2071
    OK ch=7 v=1.0082
    OK ch=1 v=1.0167
    OK ch=3 v=0.2365
    OK ch=5 v=0.2019
    OK ch=7 v=1.0113
    OK ch=1 v=1.0112
    OK ch=3 v=0.2451
    OK ch=5 v=0.2025
    OK ch=7 v=1.0043
    OK ch=1 v=0.9868
    OK ch=3 v=0.2379
    OK ch=7 v=1.0106
    OK ch=1 v=1.0056
    OK ch=3 v=0.2478
    OK ch=5 v=0.1989
    OK ch=7 v=1.0057
    OK ch=1 v=1.0251
    OK ch=3 v=0.2496
    OK ch=5 v=0.1960
    OK ch=7 v=1.0125
    OK ch=1 v=1.0245
    OK ch=3 v=0.2540
    OK ch=5 v=0.1893
    OK ch=7 v=1.0192
    OK ch=1 v=1.0151
    OK ch=3 v=0.2489
    OK ch=5 v=0.1917
    OK ch=7 v=1.0093
    OK ch=1 v=0.9829
    OK ch=3 v=0.2401
    OK ch=5 v=0.1982
    OK ch=7 v=1.0101
    OK ch=1 v=1.0001
    OK ch=3 v=0.2431
    OK ch=5 v=0.2003
    OK ch=7 v=1.0138
    OK ch=1 v=0.9928
    OK ch=3 v=0.2425
    OK ch=7 v=1.0107
    OK ch=1 v=1.0081
    OK ch=3 v=0.2515
    OK ch=5 v=0.2064
    OK ch=7 v=1.0092
    OK ch=1 v=0.9720
    OK ch=3 v=0.2436
    OK ch=5 v=0.2124
    OK ch=7 v=1.0054
    OK ch=1 v=0.9644
    OK ch=3 v=0.2347
    OK ch=5 v=0.2153
    OK ch=7 v=0.9970
    OK ch=1 v=1.0283
    OK ch=3 v=0.2371
    OK ch=5 v=0.2186
    OK ch=7 v=0.9990
    OK ch=1 v=0.9998
    OK ch=3 v=0.2328
    OK ch=5 v=0.2214
    OK ch=7 v=1.0001
    OK ch=1 v=0.9838
    OK ch=3 v=0.2277
    OK ch=5 v=0.2220
    OK ch=7 v=1.0009
    OK ch=1 v=0.9947
    OK ch=3 v=0.2316
    OK ch=5 v=0.2267
    OK ch=7 v=0.9886
    OK ch=1 v=0.9895
    OK ch=3 v=0.2278
    OK ch=5 v=0.2274
    OK ch=1 v=0.9668
    OK ch=3 v=0.2293
    OK ch=5 v=0.2254
    OK ch=7 v=1.0028
    OK ch=1 v=0.9935
    OK ch=3 v=0.2307
    OK ch=5 v=0.2210
    OK ch=7 v=1.0040
    OK ch=1 v=0.9811
    OK ch=3 v=0.2331
    OK ch=5 v=0.2164
    OK ch=7 v=1.0064
    OK ch=1 v=1.0181
    OK ch=3 v=0.2384
    OK ch=5 v=0.2132
    OK ch=7 v=1.0035
    OK ch=1 v=1.0412
    OK ch=3 v=0.2411
    OK ch=5 v=0.2138
    OK ch=7 v=0.9994
    OK ch=1 v=0.9829
    OK ch=3 v=0.2306
    OK ch=5 v=0.2107
    OK ch=7 v=1.0047
    OK ch=1 v=0.9919
    OK ch=3 v=0.2354
    OK ch=5 v=0.2053
    OK ch=7 v=1.0110
    OK ch=1 v=0.9965
    OK ch=3 v=0.2368
    OK ch=5 v=0.1970
    OK ch=7 v=1.0139
    OK ch=1 v=0.9952
    OK ch=3 v=0.2416
    OK ch=5 v=0.1996
    OK ch=7 v=1.0033
    OK ch=1 v=1.0352
    OK ch=3 v=0.2545
    OK ch=5 v=0.1952
    OK ch=7 v=1.0044
    OK ch=1 v=1.0062
    OK ch=3 v=0.2500
    OK ch=5 v=0.1886
    OK ch=7 v=1.0189
    OK ch=1 v=1.0036
    OK ch=3 v=0.2436
    OK ch=1 v=0.9824
    OK ch=3 v=0.2401
    OK ch=5 v=0.1915
    OK ch=7 v=1.0138
    OK ch=1 v=0.9975
    OK ch=3 v=0.2413
    OK ch=5 v=0.1946
    OK ch=7 v=1.0129
    OK ch=1 v=1.0076
    OK ch=3 v=0.2435
    OK ch=5 v=0.1953
    OK ch=7 v=1.0104
    OK ch=1 v=0.9829
    OK ch=3 v=0.2416
    OK ch=5 v=0.1996
    OK ch=7 v=1.0142
    OK ch=1 v=0.9992
    OK ch=5 v=0.2095
    OK ch=7 v=1.0015
    OK ch=1 v=0.9928
    OK ch=3 v=0.2381
    OK ch=5 v=0.2089
    OK ch=7 v=1.0090
    OK ch=1 v=1.0018
    OK ch=3 v=0.2426
    OK ch=5 v=0.2140
    OK ch=7 v=1.0075
    OK ch=1 v=1.0003
    OK ch=3 v=0.2332
    OK ch=5 v=0.2240
    OK ch=7 v=0.9964
    OK ch=1 v=0.9823
    OK ch=3 v=0.2341
    OK ch=5 v=0.2271
    OK ch=7 v=0.9981
    OK ch=1 v=1.0179
    OK ch=3 v=0.2367
    OK ch=5 v=0.2247
    OK ch=7 v=0.9995
    OK ch=1 v=1.0167
    OK ch=3 v=0.2422
    OK ch=5 v=0.2262
    OK ch=7 v=0.9924
    OK ch=1 v=0.9947
    OK ch=3 v=0.2312
    OK ch=5 v=0.2225
    OK ch=7 v=0.9958
    OK ch=1 v=0.9896
    OK ch=3 v=0.2293
    OK ch=5 v=0.2243
    OK ch=7 v=1.0001
    OK ch=1 v=0.9793
    OK ch=5 v=0.2200
    OK ch=7 v=0.9985
    OK ch=1 v=0.9758
    OK ch=3 v=0.2244
    OK ch=7 v=0.9957
    OK ch=1 v=0.9915
    OK ch=3 v=0.2227
    OK ch=5 v=0.2185
    OK ch=1 v=1.0008
    OK ch=3 v=0.2284
    OK ch=5 v=0.2142
    OK ch=7 v=1.0012
    OK ch=1 v=1.0034
    OK ch=3 v=0.2343
    OK ch=5 v=0.2107
    OK ch=7 v=1.0036
    OK ch=1 v=1.0100
    OK ch=3 v=0.2378
    OK ch=5 v=0.2068
    OK ch=7 v=1.0054
    OK ch=1 v=0.9776
    OK ch=3 v=0.2407
    OK ch=5 v=0.2005
    OK ch=7 v=1.0097
    OK ch=1 v=1.0264
    OK ch=3 v=0.2538
    OK ch=7 v=1.0105
    OK ch=1 v=1.0214
    OK ch=3 v=0.2500
    OK ch=5 v=0.1949
    OK ch=7 v=1.0190
    OK ch=1 v=0.9795
    OK ch=3 v=0.2461
    OK ch=5 v=0.1927
    OK ch=7 v=1.0197
    OK ch=1 v=1.0125
    OK ch=3 v=0.2447
    OK ch=5 v=0.1951
    OK ch=7 v=1.0003
    OK ch=1 v=1.0288
    OK ch=3 v=0.2512
    OK ch=7 v=1.0144
    OK ch=1 v=1.0210
    OK ch=3 v=0.2497
    OK ch=5 v=0.1929
    OK ch=7 v=1.0083
    OK ch=1 v=0.9695
    OK ch=3 v=0.2411
    OK ch=5 v=0.1962
    OK ch=7 v=1.0075
    OK ch=1 v=1.0084
    OK ch=3 v=0.2389
    OK ch=5 v=0.1973
    OK ch=7 v=1.0165
    OK ch=1 v=0.9956
    OK ch=3 v=0.2411
    OK ch=5 v=0.2000
    OK ch=7 v=1.0123
    OK ch=1 v=1.0278
    OK ch=3 v=0.2434
    OK ch=5 v=0.2049
    OK ch=7 v=1.0082
    OK ch=1 v=1.0192
    OK ch=3 v=0.2424
    OK ch=5 v=0.2148
    OK ch=7 v=1.0021
    OK ch=1 v=0.9813
    OK ch=3 v=0.2250
    OK ch=5 v=0.2199
    OK ch=7 v=0.9967
    OK ch=1 v=0.9960
    OK ch=3 v=0.2366
    OK ch=5 v=0.2216
    OK ch=7 v=1.0030
    OK ch=1 v=0.9772
    OK ch=3 v=0.2298
    OK ch=5 v=0.2284
    OK ch=7 v=0.9953
    OK ch=1 v=0.9826
    OK ch=3 v=0.2281
    OK ch=5 v=0.2272
    OK ch=7 v=1.0020
    OK ch=1 v=1.0015
    OK ch=3 v=0.2328
    OK ch=5 v=0.2253
    OK ch=7 v=1.0009
    OK ch=1 v=0.9732
    OK ch=3 v=0.2290
    OK ch=5 v=0.2219
    OK ch=7 v=0.9977
    OK ch=1 v=1.0082
    OK ch=3 v=0.2344
    OK ch=7 v=0.9942
    OK ch=1 v=1.0010
    OK ch=3 v=0.2334
    OK ch=5 v=0.2163
    OK ch=7 v=1.0005
    OK ch=1 v=0.9689
    OK ch=3 v=0.2227
    OK ch=5 v=0.2145

[trim] ch0 kept at 1.00V -- total offset 461 -> 449 counts.

    OK ch=1 v=1.0024
    OK ch=3 v=0.2343
    OK ch=5 v=0.2140
    OK ch=1 v=0.9887
    OK ch=5 v=0.2096
    OK ch=7 v=1.0019
    OK ch=1 v=0.9964
    OK ch=3 v=0.2384
    OK ch=5 v=0.2071
    OK ch=7 v=1.0086
    OK ch=1 v=1.0095
    OK ch=3 v=0.2402
    OK ch=5 v=0.2044
    OK ch=7 v=0.9977
    OK ch=1 v=1.0127
    OK ch=3 v=0.2441
    OK ch=5 v=0.2002
    OK ch=7 v=1.0081
    OK ch=1 v=1.0181
    OK ch=3 v=0.2490
    OK ch=5 v=0.1965
    OK ch=7 v=1.0164
    OK ch=1 v=1.0349
    OK ch=3 v=0.2501
    OK ch=7 v=1.0038
    OK ch=1 v=1.0100
    OK ch=3 v=0.2470
    OK ch=5 v=0.1898
    OK ch=7 v=1.0208
    OK ch=1 v=0.9838
    OK ch=3 v=0.2441
    OK ch=5 v=0.1948
    OK ch=7 v=1.0147
    OK ch=1 v=1.0278
    OK ch=3 v=0.2492
    OK ch=1 v=1.0180
    OK ch=3 v=0.2501
    OK ch=7 v=1.0122
    OK ch=1 v=0.9762
    OK ch=3 v=0.2466
    OK ch=5 v=0.1937
    OK ch=7 v=1.0198
    OK ch=1 v=1.0067
    OK ch=3 v=0.2513
    OK ch=5 v=0.1989
    OK ch=7 v=1.0191
    OK ch=1 v=1.0111
    OK ch=3 v=0.2442
    OK ch=5 v=0.2067
    OK ch=7 v=0.9990
    OK ch=1 v=1.0275
    OK ch=3 v=0.2386
    OK ch=5 v=0.2127
    OK ch=7 v=1.0000
[  230.7s] DAMPING     ch0:LOCK g=-0.0300 bp=+0.116V ratio=0.09  ch1:LOCK g=-0.0300 bp=+0.056V ratio=0.13  ch2:LOCK g=+0.0100 bp=+0.167V ratio=0.19  ch3:LOCK g=-0.0300 bp=+0.035V ratio=0.11
    OK ch=1 v=0.9898
    OK ch=3 v=0.2365
    OK ch=5 v=0.2175
    OK ch=7 v=1.0049
    OK ch=1 v=0.9744
    OK ch=3 v=0.2313
    OK ch=5 v=0.2190
    OK ch=7 v=0.9995
    OK ch=1 v=0.9531
    OK ch=3 v=0.2241
    OK ch=5 v=0.2258
    OK ch=7 v=0.9920
    OK ch=1 v=0.9788
    OK ch=3 v=0.2288
    OK ch=5 v=0.2265
    OK ch=7 v=0.9941
    OK ch=1 v=0.9658
    OK ch=3 v=0.2307
    OK ch=5 v=0.2221
    OK ch=7 v=1.0031
    OK ch=1 v=1.0127
    OK ch=3 v=0.2294
    OK ch=5 v=0.2254
    OK ch=7 v=0.9954
    OK ch=1 v=0.9866
    OK ch=5 v=0.2230
    OK ch=7 v=0.9921
    OK ch=1 v=0.9853
    OK ch=3 v=0.2312
    OK ch=5 v=0.2205
    OK ch=7 v=1.0042
    OK ch=1 v=1.0099
    OK ch=3 v=0.2335
    OK ch=5 v=0.2186
    OK ch=7 v=1.0033
    OK ch=1 v=1.0237
    OK ch=3 v=0.2353
    OK ch=5 v=0.2150
    OK ch=7 v=1.0067
    OK ch=1 v=1.0122
    OK ch=5 v=0.2116
    OK ch=7 v=1.0050
    OK ch=1 v=0.9764
    OK ch=3 v=0.2318
    OK ch=5 v=0.2068
    OK ch=7 v=1.0074
    OK ch=1 v=1.0079
    OK ch=3 v=0.2387
    OK ch=5 v=0.2056
    OK ch=7 v=1.0064
    OK ch=1 v=0.9788
    OK ch=5 v=0.1979
    OK ch=7 v=1.0095
    OK ch=1 v=1.0200
    OK ch=3 v=0.2495
    OK ch=5 v=0.1970
    OK ch=7 v=1.0114
    OK ch=1 v=1.0348
    OK ch=3 v=0.2487
    OK ch=5 v=0.1961
    OK ch=7 v=1.0120
    OK ch=1 v=1.0220
    OK ch=3 v=0.2496
    OK ch=5 v=0.1909
    OK ch=7 v=1.0141
    OK ch=1 v=1.0070
    OK ch=3 v=0.2502
    OK ch=5 v=0.1924
    OK ch=7 v=1.0110
    OK ch=1 v=1.0015
    OK ch=3 v=0.2398
    OK ch=7 v=1.0090
    OK ch=1 v=0.9786
    OK ch=3 v=0.2418
    OK ch=5 v=0.1947
    OK ch=7 v=1.0142
    OK ch=1 v=0.9905
    OK ch=3 v=0.2475
    OK ch=7 v=1.0127
    OK ch=1 v=1.0177
    OK ch=3 v=0.2480
    OK ch=5 v=0.2003
    OK ch=7 v=1.0109
    OK ch=1 v=0.9988
    OK ch=3 v=0.2370
    OK ch=5 v=0.2053
    OK ch=7 v=0.9948
    OK ch=1 v=1.0077
    OK ch=3 v=0.2429
    OK ch=7 v=1.0135
    OK ch=1 v=1.0257
    OK ch=3 v=0.2434
    OK ch=5 v=0.2149
    OK ch=7 v=1.0012
    OK ch=1 v=1.0016
    OK ch=3 v=0.2400
    OK ch=5 v=0.2166
    OK ch=7 v=0.9930
    OK ch=1 v=0.9752
    OK ch=3 v=0.2334
    OK ch=5 v=0.2190
    OK ch=7 v=1.0082
    OK ch=1 v=0.9946
    OK ch=3 v=0.2380
    OK ch=5 v=0.2182
    OK ch=7 v=0.9970
    OK ch=1 v=1.0113
    OK ch=3 v=0.2420
    OK ch=5 v=0.2231
    OK ch=7 v=0.9954
    OK ch=1 v=1.0061
    OK ch=3 v=0.2410
    OK ch=5 v=0.2267
    OK ch=7 v=0.9929
    OK ch=1 v=0.9894
    OK ch=3 v=0.2347
    OK ch=5 v=0.2277
    OK ch=7 v=0.9996
    OK ch=1 v=0.9929
    OK ch=3 v=0.2460
    OK ch=5 v=0.2283
    OK ch=7 v=0.9963
    OK ch=1 v=0.9759
    OK ch=3 v=0.2333
    OK ch=5 v=0.2328
    OK ch=7 v=0.9903
    OK ch=1 v=1.0035
    OK ch=3 v=0.2439
    OK ch=5 v=0.2229
    OK ch=7 v=0.9988
    OK ch=1 v=0.9889
    OK ch=3 v=0.2341
    OK ch=5 v=0.2195
    OK ch=7 v=1.0071
    OK ch=1 v=1.0100
    OK ch=3 v=0.2335
    OK ch=5 v=0.2170
    OK ch=7 v=0.9995
    OK ch=1 v=0.9767
    OK ch=3 v=0.2291
    OK ch=5 v=0.2065
    OK ch=7 v=1.0068
    OK ch=1 v=0.9850
    OK ch=3 v=0.2339
    OK ch=5 v=0.2025
    OK ch=7 v=1.0025
    OK ch=1 v=0.9960
    OK ch=3 v=0.2481
    OK ch=5 v=0.2030
    OK ch=1 v=1.0153
    OK ch=3 v=0.2373
    OK ch=5 v=0.1972
    OK ch=7 v=1.0083
    OK ch=1 v=0.9825
    OK ch=3 v=0.2337
    OK ch=5 v=0.1944
    OK ch=7 v=1.0128
    OK ch=1 v=1.0111
    OK ch=3 v=0.2382
    OK ch=5 v=0.1959
    OK ch=7 v=1.0112
    OK ch=1 v=1.0162
    OK ch=3 v=0.2414
    OK ch=5 v=0.1934
    OK ch=7 v=1.0124
    OK ch=1 v=1.0205
    OK ch=3 v=0.2373
    OK ch=5 v=0.1928
    OK ch=7 v=1.0182
    OK ch=1 v=0.9994
    OK ch=5 v=0.1903
    OK ch=7 v=1.0247
    OK ch=1 v=1.0177
    OK ch=3 v=0.2467
    OK ch=5 v=0.1947
    OK ch=7 v=1.0129
    OK ch=1 v=0.9999
    OK ch=3 v=0.2449
    OK ch=5 v=0.2016
    OK ch=7 v=1.0087
    OK ch=1 v=0.9934
    OK ch=3 v=0.2396
    OK ch=5 v=0.2006
    OK ch=7 v=1.0139
    OK ch=1 v=1.0158
    OK ch=3 v=0.2297
    OK ch=5 v=0.2092
    OK ch=7 v=1.0200
    OK ch=1 v=0.9728
    OK ch=3 v=0.2320
    OK ch=5 v=0.2098
    OK ch=7 v=1.0066
    OK ch=1 v=1.0135
    OK ch=3 v=0.2452
    OK ch=5 v=0.2142
    OK ch=7 v=0.9966
    OK ch=1 v=1.0064
    OK ch=3 v=0.2370
    OK ch=5 v=0.2157
    OK ch=7 v=1.0004
    OK ch=1 v=0.9730
    OK ch=3 v=0.2301
    OK ch=5 v=0.2170
    OK ch=7 v=0.9999
    OK ch=1 v=0.9786
    OK ch=3 v=0.2342
    OK ch=1 v=0.9912
    OK ch=3 v=0.2265
    OK ch=5 v=0.2184
    OK ch=7 v=0.9962
    OK ch=1 v=1.0013
    OK ch=3 v=0.2285
    OK ch=5 v=0.2245
    OK ch=7 v=0.9922
    OK ch=1 v=0.9797
    OK ch=3 v=0.2257
    OK ch=5 v=0.2225
    OK ch=1 v=1.0041
    OK ch=3 v=0.2304
    OK ch=5 v=0.2208
    OK ch=7 v=0.9974
    OK ch=1 v=1.0046
    OK ch=3 v=0.2341
    OK ch=5 v=0.2168
    OK ch=7 v=0.9915
    OK ch=1 v=0.9988
    OK ch=3 v=0.2395
    OK ch=5 v=0.2199
    OK ch=7 v=0.9960
    OK ch=1 v=0.9834
    OK ch=3 v=0.2386
    OK ch=5 v=0.2180
    OK ch=7 v=1.0010
    OK ch=1 v=1.0264
    OK ch=3 v=0.2483
    OK ch=5 v=0.2117
    OK ch=7 v=1.0078
    OK ch=1 v=1.0053
    OK ch=5 v=0.2030
    OK ch=1 v=1.0130
    OK ch=3 v=0.2497
    OK ch=7 v=1.0158
    OK ch=1 v=1.0226
    OK ch=3 v=0.2543
    OK ch=7 v=1.0136
    OK ch=1 v=1.0158
    OK ch=3 v=0.2509
    OK ch=5 v=0.2048
    OK ch=7 v=1.0061
    OK ch=3 v=0.2497
    OK ch=5 v=0.1972
    OK ch=7 v=1.0168
    OK ch=3 v=0.2538
    OK ch=5 v=0.1984
    OK ch=7 v=1.0082
    OK ch=1 v=1.0149
    OK ch=5 v=0.2021
    OK ch=7 v=1.0087
    OK ch=1 v=1.0343
    OK ch=3 v=0.2458
    OK ch=5 v=0.2014
    OK ch=7 v=1.0041
    OK ch=1 v=0.9879
    OK ch=3 v=0.2391
    OK ch=5 v=0.1956
    OK ch=7 v=1.0078
    OK ch=1 v=1.0077
    OK ch=3 v=0.2433
    OK ch=5 v=0.2037
    OK ch=1 v=1.0139
    OK ch=3 v=0.2454
    OK ch=5 v=0.2085
    OK ch=7 v=1.0004
    OK ch=1 v=0.9910
    OK ch=3 v=0.2376
    OK ch=5 v=0.2109
    OK ch=7 v=1.0083
    OK ch=1 v=0.9998
    OK ch=3 v=0.2354
    OK ch=5 v=0.2126
    OK ch=7 v=1.0061
    OK ch=1 v=0.9861
    OK ch=3 v=0.2282
    OK ch=5 v=0.2171
    OK ch=1 v=0.9683
    OK ch=3 v=0.2351
    OK ch=5 v=0.2182
    OK ch=7 v=0.9986
    OK ch=1 v=0.9584
    OK ch=3 v=0.2282
    OK ch=5 v=0.2229
    OK ch=7 v=0.9955
    OK ch=3 v=0.2384
    OK ch=5 v=0.2187
    OK ch=7 v=1.0029
    OK ch=1 v=0.9860
    OK ch=3 v=0.2272
    OK ch=7 v=1.0052
    OK ch=1 v=0.9946
    OK ch=3 v=0.2238
    OK ch=5 v=0.2174
    OK ch=7 v=1.0083
    OK ch=1 v=1.0210
    OK ch=3 v=0.2261
    OK ch=5 v=0.2205
    OK ch=7 v=0.9953
    OK ch=1 v=0.9728
    OK ch=3 v=0.2129
    OK ch=5 v=0.2131
    OK ch=7 v=1.0036
    OK ch=1 v=0.9758
    OK ch=3 v=0.2194
    OK ch=5 v=0.2088
    OK ch=7 v=1.0025
    OK ch=1 v=0.9900
    OK ch=3 v=0.2311
    OK ch=5 v=0.2071
    OK ch=7 v=1.0082
    OK ch=1 v=1.0315
    OK ch=3 v=0.2362
    OK ch=7 v=1.0026
    OK ch=1 v=0.9915
    OK ch=3 v=0.2449
    OK ch=5 v=0.2034
    OK ch=7 v=1.0001
    OK ch=1 v=1.0104
    OK ch=3 v=0.2399
    OK ch=5 v=0.1966
    OK ch=7 v=1.0156
    OK ch=1 v=1.0259
    OK ch=3 v=0.2474
    OK ch=5 v=0.1958
    OK ch=7 v=1.0127
    OK ch=1 v=1.0031
    OK ch=3 v=0.2393
    OK ch=7 v=1.0139
    OK ch=1 v=1.0022
    OK ch=3 v=0.2415
    OK ch=5 v=0.1938
    OK ch=7 v=1.0030
    OK ch=1 v=1.0184
    OK ch=3 v=0.2530
    OK ch=5 v=0.1947
    OK ch=7 v=1.0161
    OK ch=1 v=0.9969
    OK ch=3 v=0.2560
    OK ch=5 v=0.1938
    OK ch=7 v=1.0155
    OK ch=1 v=1.0338
    OK ch=5 v=0.2012
    OK ch=7 v=1.0086
    OK ch=1 v=1.0310
    OK ch=3 v=0.2535
    OK ch=5 v=0.2043
    OK ch=7 v=1.0081
    OK ch=1 v=1.0057
    OK ch=3 v=0.2501
    OK ch=5 v=0.2055
    OK ch=7 v=1.0096
    OK ch=1 v=1.0132
    OK ch=3 v=0.2604
    OK ch=5 v=0.2105
    OK ch=7 v=1.0041
    OK ch=1 v=0.9904
    OK ch=3 v=0.2355
    OK ch=5 v=0.2169
    OK ch=7 v=0.9969
    OK ch=1 v=1.0041
    OK ch=3 v=0.2399
    OK ch=5 v=0.2157
    OK ch=7 v=1.0061
    OK ch=1 v=1.0025
    OK ch=3 v=0.2424
    OK ch=5 v=0.2258
    OK ch=7 v=0.9979
    OK ch=1 v=0.9603
    OK ch=3 v=0.2217
    OK ch=5 v=0.2283
    OK ch=7 v=0.9906
    OK ch=1 v=0.9886
    OK ch=3 v=0.2303
    OK ch=5 v=0.2243
    OK ch=7 v=1.0052
    OK ch=1 v=1.0008
    OK ch=3 v=0.2377
    OK ch=5 v=0.2287
    OK ch=7 v=0.9928
    OK ch=1 v=0.9701
    OK ch=3 v=0.2228
    OK ch=5 v=0.2294
    OK ch=7 v=0.9883
    OK ch=1 v=0.9789
    OK ch=3 v=0.2291
    OK ch=5 v=0.2240
    OK ch=7 v=0.9954
    OK ch=1 v=0.9599
    OK ch=3 v=0.2326
    OK ch=5 v=0.2211
    OK ch=7 v=0.9987
    OK ch=1 v=1.0058
    OK ch=3 v=0.2287
    OK ch=5 v=0.2174
    OK ch=7 v=0.9922
    OK ch=1 v=0.9673
    OK ch=3 v=0.2250
    OK ch=5 v=0.2147
    OK ch=7 v=1.0002
    OK ch=1 v=1.0235
    OK ch=3 v=0.2391
    OK ch=5 v=0.2073
    OK ch=7 v=1.0115
    OK ch=5 v=0.2019
    OK ch=7 v=1.0158
    OK ch=1 v=1.0322
    OK ch=3 v=0.2366
    OK ch=7 v=1.0104
    OK ch=1 v=1.0208
    OK ch=3 v=0.2391
    OK ch=5 v=0.1981
    OK ch=1 v=0.9975
    OK ch=3 v=0.2352
    OK ch=5 v=0.1972
    OK ch=7 v=1.0012
    OK ch=3 v=0.2416
    OK ch=5 v=0.1914
    OK ch=7 v=1.0179
    OK ch=1 v=1.0077
    OK ch=3 v=0.2507
    OK ch=7 v=1.0213
    OK ch=1 v=1.0173
    OK ch=3 v=0.2402
    OK ch=5 v=0.1873
    OK ch=7 v=1.0175
    OK ch=1 v=0.9930
    OK ch=3 v=0.2382
    OK ch=5 v=0.1845
    OK ch=7 v=1.0198
    OK ch=1 v=1.0007
    OK ch=3 v=0.2437
    OK ch=5 v=0.1891
    OK ch=7 v=1.0165
    OK ch=1 v=1.0303
    OK ch=3 v=0.2509
    OK ch=5 v=0.1933
    OK ch=7 v=1.0062
    OK ch=1 v=1.0284
    OK ch=3 v=0.2451
    OK ch=5 v=0.1962
    OK ch=7 v=1.0111
    OK ch=1 v=0.9778
    OK ch=3 v=0.2365
    OK ch=5 v=0.2007
    OK ch=7 v=1.0101
    OK ch=1 v=1.0028
    OK ch=3 v=0.2479
    OK ch=5 v=0.2039
    OK ch=7 v=1.0106
[  235.8s] DAMPING     ch0:LOCK g=-0.0300 bp=+0.061V ratio=0.10  ch1:LOCK g=-0.0300 bp=+0.032V ratio=0.12  ch2:LOCK g=+0.0103 bp=+0.266V ratio=0.25  ch3:LOCK g=-0.0300 bp=+0.062V ratio=0.16
    OK ch=1 v=0.9820
    OK ch=3 v=0.2369
    OK ch=5 v=0.2141
    OK ch=7 v=1.0067
    OK ch=1 v=0.9673
    OK ch=3 v=0.2324
    OK ch=5 v=0.2192
    OK ch=7 v=1.0044
    OK ch=1 v=0.9971
    OK ch=3 v=0.2404
    OK ch=5 v=0.2276
    OK ch=7 v=0.9976
    OK ch=1 v=1.0120
    OK ch=3 v=0.2327
    OK ch=5 v=0.2313
    OK ch=7 v=0.9914
    OK ch=1 v=0.9860
    OK ch=3 v=0.2227
    OK ch=5 v=0.2263
    OK ch=7 v=0.9984
    OK ch=1 v=0.9873
    OK ch=3 v=0.2348
    OK ch=5 v=0.2252
    OK ch=7 v=0.9974
    OK ch=1 v=1.0063
    OK ch=3 v=0.2340
    OK ch=5 v=0.2268
    OK ch=7 v=0.9966
    OK ch=1 v=0.9834
    OK ch=3 v=0.2276
    OK ch=5 v=0.2315
    OK ch=7 v=0.9871
    OK ch=1 v=0.9982
    OK ch=5 v=0.2187
    OK ch=7 v=0.9970
    OK ch=1 v=1.0019
    OK ch=3 v=0.2360
    OK ch=5 v=0.2141
    OK ch=7 v=0.9984
    OK ch=1 v=1.0093
    OK ch=3 v=0.2454
    OK ch=5 v=0.2152
    OK ch=7 v=0.9974
    OK ch=1 v=1.0074
    OK ch=3 v=0.2370
    OK ch=5 v=0.2181
    OK ch=7 v=0.9951
    OK ch=1 v=0.9856
    OK ch=3 v=0.2422
    OK ch=5 v=0.2064
    OK ch=7 v=1.0074
    OK ch=1 v=1.0004
    OK ch=5 v=0.2009
    OK ch=7 v=1.0122
    OK ch=1 v=0.9974
    OK ch=3 v=0.2461
    OK ch=5 v=0.2023
    OK ch=7 v=1.0082
    OK ch=1 v=1.0208
    OK ch=3 v=0.2537
    OK ch=5 v=0.1955
    OK ch=7 v=1.0124
    OK ch=1 v=1.0115
    OK ch=3 v=0.2505
    OK ch=5 v=0.1941
    OK ch=7 v=1.0132
    OK ch=1 v=1.0049
    OK ch=3 v=0.2543
    OK ch=5 v=0.1986
    OK ch=7 v=1.0117
    OK ch=1 v=1.0358
    OK ch=3 v=0.2530
    OK ch=5 v=0.1961
    OK ch=7 v=1.0090
    OK ch=1 v=1.0017
    OK ch=3 v=0.2441
    OK ch=5 v=0.1885
    OK ch=7 v=1.0127
    OK ch=1 v=1.0175
    OK ch=3 v=0.2473
    OK ch=5 v=0.1934
    OK ch=7 v=1.0150
    OK ch=1 v=1.0158
    OK ch=3 v=0.2411
    OK ch=5 v=0.1992
    OK ch=7 v=1.0125
    OK ch=1 v=0.9950
    OK ch=3 v=0.2331
    OK ch=5 v=0.2091
    OK ch=7 v=1.0053
    OK ch=1 v=0.9435
    OK ch=3 v=0.2337
    OK ch=5 v=0.2110
    OK ch=7 v=1.0091
    OK ch=1 v=0.9710
    OK ch=3 v=0.2266
    OK ch=5 v=0.2134
    OK ch=7 v=1.0054
    OK ch=1 v=1.0181
    OK ch=3 v=0.2360
    OK ch=5 v=0.2214
    OK ch=7 v=0.9959
    OK ch=1 v=1.0111
    OK ch=3 v=0.2336
    OK ch=5 v=0.2229
    OK ch=7 v=1.0029
    OK ch=1 v=0.9521
    OK ch=3 v=0.2254
    OK ch=5 v=0.2221
    OK ch=7 v=1.0002
    OK ch=1 v=0.9808
    OK ch=3 v=0.2228
    OK ch=5 v=0.2279
    OK ch=7 v=0.9967
    OK ch=1 v=0.9720
    OK ch=3 v=0.2260
    OK ch=5 v=0.2233
    OK ch=7 v=1.0026
    OK ch=1 v=0.9888
    OK ch=3 v=0.2201
    OK ch=5 v=0.2142
    OK ch=7 v=1.0071
    OK ch=1 v=0.9848
    OK ch=3 v=0.2266
    OK ch=5 v=0.2181
    OK ch=7 v=0.9946
    OK ch=1 v=1.0017
    OK ch=3 v=0.2297
    OK ch=5 v=0.2152
    OK ch=7 v=1.0010
    OK ch=1 v=1.0231
    OK ch=3 v=0.2289
    OK ch=5 v=0.2056
    OK ch=7 v=1.0063
    OK ch=1 v=0.9976
    OK ch=3 v=0.2266
    OK ch=5 v=0.2097
    OK ch=7 v=0.9991
    OK ch=1 v=0.9816
    OK ch=3 v=0.2376
    OK ch=5 v=0.2023
    OK ch=7 v=1.0096
    OK ch=1 v=1.0175
    OK ch=3 v=0.2460
    OK ch=5 v=0.1981
    OK ch=7 v=1.0102
    OK ch=1 v=1.0022
    OK ch=5 v=0.1996
    OK ch=7 v=1.0051
    OK ch=1 v=1.0215
    OK ch=3 v=0.2492
    OK ch=5 v=0.1985
    OK ch=1 v=1.0238
    OK ch=3 v=0.2558
    OK ch=5 v=0.1937
    OK ch=7 v=1.0174
    OK ch=1 v=1.0547
    OK ch=3 v=0.2572
    OK ch=5 v=0.1879
    OK ch=7 v=1.0216
    OK ch=1 v=1.0252
    OK ch=3 v=0.2678
    OK ch=5 v=0.1911
    OK ch=7 v=1.0160
    OK ch=1 v=0.9840
    OK ch=3 v=0.2491
    OK ch=5 v=0.2005
    OK ch=7 v=1.0080
    OK ch=1 v=1.0221
    OK ch=3 v=0.2584
    OK ch=5 v=0.2043
    OK ch=7 v=1.0024
    OK ch=1 v=0.9953
    OK ch=3 v=0.2435
    OK ch=5 v=0.2095
    OK ch=7 v=1.0005
    OK ch=1 v=1.0041
    OK ch=3 v=0.2491

Stopped by user.
    562,465,754,730
Returning DAC outputs to bias voltages...
    OK ch=5 v=0.2080
    OK ch=1 v=0.2500
    OK ch=3 v=0.2500
    OK ch=5 v=0.2500
Connection closed.
Log saved to data/20260804_133605_fast_lock.csv
