==========================================================================
  version   : v8 (untested)
  fixes     : saturation-latch, rail-threshold, runaway-baseline, auto-disable, fast-refault, fast-calib, warm-restart
  channels  : 4 on of 4 -- [True, True, True, True]
  coil map  : [1, 3, 5, 7]
  Kp        : steady [np.float64(-0.03), np.float64(-0.03), np.float64(0.01), np.float64(-0.03)]
  Ki / Kd   : -0.04 / -0.0015
  calib     : 20 s     run length: 240 s
  kicks at  : [60.0, 120.0, 180.0]
==========================================================================
Connected on /dev/cu.usbserial-1120
    OK ch=1 v=0.2500
    OK ch=3 v=0.2500
    OK ch=5 v=0.2500
    OK ch=7 v=0.2500
DAC biases set. Press Enter to start fast-lock damping (Ctrl+C to stop)...     STREAMING
Logging to data/20260804_134707_fast_lock.csv

[CALIBRATING] measuring baseline noise (outputs held at bias, no damping yet). This stops as soon as the floor settles, and after 20s at the latest...

    OK ch=1 v=0.2500
    OK ch=3 v=0.2500
    OK ch=5 v=0.2500
    OK ch=7 v=0.2500
[    0.0s] CALIBRATING ch0:.... g=+0.0000 bp=+0.000V ratio=0.00  ch1:.... g=+0.0000 bp=+0.000V ratio=0.00  ch2:.... g=+0.0000 bp=+0.000V ratio=0.00  ch3:.... g=+0.0000 bp=+0.000V ratio=0.00
[    5.0s] CALIBRATING ch0:.... g=+0.0000 bp=+0.191V ratio=0.00  ch1:.... g=+0.0000 bp=+0.132V ratio=0.00  ch2:.... g=+0.0000 bp=+0.003V ratio=0.00  ch3:.... g=+0.0000 bp=+0.036V ratio=0.00
[   10.0s] CALIBRATING ch0:.... g=+0.0000 bp=+0.124V ratio=0.00  ch1:.... g=+0.0000 bp=-0.020V ratio=0.00  ch2:.... g=+0.0000 bp=+0.477V ratio=0.00  ch3:.... g=+0.0000 bp=+0.060V ratio=0.00
[   15.0s] CALIBRATING ch0:.... g=+0.0000 bp=+0.356V ratio=0.00  ch1:.... g=+0.0000 bp=+0.078V ratio=0.00  ch2:.... g=+0.0000 bp=+0.243V ratio=0.00  ch3:.... g=+0.0000 bp=-0.004V ratio=0.00

[DAMPING] baseline set in 20.0s (ran the full 20s ceiling -- the floor never settled, median of sub-windows used): ch0=0.2547V, ch1=0.1146V, ch2=0.4234V, ch3=0.1040V. Gain schedules -0.035 -> -0.030...

    OK ch=1 v=0.2455
    OK ch=3 v=0.2487
    OK ch=5 v=0.2534
    OK ch=7 v=0.2494
[   20.0s] DAMPING     ch0:.... g=-0.0003 bp=+0.085V ratio=0.33  ch1:.... g=-0.0003 bp=+0.068V ratio=0.59  ch2:.... g=+0.0003 bp=+0.407V ratio=0.96  ch3:.... g=-0.0003 bp=+0.129V ratio=1.24
    OK ch=1 v=0.2332
    OK ch=3 v=0.2453
    OK ch=5 v=0.2649
    OK ch=7 v=0.2488
    OK ch=3 v=0.2437
    OK ch=5 v=0.2711
    OK ch=7 v=0.2457
    OK ch=1 v=0.2352
    OK ch=3 v=0.2401
    OK ch=5 v=0.2741
    OK ch=7 v=0.2434
    OK ch=1 v=0.2302
    OK ch=3 v=0.2341
    OK ch=5 v=0.2748
    OK ch=7 v=0.2404
    OK ch=1 v=0.2381
    OK ch=3 v=0.2347
    OK ch=7 v=0.2376
    OK ch=1 v=0.2389
    OK ch=3 v=0.2326
    OK ch=7 v=0.2365
    OK ch=1 v=0.2601
    OK ch=3 v=0.2315
    OK ch=5 v=0.2737
    OK ch=7 v=0.2353
    OK ch=1 v=0.2533
    OK ch=3 v=0.2374
    OK ch=7 v=0.2369
    OK ch=1 v=0.2451
    OK ch=3 v=0.2422
    OK ch=5 v=0.2714
    OK ch=7 v=0.2386
    OK ch=1 v=0.2434
    OK ch=3 v=0.2456
    OK ch=7 v=0.2423
    OK ch=1 v=0.2447
    OK ch=3 v=0.2480
    OK ch=5 v=0.2708
    OK ch=7 v=0.2449
    OK ch=1 v=0.2520
    OK ch=3 v=0.2596
    OK ch=5 v=0.2686
    OK ch=7 v=0.2505
    OK ch=1 v=0.2556
    OK ch=3 v=0.2630
    OK ch=5 v=0.2653
    OK ch=7 v=0.2536
    OK ch=1 v=0.2578
    OK ch=3 v=0.2695
    OK ch=5 v=0.2610
    OK ch=7 v=0.2582
    OK ch=1 v=0.2436
    OK ch=5 v=0.2574
    OK ch=7 v=0.2571
    OK ch=1 v=0.2607
    OK ch=3 v=0.2728
    OK ch=5 v=0.2536
    OK ch=7 v=0.2555
    OK ch=1 v=0.2644
    OK ch=3 v=0.2652
    OK ch=5 v=0.2492
    OK ch=7 v=0.2546
    OK ch=1 v=0.2830
    OK ch=3 v=0.2659
    OK ch=5 v=0.2458
    OK ch=7 v=0.2519
    OK ch=1 v=0.2687
    OK ch=3 v=0.2538
    OK ch=5 v=0.2429
    OK ch=7 v=0.2467
    OK ch=1 v=0.2897
    OK ch=3 v=0.2519
    OK ch=5 v=0.2462
    OK ch=7 v=0.2438
    OK ch=1 v=0.2775
    OK ch=3 v=0.2471
    OK ch=5 v=0.2521
    OK ch=7 v=0.2391
    OK ch=3 v=0.2463
    OK ch=5 v=0.2620
    OK ch=7 v=0.2350
    OK ch=1 v=0.2605
    OK ch=3 v=0.2379
    OK ch=5 v=0.2723
    OK ch=7 v=0.2344
    OK ch=1 v=0.2475
    OK ch=3 v=0.2371
    OK ch=5 v=0.2842
    OK ch=1 v=0.2280
    OK ch=3 v=0.2402
    OK ch=5 v=0.2940
    OK ch=7 v=0.2367
    OK ch=1 v=0.1740
    OK ch=3 v=0.2351
    OK ch=5 v=0.3019
    OK ch=7 v=0.2380
    OK ch=1 v=0.1849
    OK ch=3 v=0.2361
    OK ch=5 v=0.3076
    OK ch=7 v=0.2407
    OK ch=1 v=0.1472
    OK ch=3 v=0.2293
    OK ch=5 v=0.3099
    OK ch=7 v=0.2437
    OK ch=1 v=0.1739
    OK ch=3 v=0.2397
    OK ch=5 v=0.3086
    OK ch=7 v=0.2427
    OK ch=1 v=0.1800
    OK ch=5 v=0.3016
    OK ch=7 v=0.2452
    OK ch=1 v=0.1903
    OK ch=3 v=0.2323
    OK ch=5 v=0.2931
    OK ch=7 v=0.2475
    OK ch=1 v=0.2146
    OK ch=3 v=0.2375
    OK ch=5 v=0.2804
    OK ch=7 v=0.2491
    OK ch=1 v=0.2196
    OK ch=3 v=0.2351
    OK ch=5 v=0.2682
    OK ch=7 v=0.2475
    OK ch=1 v=0.2366
    OK ch=3 v=0.2321
    OK ch=5 v=0.2550
    OK ch=7 v=0.2470
    OK ch=1 v=0.2567
    OK ch=3 v=0.2381
    OK ch=5 v=0.2485
    OK ch=7 v=0.2479
    OK ch=1 v=0.2793
    OK ch=3 v=0.2392
    OK ch=5 v=0.2408
    OK ch=7 v=0.2510
    OK ch=1 v=0.2722
    OK ch=5 v=0.2383
    OK ch=1 v=0.2680
    OK ch=3 v=0.2399
    OK ch=5 v=0.2378
    OK ch=7 v=0.2526
    OK ch=1 v=0.2723
    OK ch=3 v=0.2432
    OK ch=5 v=0.2394
    OK ch=7 v=0.2554
    OK ch=1 v=0.2395
    OK ch=3 v=0.2481
    OK ch=5 v=0.2380
    OK ch=7 v=0.2582
    OK ch=1 v=0.2753
    OK ch=3 v=0.2592
    OK ch=5 v=0.2416
    OK ch=7 v=0.2597
    OK ch=1 v=0.2589
    OK ch=3 v=0.2636
    OK ch=5 v=0.2473
    OK ch=1 v=0.2612
    OK ch=3 v=0.2698
    OK ch=5 v=0.2545
    OK ch=7 v=0.2580
    OK ch=1 v=0.2464
    OK ch=3 v=0.2663
    OK ch=5 v=0.2625
    OK ch=7 v=0.2555
    OK ch=1 v=0.2578
    OK ch=3 v=0.2637
    OK ch=5 v=0.2667
    OK ch=7 v=0.2538
    OK ch=1 v=0.2777
    OK ch=3 v=0.2659
    OK ch=5 v=0.2733
    OK ch=7 v=0.2516
    OK ch=1 v=0.2463
    OK ch=3 v=0.2586
    OK ch=5 v=0.2778
    OK ch=7 v=0.2451
    OK ch=1 v=0.2537
    OK ch=3 v=0.2495
    OK ch=5 v=0.2828
    OK ch=7 v=0.2401
    OK ch=1 v=0.2450
    OK ch=3 v=0.2446
    OK ch=5 v=0.2867
    OK ch=7 v=0.2374
    OK ch=1 v=0.2286
    OK ch=3 v=0.2411
    OK ch=5 v=0.2889
    OK ch=7 v=0.2327
    OK ch=3 v=0.2432
    OK ch=5 v=0.2928
    OK ch=7 v=0.2259
    OK ch=1 v=0.2314
    OK ch=3 v=0.2325
    OK ch=5 v=0.2944
    OK ch=7 v=0.2247
    OK ch=1 v=0.2259
    OK ch=3 v=0.2360
    OK ch=5 v=0.2960
    OK ch=7 v=0.2260
    OK ch=1 v=0.2608
    OK ch=3 v=0.2495
    OK ch=7 v=0.2290
    OK ch=1 v=0.2195
    OK ch=3 v=0.2411
    OK ch=5 v=0.2977
    OK ch=7 v=0.2315
    OK ch=1 v=0.2328
    OK ch=3 v=0.2439
    OK ch=7 v=0.2346
    OK ch=1 v=0.2286
    OK ch=3 v=0.2494
    OK ch=5 v=0.2931
    OK ch=7 v=0.2367
    OK ch=1 v=0.1917
    OK ch=3 v=0.2488
    OK ch=5 v=0.2846
    OK ch=7 v=0.2444
    OK ch=1 v=0.2381
    OK ch=3 v=0.2519
    OK ch=5 v=0.2751
    OK ch=7 v=0.2452
    OK ch=1 v=0.2656
    OK ch=3 v=0.2544
    OK ch=5 v=0.2664
    OK ch=7 v=0.2468
    OK ch=1 v=0.2212
    OK ch=3 v=0.2483
    OK ch=5 v=0.2612
    OK ch=7 v=0.2453
    OK ch=1 v=0.2445
    OK ch=3 v=0.2574
    OK ch=5 v=0.2559
    OK ch=7 v=0.2539
    OK ch=1 v=0.2727
    OK ch=3 v=0.2560
    OK ch=5 v=0.2508
    OK ch=7 v=0.2572
    OK ch=1 v=0.2690
    OK ch=3 v=0.2484
    OK ch=5 v=0.2484
    OK ch=1 v=0.2733
    OK ch=3 v=0.2521
    OK ch=7 v=0.2538
    OK ch=1 v=0.2479
    OK ch=3 v=0.2512
    OK ch=7 v=0.2561
    OK ch=1 v=0.2433
    OK ch=3 v=0.2433
    OK ch=7 v=0.2550
    OK ch=3 v=0.2382
    OK ch=5 v=0.2491
    OK ch=7 v=0.2532
    OK ch=1 v=0.2473
    OK ch=3 v=0.2402
    OK ch=7 v=0.2543
    OK ch=1 v=0.2675
    OK ch=3 v=0.2448
    OK ch=5 v=0.2531
    OK ch=7 v=0.2556
    OK ch=1 v=0.2266
    OK ch=3 v=0.2408
    OK ch=5 v=0.2593
    OK ch=7 v=0.2530
    OK ch=1 v=0.2219
    OK ch=3 v=0.2423
    OK ch=5 v=0.2650
    OK ch=7 v=0.2515
    OK ch=1 v=0.2448
    OK ch=3 v=0.2502
    OK ch=5 v=0.2687
    OK ch=7 v=0.2508
    OK ch=1 v=0.2298
    OK ch=3 v=0.2437
    OK ch=5 v=0.2733
    OK ch=7 v=0.2492
    OK ch=1 v=0.2158
    OK ch=3 v=0.2426
    OK ch=5 v=0.2771
    OK ch=7 v=0.2467
    OK ch=1 v=0.2237
    OK ch=3 v=0.2407
    OK ch=5 v=0.2788
    OK ch=7 v=0.2450
    OK ch=1 v=0.1843
    OK ch=3 v=0.2371
    OK ch=5 v=0.2823
    OK ch=7 v=0.2442
    OK ch=1 v=0.2528
    OK ch=3 v=0.2394
    OK ch=5 v=0.2809
    OK ch=7 v=0.2414
    OK ch=1 v=0.2257
    OK ch=3 v=0.2373
    OK ch=5 v=0.2795
    OK ch=7 v=0.2394
    OK ch=1 v=0.2548
    OK ch=3 v=0.2459
    OK ch=5 v=0.2785
    OK ch=1 v=0.2213
    OK ch=3 v=0.2425
    OK ch=5 v=0.2800
    OK ch=7 v=0.2376
    OK ch=1 v=0.2339
    OK ch=3 v=0.2406
    OK ch=7 v=0.2384
    OK ch=1 v=0.2702
    OK ch=3 v=0.2419
    OK ch=5 v=0.2787
    OK ch=7 v=0.2354
    OK ch=1 v=0.2722
    OK ch=3 v=0.2511
    OK ch=5 v=0.2748
    OK ch=7 v=0.2395
    OK ch=1 v=0.2288
    OK ch=3 v=0.2449
    OK ch=5 v=0.2764
    OK ch=7 v=0.2417
    OK ch=1 v=0.2539
    OK ch=3 v=0.2585
    OK ch=5 v=0.2741
    OK ch=7 v=0.2452
    OK ch=1 v=0.2274
    OK ch=3 v=0.2515
    OK ch=5 v=0.2701
    OK ch=1 v=0.2629
    OK ch=3 v=0.2615
    OK ch=5 v=0.2689
    OK ch=7 v=0.2445
    OK ch=1 v=0.2713
    OK ch=3 v=0.2600
    OK ch=5 v=0.2663
    OK ch=7 v=0.2486
    OK ch=1 v=0.2544
    OK ch=5 v=0.2648
    OK ch=7 v=0.2498
    OK ch=1 v=0.2396
    OK ch=3 v=0.2507
    OK ch=7 v=0.2478
    OK ch=1 v=0.2404
    OK ch=3 v=0.2543
    OK ch=5 v=0.2631
    OK ch=7 v=0.2419
    OK ch=1 v=0.2696
    OK ch=3 v=0.2531
    OK ch=5 v=0.2643
    OK ch=7 v=0.2454
    OK ch=1 v=0.2755
    OK ch=3 v=0.2560
    OK ch=5 v=0.2651
    OK ch=7 v=0.2475
    OK ch=1 v=0.2645
    OK ch=3 v=0.2576
    OK ch=5 v=0.2673
    OK ch=7 v=0.2449
    OK ch=1 v=0.2386
    OK ch=3 v=0.2423
    OK ch=5 v=0.2698
    OK ch=7 v=0.2471
    OK ch=1 v=0.2457
    OK ch=3 v=0.2499
    OK ch=7 v=0.2482
    OK ch=1 v=0.2195
    OK ch=3 v=0.2449
    OK ch=5 v=0.2712
    OK ch=7 v=0.2476
    OK ch=1 v=0.2388
    OK ch=3 v=0.2437
    OK ch=5 v=0.2728
    OK ch=7 v=0.2444
    OK ch=1 v=0.2122
    OK ch=3 v=0.2405
    OK ch=7 v=0.2454
    OK ch=1 v=0.2256
    OK ch=3 v=0.2451
    OK ch=5 v=0.2764
    OK ch=1 v=0.2443
    OK ch=5 v=0.2747
    OK ch=1 v=0.2329
    OK ch=3 v=0.2287
    OK ch=7 v=0.2445
    OK ch=1 v=0.2308
    OK ch=3 v=0.2409
    OK ch=7 v=0.2456
    OK ch=1 v=0.2466
    OK ch=3 v=0.2433
    OK ch=7 v=0.2435
    OK ch=1 v=0.2333
    OK ch=3 v=0.2388
    OK ch=5 v=0.2728
    OK ch=7 v=0.2423
    OK ch=1 v=0.2164
    OK ch=3 v=0.2349
    OK ch=7 v=0.2445
    OK ch=1 v=0.2082
    OK ch=3 v=0.2379
    OK ch=5 v=0.2722
    OK ch=7 v=0.2477
    OK ch=1 v=0.2321
    OK ch=3 v=0.2449
    OK ch=5 v=0.2705
    OK ch=7 v=0.2455
    OK ch=1 v=0.2269
    OK ch=3 v=0.2429
    OK ch=5 v=0.2688
    OK ch=7 v=0.2487
    OK ch=1 v=0.2419
    OK ch=3 v=0.2458
    OK ch=5 v=0.2678
    OK ch=7 v=0.2482
    OK ch=3 v=0.2391
    OK ch=5 v=0.2668
    OK ch=1 v=0.2176
    OK ch=3 v=0.2423
    OK ch=7 v=0.2441
    OK ch=1 v=0.2263
    OK ch=3 v=0.2501
    OK ch=5 v=0.2662
    OK ch=7 v=0.2466
    OK ch=1 v=0.2744
    OK ch=3 v=0.2588
    OK ch=5 v=0.2642
    OK ch=7 v=0.2491
    OK ch=1 v=0.2490
    OK ch=3 v=0.2484
    OK ch=7 v=0.2470
    OK ch=1 v=0.2579
    OK ch=5 v=0.2650
    OK ch=7 v=0.2461
    OK ch=1 v=0.2374
    OK ch=3 v=0.2447
    OK ch=5 v=0.2667
    OK ch=7 v=0.2467
    OK ch=1 v=0.2479
    OK ch=3 v=0.2495
    OK ch=5 v=0.2659
    OK ch=7 v=0.2486
    OK ch=1 v=0.2663
    OK ch=3 v=0.2557
    OK ch=5 v=0.2668
    OK ch=1 v=0.2449
    OK ch=3 v=0.2518
    OK ch=5 v=0.2692
    OK ch=7 v=0.2465
    OK ch=1 v=0.2416
    OK ch=5 v=0.2699
    OK ch=1 v=0.2677
    OK ch=3 v=0.2552
    OK ch=1 v=0.2551
    OK ch=3 v=0.2490
    OK ch=5 v=0.2718
    OK ch=7 v=0.2446
    OK ch=1 v=0.2456
    OK ch=3 v=0.2468
    OK ch=5 v=0.2725
    OK ch=7 v=0.2430
[   25.1s] DAMPING     ch0:.... g=-0.0301 bp=+0.052V ratio=0.21  ch1:.... g=-0.0304 bp=+0.010V ratio=0.23  ch2:.... g=+0.0100 bp=+0.053V ratio=0.10  ch3:.... g=-0.0300 bp=+0.013V ratio=0.10
    OK ch=1 v=0.2143
    OK ch=3 v=0.2450
    OK ch=5 v=0.2749
    OK ch=1 v=0.2209
    OK ch=3 v=0.2427
    OK ch=7 v=0.2416
    OK ch=1 v=0.2604
    OK ch=3 v=0.2491
    OK ch=5 v=0.2755
    OK ch=7 v=0.2398
    OK ch=1 v=0.2446
    OK ch=3 v=0.2476
    OK ch=7 v=0.2415
    OK ch=1 v=0.2392
    OK ch=3 v=0.2494
    OK ch=7 v=0.2455
    OK ch=1 v=0.2621
    OK ch=3 v=0.2551
    OK ch=5 v=0.2772
    OK ch=7 v=0.2431
    OK ch=1 v=0.2180
    OK ch=3 v=0.2418
    OK ch=7 v=0.2412
    OK ch=1 v=0.2468
    OK ch=3 v=0.2525
    OK ch=5 v=0.2761
    OK ch=7 v=0.2423
    OK ch=1 v=0.2588
    OK ch=3 v=0.2495
    OK ch=5 v=0.2756
    OK ch=7 v=0.2440
    OK ch=1 v=0.2334
    OK ch=3 v=0.2443
    OK ch=5 v=0.2741
    OK ch=1 v=0.2052
    OK ch=3 v=0.2451
    OK ch=5 v=0.2735
    OK ch=7 v=0.2459
    OK ch=1 v=0.2368
    OK ch=3 v=0.2436
    OK ch=5 v=0.2717
    OK ch=7 v=0.2454
    OK ch=1 v=0.2435
    OK ch=3 v=0.2456
    OK ch=5 v=0.2712
    OK ch=7 v=0.2433
    OK ch=1 v=0.2385
    OK ch=5 v=0.2687
    OK ch=7 v=0.2487
    OK ch=1 v=0.2218
    OK ch=3 v=0.2530
    OK ch=5 v=0.2675
    OK ch=7 v=0.2478
    OK ch=1 v=0.2298
    OK ch=3 v=0.2469
    OK ch=5 v=0.2666
    OK ch=7 v=0.2469
    OK ch=1 v=0.2570
    OK ch=3 v=0.2411
    OK ch=5 v=0.2656
    OK ch=7 v=0.2441
    OK ch=1 v=0.2642
    OK ch=3 v=0.2491
    OK ch=7 v=0.2476
    OK ch=1 v=0.2257
    OK ch=3 v=0.2465
    OK ch=7 v=0.2490
    OK ch=1 v=0.2368
    OK ch=5 v=0.2670
    OK ch=7 v=0.2496
    OK ch=1 v=0.2505
    OK ch=3 v=0.2510
    OK ch=7 v=0.2486
    OK ch=1 v=0.2347
    OK ch=3 v=0.2452
    OK ch=5 v=0.2665
    OK ch=1 v=0.2469
    OK ch=3 v=0.2394
    OK ch=1 v=0.2339
    OK ch=3 v=0.2486
    OK ch=7 v=0.2494
    OK ch=1 v=0.2309
    OK ch=3 v=0.2470
    OK ch=5 v=0.2675
    OK ch=7 v=0.2484
    OK ch=1 v=0.2433
    OK ch=3 v=0.2514
    OK ch=7 v=0.2457
    OK ch=1 v=0.2333
    OK ch=3 v=0.2427
    OK ch=7 v=0.2473
    OK ch=1 v=0.2355
    OK ch=3 v=0.2453
    OK ch=5 v=0.2700
    OK ch=7 v=0.2495
    OK ch=1 v=0.2234
    OK ch=3 v=0.2408
    OK ch=5 v=0.2692
    OK ch=7 v=0.2448
    OK ch=1 v=0.2422
    OK ch=3 v=0.2448
    OK ch=5 v=0.2710
    OK ch=7 v=0.2440
    OK ch=1 v=0.2611
    OK ch=3 v=0.2501
    OK ch=5 v=0.2718
    OK ch=7 v=0.2453
    OK ch=1 v=0.2322
    OK ch=7 v=0.2467
    OK ch=1 v=0.2606
    OK ch=5 v=0.2736
    OK ch=7 v=0.2442
    OK ch=1 v=0.2530
    OK ch=3 v=0.2476
    OK ch=5 v=0.2743
    OK ch=7 v=0.2425
    OK ch=1 v=0.2468
    OK ch=7 v=0.2442
    OK ch=1 v=0.2313
    OK ch=3 v=0.2421
    OK ch=7 v=0.2436
    OK ch=1 v=0.2262
    OK ch=3 v=0.2402
    OK ch=5 v=0.2731
    OK ch=7 v=0.2427
    OK ch=1 v=0.2651
    OK ch=3 v=0.2516
    OK ch=5 v=0.2725
    OK ch=7 v=0.2436
    OK ch=1 v=0.2429
    OK ch=3 v=0.2429
    OK ch=5 v=0.2731
    OK ch=7 v=0.2445
    OK ch=1 v=0.2421
    OK ch=3 v=0.2463
    OK ch=5 v=0.2723
    OK ch=1 v=0.2390
    OK ch=3 v=0.2509
    OK ch=5 v=0.2706
    OK ch=1 v=0.2205
    OK ch=3 v=0.2487
    OK ch=1 v=0.2345
    OK ch=3 v=0.2514
    OK ch=7 v=0.2430
    OK ch=1 v=0.2442
    OK ch=5 v=0.2688
    OK ch=1 v=0.2379
    OK ch=3 v=0.2432
    OK ch=5 v=0.2700
    OK ch=7 v=0.2484
    OK ch=1 v=0.2522
    OK ch=3 v=0.2488
    OK ch=5 v=0.2686
    OK ch=7 v=0.2447
    OK ch=1 v=0.2244
    OK ch=3 v=0.2504
    OK ch=5 v=0.2697
    OK ch=1 v=0.2477
    OK ch=3 v=0.2473
    OK ch=7 v=0.2460
    OK ch=1 v=0.2281
    OK ch=3 v=0.2451
    OK ch=5 v=0.2705
    OK ch=1 v=0.2580
    OK ch=3 v=0.2522
    OK ch=5 v=0.2699
    OK ch=3 v=0.2549
    OK ch=7 v=0.2450
    OK ch=1 v=0.2638
    OK ch=7 v=0.2483
    OK ch=1 v=0.2614
    OK ch=3 v=0.2523
    OK ch=5 v=0.2711
    OK ch=1 v=0.2640
    OK ch=3 v=0.2532
    OK ch=5 v=0.2699
    OK ch=1 v=0.2073
    OK ch=3 v=0.2489
    OK ch=5 v=0.2712
    OK ch=7 v=0.2453
    OK ch=1 v=0.2344
    OK ch=3 v=0.2444
    OK ch=5 v=0.2720
    OK ch=7 v=0.2469
    OK ch=1 v=0.2291
    OK ch=3 v=0.2394
    OK ch=7 v=0.2444
    OK ch=1 v=0.2529
    OK ch=3 v=0.2415
    OK ch=5 v=0.2698
    OK ch=1 v=0.2677
    OK ch=3 v=0.2495
    OK ch=7 v=0.2470
    OK ch=1 v=0.2590
    OK ch=3 v=0.2484
    OK ch=5 v=0.2712
    OK ch=7 v=0.2449
    OK ch=1 v=0.2032
    OK ch=3 v=0.2371
    OK ch=7 v=0.2435
    OK ch=1 v=0.2406
    OK ch=3 v=0.2463
    OK ch=5 v=0.2697
    OK ch=7 v=0.2462
    OK ch=1 v=0.2379
    OK ch=3 v=0.2454
    OK ch=1 v=0.2406
    OK ch=3 v=0.2492
    OK ch=5 v=0.2686
    OK ch=1 v=0.2477
    OK ch=1 v=0.2425
    OK ch=3 v=0.2446
    OK ch=5 v=0.2692
    OK ch=1 v=0.2401
    OK ch=3 v=0.2440
    OK ch=5 v=0.2698
    OK ch=7 v=0.2446
    OK ch=1 v=0.2689
    OK ch=3 v=0.2404
    OK ch=1 v=0.2543
    OK ch=3 v=0.2471
    OK ch=7 v=0.2472
    OK ch=1 v=0.2138
    OK ch=3 v=0.2424
    OK ch=7 v=0.2488
    OK ch=1 v=0.2168
    OK ch=3 v=0.2489
    OK ch=5 v=0.2689
    OK ch=7 v=0.2494
    OK ch=1 v=0.2183
    OK ch=3 v=0.2465
    OK ch=5 v=0.2700
    OK ch=7 v=0.2469
    OK ch=1 v=0.2414
    OK ch=3 v=0.2454
    OK ch=5 v=0.2692
    OK ch=7 v=0.2435
    OK ch=1 v=0.2545
    OK ch=3 v=0.2506
    OK ch=7 v=0.2470
    OK ch=1 v=0.2665
    OK ch=3 v=0.2531
    OK ch=5 v=0.2669
    OK ch=1 v=0.2611
    OK ch=3 v=0.2521
    OK ch=5 v=0.2696
    OK ch=7 v=0.2455
    OK ch=1 v=0.2138
    OK ch=3 v=0.2465
    OK ch=5 v=0.2713
    OK ch=7 v=0.2426
    OK ch=1 v=0.2432
    OK ch=3 v=0.2479
    OK ch=5 v=0.2701
    OK ch=7 v=0.2454
    OK ch=1 v=0.2224
    OK ch=3 v=0.2466
    OK ch=5 v=0.2707
    OK ch=7 v=0.2471
    OK ch=1 v=0.2674
    OK ch=3 v=0.2488
    OK ch=7 v=0.2457
    OK ch=1 v=0.2389
    OK ch=3 v=0.2511
    OK ch=7 v=0.2441
    OK ch=1 v=0.2356
    OK ch=3 v=0.2481
    OK ch=5 v=0.2731
    OK ch=1 v=0.2458
    OK ch=3 v=0.2517
    OK ch=7 v=0.2409
    OK ch=1 v=0.2506
    OK ch=3 v=0.2452
    OK ch=5 v=0.2739
    OK ch=7 v=0.2438
    OK ch=1 v=0.2238
    OK ch=3 v=0.2383
    OK ch=5 v=0.2719
    OK ch=7 v=0.2453
    OK ch=1 v=0.2425
    OK ch=3 v=0.2494
    OK ch=5 v=0.2714
    OK ch=1 v=0.2470
    OK ch=3 v=0.2521
    OK ch=7 v=0.2435
    OK ch=1 v=0.2393
    OK ch=3 v=0.2489
    OK ch=7 v=0.2448
    OK ch=1 v=0.2462
    OK ch=3 v=0.2474
    OK ch=5 v=0.2724
    OK ch=7 v=0.2455
    OK ch=1 v=0.2513
    OK ch=3 v=0.2536
    OK ch=5 v=0.2716
    OK ch=7 v=0.2469
    OK ch=1 v=0.2274
    OK ch=3 v=0.2393
    OK ch=5 v=0.2708
    OK ch=7 v=0.2445
    OK ch=1 v=0.2513
    OK ch=3 v=0.2488
    OK ch=7 v=0.2434
    OK ch=1 v=0.2503
    OK ch=3 v=0.2476
    OK ch=5 v=0.2715
    OK ch=7 v=0.2463
    OK ch=1 v=0.2290
    OK ch=3 v=0.2447
    OK ch=7 v=0.2446
    OK ch=1 v=0.2463
    OK ch=3 v=0.2472
    OK ch=5 v=0.2702
    OK ch=7 v=0.2458
    OK ch=1 v=0.2494
    OK ch=3 v=0.2500
    OK ch=5 v=0.2688
    OK ch=7 v=0.2450
    OK ch=1 v=0.2398
    OK ch=3 v=0.2436
    OK ch=5 v=0.2699
    OK ch=7 v=0.2475
    OK ch=1 v=0.2428
    OK ch=3 v=0.2471
    OK ch=5 v=0.2692
    OK ch=3 v=0.2489
    OK ch=7 v=0.2480
    OK ch=1 v=0.2268
    OK ch=3 v=0.2466
    OK ch=7 v=0.2488
    OK ch=1 v=0.2407
    OK ch=3 v=0.2447
    OK ch=5 v=0.2686
    OK ch=7 v=0.2458
    OK ch=1 v=0.2304
    OK ch=3 v=0.2427
    OK ch=5 v=0.2681
    OK ch=7 v=0.2484
    OK ch=1 v=0.2279
    OK ch=3 v=0.2417
    OK ch=5 v=0.2692
    OK ch=7 v=0.2454
    OK ch=1 v=0.2465
    OK ch=3 v=0.2471
    OK ch=7 v=0.2460
    OK ch=1 v=0.2561
    OK ch=3 v=0.2507
    OK ch=7 v=0.2483
    OK ch=1 v=0.2390
    OK ch=3 v=0.2483
    OK ch=7 v=0.2468
    OK ch=1 v=0.2232
    OK ch=3 v=0.2439
    OK ch=5 v=0.2701
    OK ch=7 v=0.2436
    OK ch=1 v=0.2434
    OK ch=3 v=0.2510
    OK ch=7 v=0.2446
    OK ch=1 v=0.2456
    OK ch=5 v=0.2709
    OK ch=7 v=0.2462
    OK ch=1 v=0.2688
    OK ch=3 v=0.2488
    OK ch=1 v=0.2391
    OK ch=3 v=0.2467
    OK ch=1 v=0.2340
    OK ch=3 v=0.2437
    OK ch=5 v=0.2734
    OK ch=7 v=0.2448
    OK ch=1 v=0.2263
    OK ch=3 v=0.2425
    OK ch=5 v=0.2718
    OK ch=7 v=0.2457
    OK ch=1 v=0.2453
    OK ch=3 v=0.2498
    OK ch=5 v=0.2708
    OK ch=7 v=0.2446
    OK ch=1 v=0.2322
    OK ch=3 v=0.2432
    OK ch=1 v=0.2421
    OK ch=3 v=0.2462
    OK ch=5 v=0.2702
    OK ch=1 v=0.2490
    OK ch=3 v=0.2416
    OK ch=5 v=0.2712
    OK ch=7 v=0.2439
    OK ch=1 v=0.2411
    OK ch=3 v=0.2471
    OK ch=7 v=0.2478
    OK ch=1 v=0.2263
    OK ch=3 v=0.2436
    OK ch=5 v=0.2727
    OK ch=7 v=0.2444
    OK ch=1 v=0.2549
    OK ch=3 v=0.2511
    OK ch=5 v=0.2720
    OK ch=1 v=0.2578
    OK ch=3 v=0.2552
    OK ch=5 v=0.2706
    OK ch=1 v=0.2514
    OK ch=3 v=0.2492
    OK ch=5 v=0.2701
    OK ch=1 v=0.2549
    OK ch=3 v=0.2506
    OK ch=5 v=0.2693
    OK ch=1 v=0.2276
    OK ch=3 v=0.2499
    OK ch=5 v=0.2707
    OK ch=7 v=0.2455
    OK ch=1 v=0.2367
    OK ch=3 v=0.2485
    OK ch=5 v=0.2715
    OK ch=1 v=0.2419
    OK ch=3 v=0.2452
    OK ch=5 v=0.2706
    OK ch=7 v=0.2448
    OK ch=1 v=0.2098
    OK ch=7 v=0.2461
    OK ch=1 v=0.2144
    OK ch=3 v=0.2417
    OK ch=7 v=0.2474
    OK ch=1 v=0.2250
    OK ch=3 v=0.2408
    OK ch=7 v=0.2438
    OK ch=1 v=0.2210
    OK ch=3 v=0.2448
    OK ch=5 v=0.2697
    OK ch=7 v=0.2446
    OK ch=1 v=0.2645
    OK ch=3 v=0.2525
    OK ch=7 v=0.2441
    OK ch=1 v=0.2539
    OK ch=3 v=0.2513
    OK ch=5 v=0.2703
    OK ch=7 v=0.2456
    OK ch=1 v=0.2355
    OK ch=3 v=0.2495
    OK ch=7 v=0.2473
    OK ch=1 v=0.2649
    OK ch=3 v=0.2471
    OK ch=1 v=0.2565
    OK ch=3 v=0.2488
    OK ch=5 v=0.2716
    OK ch=1 v=0.2023
    OK ch=3 v=0.2500
    OK ch=7 v=0.2464
    OK ch=1 v=0.2423
    OK ch=3 v=0.2494
    OK ch=5 v=0.2702
    OK ch=7 v=0.2449
[   30.1s] DAMPING     ch0:.... g=-0.0300 bp=-0.030V ratio=0.12  ch1:.... g=-0.0300 bp=+0.013V ratio=0.07  ch2:.... g=+0.0100 bp=-0.001V ratio=0.02  ch3:.... g=-0.0300 bp=-0.002V ratio=0.04
    OK ch=1 v=0.2314
    OK ch=3 v=0.2389
    OK ch=7 v=0.2470
    OK ch=1 v=0.2528
    OK ch=3 v=0.2439
    OK ch=1 v=0.2922
    OK ch=3 v=0.2526
    OK ch=1 v=0.2733
    OK ch=3 v=0.2513
    OK ch=7 v=0.2452
    OK ch=1 v=0.2337
    OK ch=3 v=0.2437
    OK ch=5 v=0.2712
    OK ch=1 v=0.2207
    OK ch=3 v=0.2428
    OK ch=5 v=0.2717
    OK ch=7 v=0.2460
    OK ch=1 v=0.2599
    OK ch=3 v=0.2477
    OK ch=5 v=0.2700
    OK ch=1 v=0.2276
    OK ch=3 v=0.2377
    OK ch=7 v=0.2447
    OK ch=1 v=0.2453
    OK ch=3 v=0.2514
    OK ch=5 v=0.2687
    OK ch=1 v=0.2432
    OK ch=3 v=0.2523
    OK ch=5 v=0.2697
    OK ch=7 v=0.2461
    OK ch=1 v=0.2336
    OK ch=3 v=0.2437
    OK ch=5 v=0.2703
    OK ch=3 v=0.2478
    OK ch=7 v=0.2472
    OK ch=1 v=0.2200
    OK ch=3 v=0.2417
    OK ch=7 v=0.2436
    OK ch=1 v=0.2504
    OK ch=3 v=0.2425
    OK ch=7 v=0.2465
    OK ch=1 v=0.2454
    OK ch=3 v=0.2513
    OK ch=5 v=0.2675
    OK ch=7 v=0.2445
    OK ch=1 v=0.2254
    OK ch=3 v=0.2485
    OK ch=5 v=0.2682
    OK ch=1 v=0.2354
    OK ch=3 v=0.2464
    OK ch=5 v=0.2698
    OK ch=7 v=0.2459
    OK ch=1 v=0.2509
    OK ch=3 v=0.2520
    OK ch=5 v=0.2711
    OK ch=1 v=0.2442
    OK ch=3 v=0.2433
    OK ch=5 v=0.2706
    OK ch=7 v=0.2473
    OK ch=1 v=0.2474
    OK ch=3 v=0.2483
    OK ch=7 v=0.2457
    OK ch=1 v=0.2497
    OK ch=3 v=0.2525
    OK ch=1 v=0.2449
    OK ch=3 v=0.2511
    OK ch=7 v=0.2488
    OK ch=3 v=0.2470
    OK ch=7 v=0.2455
    OK ch=1 v=0.2563
    OK ch=3 v=0.2506
    OK ch=5 v=0.2712
    OK ch=7 v=0.2446
    OK ch=1 v=0.2375
    OK ch=3 v=0.2412
    OK ch=1 v=0.2286
    OK ch=3 v=0.2427
    OK ch=1 v=0.2276
    OK ch=3 v=0.2465
    OK ch=1 v=0.2493
    OK ch=3 v=0.2491
    OK ch=1 v=0.2205
    OK ch=3 v=0.2426
    OK ch=7 v=0.2453
    OK ch=1 v=0.2372
    OK ch=3 v=0.2477
    OK ch=7 v=0.2442

*** LOCKED -- 11.1s after gain was applied (t=31.1s total) ***

    OK ch=1 v=0.2508
    OK ch=3 v=0.2464
    OK ch=5 v=0.2705
    OK ch=7 v=0.2432
    OK ch=1 v=0.2332
    OK ch=3 v=0.2430
    OK ch=5 v=0.2714
    OK ch=7 v=0.2451
    OK ch=1 v=0.2576
    OK ch=3 v=0.2521
    OK ch=5 v=0.2704
    OK ch=7 v=0.2445
    OK ch=1 v=0.2248
    OK ch=3 v=0.2486
    OK ch=5 v=0.2721
    OK ch=7 v=0.2472
    OK ch=1 v=0.2375
    OK ch=3 v=0.2439
    OK ch=7 v=0.2449
    OK ch=1 v=0.2412
    OK ch=3 v=0.2487
    OK ch=7 v=0.2459
    OK ch=1 v=0.2483
    OK ch=5 v=0.2710
    OK ch=7 v=0.2473
    OK ch=1 v=0.2447
    OK ch=3 v=0.2478
    OK ch=7 v=0.2448
    OK ch=1 v=0.2404
    OK ch=3 v=0.2499
    OK ch=5 v=0.2697
    OK ch=7 v=0.2456
    OK ch=1 v=0.2536
    OK ch=3 v=0.2528
    OK ch=5 v=0.2690
    OK ch=7 v=0.2470
    OK ch=1 v=0.2143
    OK ch=3 v=0.2430
    OK ch=5 v=0.2682
    OK ch=7 v=0.2456
    OK ch=1 v=0.2435
    OK ch=3 v=0.2390
    OK ch=5 v=0.2697
    OK ch=7 v=0.2441
    OK ch=1 v=0.2519
    OK ch=3 v=0.2459
    OK ch=5 v=0.2685
    OK ch=7 v=0.2456
    OK ch=1 v=0.2486
    OK ch=3 v=0.2489
    OK ch=7 v=0.2447
    OK ch=1 v=0.2551
    OK ch=3 v=0.2466
    OK ch=5 v=0.2694
    OK ch=7 v=0.2460
    OK ch=1 v=0.2443
    OK ch=5 v=0.2702
    OK ch=7 v=0.2439
    OK ch=1 v=0.2458
    OK ch=3 v=0.2489
    OK ch=7 v=0.2476
    OK ch=1 v=0.2433
    OK ch=7 v=0.2468
    OK ch=1 v=0.2407
    OK ch=7 v=0.2476
    OK ch=1 v=0.2420
    OK ch=3 v=0.2471
    OK ch=7 v=0.2498
    OK ch=1 v=0.2335
    OK ch=3 v=0.2489
    OK ch=7 v=0.2481
    OK ch=1 v=0.2283
    OK ch=3 v=0.2452
    OK ch=7 v=0.2457
    OK ch=1 v=0.2365
    OK ch=7 v=0.2438
    OK ch=1 v=0.2654
    OK ch=3 v=0.2534
    OK ch=5 v=0.2692
    OK ch=7 v=0.2424
    OK ch=1 v=0.2499
    OK ch=3 v=0.2516
    OK ch=5 v=0.2712
    OK ch=7 v=0.2465
    OK ch=1 v=0.2180
    OK ch=3 v=0.2356
    OK ch=7 v=0.2446
    OK ch=1 v=0.2289
    OK ch=3 v=0.2429
    OK ch=5 v=0.2703
    OK ch=7 v=0.2457
    OK ch=1 v=0.2456
    OK ch=3 v=0.2475
    OK ch=5 v=0.2694
    OK ch=7 v=0.2447
    OK ch=1 v=0.2566
    OK ch=3 v=0.2496
    OK ch=5 v=0.2715
    OK ch=7 v=0.2472
    OK ch=1 v=0.2426
    OK ch=3 v=0.2480
    OK ch=5 v=0.2708
    OK ch=7 v=0.2459
    OK ch=1 v=0.2473
    OK ch=3 v=0.2532
    OK ch=7 v=0.2467
    OK ch=1 v=0.2355
    OK ch=3 v=0.2477
    OK ch=5 v=0.2715
    OK ch=1 v=0.2266
    OK ch=3 v=0.2460
    OK ch=5 v=0.2706
    OK ch=7 v=0.2449
    OK ch=1 v=0.2366
    OK ch=5 v=0.2696
    OK ch=7 v=0.2436
    OK ch=1 v=0.2386
    OK ch=5 v=0.2703
    OK ch=7 v=0.2450
    OK ch=1 v=0.2316
    OK ch=3 v=0.2452
    OK ch=5 v=0.2711
    OK ch=7 v=0.2432
    OK ch=1 v=0.2638
    OK ch=3 v=0.2538
    OK ch=5 v=0.2716
    OK ch=7 v=0.2448
    OK ch=1 v=0.2626
    OK ch=3 v=0.2494
    OK ch=7 v=0.2454
    OK ch=1 v=0.2608
    OK ch=5 v=0.2707
    OK ch=7 v=0.2469
    OK ch=1 v=0.2231
    OK ch=3 v=0.2458
    OK ch=7 v=0.2457
    OK ch=1 v=0.2189
    OK ch=3 v=0.2440
    OK ch=1 v=0.2268
    OK ch=3 v=0.2464
    OK ch=1 v=0.2492
    OK ch=3 v=0.2473
    OK ch=5 v=0.2699
    OK ch=1 v=0.2436
    OK ch=5 v=0.2711
    OK ch=1 v=0.2591
    OK ch=3 v=0.2521
    OK ch=5 v=0.2706
    OK ch=1 v=0.2516
    OK ch=3 v=0.2488
    OK ch=7 v=0.2468
    OK ch=1 v=0.2524
    OK ch=3 v=0.2461
    OK ch=7 v=0.2456
    OK ch=1 v=0.2311
    OK ch=3 v=0.2432
    OK ch=7 v=0.2477
    OK ch=1 v=0.2483
    OK ch=3 v=0.2470
    OK ch=7 v=0.2440
    OK ch=1 v=0.2371
    OK ch=3 v=0.2444
    OK ch=7 v=0.2447
    OK ch=1 v=0.2099
    OK ch=3 v=0.2468
    OK ch=5 v=0.2698
    OK ch=1 v=0.2246
    OK ch=3 v=0.2475
    OK ch=7 v=0.2454
    OK ch=1 v=0.2355
    OK ch=3 v=0.2452
    OK ch=1 v=0.2338
    OK ch=3 v=0.2426
    OK ch=7 v=0.2432
    OK ch=1 v=0.2597
    OK ch=3 v=0.2526
    OK ch=7 v=0.2455
    OK ch=1 v=0.2614
    OK ch=3 v=0.2512
    OK ch=5 v=0.2681
    OK ch=7 v=0.2462
    OK ch=1 v=0.2279
    OK ch=3 v=0.2412
    OK ch=5 v=0.2700
    OK ch=7 v=0.2473
    OK ch=1 v=0.2446
    OK ch=3 v=0.2529
    OK ch=5 v=0.2687
    OK ch=1 v=0.2361
    OK ch=3 v=0.2416
    OK ch=5 v=0.2711
    OK ch=1 v=0.2438
    OK ch=3 v=0.2485
    OK ch=7 v=0.2460
    OK ch=1 v=0.2307
    OK ch=3 v=0.2439
    OK ch=5 v=0.2721
    OK ch=7 v=0.2466
    OK ch=1 v=0.2429
    OK ch=3 v=0.2497
    OK ch=5 v=0.2709
    OK ch=7 v=0.2440
    OK ch=1 v=0.2216
    OK ch=3 v=0.2475
    OK ch=5 v=0.2699
    OK ch=7 v=0.2452
    OK ch=1 v=0.2483
    OK ch=3 v=0.2434
    OK ch=5 v=0.2687
    OK ch=7 v=0.2444
    OK ch=1 v=0.2430
    OK ch=3 v=0.2440
    OK ch=5 v=0.2698
    OK ch=7 v=0.2458
    OK ch=1 v=0.2544
    OK ch=3 v=0.2523
    OK ch=1 v=0.2351
    OK ch=3 v=0.2445
    OK ch=1 v=0.2429
    OK ch=3 v=0.2461
    OK ch=5 v=0.2708
    OK ch=1 v=0.2329
    OK ch=3 v=0.2421
    OK ch=5 v=0.2722
    OK ch=1 v=0.2259
    OK ch=3 v=0.2427
    OK ch=5 v=0.2707
    OK ch=7 v=0.2433
    OK ch=1 v=0.2373
    OK ch=3 v=0.2481
    OK ch=5 v=0.2696
    OK ch=7 v=0.2447
    OK ch=1 v=0.2771
    OK ch=3 v=0.2500
    OK ch=5 v=0.2704
    OK ch=7 v=0.2442
    OK ch=1 v=0.2471
    OK ch=3 v=0.2505
    OK ch=5 v=0.2711
    OK ch=7 v=0.2481
    OK ch=1 v=0.2249
    OK ch=3 v=0.2459
    OK ch=5 v=0.2728
    OK ch=7 v=0.2445
    OK ch=1 v=0.2276
    OK ch=3 v=0.2466
    OK ch=5 v=0.2721
    OK ch=7 v=0.2454
    OK ch=1 v=0.2378
    OK ch=3 v=0.2446
    OK ch=5 v=0.2712
    OK ch=1 v=0.2433
    OK ch=3 v=0.2533
    OK ch=1 v=0.2586
    OK ch=3 v=0.2507
    OK ch=5 v=0.2705
    OK ch=7 v=0.2469
    OK ch=1 v=0.2424
    OK ch=3 v=0.2473
    OK ch=5 v=0.2696
    OK ch=7 v=0.2457
    OK ch=1 v=0.2401
    OK ch=3 v=0.2465
    OK ch=5 v=0.2710
    OK ch=1 v=0.2447
    OK ch=3 v=0.2452
    OK ch=5 v=0.2704
    OK ch=7 v=0.2442
    OK ch=1 v=0.2340
    OK ch=3 v=0.2432
    OK ch=5 v=0.2690
    OK ch=7 v=0.2456
    OK ch=1 v=0.2428
    OK ch=3 v=0.2443
    OK ch=5 v=0.2706
    OK ch=7 v=0.2436
    OK ch=1 v=0.2439
    OK ch=3 v=0.2479
    OK ch=7 v=0.2463
    OK ch=1 v=0.2505
    OK ch=3 v=0.2520
    OK ch=7 v=0.2455
    OK ch=1 v=0.2495
    OK ch=3 v=0.2506
    OK ch=7 v=0.2477
    OK ch=1 v=0.2563
    OK ch=7 v=0.2489
    OK ch=1 v=0.2158
    OK ch=3 v=0.2416
    OK ch=7 v=0.2475
    OK ch=1 v=0.2128
    OK ch=3 v=0.2385
    OK ch=5 v=0.2697
    OK ch=1 v=0.2343
    OK ch=3 v=0.2460
    OK ch=5 v=0.2692
    OK ch=7 v=0.2434
    OK ch=1 v=0.2471
    OK ch=3 v=0.2542
    OK ch=5 v=0.2677
    OK ch=7 v=0.2442
    OK ch=1 v=0.2720
    OK ch=3 v=0.2508
    OK ch=5 v=0.2687
    OK ch=7 v=0.2425
    OK ch=1 v=0.2489
    OK ch=3 v=0.2452
    OK ch=5 v=0.2716
    OK ch=7 v=0.2468
    OK ch=1 v=0.2342
    OK ch=3 v=0.2471
    OK ch=7 v=0.2484
    OK ch=3 v=0.2485
    OK ch=7 v=0.2491
    OK ch=1 v=0.2374
    OK ch=7 v=0.2474
    OK ch=1 v=0.2169
    OK ch=3 v=0.2424
    OK ch=5 v=0.2696
    OK ch=7 v=0.2452
    OK ch=1 v=0.2269
    OK ch=5 v=0.2707
    OK ch=7 v=0.2422
    OK ch=1 v=0.2282
    OK ch=3 v=0.2481
    OK ch=5 v=0.2701
    OK ch=7 v=0.2449
    OK ch=1 v=0.2408
    OK ch=3 v=0.2470
    OK ch=7 v=0.2458
    OK ch=1 v=0.2426
    OK ch=3 v=0.2445
    OK ch=1 v=0.2489
    OK ch=3 v=0.2490
    OK ch=5 v=0.2715
    OK ch=7 v=0.2424
    OK ch=1 v=0.2535
    OK ch=5 v=0.2722
    OK ch=7 v=0.2434
    OK ch=1 v=0.2822
    OK ch=3 v=0.2556
    OK ch=5 v=0.2704
    OK ch=7 v=0.2419
    OK ch=1 v=0.2486
    OK ch=3 v=0.2471
    OK ch=5 v=0.2712
    OK ch=7 v=0.2464
    OK ch=1 v=0.2272
    OK ch=3 v=0.2465
    OK ch=5 v=0.2729
    OK ch=7 v=0.2471
    OK ch=1 v=0.2150
    OK ch=3 v=0.2372
    OK ch=1 v=0.2404
    OK ch=3 v=0.2453
    OK ch=5 v=0.2715
    OK ch=7 v=0.2465
    OK ch=1 v=0.2388
    OK ch=3 v=0.2422
    OK ch=5 v=0.2699
    OK ch=7 v=0.2449
[   35.1s] DAMPING     ch0:LOCK g=-0.0300 bp=-0.014V ratio=0.09  ch1:LOCK g=-0.0300 bp=-0.015V ratio=0.06  ch2:LOCK g=+0.0100 bp=-0.014V ratio=0.02  ch3:LOCK g=-0.0300 bp=-0.003V ratio=0.04
    OK ch=1 v=0.2466
    OK ch=3 v=0.2494
    OK ch=5 v=0.2685
    OK ch=7 v=0.2461
    OK ch=1 v=0.2219
    OK ch=3 v=0.2478
    OK ch=7 v=0.2484
    OK ch=5 v=0.2697
    OK ch=7 v=0.2457
    OK ch=1 v=0.2565
    OK ch=3 v=0.2508
    OK ch=5 v=0.2689
    OK ch=7 v=0.2438
    OK ch=1 v=0.2680
    OK ch=3 v=0.2484
    OK ch=5 v=0.2700
    OK ch=1 v=0.2761
    OK ch=3 v=0.2500
    OK ch=5 v=0.2691
    OK ch=7 v=0.2454
    OK ch=1 v=0.2499
    OK ch=3 v=0.2458
    OK ch=5 v=0.2702
    OK ch=7 v=0.2459
    OK ch=1 v=0.2282
    OK ch=3 v=0.2466
    OK ch=7 v=0.2494
    OK ch=1 v=0.2250
    OK ch=3 v=0.2505
    OK ch=5 v=0.2707
    OK ch=7 v=0.2477
    OK ch=1 v=0.2155
    OK ch=3 v=0.2490
    OK ch=5 v=0.2700
    OK ch=7 v=0.2465
    OK ch=1 v=0.2325
    OK ch=3 v=0.2479
    OK ch=5 v=0.2695
    OK ch=7 v=0.2481
    OK ch=1 v=0.2487
    OK ch=3 v=0.2461
    OK ch=5 v=0.2686
    OK ch=7 v=0.2450
    OK ch=1 v=0.2784
    OK ch=3 v=0.2449
    OK ch=5 v=0.2699
    OK ch=7 v=0.2433
    OK ch=1 v=0.2609
    OK ch=3 v=0.2558
    OK ch=5 v=0.2710
    OK ch=1 v=0.2467
    OK ch=3 v=0.2518
    OK ch=5 v=0.2717
    OK ch=7 v=0.2443
    OK ch=1 v=0.2076
    OK ch=3 v=0.2395
    OK ch=5 v=0.2727
    OK ch=7 v=0.2449
    OK ch=1 v=0.2353
    OK ch=3 v=0.2445
    OK ch=5 v=0.2712
    OK ch=1 v=0.2291
    OK ch=3 v=0.2425
    OK ch=5 v=0.2700
    OK ch=7 v=0.2455
    OK ch=1 v=0.2333
    OK ch=3 v=0.2449
    OK ch=5 v=0.2723
    OK ch=7 v=0.2444
    OK ch=1 v=0.2500
    OK ch=3 v=0.2474
    OK ch=7 v=0.2435
    OK ch=1 v=0.2663
    OK ch=3 v=0.2598
    OK ch=5 v=0.2712
    OK ch=7 v=0.2452
    OK ch=1 v=0.2318
    OK ch=3 v=0.2405
    OK ch=7 v=0.2447
    OK ch=1 v=0.2288
    OK ch=3 v=0.2422
    OK ch=7 v=0.2461
    OK ch=1 v=0.2147
    OK ch=3 v=0.2368
    OK ch=1 v=0.2473
    OK ch=3 v=0.2494
    OK ch=5 v=0.2705
    OK ch=7 v=0.2440
    OK ch=1 v=0.2426
    OK ch=7 v=0.2461
    OK ch=1 v=0.2416
    OK ch=7 v=0.2453
    OK ch=1 v=0.2484
    OK ch=3 v=0.2476
    OK ch=5 v=0.2713
    OK ch=1 v=0.2396
    OK ch=3 v=0.2517
    OK ch=5 v=0.2699
    OK ch=7 v=0.2476
    OK ch=1 v=0.2348
    OK ch=3 v=0.2476
    OK ch=1 v=0.2330
    OK ch=3 v=0.2432
    OK ch=5 v=0.2706
    OK ch=7 v=0.2448
    OK ch=1 v=0.2520
    OK ch=3 v=0.2489
    OK ch=5 v=0.2696
    OK ch=7 v=0.2453
    OK ch=1 v=0.2181
    OK ch=3 v=0.2447
    OK ch=1 v=0.2481
    OK ch=5 v=0.2687
    OK ch=1 v=0.2559
    OK ch=3 v=0.2493
    OK ch=7 v=0.2479
    OK ch=1 v=0.2624
    OK ch=3 v=0.2507
    OK ch=5 v=0.2703
    OK ch=7 v=0.2445
    OK ch=1 v=0.2460
    OK ch=3 v=0.2486
    OK ch=7 v=0.2464
    OK ch=1 v=0.2401
    OK ch=3 v=0.2453
    OK ch=5 v=0.2697
    OK ch=7 v=0.2453
    OK ch=1 v=0.2412
    OK ch=3 v=0.2521
    OK ch=7 v=0.2463
    OK ch=1 v=0.2376
    OK ch=3 v=0.2448
    OK ch=5 v=0.2690
    OK ch=1 v=0.2472
    OK ch=3 v=0.2423
    OK ch=7 v=0.2485
    OK ch=1 v=0.2359
    OK ch=3 v=0.2477
    OK ch=7 v=0.2434
    OK ch=1 v=0.2643
    OK ch=3 v=0.2513
    OK ch=5 v=0.2697
    OK ch=7 v=0.2450
    OK ch=1 v=0.2279
    OK ch=3 v=0.2448
    OK ch=5 v=0.2708
    OK ch=7 v=0.2444
    OK ch=1 v=0.2674
    OK ch=3 v=0.2525
    OK ch=7 v=0.2459
    OK ch=1 v=0.2154
    OK ch=3 v=0.2403
    OK ch=5 v=0.2715
    OK ch=7 v=0.2437
    OK ch=1 v=0.2261
    OK ch=3 v=0.2459
    OK ch=5 v=0.2705
    OK ch=7 v=0.2462
    OK ch=1 v=0.2658
    OK ch=3 v=0.2530
    OK ch=5 v=0.2697
    OK ch=1 v=0.2356
    OK ch=3 v=0.2453
    OK ch=5 v=0.2711
    OK ch=1 v=0.2214
    OK ch=3 v=0.2439
    OK ch=1 v=0.2358
    OK ch=5 v=0.2716
    OK ch=7 v=0.2446
    OK ch=1 v=0.2067
    OK ch=3 v=0.2499
    OK ch=5 v=0.2733
    OK ch=7 v=0.2456
    OK ch=1 v=0.2491
    OK ch=3 v=0.2443
    OK ch=5 v=0.2718
    OK ch=1 v=0.2675
    OK ch=3 v=0.2488
    OK ch=5 v=0.2696
    OK ch=7 v=0.2422
    OK ch=1 v=0.2362
    OK ch=3 v=0.2412
    OK ch=5 v=0.2712
    OK ch=7 v=0.2449
    OK ch=1 v=0.2462
    OK ch=3 v=0.2479
    OK ch=1 v=0.2469
    OK ch=3 v=0.2501
    OK ch=7 v=0.2459
    OK ch=1 v=0.2408
    OK ch=3 v=0.2489
    OK ch=7 v=0.2475
    OK ch=1 v=0.2261
    OK ch=3 v=0.2505
    OK ch=5 v=0.2725
    OK ch=1 v=0.2672
    OK ch=3 v=0.2500
    OK ch=5 v=0.2714
    OK ch=7 v=0.2457
    OK ch=1 v=0.2261
    OK ch=3 v=0.2452
    OK ch=1 v=0.2497
    OK ch=3 v=0.2470
    OK ch=7 v=0.2440
    OK ch=1 v=0.2434
    OK ch=3 v=0.2488
    OK ch=5 v=0.2694
    OK ch=1 v=0.2471
    OK ch=3 v=0.2439
    OK ch=5 v=0.2684
    OK ch=7 v=0.2433
    OK ch=1 v=0.2318
    OK ch=3 v=0.2473
    OK ch=7 v=0.2440
    OK ch=1 v=0.2364
    OK ch=3 v=0.2455
    OK ch=5 v=0.2678
    OK ch=7 v=0.2471
    OK ch=1 v=0.2838
    OK ch=3 v=0.2444
    OK ch=5 v=0.2701
    OK ch=7 v=0.2462
    OK ch=1 v=0.2517
    OK ch=3 v=0.2476
    OK ch=5 v=0.2696
    OK ch=1 v=0.2431
    OK ch=3 v=0.2469
    OK ch=5 v=0.2705
    OK ch=1 v=0.2360
    OK ch=3 v=0.2492
    OK ch=7 v=0.2481
    OK ch=1 v=0.2444
    OK ch=3 v=0.2528
    OK ch=5 v=0.2696
    OK ch=1 v=0.2068
    OK ch=3 v=0.2448
    OK ch=5 v=0.2703
    OK ch=7 v=0.2472
    OK ch=1 v=0.2312
    OK ch=3 v=0.2472
    OK ch=5 v=0.2693
    OK ch=7 v=0.2464
    OK ch=1 v=0.2175
    OK ch=3 v=0.2418
    OK ch=5 v=0.2703
    OK ch=7 v=0.2458
    OK ch=1 v=0.2264
    OK ch=3 v=0.2450
    OK ch=5 v=0.2681
    OK ch=1 v=0.2521
    OK ch=3 v=0.2463
    OK ch=7 v=0.2443
    OK ch=1 v=0.2552
    OK ch=3 v=0.2469
    OK ch=5 v=0.2687
    OK ch=7 v=0.2430
    OK ch=1 v=0.2537
    OK ch=3 v=0.2508
    OK ch=5 v=0.2710
    OK ch=7 v=0.2448
    OK ch=1 v=0.2657
    OK ch=3 v=0.2549
    OK ch=7 v=0.2454
    OK ch=1 v=0.2563
    OK ch=3 v=0.2512
    OK ch=5 v=0.2719
    OK ch=7 v=0.2492
    OK ch=1 v=0.2177
    OK ch=3 v=0.2393
    OK ch=5 v=0.2728
    OK ch=7 v=0.2465
    OK ch=1 v=0.2407
    OK ch=3 v=0.2467
    OK ch=7 v=0.2491
    OK ch=1 v=0.2415
    OK ch=3 v=0.2494
    OK ch=7 v=0.2461
    OK ch=1 v=0.2487
    OK ch=3 v=0.2530
    OK ch=5 v=0.2703
    OK ch=7 v=0.2451
    OK ch=1 v=0.2466
    OK ch=3 v=0.2435
    OK ch=7 v=0.2437
    OK ch=1 v=0.2289
    OK ch=3 v=0.2425
    OK ch=5 v=0.2709
    OK ch=1 v=0.2766
    OK ch=3 v=0.2495
    OK ch=7 v=0.2420
    OK ch=1 v=0.2356
    OK ch=3 v=0.2446
    OK ch=7 v=0.2449
    OK ch=1 v=0.2094
    OK ch=3 v=0.2440
    OK ch=5 v=0.2717
    OK ch=7 v=0.2471
    OK ch=1 v=0.2350
    OK ch=3 v=0.2474
    OK ch=5 v=0.2693
    OK ch=7 v=0.2436
    OK ch=1 v=0.2143
    OK ch=3 v=0.2456
    OK ch=5 v=0.2699
    OK ch=1 v=0.2511
    OK ch=3 v=0.2494
    OK ch=1 v=0.2639
    OK ch=3 v=0.2464
    OK ch=7 v=0.2447
    OK ch=1 v=0.2521
    OK ch=3 v=0.2490
    OK ch=5 v=0.2710
    OK ch=7 v=0.2468
    OK ch=1 v=0.2384
    OK ch=3 v=0.2467
    OK ch=5 v=0.2704
    OK ch=7 v=0.2459
    OK ch=1 v=0.2472
    OK ch=3 v=0.2475
    OK ch=5 v=0.2709
    OK ch=7 v=0.2468
    OK ch=1 v=0.2431
    OK ch=3 v=0.2487
    OK ch=5 v=0.2715
    OK ch=7 v=0.2455
    OK ch=1 v=0.2369
    OK ch=3 v=0.2471
    OK ch=5 v=0.2699
    OK ch=7 v=0.2476
    OK ch=1 v=0.2198
    OK ch=3 v=0.2456
    OK ch=5 v=0.2705
    OK ch=7 v=0.2450
    OK ch=1 v=0.2432
    OK ch=3 v=0.2516
    OK ch=5 v=0.2700
    OK ch=7 v=0.2470
    OK ch=1 v=0.2345
    OK ch=3 v=0.2464
    OK ch=7 v=0.2446
    OK ch=3 v=0.2419
    OK ch=5 v=0.2691
    OK ch=7 v=0.2456
    OK ch=1 v=0.2411
    OK ch=3 v=0.2435
    OK ch=1 v=0.2570
    OK ch=3 v=0.2457
    OK ch=7 v=0.2447
    OK ch=1 v=0.2448
    OK ch=3 v=0.2470
    OK ch=5 v=0.2704
    OK ch=7 v=0.2457
    OK ch=1 v=0.2546
    OK ch=3 v=0.2497
    OK ch=7 v=0.2482
    OK ch=1 v=0.2300
    OK ch=3 v=0.2460
    OK ch=5 v=0.2723
    OK ch=7 v=0.2432
    OK ch=1 v=0.2546
    OK ch=3 v=0.2548
    OK ch=5 v=0.2715
    OK ch=7 v=0.2451
    OK ch=1 v=0.2232
    OK ch=3 v=0.2444
    OK ch=7 v=0.2445
    OK ch=1 v=0.2473
    OK ch=3 v=0.2431
    OK ch=1 v=0.2522
    OK ch=7 v=0.2473
    OK ch=3 v=0.2466
    OK ch=7 v=0.2455
    OK ch=1 v=0.2589
    OK ch=3 v=0.2479
    OK ch=5 v=0.2702
    OK ch=7 v=0.2485
    OK ch=1 v=0.2252
    OK ch=3 v=0.2457
    OK ch=5 v=0.2718
    OK ch=7 v=0.2471
    OK ch=1 v=0.2471
    OK ch=3 v=0.2494
    OK ch=5 v=0.2702
    OK ch=1 v=0.2444
    OK ch=3 v=0.2446
    OK ch=5 v=0.2693
    OK ch=7 v=0.2456
    OK ch=1 v=0.2413
    OK ch=3 v=0.2433
    OK ch=7 v=0.2451
    OK ch=1 v=0.2393
    OK ch=3 v=0.2477
    OK ch=5 v=0.2699
    OK ch=7 v=0.2439
    OK ch=1 v=0.2335
    OK ch=5 v=0.2689
    OK ch=7 v=0.2453
    OK ch=1 v=0.2584
    OK ch=3 v=0.2499
    OK ch=7 v=0.2444
    OK ch=3 v=0.2521
    OK ch=7 v=0.2457
    OK ch=1 v=0.2656
    OK ch=5 v=0.2681
    OK ch=1 v=0.2333
    OK ch=3 v=0.2458
    OK ch=7 v=0.2437
    OK ch=3 v=0.2441
    OK ch=5 v=0.2714
    OK ch=7 v=0.2446
    OK ch=1 v=0.2266
    OK ch=3 v=0.2564
    OK ch=5 v=0.2699
    OK ch=7 v=0.2451
    OK ch=1 v=0.2336
    OK ch=3 v=0.2510
    OK ch=7 v=0.2466
    OK ch=3 v=0.2475
    OK ch=7 v=0.2478
    OK ch=1 v=0.2656
    OK ch=7 v=0.2441
    OK ch=1 v=0.2467
    OK ch=3 v=0.2426
    OK ch=5 v=0.2710
    OK ch=7 v=0.2479
    OK ch=1 v=0.2522
    OK ch=5 v=0.2725
    OK ch=7 v=0.2471
    OK ch=1 v=0.2532
    OK ch=3 v=0.2436
    OK ch=7 v=0.2453
    OK ch=1 v=0.2208
    OK ch=3 v=0.2425
    OK ch=7 v=0.2484
    OK ch=1 v=0.2166
    OK ch=3 v=0.2447
    OK ch=5 v=0.2715
    OK ch=7 v=0.2448
    OK ch=1 v=0.2450
    OK ch=3 v=0.2462
    OK ch=5 v=0.2708
    OK ch=7 v=0.2417
    OK ch=1 v=0.2366
    OK ch=3 v=0.2469
    OK ch=7 v=0.2425
    OK ch=1 v=0.2353
    OK ch=5 v=0.2715
    OK ch=7 v=0.2460
[   40.1s] DAMPING     ch0:LOCK g=-0.0300 bp=-0.011V ratio=0.09  ch1:LOCK g=-0.0300 bp=-0.005V ratio=0.06  ch2:LOCK g=+0.0100 bp=-0.009V ratio=0.02  ch3:LOCK g=-0.0300 bp=-0.002V ratio=0.03
    OK ch=1 v=0.2595
    OK ch=3 v=0.2509
    OK ch=7 v=0.2444
    OK ch=1 v=0.2427
    OK ch=3 v=0.2533
    OK ch=5 v=0.2708
    OK ch=1 v=0.2498
    OK ch=3 v=0.2461
    OK ch=7 v=0.2460
    OK ch=1 v=0.2287
    OK ch=3 v=0.2445
    OK ch=5 v=0.2717
    OK ch=7 v=0.2440
    OK ch=1 v=0.2441
    OK ch=3 v=0.2531
    OK ch=7 v=0.2453
    OK ch=1 v=0.2365
    OK ch=3 v=0.2458
    OK ch=5 v=0.2702
    OK ch=7 v=0.2469
    OK ch=1 v=0.2456
    OK ch=3 v=0.2431
    OK ch=7 v=0.2458
    OK ch=1 v=0.2341
    OK ch=3 v=0.2412
    OK ch=7 v=0.2443
    OK ch=1 v=0.2223
    OK ch=3 v=0.2436
    OK ch=5 v=0.2720
    OK ch=7 v=0.2468
    OK ch=1 v=0.2473
    OK ch=3 v=0.2513
    OK ch=5 v=0.2692
    OK ch=7 v=0.2482
    OK ch=1 v=0.2210
    OK ch=3 v=0.2467
    OK ch=5 v=0.2705
    OK ch=7 v=0.2463
    OK ch=1 v=0.2448
    OK ch=3 v=0.2506
    OK ch=5 v=0.2695
    OK ch=7 v=0.2457
    OK ch=1 v=0.2576
    OK ch=3 v=0.2477
    OK ch=5 v=0.2685
    OK ch=7 v=0.2432
    OK ch=1 v=0.2496
    OK ch=3 v=0.2469
    OK ch=5 v=0.2698
    OK ch=7 v=0.2471
    OK ch=1 v=0.2356
    OK ch=3 v=0.2456
    OK ch=1 v=0.2706
    OK ch=3 v=0.2397
    OK ch=5 v=0.2687
    OK ch=1 v=0.2195
    OK ch=5 v=0.2697
    OK ch=7 v=0.2452
    OK ch=1 v=0.2480
    OK ch=3 v=0.2520
    OK ch=5 v=0.2703
    OK ch=1 v=0.2467
    OK ch=7 v=0.2462
    OK ch=1 v=0.2430
    OK ch=3 v=0.2503
    OK ch=1 v=0.2388
    OK ch=3 v=0.2465
    OK ch=5 v=0.2693
    OK ch=7 v=0.2451
    OK ch=1 v=0.2531
    OK ch=3 v=0.2489
    OK ch=7 v=0.2471
    OK ch=3 v=0.2512
    OK ch=7 v=0.2458
    OK ch=1 v=0.2296
    OK ch=3 v=0.2450
    OK ch=5 v=0.2698
    OK ch=1 v=0.2193
    OK ch=3 v=0.2397
    OK ch=5 v=0.2709
    OK ch=7 v=0.2429
    OK ch=1 v=0.2315
    OK ch=3 v=0.2469
    OK ch=5 v=0.2704
    OK ch=7 v=0.2444
    OK ch=1 v=0.2270
    OK ch=3 v=0.2483
    OK ch=7 v=0.2451
    OK ch=1 v=0.2483
    OK ch=3 v=0.2458
    OK ch=7 v=0.2478
    OK ch=1 v=0.2641
    OK ch=3 v=0.2480
    OK ch=5 v=0.2710
    OK ch=7 v=0.2467
    OK ch=1 v=0.2367
    OK ch=3 v=0.2470
    OK ch=5 v=0.2728
    OK ch=7 v=0.2437
    OK ch=1 v=0.2598
    OK ch=3 v=0.2538
    OK ch=5 v=0.2715
    OK ch=7 v=0.2473
    OK ch=1 v=0.2187
    OK ch=3 v=0.2398
    OK ch=7 v=0.2462
    OK ch=1 v=0.2229
    OK ch=3 v=0.2450
    OK ch=5 v=0.2709
    OK ch=1 v=0.2245
    OK ch=3 v=0.2458
    OK ch=5 v=0.2719
    OK ch=7 v=0.2468
    OK ch=1 v=0.2477
    OK ch=3 v=0.2488
    OK ch=5 v=0.2701
    OK ch=7 v=0.2442
    OK ch=1 v=0.2537
    OK ch=3 v=0.2453
    OK ch=7 v=0.2465
    OK ch=1 v=0.2492
    OK ch=3 v=0.2464
    OK ch=5 v=0.2711
    OK ch=7 v=0.2431
    OK ch=1 v=0.2417
    OK ch=3 v=0.2400
    OK ch=1 v=0.2379
    OK ch=3 v=0.2494
    OK ch=7 v=0.2448
    OK ch=1 v=0.2409
    OK ch=3 v=0.2537
    OK ch=7 v=0.2433
    OK ch=1 v=0.2453
    OK ch=3 v=0.2531
    OK ch=5 v=0.2697
    OK ch=7 v=0.2448
    OK ch=1 v=0.2657
    OK ch=3 v=0.2565
    OK ch=5 v=0.2709
    OK ch=7 v=0.2467
    OK ch=1 v=0.2463
    OK ch=3 v=0.2466
    OK ch=5 v=0.2715
    OK ch=1 v=0.2309
    OK ch=5 v=0.2706
    OK ch=7 v=0.2453
    OK ch=1 v=0.2251
    OK ch=3 v=0.2421
    OK ch=7 v=0.2474
    OK ch=1 v=0.2040
    OK ch=3 v=0.2338
    OK ch=7 v=0.2463
    OK ch=1 v=0.2378
    OK ch=3 v=0.2474
    OK ch=1 v=0.2216
    OK ch=3 v=0.2438
    OK ch=5 v=0.2695
    OK ch=7 v=0.2456
    OK ch=1 v=0.2559
    OK ch=3 v=0.2508
    OK ch=5 v=0.2690
    OK ch=7 v=0.2444
    OK ch=1 v=0.2621
    OK ch=7 v=0.2457
    OK ch=1 v=0.2568
    OK ch=3 v=0.2442
    OK ch=1 v=0.2383
    OK ch=3 v=0.2471
    OK ch=5 v=0.2704
    OK ch=7 v=0.2483
    OK ch=1 v=0.2320
    OK ch=3 v=0.2517
    OK ch=5 v=0.2709
    OK ch=7 v=0.2447
    OK ch=1 v=0.2256
    OK ch=3 v=0.2438
    OK ch=5 v=0.2703
    OK ch=7 v=0.2467
    OK ch=1 v=0.2498
    OK ch=3 v=0.2504
    OK ch=5 v=0.2697
    OK ch=7 v=0.2455
    OK ch=1 v=0.2397
    OK ch=3 v=0.2468
    OK ch=5 v=0.2687
    OK ch=7 v=0.2464
    OK ch=1 v=0.2581
    OK ch=3 v=0.2450
    OK ch=5 v=0.2699
    OK ch=7 v=0.2486
    OK ch=1 v=0.2540
    OK ch=3 v=0.2500
    OK ch=7 v=0.2455
    OK ch=1 v=0.2564
    OK ch=3 v=0.2441
    OK ch=7 v=0.2461
    OK ch=1 v=0.2475
    OK ch=3 v=0.2505
    OK ch=5 v=0.2723
    OK ch=7 v=0.2448
    OK ch=1 v=0.2177
    OK ch=3 v=0.2427
    OK ch=1 v=0.2448
    OK ch=3 v=0.2492
    OK ch=5 v=0.2703
    OK ch=1 v=0.2289
    OK ch=3 v=0.2460
    OK ch=5 v=0.2698
    OK ch=7 v=0.2474
    OK ch=3 v=0.2467
    OK ch=5 v=0.2705
    OK ch=1 v=0.2353
    OK ch=3 v=0.2446
    OK ch=5 v=0.2699
    OK ch=7 v=0.2458
    OK ch=1 v=0.2502
    OK ch=3 v=0.2495
    OK ch=5 v=0.2693
    OK ch=7 v=0.2451
    OK ch=1 v=0.2207
    OK ch=3 v=0.2390
    OK ch=5 v=0.2702
    OK ch=7 v=0.2427
    OK ch=1 v=0.2586
    OK ch=3 v=0.2504
    OK ch=7 v=0.2433
    OK ch=1 v=0.2445
    OK ch=3 v=0.2494
    OK ch=7 v=0.2452
    OK ch=1 v=0.2543
    OK ch=3 v=0.2461
    OK ch=5 v=0.2708
    OK ch=7 v=0.2459
    OK ch=1 v=0.2274
    OK ch=3 v=0.2433
    OK ch=5 v=0.2715
    OK ch=7 v=0.2437
    OK ch=1 v=0.2482
    OK ch=3 v=0.2477
    OK ch=1 v=0.2424
    OK ch=3 v=0.2509
    OK ch=7 v=0.2421
    OK ch=1 v=0.2209
    OK ch=3 v=0.2545
    OK ch=5 v=0.2723
    OK ch=7 v=0.2473
    OK ch=1 v=0.2401
    OK ch=3 v=0.2458
    OK ch=5 v=0.2704
    OK ch=1 v=0.2552
    OK ch=3 v=0.2443
    OK ch=7 v=0.2466
    OK ch=1 v=0.2530
    OK ch=3 v=0.2506
    OK ch=1 v=0.2146
    OK ch=3 v=0.2409
    OK ch=7 v=0.2461
    OK ch=1 v=0.2398
    OK ch=3 v=0.2476
    OK ch=7 v=0.2447
    OK ch=1 v=0.2371
    OK ch=5 v=0.2712
    OK ch=1 v=0.2512
    OK ch=3 v=0.2514
    OK ch=5 v=0.2705
    OK ch=7 v=0.2459
    OK ch=1 v=0.2506
    OK ch=7 v=0.2440
    OK ch=1 v=0.2303
    OK ch=3 v=0.2433
    OK ch=5 v=0.2714
    OK ch=7 v=0.2451
    OK ch=1 v=0.2648
    OK ch=3 v=0.2405
    OK ch=7 v=0.2481
    OK ch=1 v=0.2347
    OK ch=3 v=0.2465
    OK ch=7 v=0.2444
    OK ch=1 v=0.2296
    OK ch=3 v=0.2471
    OK ch=7 v=0.2450
    OK ch=1 v=0.2408
    OK ch=5 v=0.2709
    OK ch=7 v=0.2442
    OK ch=1 v=0.2496
    OK ch=3 v=0.2521
    OK ch=5 v=0.2693
    OK ch=7 v=0.2456
    OK ch=1 v=0.2635
    OK ch=3 v=0.2503
    OK ch=5 v=0.2700
    OK ch=7 v=0.2472
    OK ch=1 v=0.2110
    OK ch=3 v=0.2452
    OK ch=1 v=0.2446
    OK ch=3 v=0.2492
    OK ch=5 v=0.2711
    OK ch=7 v=0.2455
    OK ch=1 v=0.2395
    OK ch=3 v=0.2452
    OK ch=5 v=0.2705
    OK ch=7 v=0.2473
    OK ch=1 v=0.2217
    OK ch=3 v=0.2439
    OK ch=5 v=0.2692
    OK ch=7 v=0.2458
    OK ch=1 v=0.2455
    OK ch=3 v=0.2471
    OK ch=1 v=0.2316
    OK ch=3 v=0.2466
    OK ch=5 v=0.2686
    OK ch=7 v=0.2442
    OK ch=3 v=0.2454
    OK ch=5 v=0.2680
    OK ch=7 v=0.2465
    OK ch=1 v=0.2156
    OK ch=3 v=0.2409
    OK ch=5 v=0.2701
    OK ch=7 v=0.2456
    OK ch=1 v=0.2553
    OK ch=3 v=0.2491
    OK ch=5 v=0.2684
    OK ch=1 v=0.2668
    OK ch=3 v=0.2562
    OK ch=5 v=0.2708
    OK ch=7 v=0.2477
    OK ch=1 v=0.2617
    OK ch=3 v=0.2512
    OK ch=5 v=0.2701
    OK ch=1 v=0.2321
    OK ch=3 v=0.2466
    OK ch=5 v=0.2708
    OK ch=7 v=0.2445
    OK ch=1 v=0.2462
    OK ch=3 v=0.2478
    OK ch=7 v=0.2452
    OK ch=1 v=0.2545
    OK ch=3 v=0.2501
    OK ch=5 v=0.2721
    OK ch=1 v=0.2119
    OK ch=3 v=0.2426
    OK ch=1 v=0.2504
    OK ch=3 v=0.2438
    OK ch=5 v=0.2702
    OK ch=1 v=0.2455
    OK ch=3 v=0.2427
    OK ch=5 v=0.2709
    OK ch=7 v=0.2443
    OK ch=1 v=0.2391
    OK ch=3 v=0.2451
    OK ch=7 v=0.2456
    OK ch=1 v=0.2335
    OK ch=3 v=0.2534
    OK ch=7 v=0.2494
    OK ch=1 v=0.2150
    OK ch=3 v=0.2418
    OK ch=7 v=0.2457
    OK ch=1 v=0.2129
    OK ch=3 v=0.2355
    OK ch=5 v=0.2721
    OK ch=7 v=0.2435
    OK ch=1 v=0.2756
    OK ch=3 v=0.2499
    OK ch=5 v=0.2696
    OK ch=7 v=0.2425
    OK ch=1 v=0.2486
    OK ch=7 v=0.2434
    OK ch=1 v=0.2549
    OK ch=3 v=0.2478
    OK ch=5 v=0.2703
    OK ch=7 v=0.2441
    OK ch=1 v=0.2297
    OK ch=3 v=0.2459
    OK ch=7 v=0.2461
    OK ch=1 v=0.2483
    OK ch=5 v=0.2719
    OK ch=7 v=0.2488
    OK ch=1 v=0.2329
    OK ch=3 v=0.2487
    OK ch=5 v=0.2710
    OK ch=7 v=0.2474
    OK ch=1 v=0.2384
    OK ch=3 v=0.2454
    OK ch=7 v=0.2441
    OK ch=1 v=0.2366
    OK ch=3 v=0.2490
    OK ch=5 v=0.2703
    OK ch=7 v=0.2464
    OK ch=1 v=0.2438
    OK ch=3 v=0.2537
    OK ch=7 v=0.2432
    OK ch=1 v=0.2420
    OK ch=3 v=0.2477
    OK ch=7 v=0.2457
    OK ch=1 v=0.2271
    OK ch=3 v=0.2425
    OK ch=5 v=0.2712
    OK ch=7 v=0.2451
    OK ch=1 v=0.2404
    OK ch=3 v=0.2463
    OK ch=5 v=0.2704
    OK ch=7 v=0.2464
    OK ch=1 v=0.2445
    OK ch=3 v=0.2495
    OK ch=5 v=0.2696
    OK ch=7 v=0.2475
    OK ch=1 v=0.2315
    OK ch=3 v=0.2434
    OK ch=7 v=0.2447
    OK ch=1 v=0.2403
    OK ch=3 v=0.2468
    OK ch=5 v=0.2702
    OK ch=1 v=0.2443
    OK ch=3 v=0.2514
    OK ch=5 v=0.2693
    OK ch=7 v=0.2471
    OK ch=1 v=0.2596
    OK ch=3 v=0.2486
    OK ch=5 v=0.2708
    OK ch=1 v=0.2526
    OK ch=3 v=0.2500
    OK ch=5 v=0.2697
    OK ch=7 v=0.2432
    OK ch=1 v=0.2314
    OK ch=3 v=0.2411
    OK ch=5 v=0.2711
    OK ch=7 v=0.2454
    OK ch=1 v=0.2238
    OK ch=7 v=0.2470
    OK ch=1 v=0.2483
    OK ch=3 v=0.2499
    OK ch=5 v=0.2703
    OK ch=7 v=0.2482
    OK ch=1 v=0.2426
    OK ch=3 v=0.2471
    OK ch=5 v=0.2695
    OK ch=7 v=0.2453
    OK ch=1 v=0.2586
    OK ch=3 v=0.2479
    OK ch=7 v=0.2460
    OK ch=1 v=0.2472
    OK ch=5 v=0.2714
    OK ch=7 v=0.2436
    OK ch=1 v=0.2292
    OK ch=3 v=0.2417
    OK ch=7 v=0.2459
    OK ch=1 v=0.2384
    OK ch=3 v=0.2453
    OK ch=7 v=0.2440
    OK ch=1 v=0.2511
    OK ch=3 v=0.2576
    OK ch=5 v=0.2702
    OK ch=7 v=0.2452
[   45.1s] DAMPING     ch0:LOCK g=-0.0300 bp=+0.016V ratio=0.06  ch1:LOCK g=-0.0300 bp=+0.006V ratio=0.05  ch2:LOCK g=+0.0100 bp=-0.001V ratio=0.01  ch3:LOCK g=-0.0300 bp=-0.001V ratio=0.02
    OK ch=1 v=0.2261
    OK ch=3 v=0.2441
    OK ch=7 v=0.2445
    OK ch=1 v=0.2544
    OK ch=3 v=0.2508
    OK ch=5 v=0.2692
    OK ch=7 v=0.2471
    OK ch=1 v=0.2387
    OK ch=3 v=0.2486
    OK ch=7 v=0.2483
    OK ch=1 v=0.2279
    OK ch=3 v=0.2453
    OK ch=5 v=0.2686
    OK ch=7 v=0.2454
    OK ch=1 v=0.2359
    OK ch=3 v=0.2439
    OK ch=5 v=0.2693
    OK ch=7 v=0.2447
    OK ch=1 v=0.2558
    OK ch=3 v=0.2483
    OK ch=7 v=0.2460
    OK ch=1 v=0.2624
    OK ch=3 v=0.2535
    OK ch=7 v=0.2473
    OK ch=1 v=0.2555
    OK ch=3 v=0.2494
    OK ch=7 v=0.2483
    OK ch=1 v=0.2167
    OK ch=3 v=0.2451
    OK ch=5 v=0.2711
    OK ch=7 v=0.2453
    OK ch=1 v=0.2348
    OK ch=7 v=0.2446
    OK ch=1 v=0.2194
    OK ch=3 v=0.2439
    OK ch=7 v=0.2435
    OK ch=1 v=0.2271
    OK ch=3 v=0.2470
    OK ch=7 v=0.2461
    OK ch=1 v=0.2394
    OK ch=5 v=0.2706
    OK ch=1 v=0.2347
    OK ch=3 v=0.2477
    OK ch=5 v=0.2698
    OK ch=7 v=0.2452
    OK ch=1 v=0.2499
    OK ch=3 v=0.2514
    OK ch=5 v=0.2704
    OK ch=1 v=0.2923
    OK ch=3 v=0.2591
    OK ch=5 v=0.2711
    OK ch=7 v=0.2426
    OK ch=1 v=0.2565
    OK ch=3 v=0.2493
    OK ch=5 v=0.2722
    OK ch=7 v=0.2455
    OK ch=1 v=0.2387
    OK ch=3 v=0.2428
    OK ch=5 v=0.2741
    OK ch=7 v=0.2438
    OK ch=1 v=0.2063
    OK ch=3 v=0.2371
    OK ch=5 v=0.2728
    OK ch=7 v=0.2430
    OK ch=1 v=0.2243
    OK ch=3 v=0.2443
    OK ch=5 v=0.2721
    OK ch=7 v=0.2474
    OK ch=1 v=0.2549
    OK ch=3 v=0.2502
    OK ch=5 v=0.2699
    OK ch=7 v=0.2442
    OK ch=1 v=0.2408
    OK ch=3 v=0.2525
    OK ch=5 v=0.2708
    OK ch=7 v=0.2453
    OK ch=1 v=0.2268
    OK ch=3 v=0.2416
    OK ch=5 v=0.2701
    OK ch=7 v=0.2446
    OK ch=1 v=0.2494
    OK ch=3 v=0.2450
    OK ch=5 v=0.2694
    OK ch=7 v=0.2472
    OK ch=1 v=0.2439
    OK ch=3 v=0.2465
    OK ch=7 v=0.2460
    OK ch=1 v=0.2469
    OK ch=3 v=0.2493
    OK ch=5 v=0.2714
    OK ch=7 v=0.2469
    OK ch=1 v=0.2421
    OK ch=3 v=0.2446
    OK ch=5 v=0.2695
    OK ch=1 v=0.2385
    OK ch=3 v=0.2493
    OK ch=5 v=0.2702
    OK ch=7 v=0.2439
    OK ch=1 v=0.2652
    OK ch=3 v=0.2484
    OK ch=7 v=0.2462
    OK ch=1 v=0.2490
    OK ch=3 v=0.2503
    OK ch=5 v=0.2694
    OK ch=7 v=0.2453
    OK ch=1 v=0.2461
    OK ch=7 v=0.2475
    OK ch=1 v=0.2362
    OK ch=3 v=0.2466
    OK ch=5 v=0.2707
    OK ch=1 v=0.2320
    OK ch=3 v=0.2426
    OK ch=3 v=0.2413
    OK ch=5 v=0.2691
    OK ch=7 v=0.2442
    OK ch=1 v=0.2182
    OK ch=5 v=0.2685
    OK ch=7 v=0.2460
    OK ch=1 v=0.2408
    OK ch=3 v=0.2491
    OK ch=7 v=0.2474
    OK ch=1 v=0.2560
    OK ch=3 v=0.2504
    OK ch=5 v=0.2673
    OK ch=1 v=0.2420
    OK ch=3 v=0.2450
    OK ch=5 v=0.2682
    OK ch=7 v=0.2442
    OK ch=1 v=0.2337
    OK ch=3 v=0.2480
    OK ch=5 v=0.2694
    OK ch=7 v=0.2450
    OK ch=1 v=0.2254
    OK ch=7 v=0.2465
    OK ch=1 v=0.2522
    OK ch=3 v=0.2516
    OK ch=7 v=0.2454
    OK ch=1 v=0.2621
    OK ch=5 v=0.2709
    OK ch=1 v=0.2239
    OK ch=3 v=0.2471
    OK ch=1 v=0.2444
    OK ch=3 v=0.2455
    OK ch=5 v=0.2716
    OK ch=1 v=0.2346
    OK ch=3 v=0.2417
    OK ch=5 v=0.2724
    OK ch=7 v=0.2464
    OK ch=1 v=0.2555
    OK ch=3 v=0.2496
    OK ch=5 v=0.2730
    OK ch=7 v=0.2429
    OK ch=1 v=0.2333
    OK ch=3 v=0.2443
    OK ch=7 v=0.2467
    OK ch=1 v=0.2429
    OK ch=3 v=0.2464
    OK ch=5 v=0.2723
    OK ch=1 v=0.2508
    OK ch=1 v=0.2376
    OK ch=3 v=0.2479
    OK ch=7 v=0.2446
    OK ch=1 v=0.2195
    OK ch=3 v=0.2442
    OK ch=5 v=0.2715
    OK ch=1 v=0.2220
    OK ch=3 v=0.2453
    OK ch=5 v=0.2720
    OK ch=7 v=0.2425
    OK ch=1 v=0.2671
    OK ch=3 v=0.2521
    OK ch=5 v=0.2688
    OK ch=7 v=0.2443
    OK ch=1 v=0.2375
    OK ch=3 v=0.2423
    OK ch=5 v=0.2713
    OK ch=1 v=0.2420
    OK ch=3 v=0.2500
    OK ch=5 v=0.2707
    OK ch=7 v=0.2456
    OK ch=1 v=0.2393
    OK ch=3 v=0.2463
    OK ch=5 v=0.2698
    OK ch=7 v=0.2461
    OK ch=1 v=0.2510
    OK ch=3 v=0.2471
    OK ch=7 v=0.2437
    OK ch=1 v=0.2373
    OK ch=7 v=0.2463
    OK ch=1 v=0.2203
    OK ch=3 v=0.2508
    OK ch=5 v=0.2709
    OK ch=7 v=0.2456
    OK ch=1 v=0.2153
    OK ch=3 v=0.2460
    OK ch=5 v=0.2697
    OK ch=7 v=0.2478
    OK ch=1 v=0.2600
    OK ch=3 v=0.2501
    OK ch=5 v=0.2692
    OK ch=7 v=0.2440
    OK ch=1 v=0.2497
    OK ch=3 v=0.2452
    OK ch=7 v=0.2473
    OK ch=1 v=0.2215
    OK ch=3 v=0.2435
    OK ch=5 v=0.2701
    OK ch=7 v=0.2463
    OK ch=1 v=0.2508
    OK ch=3 v=0.2514
    OK ch=5 v=0.2711
    OK ch=7 v=0.2469
    OK ch=1 v=0.2344
    OK ch=3 v=0.2431
    OK ch=5 v=0.2698
    OK ch=7 v=0.2454
    OK ch=1 v=0.2616
    OK ch=3 v=0.2499
    OK ch=7 v=0.2463
    OK ch=1 v=0.2719
    OK ch=3 v=0.2540
    OK ch=1 v=0.2341
    OK ch=3 v=0.2503
    OK ch=5 v=0.2709
    OK ch=1 v=0.2436
    OK ch=7 v=0.2446
    OK ch=1 v=0.2333
    OK ch=3 v=0.2435
    OK ch=5 v=0.2700
    OK ch=7 v=0.2456
    OK ch=1 v=0.2272
    OK ch=3 v=0.2423
    OK ch=5 v=0.2706
    OK ch=7 v=0.2471
    OK ch=1 v=0.2702
    OK ch=3 v=0.2507
    OK ch=5 v=0.2688
    OK ch=7 v=0.2421
    OK ch=1 v=0.2335
    OK ch=3 v=0.2473
    OK ch=5 v=0.2704
    OK ch=7 v=0.2448
    OK ch=1 v=0.2274
    OK ch=5 v=0.2714
    OK ch=7 v=0.2468
    OK ch=1 v=0.2225
    OK ch=3 v=0.2415
    OK ch=5 v=0.2707
    OK ch=1 v=0.2132
    OK ch=3 v=0.2378
    OK ch=5 v=0.2717
    OK ch=7 v=0.2453
    OK ch=1 v=0.2296
    OK ch=3 v=0.2461
    OK ch=5 v=0.2695
    OK ch=7 v=0.2462
    OK ch=1 v=0.2515
    OK ch=3 v=0.2493
    OK ch=7 v=0.2450
    OK ch=1 v=0.2448
    OK ch=3 v=0.2446
    OK ch=5 v=0.2704
    OK ch=7 v=0.2461
    OK ch=1 v=0.2577
    OK ch=3 v=0.2456
    OK ch=5 v=0.2719
    OK ch=1 v=0.2474
    OK ch=3 v=0.2499
    OK ch=1 v=0.2317
    OK ch=3 v=0.2493
    OK ch=5 v=0.2727
    OK ch=7 v=0.2470
    OK ch=1 v=0.2379
    OK ch=3 v=0.2507
    OK ch=5 v=0.2712
    OK ch=7 v=0.2457
    OK ch=1 v=0.2507
    OK ch=3 v=0.2519
    OK ch=5 v=0.2705
    OK ch=7 v=0.2476
    OK ch=1 v=0.2228
    OK ch=3 v=0.2433
    OK ch=7 v=0.2426
    OK ch=1 v=0.2493
    OK ch=3 v=0.2487
    OK ch=7 v=0.2448
    OK ch=1 v=0.2580
    OK ch=5 v=0.2700
    OK ch=7 v=0.2456
    OK ch=1 v=0.2218
    OK ch=3 v=0.2513
    OK ch=5 v=0.2681
    OK ch=7 v=0.2470
    OK ch=1 v=0.2334
    OK ch=3 v=0.2458
    OK ch=5 v=0.2692
    OK ch=7 v=0.2457
    OK ch=1 v=0.2317
    OK ch=3 v=0.2404
    OK ch=1 v=0.2495
    OK ch=3 v=0.2486
    OK ch=1 v=0.2748
    OK ch=3 v=0.2479
    OK ch=7 v=0.2430
    OK ch=1 v=0.2502
    OK ch=3 v=0.2486
    OK ch=5 v=0.2704
    OK ch=7 v=0.2454
    OK ch=1 v=0.2017
    OK ch=3 v=0.2368
    OK ch=5 v=0.2713
    OK ch=7 v=0.2449
    OK ch=1 v=0.2362
    OK ch=3 v=0.2469
    OK ch=1 v=0.2394
    OK ch=3 v=0.2489
    OK ch=1 v=0.2425
    OK ch=3 v=0.2470
    OK ch=5 v=0.2705
    OK ch=7 v=0.2454
    OK ch=1 v=0.2612
    OK ch=5 v=0.2697
    OK ch=7 v=0.2467
    OK ch=1 v=0.2400
    OK ch=3 v=0.2528
    OK ch=5 v=0.2711
    OK ch=1 v=0.2509
    OK ch=3 v=0.2562
    OK ch=5 v=0.2718
    OK ch=1 v=0.2637
    OK ch=3 v=0.2530
    OK ch=5 v=0.2728
    OK ch=7 v=0.2460
    OK ch=1 v=0.2477
    OK ch=3 v=0.2464
    OK ch=5 v=0.2714
    OK ch=1 v=0.2543
    OK ch=3 v=0.2475
    OK ch=5 v=0.2701
    OK ch=1 v=0.2123
    OK ch=3 v=0.2439
    OK ch=7 v=0.2468
    OK ch=1 v=0.2235
    OK ch=3 v=0.2390
    OK ch=5 v=0.2692
    OK ch=7 v=0.2443
    OK ch=1 v=0.2257
    OK ch=3 v=0.2418
    OK ch=5 v=0.2702
    OK ch=1 v=0.2391
    OK ch=3 v=0.2439
    OK ch=7 v=0.2433
    OK ch=1 v=0.2351
    OK ch=3 v=0.2359
    OK ch=5 v=0.2692
    OK ch=7 v=0.2450
    OK ch=1 v=0.2462
    OK ch=3 v=0.2464
    OK ch=1 v=0.2381
    OK ch=3 v=0.2487
    OK ch=5 v=0.2698
    OK ch=1 v=0.2485
    OK ch=3 v=0.2517
    OK ch=1 v=0.2759
    OK ch=3 v=0.2576
    OK ch=5 v=0.2710
    OK ch=7 v=0.2477
    OK ch=1 v=0.2501
    OK ch=3 v=0.2520
    OK ch=1 v=0.2459
    OK ch=3 v=0.2500
    OK ch=1 v=0.2361
    OK ch=3 v=0.2463
    OK ch=5 v=0.2730
    OK ch=1 v=0.2469
    OK ch=3 v=0.2487
    OK ch=5 v=0.2714
    OK ch=1 v=0.2441
    OK ch=3 v=0.2464
    OK ch=5 v=0.2707
    OK ch=7 v=0.2468
    OK ch=1 v=0.2303
    OK ch=3 v=0.2437
    OK ch=7 v=0.2426
    OK ch=1 v=0.2415
    OK ch=3 v=0.2489
    OK ch=5 v=0.2715
    OK ch=1 v=0.2237
    OK ch=3 v=0.2472
    OK ch=5 v=0.2699
    OK ch=7 v=0.2448
    OK ch=1 v=0.2526
    OK ch=5 v=0.2678
    OK ch=7 v=0.2456
    OK ch=1 v=0.2502
    OK ch=3 v=0.2467
    OK ch=1 v=0.2359
    OK ch=3 v=0.2444
    OK ch=5 v=0.2689
    OK ch=7 v=0.2447
    OK ch=1 v=0.2351
    OK ch=7 v=0.2423
    OK ch=1 v=0.2244
    OK ch=3 v=0.2405
    OK ch=5 v=0.2699
    OK ch=1 v=0.2281
    OK ch=3 v=0.2423
    OK ch=5 v=0.2705
    OK ch=7 v=0.2473
    OK ch=1 v=0.2526
    OK ch=3 v=0.2493
    OK ch=5 v=0.2714
    OK ch=7 v=0.2479
    OK ch=1 v=0.2730
    OK ch=3 v=0.2535
    OK ch=7 v=0.2484
    OK ch=1 v=0.2486
    OK ch=3 v=0.2490
    OK ch=7 v=0.2453
    OK ch=1 v=0.2194
    OK ch=3 v=0.2461
    OK ch=5 v=0.2734
    OK ch=7 v=0.2494
    OK ch=1 v=0.2393
    OK ch=3 v=0.2480
    OK ch=5 v=0.2727
    OK ch=7 v=0.2466
    OK ch=1 v=0.2270
    OK ch=3 v=0.2457
    OK ch=7 v=0.2445
    OK ch=1 v=0.2655
    OK ch=3 v=0.2527
    OK ch=5 v=0.2722
    OK ch=1 v=0.2374
    OK ch=3 v=0.2505
    OK ch=5 v=0.2715
    OK ch=7 v=0.2458
    OK ch=1 v=0.2420
    OK ch=3 v=0.2463
    OK ch=5 v=0.2701
    OK ch=7 v=0.2449
    OK ch=1 v=0.2365
    OK ch=3 v=0.2456
    OK ch=5 v=0.2693
    OK ch=7 v=0.2438
    OK ch=1 v=0.2242
    OK ch=3 v=0.2425
[   50.2s] DAMPING     ch0:LOCK g=-0.0300 bp=-0.018V ratio=0.08  ch1:LOCK g=-0.0300 bp=-0.004V ratio=0.06  ch2:LOCK g=+0.0100 bp=-0.008V ratio=0.02  ch3:LOCK g=-0.0300 bp=-0.003V ratio=0.04
    OK ch=1 v=0.2313
    OK ch=3 v=0.2451
    OK ch=5 v=0.2704
    OK ch=7 v=0.2458
    OK ch=1 v=0.2292
    OK ch=7 v=0.2463
    OK ch=1 v=0.2433
    OK ch=3 v=0.2460
    OK ch=5 v=0.2682
    OK ch=1 v=0.2372
    OK ch=3 v=0.2441
    OK ch=5 v=0.2703
    OK ch=1 v=0.2505
    OK ch=3 v=0.2518
    OK ch=5 v=0.2689
    OK ch=1 v=0.2652
    OK ch=3 v=0.2557
    OK ch=5 v=0.2706
    OK ch=7 v=0.2458
    OK ch=1 v=0.2454
    OK ch=3 v=0.2486
    OK ch=7 v=0.2468
    OK ch=1 v=0.2391
    OK ch=3 v=0.2467
    OK ch=1 v=0.2426
    OK ch=3 v=0.2427
    OK ch=1 v=0.2353
    OK ch=3 v=0.2432
    OK ch=7 v=0.2449
    OK ch=1 v=0.2208
    OK ch=3 v=0.2420
    OK ch=5 v=0.2700
    OK ch=7 v=0.2493
    OK ch=1 v=0.2262
    OK ch=3 v=0.2471
    OK ch=5 v=0.2694
    OK ch=7 v=0.2466
    OK ch=1 v=0.2689
    OK ch=3 v=0.2526
    OK ch=5 v=0.2685
    OK ch=7 v=0.2445
    OK ch=1 v=0.2420
    OK ch=3 v=0.2469
    OK ch=7 v=0.2456
    OK ch=3 v=0.2422
    OK ch=5 v=0.2693
    OK ch=3 v=0.2467
    OK ch=5 v=0.2704
    OK ch=1 v=0.2453
    OK ch=3 v=0.2447
    OK ch=5 v=0.2696
    OK ch=7 v=0.2433
    OK ch=1 v=0.2365
    OK ch=3 v=0.2461
    OK ch=5 v=0.2704
    OK ch=7 v=0.2444
    OK ch=1 v=0.2538
    OK ch=3 v=0.2514
    OK ch=5 v=0.2712
    OK ch=7 v=0.2439
    OK ch=1 v=0.2544
    OK ch=3 v=0.2543
    OK ch=7 v=0.2456
    OK ch=1 v=0.2504
    OK ch=3 v=0.2503
    OK ch=1 v=0.2428
    OK ch=3 v=0.2429
    OK ch=1 v=0.2203
    OK ch=3 v=0.2372
    OK ch=7 v=0.2436
    OK ch=1 v=0.2237
    OK ch=3 v=0.2427
    OK ch=1 v=0.2148
    OK ch=3 v=0.2413
    OK ch=7 v=0.2449
    OK ch=1 v=0.2186
    OK ch=3 v=0.2424
    OK ch=5 v=0.2719
    OK ch=7 v=0.2433
    OK ch=1 v=0.2445
    OK ch=3 v=0.2538
    OK ch=5 v=0.2707
    OK ch=7 v=0.2462
    OK ch=1 v=0.2511
    OK ch=3 v=0.2467
    OK ch=7 v=0.2454
    OK ch=1 v=0.2488
    OK ch=3 v=0.2513
    OK ch=5 v=0.2700
    OK ch=7 v=0.2466
    OK ch=1 v=0.2467
    OK ch=3 v=0.2474
    OK ch=7 v=0.2478
    OK ch=1 v=0.2280
    OK ch=3 v=0.2453
    OK ch=7 v=0.2462
    OK ch=1 v=0.2400
    OK ch=3 v=0.2464
    OK ch=5 v=0.2708
    OK ch=7 v=0.2456
    OK ch=1 v=0.2493
    OK ch=3 v=0.2480
    OK ch=1 v=0.2648
    OK ch=3 v=0.2505
    OK ch=5 v=0.2721
    OK ch=1 v=0.2586
    OK ch=3 v=0.2479
    OK ch=5 v=0.2706
    OK ch=7 v=0.2467
    OK ch=1 v=0.2316
    OK ch=3 v=0.2457
    OK ch=1 v=0.2104
    OK ch=3 v=0.2444
    OK ch=5 v=0.2701
    OK ch=1 v=0.2366
    OK ch=3 v=0.2458
    OK ch=5 v=0.2713
    OK ch=7 v=0.2448
    OK ch=1 v=0.2414
    OK ch=3 v=0.2443
    OK ch=5 v=0.2699
    OK ch=7 v=0.2458
    OK ch=1 v=0.2197
    OK ch=3 v=0.2463
    OK ch=5 v=0.2693
    OK ch=1 v=0.2312
    OK ch=3 v=0.2446
    OK ch=7 v=0.2410
    OK ch=1 v=0.2661
    OK ch=3 v=0.2533
    OK ch=5 v=0.2701
    OK ch=7 v=0.2448
    OK ch=1 v=0.2204
    OK ch=3 v=0.2495
    OK ch=5 v=0.2712
    OK ch=7 v=0.2460
    OK ch=1 v=0.2483
    OK ch=3 v=0.2467
    OK ch=5 v=0.2692
    OK ch=7 v=0.2473
    OK ch=1 v=0.2515
    OK ch=3 v=0.2440
    OK ch=5 v=0.2701
    OK ch=7 v=0.2458
    OK ch=1 v=0.2729
    OK ch=3 v=0.2492
    OK ch=1 v=0.2339
    OK ch=3 v=0.2438
    OK ch=5 v=0.2718
    OK ch=1 v=0.2401
    OK ch=3 v=0.2489
    OK ch=5 v=0.2712
    OK ch=7 v=0.2478
    OK ch=1 v=0.2160
    OK ch=3 v=0.2471
    OK ch=7 v=0.2452
    OK ch=1 v=0.2303
    OK ch=3 v=0.2431
    OK ch=5 v=0.2706
    OK ch=7 v=0.2460
    OK ch=1 v=0.2451
    OK ch=7 v=0.2472
    OK ch=1 v=0.2612
    OK ch=3 v=0.2489
    OK ch=7 v=0.2459
    OK ch=1 v=0.2465
    OK ch=3 v=0.2578
    OK ch=7 v=0.2477
    OK ch=1 v=0.2245
    OK ch=3 v=0.2415
    OK ch=7 v=0.2451
    OK ch=1 v=0.2223
    OK ch=3 v=0.2364
    OK ch=5 v=0.2689
    OK ch=7 v=0.2445
    OK ch=1 v=0.2638
    OK ch=3 v=0.2507
    OK ch=5 v=0.2699
    OK ch=1 v=0.2657
    OK ch=3 v=0.2490
    OK ch=1 v=0.2489
    OK ch=3 v=0.2506
    OK ch=5 v=0.2704
    OK ch=7 v=0.2428
    OK ch=1 v=0.2383
    OK ch=3 v=0.2476
    OK ch=7 v=0.2453
    OK ch=1 v=0.2258
    OK ch=3 v=0.2457
    OK ch=5 v=0.2712
    OK ch=7 v=0.2459
    OK ch=1 v=0.2408
    OK ch=3 v=0.2480
    OK ch=1 v=0.2307
    OK ch=5 v=0.2702
    OK ch=1 v=0.2372
    OK ch=3 v=0.2446
    OK ch=5 v=0.2713
    OK ch=1 v=0.2218
    OK ch=3 v=0.2415
    OK ch=5 v=0.2707
    OK ch=7 v=0.2445
    OK ch=1 v=0.2716
    OK ch=3 v=0.2498
    OK ch=5 v=0.2698
    OK ch=1 v=0.2476
    OK ch=3 v=0.2530
    OK ch=5 v=0.2685
    OK ch=1 v=0.2502
    OK ch=3 v=0.2486
    OK ch=5 v=0.2701
    OK ch=7 v=0.2464
    OK ch=1 v=0.2378
    OK ch=3 v=0.2445
    OK ch=5 v=0.2713
    OK ch=7 v=0.2454
    OK ch=1 v=0.2408
    OK ch=3 v=0.2469
    OK ch=5 v=0.2724
    OK ch=1 v=0.2543
    OK ch=3 v=0.2510
    OK ch=5 v=0.2700
    OK ch=1 v=0.2083
    OK ch=3 v=0.2473
    OK ch=7 v=0.2479
    OK ch=1 v=0.2306
    OK ch=3 v=0.2438
    OK ch=7 v=0.2455
    OK ch=1 v=0.2381
    OK ch=7 v=0.2437
    OK ch=1 v=0.2443
    OK ch=3 v=0.2456
    OK ch=1 v=0.2679
    OK ch=3 v=0.2534
    OK ch=7 v=0.2451
    OK ch=1 v=0.2410
    OK ch=3 v=0.2463
    OK ch=7 v=0.2459
    OK ch=1 v=0.2508
    OK ch=3 v=0.2483
    OK ch=5 v=0.2719
    OK ch=1 v=0.2457
    OK ch=3 v=0.2448
    OK ch=5 v=0.2725
    OK ch=7 v=0.2472
    OK ch=1 v=0.2366
    OK ch=3 v=0.2482
    OK ch=5 v=0.2718
    OK ch=7 v=0.2457
    OK ch=1 v=0.2233
    OK ch=3 v=0.2461
    OK ch=1 v=0.2572
    OK ch=3 v=0.2447
    OK ch=5 v=0.2700
    OK ch=1 v=0.2477
    OK ch=3 v=0.2461
    OK ch=7 v=0.2442
    OK ch=1 v=0.2255
    OK ch=3 v=0.2431
    OK ch=7 v=0.2467
    OK ch=1 v=0.2409
    OK ch=3 v=0.2447
    OK ch=5 v=0.2710
    OK ch=7 v=0.2435
    OK ch=1 v=0.2530
    OK ch=3 v=0.2519
    OK ch=5 v=0.2697
    OK ch=7 v=0.2458
    OK ch=1 v=0.2346
    OK ch=3 v=0.2457
    OK ch=1 v=0.2451
    OK ch=3 v=0.2472
    OK ch=7 v=0.2450
    OK ch=1 v=0.2611
    OK ch=3 v=0.2513
    OK ch=7 v=0.2459
    OK ch=1 v=0.2332
    OK ch=3 v=0.2440
    OK ch=5 v=0.2691
    OK ch=1 v=0.2232
    OK ch=3 v=0.2430
    OK ch=1 v=0.2171
    OK ch=3 v=0.2459
    OK ch=7 v=0.2447
    OK ch=1 v=0.2391
    OK ch=3 v=0.2485
    OK ch=5 v=0.2696
    OK ch=7 v=0.2469
    OK ch=1 v=0.2699
    OK ch=3 v=0.2557
    OK ch=5 v=0.2689
    OK ch=7 v=0.2435
    OK ch=1 v=0.2331
    OK ch=3 v=0.2447
    OK ch=5 v=0.2695
    OK ch=7 v=0.2447
    OK ch=1 v=0.2592
    OK ch=3 v=0.2492
    OK ch=5 v=0.2688
    OK ch=7 v=0.2488
    OK ch=1 v=0.2084
    OK ch=3 v=0.2410
    OK ch=5 v=0.2714
    OK ch=7 v=0.2461
    OK ch=1 v=0.2427
    OK ch=3 v=0.2439
    OK ch=1 v=0.2363
    OK ch=3 v=0.2485
    OK ch=5 v=0.2707
    OK ch=1 v=0.2413
    OK ch=3 v=0.2476
    OK ch=7 v=0.2449
    OK ch=1 v=0.2500
    OK ch=3 v=0.2484
    OK ch=5 v=0.2716
    OK ch=7 v=0.2459
    OK ch=1 v=0.2317
    OK ch=3 v=0.2459
    OK ch=5 v=0.2701
    OK ch=1 v=0.2249
    OK ch=3 v=0.2482
    OK ch=5 v=0.2712
    OK ch=1 v=0.2507
    OK ch=3 v=0.2473
    OK ch=1 v=0.2337
    OK ch=3 v=0.2482
    OK ch=1 v=0.2419
    OK ch=5 v=0.2694
    OK ch=7 v=0.2432
    OK ch=1 v=0.2448
    OK ch=5 v=0.2705
    OK ch=7 v=0.2443
    OK ch=1 v=0.2639
    OK ch=3 v=0.2500
    OK ch=5 v=0.2720
    OK ch=7 v=0.2449
    OK ch=1 v=0.2334
    OK ch=3 v=0.2482
    OK ch=1 v=0.2605
    OK ch=3 v=0.2535
    OK ch=5 v=0.2712
    OK ch=7 v=0.2431
    OK ch=3 v=0.2515
    OK ch=5 v=0.2707
    OK ch=7 v=0.2457
    OK ch=1 v=0.2199
    OK ch=3 v=0.2412
    OK ch=5 v=0.2724
    OK ch=1 v=0.2448
    OK ch=3 v=0.2404
    OK ch=5 v=0.2714
    OK ch=1 v=0.2339
    OK ch=3 v=0.2422
    OK ch=5 v=0.2708
    OK ch=1 v=0.2036
    OK ch=3 v=0.2405
    OK ch=1 v=0.2302
    OK ch=3 v=0.2475
    OK ch=7 v=0.2446
    OK ch=1 v=0.2596
    OK ch=3 v=0.2499
    OK ch=5 v=0.2687
    OK ch=1 v=0.2530
    OK ch=3 v=0.2511
    OK ch=5 v=0.2682
    OK ch=7 v=0.2459
    OK ch=1 v=0.2496
    OK ch=3 v=0.2465
    OK ch=5 v=0.2690
    OK ch=7 v=0.2474
    OK ch=3 v=0.2448
    OK ch=5 v=0.2704
    OK ch=7 v=0.2458
    OK ch=1 v=0.2420
    OK ch=3 v=0.2475
    OK ch=7 v=0.2479
    OK ch=1 v=0.2433
    OK ch=3 v=0.2482
    OK ch=5 v=0.2689
    OK ch=1 v=0.2272
    OK ch=3 v=0.2469
    OK ch=7 v=0.2446
    OK ch=3 v=0.2490
    OK ch=5 v=0.2704
    OK ch=7 v=0.2452
    OK ch=1 v=0.2226
    OK ch=3 v=0.2455
    OK ch=5 v=0.2684
    OK ch=7 v=0.2466
    OK ch=1 v=0.2600
    OK ch=3 v=0.2522
    OK ch=5 v=0.2695
    OK ch=1 v=0.2589
    OK ch=3 v=0.2533
    OK ch=1 v=0.2578
    OK ch=3 v=0.2489
    OK ch=5 v=0.2710
    OK ch=7 v=0.2448
    OK ch=1 v=0.2371
    OK ch=3 v=0.2453
    OK ch=7 v=0.2433
    OK ch=1 v=0.2483
    OK ch=3 v=0.2461
    OK ch=5 v=0.2700
    OK ch=7 v=0.2460
    OK ch=1 v=0.2330
    OK ch=5 v=0.2719
    OK ch=7 v=0.2430
    OK ch=1 v=0.2225
    OK ch=3 v=0.2443
    OK ch=5 v=0.2731
    OK ch=7 v=0.2480
    OK ch=1 v=0.2557
    OK ch=3 v=0.2517
    OK ch=5 v=0.2716
    OK ch=7 v=0.2449
    OK ch=1 v=0.2182
    OK ch=3 v=0.2431
    OK ch=1 v=0.2408
    OK ch=3 v=0.2480
    OK ch=5 v=0.2711
    OK ch=7 v=0.2459
    OK ch=1 v=0.2474
    OK ch=3 v=0.2471
    OK ch=7 v=0.2451
    OK ch=1 v=0.2411
    OK ch=3 v=0.2457
    OK ch=1 v=0.2478
    OK ch=3 v=0.2490
    OK ch=5 v=0.2718
    OK ch=1 v=0.2450
    OK ch=3 v=0.2438
    OK ch=5 v=0.2710
    OK ch=7 v=0.2466
    OK ch=1 v=0.2406
    OK ch=3 v=0.2460
    OK ch=5 v=0.2718
    OK ch=7 v=0.2443
    OK ch=1 v=0.2237
    OK ch=3 v=0.2422
    OK ch=5 v=0.2706
    OK ch=7 v=0.2467
    OK ch=1 v=0.2376
    OK ch=3 v=0.2457
    OK ch=1 v=0.2577
    OK ch=3 v=0.2479
    OK ch=7 v=0.2454
[   55.2s] DAMPING     ch0:LOCK g=-0.0300 bp=-0.004V ratio=0.08  ch1:LOCK g=-0.0300 bp=-0.007V ratio=0.05  ch2:LOCK g=+0.0100 bp=-0.013V ratio=0.02  ch3:LOCK g=-0.0300 bp=-0.000V ratio=0.03
    OK ch=1 v=0.2456
    OK ch=3 v=0.2521
    OK ch=1 v=0.2537
    OK ch=3 v=0.2476
    OK ch=7 v=0.2461
    OK ch=1 v=0.2414
    OK ch=3 v=0.2482
    OK ch=5 v=0.2701
    OK ch=7 v=0.2452
    OK ch=1 v=0.2474
    OK ch=3 v=0.2514
    OK ch=5 v=0.2695
    OK ch=7 v=0.2463
    OK ch=1 v=0.2287
    OK ch=3 v=0.2434
    OK ch=5 v=0.2685
    OK ch=7 v=0.2451
    OK ch=1 v=0.2144
    OK ch=3 v=0.2443
    OK ch=5 v=0.2692
    OK ch=7 v=0.2462
    OK ch=1 v=0.2544
    OK ch=5 v=0.2687
    OK ch=1 v=0.2516
    OK ch=3 v=0.2483
    OK ch=5 v=0.2697
    OK ch=1 v=0.2623
    OK ch=3 v=0.2508
    OK ch=5 v=0.2684
    OK ch=1 v=0.2711
    OK ch=3 v=0.2540
    OK ch=5 v=0.2695
    OK ch=7 v=0.2433
    OK ch=1 v=0.2225
    OK ch=3 v=0.2453
    OK ch=5 v=0.2703
    OK ch=7 v=0.2447
    OK ch=1 v=0.2255
    OK ch=3 v=0.2442
    OK ch=7 v=0.2476
    OK ch=1 v=0.2304
    OK ch=3 v=0.2412
    OK ch=5 v=0.2715
    OK ch=7 v=0.2452
    OK ch=1 v=0.2335
    OK ch=3 v=0.2496
    OK ch=5 v=0.2690
    OK ch=7 v=0.2459
    OK ch=1 v=0.2686
    OK ch=3 v=0.2526
    OK ch=5 v=0.2710
    OK ch=7 v=0.2471
    OK ch=1 v=0.2350
    OK ch=3 v=0.2500
    OK ch=7 v=0.2455
    OK ch=1 v=0.2469
    OK ch=3 v=0.2474
    OK ch=5 v=0.2716
    OK ch=7 v=0.2416
    OK ch=1 v=0.2187
    OK ch=3 v=0.2418
    OK ch=7 v=0.2456
    OK ch=1 v=0.2244
    OK ch=3 v=0.2434
    OK ch=1 v=0.2684
    OK ch=3 v=0.2502
    OK ch=5 v=0.2724
    OK ch=7 v=0.2463
    OK ch=1 v=0.2592
    OK ch=3 v=0.2458
    OK ch=7 v=0.2442
    OK ch=1 v=0.2534
    OK ch=3 v=0.2502
    OK ch=7 v=0.2466
    OK ch=1 v=0.2376
    OK ch=3 v=0.2445
    OK ch=5 v=0.2715
    OK ch=1 v=0.2426
    OK ch=3 v=0.2485
    OK ch=5 v=0.2709
    OK ch=7 v=0.2455
    OK ch=1 v=0.2453
    OK ch=3 v=0.2444
    OK ch=1 v=0.2379
    OK ch=3 v=0.2487
    OK ch=7 v=0.2463
    OK ch=1 v=0.2513
    OK ch=3 v=0.2512
    OK ch=5 v=0.2699
    OK ch=7 v=0.2454
    OK ch=1 v=0.2447
    OK ch=3 v=0.2468
    OK ch=5 v=0.2686
    OK ch=1 v=0.2241
    OK ch=3 v=0.2448
    OK ch=5 v=0.2702
    OK ch=1 v=0.2389
    OK ch=1 v=0.2282
    OK ch=3 v=0.2406
    OK ch=7 v=0.2446
    OK ch=1 v=0.2309
    OK ch=3 v=0.2415
    OK ch=7 v=0.2430
    OK ch=1 v=0.2560
    OK ch=3 v=0.2470
    OK ch=5 v=0.2684
    OK ch=1 v=0.2332
    OK ch=3 v=0.2461
    OK ch=7 v=0.2465
    OK ch=1 v=0.2272
    OK ch=3 v=0.2487
    OK ch=7 v=0.2484
    OK ch=1 v=0.2703
    OK ch=3 v=0.2550
    OK ch=5 v=0.2689
    OK ch=1 v=0.2673
    OK ch=3 v=0.2569
    OK ch=5 v=0.2696
    OK ch=7 v=0.2461
    OK ch=1 v=0.2346
    OK ch=3 v=0.2502
    OK ch=5 v=0.2709
    OK ch=1 v=0.2559
    OK ch=3 v=0.2454
    OK ch=7 v=0.2476
    OK ch=1 v=0.2389
    OK ch=3 v=0.2481
    OK ch=7 v=0.2496
    OK ch=1 v=0.2094
    OK ch=3 v=0.2411
    OK ch=7 v=0.2441
    OK ch=1 v=0.2128
    OK ch=7 v=0.2430
    OK ch=1 v=0.2571
    OK ch=3 v=0.2488
    OK ch=1 v=0.2415
    OK ch=5 v=0.2689
    OK ch=7 v=0.2437
    OK ch=1 v=0.2593
    OK ch=3 v=0.2545
    OK ch=5 v=0.2701
    OK ch=7 v=0.2456
    OK ch=1 v=0.2388
    OK ch=3 v=0.2446
    OK ch=7 v=0.2472
    OK ch=1 v=0.2323
    OK ch=5 v=0.2718
    OK ch=7 v=0.2457
    OK ch=1 v=0.2477
    OK ch=3 v=0.2490
    OK ch=1 v=0.2370
    OK ch=3 v=0.2449
    OK ch=1 v=0.2399
    OK ch=3 v=0.2369
    OK ch=7 v=0.2464
    OK ch=1 v=0.2342
    OK ch=3 v=0.2426
    OK ch=7 v=0.2454
    OK ch=1 v=0.2251
    OK ch=5 v=0.2710
    OK ch=7 v=0.2440
    OK ch=1 v=0.2298
    OK ch=3 v=0.2492
    OK ch=7 v=0.2417
    OK ch=1 v=0.2202
    OK ch=3 v=0.2468
    OK ch=5 v=0.2716
    OK ch=7 v=0.2410
    OK ch=1 v=0.2563
    OK ch=3 v=0.2476
    OK ch=5 v=0.2724
    OK ch=7 v=0.2449
    OK ch=1 v=0.2431
    OK ch=3 v=0.2500
    OK ch=5 v=0.2697
    OK ch=7 v=0.2472
    OK ch=1 v=0.2530
    OK ch=3 v=0.2541
    OK ch=7 v=0.2437
    OK ch=1 v=0.2685
    OK ch=7 v=0.2484
    OK ch=1 v=0.2326
    OK ch=3 v=0.2408
    OK ch=5 v=0.2710
    OK ch=7 v=0.2491
    OK ch=1 v=0.2195
    OK ch=3 v=0.2441
    OK ch=7 v=0.2470
    OK ch=1 v=0.2372
    OK ch=5 v=0.2702
    OK ch=1 v=0.2484
    OK ch=3 v=0.2449
    OK ch=5 v=0.2694
    OK ch=7 v=0.2459
    OK ch=1 v=0.2520
    OK ch=3 v=0.2459
    OK ch=7 v=0.2441
    OK ch=1 v=0.2581
    OK ch=3 v=0.2476
    OK ch=5 v=0.2687
    OK ch=1 v=0.2332
    OK ch=3 v=0.2444
    OK ch=5 v=0.2700
    OK ch=7 v=0.2469
    OK ch=1 v=0.2364
    OK ch=3 v=0.2469
    OK ch=5 v=0.2693
    OK ch=1 v=0.2299
    OK ch=3 v=0.2451
    OK ch=7 v=0.2456
    OK ch=1 v=0.2660
    OK ch=3 v=0.2500
    OK ch=7 v=0.2463
    OK ch=1 v=0.2527
    OK ch=3 v=0.2481
    OK ch=5 v=0.2687
    OK ch=1 v=0.2433
    OK ch=3 v=0.2522
    OK ch=5 v=0.2700
    OK ch=1 v=0.2398
    OK ch=3 v=0.2482
    OK ch=5 v=0.2706
    OK ch=7 v=0.2482
    OK ch=1 v=0.2459
    OK ch=3 v=0.2525
    OK ch=7 v=0.2465
    OK ch=1 v=0.2392
    OK ch=3 v=0.2444

>>> KICK 1/3 REQUESTED at t=60.0s <<<

    OK ch=7 v=0.2459
    OK ch=1 v=0.2283
    OK ch=7 v=0.2443
    OK ch=1 v=0.2505
    OK ch=3 v=0.2354
    OK ch=1 v=0.2418
    OK ch=3 v=0.2453
    OK ch=5 v=0.2716
    OK ch=1 v=0.2194
    OK ch=3 v=0.2481
    OK ch=5 v=0.2728
    OK ch=1 v=0.2528
    OK ch=3 v=0.2497
    OK ch=5 v=0.2709
    OK ch=7 v=0.2451
    OK ch=1 v=0.2516
    OK ch=3 v=0.2538
    OK ch=1 v=0.2267
    OK ch=3 v=0.2461
    OK ch=7 v=0.2466
    OK ch=1 v=0.2366
    OK ch=7 v=0.2432
    OK ch=1 v=0.2221
    OK ch=3 v=0.2426
    OK ch=7 v=0.2440
    OK ch=1 v=0.2416
    OK ch=5 v=0.2716
    OK ch=1 v=0.2361
    OK ch=3 v=0.2503
    OK ch=5 v=0.2702
    OK ch=7 v=0.2462
    OK ch=1 v=0.2338
    OK ch=3 v=0.2440
    OK ch=5 v=0.2716
    OK ch=7 v=0.2470
    OK ch=1 v=0.2364
    OK ch=3 v=0.2463
    OK ch=5 v=0.2700
    OK ch=7 v=0.2455
    OK ch=1 v=0.2448
    OK ch=3 v=0.2471
    OK ch=5 v=0.2711
    OK ch=7 v=0.2441
    OK ch=1 v=0.2594
    OK ch=3 v=0.2485
    OK ch=1 v=0.2705
    OK ch=3 v=0.2531
    OK ch=5 v=0.2702
    OK ch=7 v=0.2459
    OK ch=1 v=0.2788
    OK ch=3 v=0.2562
    OK ch=5 v=0.2712
    OK ch=7 v=0.2441
    OK ch=1 v=0.2308
    OK ch=3 v=0.2498
    OK ch=5 v=0.2730
    OK ch=7 v=0.2455
    OK ch=1 v=0.2291
    OK ch=3 v=0.2403
    OK ch=5 v=0.2722
    OK ch=7 v=0.2471
    OK ch=1 v=0.1965
    OK ch=3 v=0.2362
    OK ch=5 v=0.2694
    OK ch=1 v=0.2482
    OK ch=3 v=0.2493
    OK ch=5 v=0.2685
    OK ch=7 v=0.2453
    OK ch=1 v=0.2543
    OK ch=3 v=0.2484
    OK ch=5 v=0.2678
    OK ch=1 v=0.2421
    OK ch=3 v=0.2491
    OK ch=7 v=0.2475
    OK ch=1 v=0.2521
    OK ch=3 v=0.2570
    OK ch=7 v=0.2464
    OK ch=1 v=0.2322
    OK ch=3 v=0.2441
    OK ch=5 v=0.2692
    OK ch=7 v=0.2470
    OK ch=1 v=0.2161
    OK ch=3 v=0.2394
    OK ch=5 v=0.2707
    OK ch=1 v=0.2211
    OK ch=3 v=0.2418
    OK ch=7 v=0.2415
    OK ch=1 v=0.2644
    OK ch=3 v=0.2535
    OK ch=5 v=0.2691
    OK ch=7 v=0.2448
    OK ch=1 v=0.2464
    OK ch=3 v=0.2449
    OK ch=5 v=0.2707
    OK ch=7 v=0.2460
    OK ch=1 v=0.2333
    OK ch=3 v=0.2488
    OK ch=7 v=0.2484
    OK ch=1 v=0.2476
    OK ch=3 v=0.2514
    OK ch=5 v=0.2717
    OK ch=7 v=0.2456
    OK ch=1 v=0.2604
    OK ch=5 v=0.2709
    OK ch=7 v=0.2484
    OK ch=1 v=0.2335
    OK ch=3 v=0.2443
    OK ch=7 v=0.2457
    OK ch=1 v=0.2285
    OK ch=3 v=0.2431
    OK ch=5 v=0.2724
    OK ch=7 v=0.2449
    OK ch=1 v=0.2411
    OK ch=3 v=0.2442
    OK ch=5 v=0.2705
    OK ch=1 v=0.2269
    OK ch=7 v=0.2438
    OK ch=1 v=0.2491
    OK ch=3 v=0.2492
    OK ch=7 v=0.2461
    OK ch=1 v=0.2712
    OK ch=3 v=0.2506
    OK ch=5 v=0.2712
    OK ch=7 v=0.2469
    OK ch=1 v=0.2286
    OK ch=3 v=0.2439
    OK ch=5 v=0.2703
    OK ch=7 v=0.2419
    OK ch=1 v=0.2529
    OK ch=3 v=0.2520
    OK ch=7 v=0.2447
    OK ch=1 v=0.2362
    OK ch=3 v=0.2474
    OK ch=5 v=0.2720
    OK ch=7 v=0.2455
    OK ch=1 v=0.2487
    OK ch=3 v=0.2449
    OK ch=5 v=0.2697
    OK ch=1 v=0.2332
    OK ch=3 v=0.2438
    OK ch=5 v=0.2708
    OK ch=7 v=0.2446
    OK ch=1 v=0.2192
    OK ch=3 v=0.2366
    OK ch=5 v=0.2702
    OK ch=7 v=0.2436
    OK ch=1 v=0.2236
    OK ch=3 v=0.2462
    OK ch=5 v=0.2696
    OK ch=7 v=0.2465
    OK ch=1 v=0.2395
    OK ch=3 v=0.2498
    OK ch=5 v=0.2704
    OK ch=1 v=0.2304
    OK ch=3 v=0.2463
    OK ch=1 v=0.2767
    OK ch=3 v=0.2528
    OK ch=7 v=0.2475
    OK ch=1 v=0.2641
    OK ch=3 v=0.2559
    OK ch=5 v=0.2686
    OK ch=1 v=0.2482
    OK ch=3 v=0.2529
    OK ch=5 v=0.2696
    OK ch=7 v=0.2467
    OK ch=1 v=0.2174
    OK ch=3 v=0.2534
    OK ch=5 v=0.2702
    OK ch=7 v=0.2449
    OK ch=1 v=0.2227
    OK ch=3 v=0.2428
    OK ch=1 v=0.2668
    OK ch=3 v=0.2461
    OK ch=1 v=0.2395
    OK ch=3 v=0.2439
    OK ch=7 v=0.2462
    OK ch=1 v=0.2476
    OK ch=5 v=0.2707
    OK ch=1 v=0.2779
    OK ch=3 v=0.2504
    OK ch=5 v=0.2714
    OK ch=7 v=0.2452
    OK ch=1 v=0.2409
    OK ch=3 v=0.2478
    OK ch=5 v=0.2706
    OK ch=1 v=0.2527
    OK ch=3 v=0.2446
    OK ch=5 v=0.2697
    OK ch=7 v=0.2462
    OK ch=1 v=0.2419
    OK ch=3 v=0.2470
    OK ch=5 v=0.2704
    OK ch=7 v=0.2440
    OK ch=1 v=0.2761
    OK ch=3 v=0.2486
    OK ch=5 v=0.2712
    OK ch=7 v=0.2430
    OK ch=1 v=0.2340
    OK ch=3 v=0.2437
    OK ch=7 v=0.2473
    OK ch=1 v=0.2058
    OK ch=3 v=0.2461
    OK ch=7 v=0.2464
    OK ch=1 v=0.2443
    OK ch=3 v=0.2446
    OK ch=1 v=0.2236
    OK ch=3 v=0.2484
    OK ch=7 v=0.2446
    OK ch=1 v=0.2242
    OK ch=3 v=0.2446
    OK ch=5 v=0.2701
    OK ch=7 v=0.2469
    OK ch=1 v=0.2515
    OK ch=3 v=0.2505
    OK ch=5 v=0.2694
    OK ch=7 v=0.2457
    OK ch=1 v=0.2241
    OK ch=3 v=0.2446
    OK ch=7 v=0.2443
    OK ch=1 v=0.2504
    OK ch=3 v=0.2502
    OK ch=7 v=0.2456
[   60.2s] DAMPING     ch0:LOCK g=-0.0300 bp=-0.003V ratio=0.12  ch1:LOCK g=-0.0300 bp=+0.001V ratio=0.07  ch2:LOCK g=+0.0100 bp=+0.004V ratio=0.01  ch3:LOCK g=-0.0300 bp=-0.001V ratio=0.02
    OK ch=1 v=0.2637
    OK ch=3 v=0.2530
    OK ch=5 v=0.2703
    OK ch=7 v=0.2471
    OK ch=1 v=0.2411
    OK ch=3 v=0.2468
    OK ch=7 v=0.2458
    OK ch=1 v=0.2198
    OK ch=5 v=0.2713
    OK ch=7 v=0.2478
    OK ch=1 v=0.2238
    OK ch=5 v=0.2719
    OK ch=7 v=0.2441
    OK ch=1 v=0.2694
    OK ch=3 v=0.2480
    OK ch=5 v=0.2709
    OK ch=7 v=0.2459
    OK ch=1 v=0.2370
    OK ch=3 v=0.2467
    OK ch=7 v=0.2451
    OK ch=1 v=0.2463
    OK ch=3 v=0.2441
    OK ch=7 v=0.2462
    OK ch=1 v=0.2245
    OK ch=3 v=0.2430
    OK ch=7 v=0.2475
    OK ch=1 v=0.2236
    OK ch=7 v=0.2461
    OK ch=1 v=0.2648
    OK ch=3 v=0.2495
    OK ch=5 v=0.2693
    OK ch=1 v=0.2440
    OK ch=3 v=0.2500
    OK ch=7 v=0.2454
    OK ch=1 v=0.2416
    OK ch=3 v=0.2506
    OK ch=7 v=0.2429
    OK ch=1 v=0.2588
    OK ch=3 v=0.2462
    OK ch=5 v=0.2699
    OK ch=1 v=0.2559
    OK ch=3 v=0.2476
    OK ch=7 v=0.2450
    OK ch=1 v=0.2436
    OK ch=3 v=0.2526
    OK ch=7 v=0.2457
    OK ch=1 v=0.2370
    OK ch=3 v=0.2463
    OK ch=5 v=0.2718
    OK ch=1 v=0.2456
    OK ch=3 v=0.2508
    OK ch=7 v=0.2483
    OK ch=1 v=0.2367
    OK ch=3 v=0.2424
    OK ch=1 v=0.2387
    OK ch=3 v=0.2459
    OK ch=5 v=0.2710
    OK ch=7 v=0.2441
    OK ch=3 v=0.2439
    OK ch=1 v=0.2191
    OK ch=3 v=0.2419
    OK ch=1 v=0.2353
    OK ch=3 v=0.2451
    OK ch=5 v=0.2702
    OK ch=7 v=0.2494
    OK ch=1 v=0.2457
    OK ch=3 v=0.2517
    OK ch=7 v=0.2464
    OK ch=1 v=0.2537
    OK ch=3 v=0.2505
    OK ch=7 v=0.2455
    OK ch=1 v=0.2509
    OK ch=3 v=0.2492
    OK ch=5 v=0.2712
    OK ch=1 v=0.2305
    OK ch=3 v=0.2446
    OK ch=5 v=0.2691
    OK ch=1 v=0.2495
    OK ch=3 v=0.2476
    OK ch=5 v=0.2697
    OK ch=7 v=0.2465
    OK ch=1 v=0.2230
    OK ch=3 v=0.2434
    OK ch=5 v=0.2714
    OK ch=7 v=0.2453
    OK ch=1 v=0.2269
    OK ch=3 v=0.2451
    OK ch=5 v=0.2694
    OK ch=1 v=0.2486
    OK ch=3 v=0.2520
    OK ch=5 v=0.2688
    OK ch=7 v=0.2440
    OK ch=1 v=0.2586
    OK ch=3 v=0.2403
    OK ch=5 v=0.2693
    OK ch=7 v=0.2455
    OK ch=1 v=0.2402
    OK ch=3 v=0.2511
    OK ch=5 v=0.2700
    OK ch=1 v=0.2177
    OK ch=3 v=0.2472
    OK ch=7 v=0.2446
    OK ch=1 v=0.2684
    OK ch=3 v=0.2463
    OK ch=5 v=0.2686
    OK ch=7 v=0.2458
    OK ch=1 v=0.2438
    OK ch=3 v=0.2440
    OK ch=5 v=0.2711
    OK ch=7 v=0.2472
    OK ch=1 v=0.2388
    OK ch=3 v=0.2470
    OK ch=1 v=0.2440
    OK ch=3 v=0.2511
    OK ch=7 v=0.2454
    OK ch=1 v=0.2498
    OK ch=3 v=0.2504
    OK ch=5 v=0.2699
    OK ch=7 v=0.2473
    OK ch=1 v=0.2269
    OK ch=3 v=0.2560
    OK ch=7 v=0.2436
    OK ch=1 v=0.2263
    OK ch=3 v=0.2473
    OK ch=5 v=0.2707
    OK ch=7 v=0.2446
    OK ch=1 v=0.2317
    OK ch=3 v=0.2413
    OK ch=5 v=0.2714
    OK ch=7 v=0.2463
    OK ch=1 v=0.2574
    OK ch=3 v=0.2468
    OK ch=5 v=0.2705
    OK ch=7 v=0.2452
    OK ch=1 v=0.2425
    OK ch=3 v=0.2420
    OK ch=5 v=0.2715
    OK ch=7 v=0.2440
    OK ch=1 v=0.2253
    OK ch=3 v=0.2442
    OK ch=7 v=0.2455
    OK ch=1 v=0.2517
    OK ch=3 v=0.2502
    OK ch=5 v=0.2707
    OK ch=7 v=0.2435
    OK ch=1 v=0.2221
    OK ch=3 v=0.2449
    OK ch=5 v=0.2716
    OK ch=7 v=0.2449
    OK ch=1 v=0.2340
    OK ch=3 v=0.2459
    OK ch=7 v=0.2443
    OK ch=3 v=0.2477
    OK ch=5 v=0.2708
    OK ch=1 v=0.2564
    OK ch=3 v=0.2492
    OK ch=7 v=0.2438
    OK ch=1 v=0.2493
    OK ch=7 v=0.2464
    OK ch=1 v=0.2568
    OK ch=3 v=0.2477
    OK ch=5 v=0.2697
    OK ch=7 v=0.2458
    OK ch=1 v=0.2600
    OK ch=3 v=0.2516
    OK ch=7 v=0.2468
    OK ch=1 v=0.2576
    OK ch=3 v=0.2499
    OK ch=5 v=0.2710
    OK ch=1 v=0.2425
    OK ch=3 v=0.2450
    OK ch=5 v=0.2703
    OK ch=7 v=0.2476
    OK ch=1 v=0.2318
    OK ch=3 v=0.2398
    OK ch=5 v=0.2715
    OK ch=7 v=0.2448
    OK ch=1 v=0.2293
    OK ch=3 v=0.2438
    OK ch=7 v=0.2469
    OK ch=1 v=0.2465
    OK ch=3 v=0.2492
    OK ch=5 v=0.2690
    OK ch=1 v=0.2288
    OK ch=5 v=0.2696
    OK ch=7 v=0.2441
    OK ch=1 v=0.2697
    OK ch=3 v=0.2518
    OK ch=5 v=0.2681
    OK ch=7 v=0.2426
    OK ch=1 v=0.2575
    OK ch=3 v=0.2462
    OK ch=5 v=0.2694
    OK ch=7 v=0.2457
    OK ch=1 v=0.1986
    OK ch=3 v=0.2384
    OK ch=5 v=0.2708
    OK ch=7 v=0.2474
    OK ch=1 v=0.2436
    OK ch=3 v=0.2506
    OK ch=5 v=0.2691
    OK ch=1 v=0.2564
    OK ch=3 v=0.2532
    OK ch=7 v=0.2466
    OK ch=1 v=0.2421
    OK ch=3 v=0.2449
    OK ch=7 v=0.2485
    OK ch=1 v=0.2429
    OK ch=3 v=0.2458
    OK ch=7 v=0.2458
    OK ch=3 v=0.2547
    OK ch=7 v=0.2449
    OK ch=1 v=0.2122
    OK ch=3 v=0.2481
    OK ch=5 v=0.2701
    OK ch=7 v=0.2460
    OK ch=1 v=0.2213
    OK ch=3 v=0.2399
    OK ch=5 v=0.2713
    OK ch=7 v=0.2449
    OK ch=1 v=0.2253
    OK ch=3 v=0.2389
    OK ch=5 v=0.2743
    OK ch=7 v=0.2415
    OK ch=1 v=0.2444
    OK ch=3 v=0.2442
    OK ch=5 v=0.2776
    OK ch=1 v=0.2742
    OK ch=3 v=0.2570
    OK ch=5 v=0.2646
    OK ch=7 v=0.2485
    OK ch=1 v=0.2806
    OK ch=3 v=0.2684
    OK ch=5 v=0.2524
    OK ch=7 v=0.2540
    OK ch=1 v=0.2264
    OK ch=3 v=0.2556
    OK ch=5 v=0.2665
    OK ch=7 v=0.2519
    OK ch=1 v=0.2455
    OK ch=3 v=0.2496
    OK ch=7 v=0.2513
    OK ch=1 v=0.2764
    OK ch=3 v=0.2544
    OK ch=5 v=0.2502
    OK ch=7 v=0.2565
    OK ch=1 v=0.3642
    OK ch=3 v=0.3211
    OK ch=5 v=0.1623
    OK ch=7 v=0.3091
    OK ch=1 v=0.4522
    OK ch=3 v=0.3870
    OK ch=5 v=0.1157
    OK ch=7 v=0.3629
    OK ch=1 v=0.3640
    OK ch=3 v=0.2988
    OK ch=5 v=0.2039
    OK ch=7 v=0.2747
    OK ch=1 v=0.2703
    OK ch=3 v=0.2051
    OK ch=5 v=0.2976
    OK ch=7 v=0.1810
    OK ch=1 v=0.1766
    OK ch=3 v=0.1114
    OK ch=5 v=0.3913
    OK ch=7 v=0.0873
    OK ch=1 v=0.2597
    OK ch=3 v=0.1944
    OK ch=5 v=0.3082
    OK ch=7 v=0.1704
    OK ch=1 v=0.3476
    OK ch=3 v=0.2824
    OK ch=5 v=0.2203
    OK ch=7 v=0.2583
    OK ch=1 v=0.4356
    OK ch=3 v=0.3704
    OK ch=5 v=0.1323
    OK ch=7 v=0.3463
    OK ch=1 v=0.3646
    OK ch=3 v=0.3952
    OK ch=5 v=0.1396
    OK ch=7 v=0.4304
    OK ch=1 v=0.3570
    OK ch=3 v=0.3088
    OK ch=5 v=0.1928
    OK ch=7 v=0.3441
    OK ch=1 v=0.3978
    OK ch=3 v=0.3971
    OK ch=5 v=0.1045
    OK ch=7 v=0.3635
    OK ch=1 v=0.4859
    OK ch=3 v=0.4853
    OK ch=5 v=0.0163
    OK ch=7 v=0.4516
    OK ch=1 v=0.5000
    OK ch=3 v=0.3873
    OK ch=5 v=0.0654
    OK ch=7 v=0.3524
    OK ch=1 v=0.4115
    OK ch=3 v=0.2988
    OK ch=5 v=0.1539
    OK ch=7 v=0.2639
    OK ch=1 v=0.3237
    OK ch=3 v=0.2111
    OK ch=5 v=0.2416
    OK ch=7 v=0.1762
    OK ch=1 v=0.2301
    OK ch=3 v=0.1174
    OK ch=5 v=0.2505
    OK ch=7 v=0.1320
    OK ch=1 v=0.3167
    OK ch=3 v=0.2054
    OK ch=5 v=0.2072
    OK ch=7 v=0.2199
    OK ch=1 v=0.3063
    OK ch=3 v=0.2733
    OK ch=5 v=0.2311
    OK ch=7 v=0.2581
    OK ch=1 v=0.2181
    OK ch=3 v=0.2485
    OK ch=5 v=0.3193
    OK ch=7 v=0.2400
    OK ch=1 v=0.1304
    OK ch=3 v=0.2146
    OK ch=5 v=0.4070
    OK ch=7 v=0.2193
    OK ch=1 v=0.0414
    OK ch=3 v=0.2394
    OK ch=5 v=0.4619
    OK ch=7 v=0.2372
    OK ch=1 v=0.1224
    OK ch=3 v=0.2846
    OK ch=5 v=0.3978
    OK ch=7 v=0.2716
    OK ch=1 v=0.2100
    OK ch=3 v=0.2803
    OK ch=5 v=0.3489
    OK ch=1 v=0.2814
    OK ch=3 v=0.2586
    OK ch=5 v=0.2874
    OK ch=7 v=0.3056
    OK ch=1 v=0.3652
    OK ch=3 v=0.2286
    OK ch=5 v=0.2136
    OK ch=7 v=0.2177
    OK ch=1 v=0.4418
    OK ch=3 v=0.2583
    OK ch=5 v=0.1435
    OK ch=7 v=0.2326
    OK ch=1 v=0.3909
    OK ch=3 v=0.2227
    OK ch=5 v=0.1569
    OK ch=7 v=0.2215
    OK ch=1 v=0.3522
    OK ch=3 v=0.2024
    OK ch=5 v=0.1812
    OK ch=7 v=0.2898
    OK ch=1 v=0.3443
    OK ch=5 v=0.1870
    OK ch=7 v=0.2018
    OK ch=1 v=0.3860
    OK ch=3 v=0.2489
    OK ch=5 v=0.1570
    OK ch=7 v=0.2068
    OK ch=1 v=0.3340
    OK ch=3 v=0.2721
    OK ch=5 v=0.1670
    OK ch=7 v=0.2800
    OK ch=1 v=0.3734
    OK ch=3 v=0.3012
    OK ch=5 v=0.1769
    OK ch=7 v=0.3498
    OK ch=1 v=0.3376
    OK ch=3 v=0.3046
    OK ch=5 v=0.1753
    OK ch=7 v=0.3025
    OK ch=1 v=0.3755
    OK ch=3 v=0.3360
    OK ch=5 v=0.1741
    OK ch=7 v=0.3430
    OK ch=1 v=0.3217
    OK ch=3 v=0.3402
    OK ch=5 v=0.2099
    OK ch=7 v=0.3414
    OK ch=1 v=0.3020
    OK ch=3 v=0.3298
    OK ch=5 v=0.2292
    OK ch=7 v=0.3247
    OK ch=1 v=0.3256
    OK ch=3 v=0.3201
    OK ch=5 v=0.2264
    OK ch=7 v=0.3109
    OK ch=1 v=0.2819
    OK ch=3 v=0.2742
    OK ch=5 v=0.2361
    OK ch=7 v=0.2760
    OK ch=1 v=0.2206
    OK ch=3 v=0.2293
    OK ch=5 v=0.2530
    OK ch=7 v=0.2423
    OK ch=1 v=0.2470
    OK ch=3 v=0.2144
    OK ch=5 v=0.2271
    OK ch=7 v=0.2138
    OK ch=1 v=0.2620
    OK ch=3 v=0.1995
    OK ch=5 v=0.2212
    OK ch=1 v=0.2403
    OK ch=3 v=0.1796
    OK ch=5 v=0.2625
    OK ch=7 v=0.1860
    OK ch=1 v=0.2338
    OK ch=3 v=0.1822
    OK ch=5 v=0.2764
    OK ch=7 v=0.1936
    OK ch=1 v=0.3218
    OK ch=3 v=0.2702
    OK ch=5 v=0.1884
    OK ch=7 v=0.2816
    OK ch=1 v=0.4160
    OK ch=3 v=0.3644
    OK ch=5 v=0.1115
    OK ch=7 v=0.3758
    OK ch=1 v=0.5000
    OK ch=3 v=0.4074
    OK ch=5 v=0.1993
    OK ch=7 v=0.2880
    OK ch=1 v=0.4173
    OK ch=3 v=0.3247
    OK ch=5 v=0.2819
    OK ch=7 v=0.2053
    OK ch=1 v=0.3347
    OK ch=3 v=0.2421
    OK ch=5 v=0.1993
    OK ch=7 v=0.1227
    OK ch=1 v=0.2413
    OK ch=3 v=0.1486
    OK ch=5 v=0.1059
    OK ch=7 v=0.2161
    OK ch=1 v=0.3295
    OK ch=3 v=0.0604
    OK ch=5 v=0.0521
    OK ch=7 v=0.3043
    OK ch=1 v=0.4176
    OK ch=3 v=0.0000
    OK ch=5 v=0.1021
    OK ch=7 v=0.2365
    OK ch=1 v=0.5000
    OK ch=3 v=0.0883
    OK ch=5 v=0.1372
    OK ch=7 v=0.3248
[   65.2s] DAMPING     ch0:.... g=-0.0350 bp=-0.513V ratio=2.64  ch1:.... g=-0.0350 bp=-0.846V ratio=3.36  ch2:.... g=+0.0120 bp=-0.534V ratio=1.82  ch3:.... g=-0.0350 bp=-0.460V ratio=4.15
    OK ch=3 v=0.1872
    OK ch=5 v=0.1673
    OK ch=7 v=0.4237
    OK ch=1 v=0.4567
    OK ch=3 v=0.2590
    OK ch=5 v=0.1710
    OK ch=7 v=0.4955
    OK ch=1 v=0.4326
    OK ch=3 v=0.3581
    OK ch=5 v=0.0719
    OK ch=7 v=0.5000
    OK ch=1 v=0.5000
    OK ch=3 v=0.4517
    OK ch=5 v=0.0000
    OK ch=3 v=0.5000
    OK ch=5 v=0.0372
    OK ch=7 v=0.4284
    OK ch=3 v=0.4338
    OK ch=5 v=0.1034
    OK ch=7 v=0.3622
    OK ch=1 v=0.4612
    OK ch=3 v=0.3623
    OK ch=5 v=0.1750
    OK ch=7 v=0.2907
    OK ch=1 v=0.3727
    OK ch=3 v=0.2737
    OK ch=5 v=0.2092
    OK ch=7 v=0.2022
    OK ch=1 v=0.2793
    OK ch=3 v=0.1804
    OK ch=5 v=0.2183
    OK ch=7 v=0.1828
    OK ch=1 v=0.2087
    OK ch=3 v=0.1299
    OK ch=5 v=0.2155
    OK ch=7 v=0.2184
    OK ch=1 v=0.1346
    OK ch=3 v=0.1720
    OK ch=5 v=0.2575
    OK ch=7 v=0.2343
    OK ch=1 v=0.0470
    OK ch=3 v=0.1144
    OK ch=5 v=0.3451
    OK ch=7 v=0.2277
    OK ch=1 v=0.0000
    OK ch=3 v=0.0265
    OK ch=5 v=0.4330
    OK ch=7 v=0.1839
    OK ch=3 v=0.0000
    OK ch=5 v=0.5000
    OK ch=7 v=0.0902
    OK ch=1 v=0.0664
    OK ch=5 v=0.4719
    OK ch=7 v=0.0740
    OK ch=1 v=0.1326
    OK ch=3 v=0.0083
    OK ch=5 v=0.4056
    OK ch=7 v=0.1290
    OK ch=1 v=0.2205
    OK ch=3 v=0.0962
    OK ch=5 v=0.3178
    OK ch=7 v=0.1153
    OK ch=1 v=0.2500
    OK ch=3 v=0.1845
    OK ch=5 v=0.2500
    OK ch=7 v=0.2035

!! ch1, ch3 runaway/saturation -- freezing all channels, entering FAULT.

    OK ch=3 v=0.2500
    OK ch=7 v=0.2500
[   70.2s] FAULT       ch0:.... g=+0.0000 bp=+1.056V ratio=4.82  ch1:.... g=+0.0000 bp=+0.386V ratio=6.04  ch2:.... g=+0.0000 bp=+0.682V ratio=2.96  ch3:.... g=+0.0000 bp=+0.192V ratio=5.79
    OK ch=1 v=0.2515
    OK ch=3 v=0.2473
    OK ch=5 v=0.2487
    OK ch=7 v=0.2464

[recovered] re-engaging on the baseline already in hand -- the previous engagement was healthy, so this baseline is known good and the fault was a transient -- measuring a new floor now would measure the ringdown (1/4 before a forced re-calibration). Gain ramps from zero.

    OK ch=1 v=0.2677
    OK ch=3 v=0.2943
    OK ch=5 v=0.1996
    OK ch=7 v=0.3337
    OK ch=1 v=0.2411
    OK ch=3 v=0.3599
    OK ch=5 v=0.2244
    OK ch=7 v=0.3657
    OK ch=1 v=0.2592
    OK ch=3 v=0.3666
    OK ch=5 v=0.1574
    OK ch=7 v=0.3787
    OK ch=1 v=0.3527
    OK ch=3 v=0.4383
    OK ch=5 v=0.1348
    OK ch=7 v=0.4018
    OK ch=1 v=0.2638
    OK ch=3 v=0.3495
    OK ch=5 v=0.2236
    OK ch=7 v=0.4170
    OK ch=1 v=0.2235
    OK ch=3 v=0.4371
    OK ch=5 v=0.3112
    OK ch=7 v=0.4691
    OK ch=1 v=0.2497
    OK ch=3 v=0.3577
    OK ch=5 v=0.2415
    OK ch=7 v=0.3808
    OK ch=1 v=0.3008
    OK ch=3 v=0.2696
    OK ch=5 v=0.1533
    OK ch=7 v=0.2927
    OK ch=1 v=0.3889
    OK ch=3 v=0.1884
    OK ch=5 v=0.0652
    OK ch=7 v=0.2046
    OK ch=1 v=0.3006
    OK ch=3 v=0.2009
    OK ch=5 v=0.1535
    OK ch=7 v=0.2068
    OK ch=1 v=0.3942
    OK ch=3 v=0.1946
    OK ch=5 v=0.0599
    OK ch=7 v=0.1318
    OK ch=1 v=0.4477
    OK ch=3 v=0.1522
    OK ch=5 v=0.0000
    OK ch=7 v=0.1021
    OK ch=1 v=0.3695
    OK ch=3 v=0.1206
    OK ch=5 v=0.0704
    OK ch=7 v=0.1608
    OK ch=1 v=0.3071
    OK ch=3 v=0.2145
    OK ch=5 v=0.1643
    OK ch=7 v=0.2547
    OK ch=1 v=0.2787
    OK ch=3 v=0.2823
    OK ch=5 v=0.2338
    OK ch=7 v=0.2887
    OK ch=1 v=0.1905
    OK ch=3 v=0.3705
    OK ch=5 v=0.3220
    OK ch=7 v=0.3769
    OK ch=1 v=0.1019
    OK ch=3 v=0.3245
    OK ch=5 v=0.4106
    OK ch=7 v=0.3424
    OK ch=1 v=0.0089
    OK ch=3 v=0.2684
    OK ch=5 v=0.4890
    OK ch=7 v=0.2494
    OK ch=1 v=0.0973
    OK ch=3 v=0.2550
    OK ch=5 v=0.4006
    OK ch=7 v=0.1771
    OK ch=1 v=0.1909
    OK ch=3 v=0.2252
    OK ch=5 v=0.3070
    OK ch=7 v=0.0835
    OK ch=1 v=0.2789
    OK ch=3 v=0.1372
    OK ch=5 v=0.2190
    OK ch=7 v=0.0000
    OK ch=1 v=0.3724
    OK ch=3 v=0.0437
    OK ch=5 v=0.1255
    OK ch=7 v=0.0935
    OK ch=1 v=0.2841
    OK ch=3 v=0.0715
    OK ch=5 v=0.2138
    OK ch=7 v=0.1818
    OK ch=1 v=0.1957
    OK ch=3 v=0.1599
    OK ch=5 v=0.3021
    OK ch=7 v=0.2701
    OK ch=1 v=0.2838
    OK ch=3 v=0.2479
    OK ch=5 v=0.2141
    OK ch=7 v=0.3581
    OK ch=1 v=0.1955
    OK ch=3 v=0.3362
    OK ch=5 v=0.3023
    OK ch=7 v=0.3368
    OK ch=1 v=0.1078
    OK ch=3 v=0.4239
    OK ch=5 v=0.3234
    OK ch=7 v=0.4246
    OK ch=1 v=0.1964
    OK ch=3 v=0.5000
    OK ch=5 v=0.2347
    OK ch=7 v=0.5000
    OK ch=1 v=0.2894
    OK ch=3 v=0.4070
    OK ch=5 v=0.1417
    OK ch=7 v=0.4768
    OK ch=1 v=0.3780
    OK ch=3 v=0.3184
    OK ch=5 v=0.0915
    OK ch=7 v=0.3882
    OK ch=1 v=0.2901
    OK ch=3 v=0.2305
    OK ch=5 v=0.1795
    OK ch=7 v=0.3003
    OK ch=1 v=0.3784
    OK ch=3 v=0.1421
    OK ch=5 v=0.0911
    OK ch=7 v=0.2119
    OK ch=1 v=0.4721
    OK ch=3 v=0.2358
    OK ch=5 v=0.0000
    OK ch=7 v=0.1183
    OK ch=1 v=0.5000
    OK ch=3 v=0.1477
    OK ch=5 v=0.0881
    OK ch=7 v=0.0302
    OK ch=1 v=0.4117
    OK ch=3 v=0.2360
    OK ch=5 v=0.1764
    OK ch=7 v=0.1185
    OK ch=1 v=0.3182
    OK ch=3 v=0.3295
    OK ch=5 v=0.2455
    OK ch=7 v=0.2120
    OK ch=1 v=0.2248
    OK ch=3 v=0.4229
    OK ch=5 v=0.3390
    OK ch=7 v=0.3055
    OK ch=1 v=0.1309
    OK ch=3 v=0.3673
    OK ch=5 v=0.4329
    OK ch=7 v=0.2672
    OK ch=1 v=0.0908
    OK ch=3 v=0.2738
    OK ch=5 v=0.3876
    OK ch=7 v=0.2052
    OK ch=1 v=0.1791
    OK ch=3 v=0.1854
    OK ch=5 v=0.2992
    OK ch=7 v=0.2010
    OK ch=1 v=0.2673
    OK ch=3 v=0.1720
    OK ch=5 v=0.2111
    OK ch=7 v=0.2131
    OK ch=1 v=0.3551
    OK ch=3 v=0.0842
    OK ch=5 v=0.1347
    OK ch=7 v=0.1253
    OK ch=1 v=0.4488
    OK ch=3 v=0.0000
    OK ch=5 v=0.0410
    OK ch=7 v=0.0316
    OK ch=1 v=0.5000
    OK ch=3 v=0.0937
    OK ch=5 v=0.0000
    OK ch=7 v=0.1253
    OK ch=1 v=0.4119
    OK ch=3 v=0.0056
    OK ch=5 v=0.0881
    OK ch=7 v=0.2134
    OK ch=1 v=0.3237
    OK ch=3 v=0.0937
    OK ch=5 v=0.1763
    OK ch=7 v=0.2500

!! ch1, ch3 runaway/saturation -- freezing all channels, entering FAULT.

    OK ch=1 v=0.2500
    OK ch=3 v=0.1765
    OK ch=5 v=0.2500
    OK ch=3 v=0.2480
    OK ch=3 v=0.2500
[   75.2s] FAULT       ch0:.... g=+0.0000 bp=-1.683V ratio=3.94  ch1:.... g=+0.0000 bp=+0.901V ratio=4.84  ch2:.... g=+0.0000 bp=-1.499V ratio=2.37  ch3:.... g=+0.0000 bp=+1.440V ratio=5.84
    OK ch=1 v=0.2507
    OK ch=3 v=0.2493
    OK ch=5 v=0.2492
    OK ch=7 v=0.2488

[recovered] re-engaging on the baseline already in hand -- re-faulted after only 2.1s, so the disturbance is still there and a fresh window would measure it rather than the floor (2/4 before a forced re-calibration). Gain ramps from zero.

    OK ch=1 v=0.3387
    OK ch=3 v=0.2297
    OK ch=5 v=0.2053
    OK ch=7 v=0.2106
    OK ch=1 v=0.3325
    OK ch=3 v=0.2286
    OK ch=5 v=0.1508
    OK ch=7 v=0.2426
    OK ch=1 v=0.2781
    OK ch=3 v=0.2718
    OK ch=5 v=0.1281
    OK ch=7 v=0.3310
    OK ch=1 v=0.2462
    OK ch=3 v=0.3083
    OK ch=5 v=0.1820
    OK ch=7 v=0.3558
    OK ch=1 v=0.1926
    OK ch=3 v=0.2973
    OK ch=5 v=0.2700
    OK ch=7 v=0.3301
    OK ch=1 v=0.1544
    OK ch=3 v=0.3450
    OK ch=5 v=0.3530
    OK ch=7 v=0.3486
    OK ch=1 v=0.0761
    OK ch=3 v=0.3394
    OK ch=5 v=0.3885
    OK ch=7 v=0.4270
    OK ch=1 v=0.0525
    OK ch=3 v=0.2556
    OK ch=5 v=0.3181
    OK ch=7 v=0.3646
    OK ch=1 v=0.0362
    OK ch=3 v=0.2308
    OK ch=5 v=0.2371
    OK ch=7 v=0.3443
    OK ch=1 v=0.1100
    OK ch=3 v=0.2105
    OK ch=5 v=0.1490
    OK ch=7 v=0.2561
    OK ch=1 v=0.1979
    OK ch=3 v=0.2123
    OK ch=5 v=0.1452
    OK ch=7 v=0.1689
    OK ch=1 v=0.2867
    OK ch=3 v=0.2026
    OK ch=5 v=0.0999
    OK ch=7 v=0.1852
    OK ch=1 v=0.3742
    OK ch=3 v=0.1720
    OK ch=5 v=0.0334
    OK ch=7 v=0.2031
    OK ch=1 v=0.3939
    OK ch=3 v=0.0839
    OK ch=5 v=0.0000
    OK ch=7 v=0.1874
    OK ch=1 v=0.3540
    OK ch=3 v=0.0357
    OK ch=5 v=0.0793
    OK ch=7 v=0.1436
    OK ch=1 v=0.2950
    OK ch=3 v=0.1241
    OK ch=5 v=0.1677
    OK ch=7 v=0.1603
    OK ch=1 v=0.2234
    OK ch=3 v=0.2123
    OK ch=5 v=0.2201
    OK ch=7 v=0.2134
    OK ch=1 v=0.2908
    OK ch=3 v=0.3003
    OK ch=5 v=0.2420
    OK ch=7 v=0.2873
    OK ch=1 v=0.2027
    OK ch=3 v=0.3174
    OK ch=5 v=0.3173
    OK ch=7 v=0.3575
    OK ch=1 v=0.1094
    OK ch=3 v=0.2797
    OK ch=5 v=0.4106
    OK ch=7 v=0.4027
    OK ch=1 v=0.1977
    OK ch=3 v=0.3267
    OK ch=5 v=0.4734
    OK ch=7 v=0.3860
    OK ch=1 v=0.2858
    OK ch=3 v=0.3741
    OK ch=5 v=0.4464
    OK ch=7 v=0.3469
    OK ch=1 v=0.3293
    OK ch=3 v=0.3749
    OK ch=5 v=0.3585
    OK ch=7 v=0.2591
    OK ch=1 v=0.3483
    OK ch=3 v=0.3906
    OK ch=5 v=0.2700
    OK ch=7 v=0.2000
    OK ch=1 v=0.2602
    OK ch=3 v=0.3025
    OK ch=5 v=0.1819
    OK ch=7 v=0.2050
    OK ch=1 v=0.2414
    OK ch=3 v=0.2145
    OK ch=5 v=0.0939
    OK ch=7 v=0.2215
    OK ch=1 v=0.2983
    OK ch=3 v=0.1261
    OK ch=5 v=0.0055
    OK ch=7 v=0.2167
    OK ch=1 v=0.3867
    OK ch=3 v=0.1115
    OK ch=5 v=0.0373
    OK ch=7 v=0.1601
    OK ch=1 v=0.4745
    OK ch=3 v=0.1479
    OK ch=5 v=0.1251
    OK ch=7 v=0.0773
    OK ch=1 v=0.5000
    OK ch=3 v=0.1974
    OK ch=5 v=0.2073
    OK ch=7 v=0.0954
    OK ch=1 v=0.4116
    OK ch=3 v=0.2679
    OK ch=5 v=0.2956
    OK ch=7 v=0.1600
    OK ch=1 v=0.3237
    OK ch=3 v=0.3428
    OK ch=5 v=0.3836
    OK ch=7 v=0.2479
    OK ch=1 v=0.2349
    OK ch=3 v=0.4068
    OK ch=5 v=0.4605
    OK ch=7 v=0.3367
    OK ch=1 v=0.1475
    OK ch=3 v=0.4321
    OK ch=5 v=0.5000
    OK ch=7 v=0.4241
    OK ch=1 v=0.0591
    OK ch=3 v=0.3750
    OK ch=5 v=0.4806
    OK ch=7 v=0.4269
    OK ch=1 v=0.0000
    OK ch=3 v=0.2868
    OK ch=5 v=0.3924
    OK ch=7 v=0.4081
    OK ch=1 v=0.0057
    OK ch=3 v=0.1985
    OK ch=5 v=0.3041
    OK ch=7 v=0.3198
    OK ch=1 v=0.0935
    OK ch=3 v=0.1690
    OK ch=5 v=0.2163
    OK ch=7 v=0.2467
    OK ch=1 v=0.1820
    OK ch=3 v=0.1537
    OK ch=5 v=0.1278
    OK ch=7 v=0.1764
    OK ch=1 v=0.2701
    OK ch=3 v=0.1303
    OK ch=5 v=0.1288
    OK ch=7 v=0.0882
    OK ch=1 v=0.3579
    OK ch=3 v=0.0692
    OK ch=5 v=0.1340
    OK ch=7 v=0.0257
    OK ch=1 v=0.4408
    OK ch=3 v=0.0145
    OK ch=5 v=0.1364
    OK ch=7 v=0.0925
    OK ch=1 v=0.3789
    OK ch=3 v=0.0442
    OK ch=5 v=0.1173
    OK ch=7 v=0.1806
    OK ch=1 v=0.2911
    OK ch=3 v=0.1321
    OK ch=5 v=0.1230
    OK ch=7 v=0.2685
    OK ch=1 v=0.2082
    OK ch=3 v=0.2149
    OK ch=5 v=0.1511
    OK ch=7 v=0.3513
    OK ch=1 v=0.1202
    OK ch=3 v=0.3029
    OK ch=5 v=0.2300
    OK ch=7 v=0.4393
    OK ch=1 v=0.2084
    OK ch=3 v=0.2500
    OK ch=5 v=0.2500
    OK ch=7 v=0.3512

!! ch0, ch1, ch3 runaway/saturation -- freezing all channels, entering FAULT.

    OK ch=1 v=0.2500
    OK ch=7 v=0.2630
[   80.3s] FAULT       ch0:.... g=+0.0000 bp=-0.653V ratio=2.69  ch1:.... g=+0.0000 bp=-0.088V ratio=3.14  ch2:.... g=+0.0000 bp=+0.447V ratio=1.92  ch3:.... g=+0.0000 bp=+0.420V ratio=3.10
    OK ch=7 v=0.2500

[recovered] re-engaging on the baseline already in hand -- re-faulted after only 2.1s, so the disturbance is still there and a fresh window would measure it rather than the floor (3/4 before a forced re-calibration). Gain ramps from zero.

[   85.3s] DAMPING     ch0:.... g=+0.0000 bp=-0.047V ratio=0.00  ch1:.... g=+0.0000 bp=+0.611V ratio=0.00  ch2:.... g=+0.0000 bp=-1.202V ratio=0.00  ch3:.... g=+0.0000 bp=+0.187V ratio=0.00
    OK ch=1 v=0.2539
    OK ch=3 v=0.2489
    OK ch=5 v=0.2446
    OK ch=7 v=0.2494
    OK ch=1 v=0.2695
    OK ch=3 v=0.2296
    OK ch=5 v=0.2100
    OK ch=7 v=0.2355
    OK ch=1 v=0.3027
    OK ch=3 v=0.2150
    OK ch=5 v=0.1868
    OK ch=7 v=0.2186
    OK ch=1 v=0.3350
    OK ch=3 v=0.2080
    OK ch=5 v=0.1747
    OK ch=7 v=0.2084
    OK ch=1 v=0.3591
    OK ch=3 v=0.2046
    OK ch=5 v=0.1684
    OK ch=7 v=0.2064
    OK ch=1 v=0.3386
    OK ch=3 v=0.2037
    OK ch=5 v=0.1567
    OK ch=7 v=0.2072
    OK ch=1 v=0.2653
    OK ch=3 v=0.2086
    OK ch=5 v=0.1625
    OK ch=7 v=0.2154
    OK ch=1 v=0.2218
    OK ch=3 v=0.2141
    OK ch=5 v=0.1912
    OK ch=7 v=0.2373
    OK ch=1 v=0.1890
    OK ch=3 v=0.2294
    OK ch=5 v=0.2425
    OK ch=7 v=0.2618
    OK ch=1 v=0.1390
    OK ch=3 v=0.2465
    OK ch=5 v=0.2847
    OK ch=7 v=0.2852
    OK ch=1 v=0.1284
    OK ch=3 v=0.2612
    OK ch=5 v=0.2997
    OK ch=7 v=0.3032
    OK ch=1 v=0.1099
    OK ch=3 v=0.2654
    OK ch=5 v=0.3045
    OK ch=7 v=0.3065
    OK ch=1 v=0.1042
    OK ch=3 v=0.2566
    OK ch=5 v=0.2760
    OK ch=7 v=0.2941
    OK ch=1 v=0.1479
    OK ch=3 v=0.2359
    OK ch=5 v=0.2212
    OK ch=7 v=0.2750
    OK ch=1 v=0.2309
    OK ch=3 v=0.2217
    OK ch=5 v=0.1775
    OK ch=7 v=0.2485
    OK ch=1 v=0.3077
    OK ch=3 v=0.1966
    OK ch=5 v=0.1442
    OK ch=7 v=0.2356
    OK ch=1 v=0.3178
    OK ch=3 v=0.1759
    OK ch=5 v=0.1204
    OK ch=7 v=0.2169
    OK ch=1 v=0.3305
    OK ch=3 v=0.1640
    OK ch=5 v=0.0980
    OK ch=7 v=0.1994
    OK ch=1 v=0.3043
    OK ch=3 v=0.1560
    OK ch=5 v=0.0746
    OK ch=1 v=0.2950
    OK ch=3 v=0.1648
    OK ch=5 v=0.0808
    OK ch=7 v=0.2032
    OK ch=1 v=0.2889
    OK ch=3 v=0.1996
    OK ch=5 v=0.1215
    OK ch=7 v=0.2181
    OK ch=1 v=0.2765
    OK ch=3 v=0.2306
    OK ch=5 v=0.1656
    OK ch=7 v=0.2383
    OK ch=1 v=0.2785
    OK ch=3 v=0.2582
    OK ch=5 v=0.2140
    OK ch=7 v=0.2568
    OK ch=1 v=0.2468
    OK ch=3 v=0.2736
    OK ch=5 v=0.2505
    OK ch=7 v=0.2752
    OK ch=1 v=0.2246
    OK ch=3 v=0.2848
    OK ch=5 v=0.2745
    OK ch=7 v=0.2902
    OK ch=1 v=0.2455
    OK ch=3 v=0.3026
    OK ch=5 v=0.2792
    OK ch=7 v=0.2931
    OK ch=1 v=0.2247
    OK ch=3 v=0.2962
    OK ch=5 v=0.2687
    OK ch=7 v=0.2900
    OK ch=1 v=0.2331
    OK ch=3 v=0.2952
    OK ch=5 v=0.2603
    OK ch=7 v=0.2683
    OK ch=1 v=0.2872
    OK ch=3 v=0.2758
    OK ch=5 v=0.2300
    OK ch=7 v=0.2443
    OK ch=1 v=0.2952
    OK ch=3 v=0.2520
    OK ch=5 v=0.1940
    OK ch=7 v=0.2242
    OK ch=1 v=0.3278
    OK ch=3 v=0.2218
    OK ch=5 v=0.1789
    OK ch=7 v=0.2038
    OK ch=1 v=0.3499
    OK ch=3 v=0.1948
    OK ch=5 v=0.1681
    OK ch=7 v=0.1825
    OK ch=1 v=0.3293
    OK ch=3 v=0.1896
    OK ch=5 v=0.1719
    OK ch=7 v=0.1658
    OK ch=1 v=0.3727
    OK ch=3 v=0.1859
    OK ch=5 v=0.1885
    OK ch=7 v=0.1650
    OK ch=1 v=0.3451
    OK ch=3 v=0.1903
    OK ch=5 v=0.2145
    OK ch=7 v=0.1800
    OK ch=1 v=0.3141
    OK ch=3 v=0.2215
    OK ch=5 v=0.2470
    OK ch=7 v=0.1986
    OK ch=1 v=0.2254
    OK ch=3 v=0.2355
    OK ch=5 v=0.2683
    OK ch=7 v=0.2324
    OK ch=1 v=0.1374
    OK ch=3 v=0.2535
    OK ch=5 v=0.2782
    OK ch=7 v=0.2610
    OK ch=1 v=0.0846
    OK ch=3 v=0.2670
    OK ch=5 v=0.2673
    OK ch=7 v=0.2883
    OK ch=1 v=0.0791
    OK ch=3 v=0.2692
    OK ch=5 v=0.2354
    OK ch=7 v=0.3087
    OK ch=1 v=0.1446
    OK ch=3 v=0.2679
    OK ch=5 v=0.2085
    OK ch=7 v=0.2990
    OK ch=1 v=0.1936
    OK ch=3 v=0.2509
    OK ch=5 v=0.1828
    OK ch=7 v=0.2909
    OK ch=1 v=0.2241
    OK ch=3 v=0.2160
    OK ch=5 v=0.1676
    OK ch=7 v=0.2811
    OK ch=1 v=0.2969
    OK ch=3 v=0.2074
    OK ch=5 v=0.1570
    OK ch=7 v=0.2479
    OK ch=1 v=0.3001
    OK ch=3 v=0.1842
    OK ch=5 v=0.1489
    OK ch=7 v=0.2311
    OK ch=1 v=0.3028
    OK ch=3 v=0.1742
    OK ch=5 v=0.1439
    OK ch=7 v=0.2277
    OK ch=1 v=0.2500
    OK ch=3 v=0.2500
    OK ch=5 v=0.2320
    OK ch=7 v=0.2500

!! ch1 runaway/saturation -- freezing all channels, entering FAULT.

    OK ch=5 v=0.2500
[   90.3s] FAULT       ch0:.... g=+0.0000 bp=-0.300V ratio=1.11  ch1:.... g=+0.0000 bp=-0.091V ratio=1.19  ch2:.... g=+0.0000 bp=+0.166V ratio=0.82  ch3:.... g=+0.0000 bp=+0.120V ratio=1.61

[recovered] re-engaging on the baseline already in hand -- re-faulted after only 2.0s, so the disturbance is still there and a fresh window would measure it rather than the floor (4/4 before a forced re-calibration). Gain ramps from zero.

    OK ch=1 v=0.2490
    OK ch=5 v=0.2518
    OK ch=1 v=0.2565
    OK ch=3 v=0.2571
    OK ch=5 v=0.2614
    OK ch=7 v=0.2530
    OK ch=1 v=0.2494
    OK ch=3 v=0.2631
    OK ch=5 v=0.2707
    OK ch=7 v=0.2577
    OK ch=1 v=0.2416
    OK ch=3 v=0.2656
    OK ch=5 v=0.2785
    OK ch=7 v=0.2584
    OK ch=1 v=0.2432
    OK ch=3 v=0.2676
    OK ch=5 v=0.2808
    OK ch=1 v=0.2499
    OK ch=5 v=0.2781
    OK ch=7 v=0.2569
    OK ch=1 v=0.2612
    OK ch=3 v=0.2645
    OK ch=5 v=0.2708
    OK ch=7 v=0.2545
    OK ch=1 v=0.2572
    OK ch=3 v=0.2561
    OK ch=5 v=0.2553
    OK ch=7 v=0.2505
    OK ch=1 v=0.2627
    OK ch=3 v=0.2512
    OK ch=5 v=0.2442
    OK ch=7 v=0.2470
    OK ch=1 v=0.2666
    OK ch=3 v=0.2410
    OK ch=5 v=0.2400
    OK ch=7 v=0.2416
    OK ch=1 v=0.2765
    OK ch=3 v=0.2398
    OK ch=5 v=0.2313
    OK ch=7 v=0.2391
    OK ch=1 v=0.2544
    OK ch=3 v=0.2352
    OK ch=5 v=0.2296
    OK ch=7 v=0.2382
    OK ch=1 v=0.2369
    OK ch=3 v=0.2336
    OK ch=5 v=0.2371
    OK ch=7 v=0.2411
    OK ch=1 v=0.2225
    OK ch=3 v=0.2347
    OK ch=5 v=0.2444
    OK ch=7 v=0.2456
    OK ch=1 v=0.1986
    OK ch=3 v=0.2411
    OK ch=5 v=0.2535
    OK ch=7 v=0.2541
    OK ch=1 v=0.2035
    OK ch=3 v=0.2490
    OK ch=5 v=0.2569
    OK ch=7 v=0.2664
    OK ch=1 v=0.1910
    OK ch=3 v=0.2533
    OK ch=5 v=0.2664
    OK ch=7 v=0.2762
    OK ch=1 v=0.1766
    OK ch=3 v=0.2521
    OK ch=5 v=0.2680
    OK ch=7 v=0.2803
    OK ch=1 v=0.2047
    OK ch=3 v=0.2599
    OK ch=5 v=0.2561
    OK ch=1 v=0.2195
    OK ch=3 v=0.2605
    OK ch=5 v=0.2515
    OK ch=7 v=0.2789
    OK ch=1 v=0.2496
    OK ch=3 v=0.2574
    OK ch=5 v=0.2429
    OK ch=7 v=0.2741
    OK ch=1 v=0.2606
    OK ch=3 v=0.2510
    OK ch=5 v=0.2259
    OK ch=7 v=0.2682
    OK ch=3 v=0.2392
    OK ch=5 v=0.2133
    OK ch=7 v=0.2601
    OK ch=1 v=0.2573
    OK ch=3 v=0.2365
    OK ch=5 v=0.2033
    OK ch=7 v=0.2542
    OK ch=1 v=0.2839
    OK ch=3 v=0.2399
    OK ch=5 v=0.1995
    OK ch=7 v=0.2485
    OK ch=1 v=0.2660
    OK ch=3 v=0.2376
    OK ch=5 v=0.2082
    OK ch=7 v=0.2435
    OK ch=1 v=0.2645
    OK ch=3 v=0.2397
    OK ch=5 v=0.2175
    OK ch=7 v=0.2454
    OK ch=1 v=0.2925
    OK ch=3 v=0.2527
    OK ch=5 v=0.2358
    OK ch=1 v=0.2817
    OK ch=3 v=0.2629
    OK ch=5 v=0.2508
    OK ch=1 v=0.2485
    OK ch=3 v=0.2602
    OK ch=5 v=0.2612
    OK ch=7 v=0.2488
    OK ch=1 v=0.2337
    OK ch=3 v=0.2728
    OK ch=5 v=0.2761
    OK ch=7 v=0.2556
    OK ch=1 v=0.2541
    OK ch=5 v=0.2868
    OK ch=7 v=0.2564
    OK ch=1 v=0.2474
    OK ch=3 v=0.2781
    OK ch=5 v=0.2929
    OK ch=7 v=0.2591
    OK ch=1 v=0.2577
    OK ch=3 v=0.2880
    OK ch=5 v=0.3028
    OK ch=7 v=0.2567
    OK ch=1 v=0.2469
    OK ch=3 v=0.2826
    OK ch=5 v=0.2967
    OK ch=7 v=0.2528
    OK ch=3 v=0.2791
    OK ch=5 v=0.2914
    OK ch=7 v=0.2489
    OK ch=1 v=0.2522
    OK ch=3 v=0.2741
    OK ch=5 v=0.2893
    OK ch=7 v=0.2424
    OK ch=1 v=0.2681
    OK ch=3 v=0.2577
    OK ch=5 v=0.2828
    OK ch=7 v=0.2332
    OK ch=1 v=0.2408
    OK ch=3 v=0.2473
    OK ch=5 v=0.2730
    OK ch=7 v=0.2260
    OK ch=1 v=0.2828
    OK ch=3 v=0.2529
    OK ch=5 v=0.2627
    OK ch=7 v=0.2245
    OK ch=1 v=0.2890
    OK ch=3 v=0.2439
    OK ch=5 v=0.2564
    OK ch=7 v=0.2275
    OK ch=1 v=0.2728
    OK ch=3 v=0.2415
    OK ch=5 v=0.2541
    OK ch=7 v=0.2282
    OK ch=1 v=0.2778
    OK ch=3 v=0.2469
    OK ch=5 v=0.2508
    OK ch=7 v=0.2363
    OK ch=1 v=0.2280
    OK ch=3 v=0.2443
    OK ch=5 v=0.2548
    OK ch=7 v=0.2455
    OK ch=1 v=0.2213
    OK ch=3 v=0.2544
    OK ch=5 v=0.2584
    OK ch=7 v=0.2548
    OK ch=1 v=0.2460
    OK ch=3 v=0.2659
    OK ch=5 v=0.2533
    OK ch=7 v=0.2682
    OK ch=1 v=0.2400
    OK ch=3 v=0.2634
    OK ch=5 v=0.2523
    OK ch=7 v=0.2787
    OK ch=1 v=0.2049
    OK ch=3 v=0.2612
    OK ch=5 v=0.2494
    OK ch=7 v=0.2828
    OK ch=1 v=0.2127
    OK ch=3 v=0.2597
    OK ch=5 v=0.2461
    OK ch=7 v=0.2872
    OK ch=1 v=0.1936
    OK ch=3 v=0.2536
    OK ch=5 v=0.2403
    OK ch=7 v=0.2789
    OK ch=1 v=0.2589
    OK ch=3 v=0.2515
    OK ch=5 v=0.2297
    OK ch=7 v=0.2745
    OK ch=1 v=0.2472
    OK ch=3 v=0.2393
    OK ch=5 v=0.2283
    OK ch=7 v=0.2655
    OK ch=1 v=0.2335
    OK ch=3 v=0.2313
    OK ch=5 v=0.2248
    OK ch=7 v=0.2613
    OK ch=1 v=0.2390
    OK ch=3 v=0.2287
    OK ch=5 v=0.2198
    OK ch=7 v=0.2620
    OK ch=1 v=0.2461
    OK ch=3 v=0.2313
    OK ch=5 v=0.2230
    OK ch=7 v=0.2569
    OK ch=1 v=0.2108
    OK ch=3 v=0.2292
    OK ch=5 v=0.2313
    OK ch=1 v=0.2287
    OK ch=3 v=0.2313
    OK ch=5 v=0.2386
    OK ch=7 v=0.2549
    OK ch=1 v=0.2217
    OK ch=5 v=0.2498
    OK ch=7 v=0.2559
    OK ch=1 v=0.2415
    OK ch=3 v=0.2471
    OK ch=5 v=0.2542
    OK ch=7 v=0.2589
    OK ch=1 v=0.2702
    OK ch=3 v=0.2634
    OK ch=5 v=0.2622
    OK ch=7 v=0.2609
    OK ch=1 v=0.2255
    OK ch=3 v=0.2572
    OK ch=5 v=0.2707
    OK ch=1 v=0.2341
    OK ch=3 v=0.2590
    OK ch=5 v=0.2701
    OK ch=7 v=0.2593
    OK ch=1 v=0.2326
    OK ch=3 v=0.2603
    OK ch=5 v=0.2692
    OK ch=7 v=0.2574
    OK ch=1 v=0.2269
    OK ch=3 v=0.2555
    OK ch=7 v=0.2522
    OK ch=1 v=0.2629
    OK ch=3 v=0.2576
    OK ch=5 v=0.2651
    OK ch=7 v=0.2497
    OK ch=1 v=0.2638
    OK ch=3 v=0.2641
    OK ch=5 v=0.2644
    OK ch=7 v=0.2459
    OK ch=1 v=0.2751
    OK ch=3 v=0.2598
    OK ch=5 v=0.2616
    OK ch=7 v=0.2424
    OK ch=1 v=0.2345
    OK ch=3 v=0.2508
    OK ch=5 v=0.2596
    OK ch=7 v=0.2392
    OK ch=1 v=0.2563
    OK ch=5 v=0.2614
    OK ch=7 v=0.2404
    OK ch=1 v=0.2557
    OK ch=3 v=0.2572
    OK ch=5 v=0.2561
    OK ch=1 v=0.2645
    OK ch=3 v=0.2649
    OK ch=5 v=0.2544
    OK ch=7 v=0.2426
    OK ch=1 v=0.2796
    OK ch=5 v=0.2600
    OK ch=7 v=0.2418
[   95.3s] DAMPING     ch0:.... g=-0.0319 bp=+0.022V ratio=0.35  ch1:.... g=-0.0345 bp=-0.009V ratio=0.56  ch2:.... g=+0.0113 bp=-0.099V ratio=0.45  ch3:.... g=-0.0335 bp=-0.044V ratio=0.48
    OK ch=1 v=0.2955
    OK ch=3 v=0.2667
    OK ch=1 v=0.2855
    OK ch=3 v=0.2700
    OK ch=7 v=0.2484
    OK ch=1 v=0.2745
    OK ch=3 v=0.2731
    OK ch=5 v=0.2610
    OK ch=7 v=0.2535
    OK ch=1 v=0.2716
    OK ch=3 v=0.2764
    OK ch=1 v=0.2861
    OK ch=3 v=0.2802
    OK ch=7 v=0.2569
    OK ch=1 v=0.2774
    OK ch=3 v=0.2774
    OK ch=5 v=0.2628
    OK ch=7 v=0.2596
    OK ch=1 v=0.2434
    OK ch=3 v=0.2628
    OK ch=5 v=0.2645
    OK ch=7 v=0.2554
    OK ch=1 v=0.2485
    OK ch=5 v=0.2568
    OK ch=7 v=0.2575
    OK ch=1 v=0.2617
    OK ch=5 v=0.2541
    OK ch=7 v=0.2562
    OK ch=1 v=0.2398
    OK ch=3 v=0.2528
    OK ch=1 v=0.2255
    OK ch=3 v=0.2471
    OK ch=7 v=0.2570
    OK ch=1 v=0.2010
    OK ch=3 v=0.2403
    OK ch=5 v=0.2492
    OK ch=7 v=0.2544
    OK ch=1 v=0.2359
    OK ch=3 v=0.2485
    OK ch=5 v=0.2465
    OK ch=1 v=0.2525
    OK ch=3 v=0.2415
    OK ch=7 v=0.2532
    OK ch=1 v=0.2451
    OK ch=3 v=0.2426
    OK ch=5 v=0.2481
    OK ch=1 v=0.2555
    OK ch=3 v=0.2485
    OK ch=5 v=0.2494
    OK ch=7 v=0.2543
    OK ch=1 v=0.2445
    OK ch=3 v=0.2439
    OK ch=5 v=0.2477
    OK ch=7 v=0.2585
    OK ch=1 v=0.2275
    OK ch=3 v=0.2454
    OK ch=5 v=0.2505
    OK ch=7 v=0.2591
    OK ch=1 v=0.1970
    OK ch=3 v=0.2352
    OK ch=5 v=0.2541
    OK ch=7 v=0.2611
    OK ch=1 v=0.2098
    OK ch=3 v=0.2443
    OK ch=5 v=0.2510
    OK ch=7 v=0.2626
    OK ch=1 v=0.1908
    OK ch=3 v=0.2400
    OK ch=5 v=0.2505
    OK ch=7 v=0.2610
    OK ch=1 v=0.2516
    OK ch=3 v=0.2463
    OK ch=5 v=0.2492
    OK ch=7 v=0.2640
    OK ch=1 v=0.2314
    OK ch=3 v=0.2423
    OK ch=5 v=0.2515
    OK ch=7 v=0.2594
    OK ch=1 v=0.2502
    OK ch=3 v=0.2557
    OK ch=5 v=0.2489
    OK ch=1 v=0.2417
    OK ch=3 v=0.2521
    OK ch=5 v=0.2464
    OK ch=7 v=0.2604
    OK ch=1 v=0.2295
    OK ch=3 v=0.2528
    OK ch=5 v=0.2486
    OK ch=7 v=0.2540
    OK ch=1 v=0.2442
    OK ch=3 v=0.2505
    OK ch=7 v=0.2548
    OK ch=1 v=0.2687
    OK ch=3 v=0.2531
    OK ch=5 v=0.2459
    OK ch=7 v=0.2568
    OK ch=1 v=0.2468
    OK ch=3 v=0.2472
    OK ch=5 v=0.2483
    OK ch=7 v=0.2546
    OK ch=1 v=0.2776
    OK ch=3 v=0.2622
    OK ch=5 v=0.2494
    OK ch=7 v=0.2524
    OK ch=1 v=0.2442
    OK ch=3 v=0.2577
    OK ch=5 v=0.2523
    OK ch=7 v=0.2511
    OK ch=1 v=0.2701
    OK ch=3 v=0.2598
    OK ch=5 v=0.2567
    OK ch=7 v=0.2529
    OK ch=1 v=0.2578
    OK ch=3 v=0.2559
    OK ch=7 v=0.2524
    OK ch=1 v=0.2670
    OK ch=3 v=0.2600
    OK ch=5 v=0.2592
    OK ch=7 v=0.2515
    OK ch=1 v=0.2468
    OK ch=3 v=0.2626
    OK ch=5 v=0.2630
    OK ch=7 v=0.2498
    OK ch=1 v=0.2543
    OK ch=3 v=0.2647
    OK ch=5 v=0.2600
    OK ch=7 v=0.2512
    OK ch=1 v=0.2365
    OK ch=3 v=0.2585
    OK ch=5 v=0.2638
    OK ch=7 v=0.2527
    OK ch=1 v=0.2699
    OK ch=3 v=0.2626
    OK ch=7 v=0.2502
    OK ch=1 v=0.2440
    OK ch=3 v=0.2566
    OK ch=5 v=0.2624
    OK ch=1 v=0.2478
    OK ch=3 v=0.2601
    OK ch=5 v=0.2609
    OK ch=7 v=0.2490
    OK ch=1 v=0.2665
    OK ch=3 v=0.2593
    OK ch=5 v=0.2587
    OK ch=1 v=0.2588
    OK ch=3 v=0.2646
    OK ch=5 v=0.2593
    OK ch=7 v=0.2518
    OK ch=1 v=0.2596
    OK ch=3 v=0.2637
    OK ch=5 v=0.2604
    OK ch=7 v=0.2493
    OK ch=1 v=0.2320
    OK ch=3 v=0.2482
    OK ch=5 v=0.2567
    OK ch=7 v=0.2476
    OK ch=1 v=0.2452
    OK ch=3 v=0.2489
    OK ch=7 v=0.2492
    OK ch=1 v=0.2560
    OK ch=3 v=0.2512
    OK ch=5 v=0.2572
    OK ch=7 v=0.2527
    OK ch=1 v=0.2507
    OK ch=5 v=0.2540
    OK ch=7 v=0.2549
    OK ch=1 v=0.2330
    OK ch=5 v=0.2554
    OK ch=7 v=0.2557
    OK ch=1 v=0.2523
    OK ch=3 v=0.2569
    OK ch=5 v=0.2533
    OK ch=7 v=0.2573
    OK ch=1 v=0.2259
    OK ch=3 v=0.2545
    OK ch=5 v=0.2514
    OK ch=7 v=0.2595
    OK ch=1 v=0.2399
    OK ch=3 v=0.2523
    OK ch=5 v=0.2524
    OK ch=7 v=0.2584
    OK ch=1 v=0.2168
    OK ch=3 v=0.2450
    OK ch=5 v=0.2499
    OK ch=1 v=0.2245
    OK ch=3 v=0.2472
    OK ch=5 v=0.2452
    OK ch=7 v=0.2608
    OK ch=1 v=0.2549
    OK ch=3 v=0.2549
    OK ch=5 v=0.2471
    OK ch=1 v=0.2529
    OK ch=3 v=0.2489
    OK ch=5 v=0.2491
    OK ch=7 v=0.2572
    OK ch=1 v=0.2519
    OK ch=3 v=0.2505
    OK ch=5 v=0.2459
    OK ch=7 v=0.2589
    OK ch=1 v=0.2372
    OK ch=3 v=0.2510
    OK ch=5 v=0.2469
    OK ch=7 v=0.2574
    OK ch=1 v=0.2359
    OK ch=3 v=0.2453
    OK ch=5 v=0.2477
    OK ch=7 v=0.2546
    OK ch=1 v=0.2423
    OK ch=3 v=0.2489
    OK ch=5 v=0.2500
    OK ch=7 v=0.2584
    OK ch=1 v=0.2711
    OK ch=3 v=0.2529
    OK ch=1 v=0.2422
    OK ch=3 v=0.2506
    OK ch=5 v=0.2475
    OK ch=1 v=0.2215
    OK ch=3 v=0.2485
    OK ch=5 v=0.2486
    OK ch=7 v=0.2574
    OK ch=1 v=0.2372
    OK ch=3 v=0.2504
    OK ch=5 v=0.2534
    OK ch=7 v=0.2568
    OK ch=1 v=0.2348
    OK ch=3 v=0.2537
    OK ch=7 v=0.2554
    OK ch=1 v=0.2504
    OK ch=3 v=0.2548
    OK ch=1 v=0.2808
    OK ch=3 v=0.2516
    OK ch=5 v=0.2541
    OK ch=7 v=0.2529
    OK ch=1 v=0.2627
    OK ch=3 v=0.2565
    OK ch=5 v=0.2562
    OK ch=7 v=0.2521
    OK ch=1 v=0.2207
    OK ch=5 v=0.2581
    OK ch=7 v=0.2537
    OK ch=1 v=0.2313
    OK ch=3 v=0.2539
    OK ch=5 v=0.2609
    OK ch=7 v=0.2516
    OK ch=1 v=0.2735
    OK ch=3 v=0.2603
    OK ch=5 v=0.2557
    OK ch=1 v=0.2432
    OK ch=3 v=0.2539
    OK ch=5 v=0.2564
    OK ch=7 v=0.2550
    OK ch=1 v=0.2472
    OK ch=3 v=0.2569
    OK ch=5 v=0.2600
    OK ch=7 v=0.2509
    OK ch=1 v=0.2535
    OK ch=3 v=0.2553
    OK ch=5 v=0.2571
    OK ch=7 v=0.2525
    OK ch=1 v=0.2497
    OK ch=3 v=0.2521
    OK ch=5 v=0.2565
    OK ch=7 v=0.2512
    OK ch=1 v=0.2406
    OK ch=3 v=0.2556
    OK ch=5 v=0.2579
    OK ch=7 v=0.2488
    OK ch=1 v=0.2629
    OK ch=3 v=0.2579
    OK ch=5 v=0.2560
    OK ch=7 v=0.2506
    OK ch=1 v=0.2387
    OK ch=5 v=0.2588
    OK ch=7 v=0.2514
    OK ch=1 v=0.2479
    OK ch=3 v=0.2591
    OK ch=5 v=0.2561
    OK ch=7 v=0.2539
    OK ch=1 v=0.2354
    OK ch=3 v=0.2537
    OK ch=1 v=0.2541
    OK ch=3 v=0.2549
    OK ch=5 v=0.2580
    OK ch=7 v=0.2530
    OK ch=1 v=0.2748
    OK ch=3 v=0.2616
    OK ch=5 v=0.2561
    OK ch=7 v=0.2535
    OK ch=1 v=0.2516
    OK ch=3 v=0.2597
    OK ch=5 v=0.2534
    OK ch=1 v=0.2403
    OK ch=3 v=0.2574
    OK ch=5 v=0.2557
    OK ch=1 v=0.2528
    OK ch=3 v=0.2554
    OK ch=5 v=0.2563
    OK ch=7 v=0.2530
    OK ch=1 v=0.2506
    OK ch=3 v=0.2515
    OK ch=5 v=0.2543
    OK ch=7 v=0.2549
    OK ch=1 v=0.2537
    OK ch=3 v=0.2593
    OK ch=5 v=0.2526
    OK ch=1 v=0.2633
    OK ch=3 v=0.2564
    OK ch=7 v=0.2565
    OK ch=1 v=0.2446
    OK ch=3 v=0.2510
    OK ch=7 v=0.2588
    OK ch=1 v=0.2418
    OK ch=3 v=0.2489
    OK ch=5 v=0.2543
    OK ch=7 v=0.2547
    OK ch=1 v=0.2254
    OK ch=3 v=0.2462
    OK ch=5 v=0.2516
    OK ch=7 v=0.2560
    OK ch=3 v=0.2471
    OK ch=5 v=0.2492
    OK ch=1 v=0.2514
    OK ch=7 v=0.2566
    OK ch=1 v=0.2449
    OK ch=3 v=0.2499
    OK ch=5 v=0.2507
    OK ch=7 v=0.2554
    OK ch=1 v=0.2340
    OK ch=3 v=0.2476
    OK ch=5 v=0.2516
    OK ch=7 v=0.2581
    OK ch=1 v=0.2378
    OK ch=3 v=0.2578
    OK ch=7 v=0.2596
    OK ch=1 v=0.2209
    OK ch=3 v=0.2469
    OK ch=5 v=0.2510
    OK ch=7 v=0.2559
    OK ch=1 v=0.2592
    OK ch=3 v=0.2539
    OK ch=5 v=0.2505
    OK ch=7 v=0.2566
    OK ch=1 v=0.2310
    OK ch=3 v=0.2531
    OK ch=5 v=0.2528
    OK ch=1 v=0.2289
    OK ch=3 v=0.2473
    OK ch=7 v=0.2549
    OK ch=1 v=0.2423
    OK ch=3 v=0.2467
    OK ch=5 v=0.2512
    OK ch=1 v=0.2536
    OK ch=3 v=0.2536
    OK ch=5 v=0.2520
    OK ch=7 v=0.2538
    OK ch=1 v=0.2524
    OK ch=3 v=0.2558
    OK ch=5 v=0.2538
    OK ch=7 v=0.2557
    OK ch=1 v=0.2529
    OK ch=7 v=0.2566
    OK ch=1 v=0.2685
    OK ch=3 v=0.2473
    OK ch=5 v=0.2531
    OK ch=7 v=0.2538
    OK ch=1 v=0.2391
    OK ch=3 v=0.2541
    OK ch=5 v=0.2546
    OK ch=1 v=0.2524
    OK ch=3 v=0.2567
    OK ch=7 v=0.2529
    OK ch=1 v=0.2324
    OK ch=3 v=0.2543
    OK ch=1 v=0.2477
    OK ch=3 v=0.2549
    OK ch=5 v=0.2567
    OK ch=1 v=0.2427
    OK ch=3 v=0.2514
    OK ch=5 v=0.2546
    OK ch=7 v=0.2535
    OK ch=1 v=0.2535
    OK ch=5 v=0.2518
    OK ch=3 v=0.2567
    OK ch=5 v=0.2549
    OK ch=7 v=0.2517
    OK ch=1 v=0.2465
    OK ch=3 v=0.2617
    OK ch=5 v=0.2575
    OK ch=7 v=0.2528
    OK ch=1 v=0.2669
    OK ch=3 v=0.2590
    OK ch=5 v=0.2559
    OK ch=1 v=0.2709
    OK ch=3 v=0.2630
    OK ch=5 v=0.2568
    OK ch=1 v=0.2538
    OK ch=3 v=0.2577
    OK ch=1 v=0.2459
    OK ch=3 v=0.2517
    OK ch=1 v=0.2231
    OK ch=3 v=0.2466
    OK ch=5 v=0.2573
    OK ch=7 v=0.2522
    OK ch=1 v=0.2512
    OK ch=3 v=0.2555
    OK ch=1 v=0.2266
    OK ch=3 v=0.2519
    OK ch=7 v=0.2536
    OK ch=1 v=0.2452
    OK ch=3 v=0.2548
    OK ch=5 v=0.2553
    OK ch=7 v=0.2546
    OK ch=1 v=0.2740
    OK ch=3 v=0.2584
    OK ch=5 v=0.2579
    OK ch=7 v=0.2515
    OK ch=1 v=0.2618
    OK ch=3 v=0.2607
    OK ch=5 v=0.2558
    OK ch=7 v=0.2557
    OK ch=1 v=0.2457
    OK ch=3 v=0.2536
    OK ch=5 v=0.2526
    OK ch=7 v=0.2539
    OK ch=1 v=0.2201
    OK ch=3 v=0.2521
    OK ch=5 v=0.2550
    OK ch=1 v=0.2423
    OK ch=3 v=0.2593
    OK ch=5 v=0.2544
    OK ch=1 v=0.2621
    OK ch=3 v=0.2546
    OK ch=5 v=0.2528
    OK ch=7 v=0.2557
    OK ch=1 v=0.2263
    OK ch=3 v=0.2529
    OK ch=7 v=0.2535
    OK ch=1 v=0.2320
    OK ch=3 v=0.2490
    OK ch=5 v=0.2515
    OK ch=1 v=0.2495
    OK ch=5 v=0.2529
    OK ch=1 v=0.2488
    OK ch=3 v=0.2500
    OK ch=5 v=0.2536
    OK ch=7 v=0.2541
    OK ch=1 v=0.2177
    OK ch=3 v=0.2575
    OK ch=5 v=0.2542
    OK ch=7 v=0.2557
[  100.3s] DAMPING     ch0:.... g=-0.0300 bp=-0.049V ratio=0.13  ch1:.... g=-0.0300 bp=+0.013V ratio=0.13  ch2:.... g=+0.0100 bp=-0.013V ratio=0.07  ch3:.... g=-0.0300 bp=-0.009V ratio=0.10
    OK ch=1 v=0.2519
    OK ch=3 v=0.2517
    OK ch=5 v=0.2513
    OK ch=1 v=0.2621
    OK ch=3 v=0.2536
    OK ch=5 v=0.2546
    OK ch=1 v=0.2613
    OK ch=5 v=0.2553
    OK ch=7 v=0.2563
    OK ch=1 v=0.2411
    OK ch=3 v=0.2517
    OK ch=5 v=0.2532
    OK ch=7 v=0.2608
    OK ch=1 v=0.2279
    OK ch=3 v=0.2508
    OK ch=5 v=0.2539
    OK ch=7 v=0.2560
    OK ch=1 v=0.2115
    OK ch=3 v=0.2367
    OK ch=5 v=0.2511
    OK ch=7 v=0.2591
    OK ch=1 v=0.2406
    OK ch=3 v=0.2534
    OK ch=5 v=0.2519
    OK ch=7 v=0.2555
    OK ch=1 v=0.2597
    OK ch=3 v=0.2559
    OK ch=5 v=0.2525
    OK ch=7 v=0.2542
    OK ch=1 v=0.2814
    OK ch=3 v=0.2618
    OK ch=5 v=0.2502
    OK ch=7 v=0.2551
    OK ch=1 v=0.2625
    OK ch=3 v=0.2556
    OK ch=5 v=0.2534
    OK ch=7 v=0.2525
    OK ch=1 v=0.2588
    OK ch=3 v=0.2574
    OK ch=5 v=0.2525
    OK ch=7 v=0.2549
    OK ch=1 v=0.2227
    OK ch=3 v=0.2472
    OK ch=1 v=0.2534
    OK ch=3 v=0.2499
    OK ch=1 v=0.2435
    OK ch=3 v=0.2566
    OK ch=5 v=0.2532
    OK ch=7 v=0.2560
    OK ch=1 v=0.2307
    OK ch=3 v=0.2498
    OK ch=5 v=0.2546
    OK ch=7 v=0.2545
    OK ch=1 v=0.2283
    OK ch=3 v=0.2537
    OK ch=5 v=0.2553
    OK ch=7 v=0.2529
    OK ch=1 v=0.2662
    OK ch=5 v=0.2536
    OK ch=7 v=0.2543
    OK ch=1 v=0.2595
    OK ch=5 v=0.2520
    OK ch=1 v=0.2513
    OK ch=3 v=0.2515
    OK ch=5 v=0.2535
    OK ch=7 v=0.2534
    OK ch=1 v=0.2674
    OK ch=3 v=0.2611
    OK ch=5 v=0.2584
    OK ch=7 v=0.2569
    OK ch=1 v=0.2284
    OK ch=3 v=0.2498
    OK ch=5 v=0.2553
    OK ch=7 v=0.2508
    OK ch=1 v=0.2207
    OK ch=3 v=0.2528
    OK ch=5 v=0.2566
    OK ch=7 v=0.2545
    OK ch=1 v=0.2694
    OK ch=3 v=0.2608
    OK ch=5 v=0.2555
    OK ch=1 v=0.2556
    OK ch=3 v=0.2616
    OK ch=5 v=0.2546
    OK ch=7 v=0.2517
    OK ch=1 v=0.2649
    OK ch=3 v=0.2600
    OK ch=7 v=0.2533
    OK ch=1 v=0.2522
    OK ch=3 v=0.2552
    OK ch=5 v=0.2535
    OK ch=7 v=0.2553
    OK ch=1 v=0.2453
    OK ch=3 v=0.2498
    OK ch=5 v=0.2565
    OK ch=7 v=0.2532
    OK ch=1 v=0.2494
    OK ch=3 v=0.2570
    OK ch=5 v=0.2571
    OK ch=7 v=0.2522
    OK ch=1 v=0.2217
    OK ch=3 v=0.2465
    OK ch=5 v=0.2546
    OK ch=7 v=0.2529
    OK ch=1 v=0.2484
    OK ch=3 v=0.2576
    OK ch=5 v=0.2556
    OK ch=1 v=0.2349
    OK ch=3 v=0.2562
    OK ch=7 v=0.2508
    OK ch=1 v=0.2359
    OK ch=3 v=0.2503
    OK ch=7 v=0.2528
    OK ch=1 v=0.2583
    OK ch=3 v=0.2532
    OK ch=7 v=0.2539
    OK ch=1 v=0.2657
    OK ch=3 v=0.2577
    OK ch=5 v=0.2530
    OK ch=7 v=0.2558
    OK ch=1 v=0.2743
    OK ch=3 v=0.2631
    OK ch=5 v=0.2522
    OK ch=1 v=0.2209
    OK ch=3 v=0.2494
    OK ch=5 v=0.2559
    OK ch=7 v=0.2569
    OK ch=1 v=0.2464
    OK ch=3 v=0.2543
    OK ch=7 v=0.2576
    OK ch=1 v=0.2354
    OK ch=3 v=0.2477
    OK ch=5 v=0.2523
    OK ch=7 v=0.2556
    OK ch=1 v=0.2297
    OK ch=3 v=0.2518
    OK ch=5 v=0.2537
    OK ch=7 v=0.2547
    OK ch=3 v=0.2498
    OK ch=5 v=0.2516
    OK ch=1 v=0.2467
    OK ch=3 v=0.2526
    OK ch=5 v=0.2526
    OK ch=7 v=0.2556
    OK ch=1 v=0.2527
    OK ch=3 v=0.2506
    OK ch=5 v=0.2517
    OK ch=7 v=0.2532
    OK ch=1 v=0.2229
    OK ch=3 v=0.2492
    OK ch=5 v=0.2508
    OK ch=7 v=0.2567
    OK ch=1 v=0.2451
    OK ch=3 v=0.2508
    OK ch=5 v=0.2516
    OK ch=1 v=0.2288
    OK ch=3 v=0.2474
    OK ch=5 v=0.2540
    OK ch=7 v=0.2547
    OK ch=1 v=0.2726
    OK ch=3 v=0.2573
    OK ch=5 v=0.2517
    OK ch=7 v=0.2552
    OK ch=1 v=0.2602
    OK ch=3 v=0.2547
    OK ch=5 v=0.2505
    OK ch=7 v=0.2562
    OK ch=1 v=0.2425
    OK ch=3 v=0.2576
    OK ch=5 v=0.2551
    OK ch=7 v=0.2556
    OK ch=1 v=0.2464
    OK ch=3 v=0.2546
    OK ch=7 v=0.2561
    OK ch=1 v=0.2842
    OK ch=3 v=0.2622
    OK ch=5 v=0.2541
    OK ch=7 v=0.2533
    OK ch=1 v=0.2459
    OK ch=3 v=0.2541
    OK ch=7 v=0.2552
    OK ch=1 v=0.2168
    OK ch=3 v=0.2476
    OK ch=1 v=0.2111
    OK ch=3 v=0.2438
    OK ch=5 v=0.2556
    OK ch=7 v=0.2539
    OK ch=1 v=0.2477
    OK ch=3 v=0.2533
    OK ch=5 v=0.2546
    OK ch=7 v=0.2523
    OK ch=1 v=0.2453
    OK ch=3 v=0.2542
    OK ch=5 v=0.2515
    OK ch=7 v=0.2539
    OK ch=1 v=0.2561
    OK ch=3 v=0.2556
    OK ch=5 v=0.2537
    OK ch=7 v=0.2532
    OK ch=1 v=0.2537
    OK ch=5 v=0.2548
    OK ch=7 v=0.2559
    OK ch=1 v=0.2272
    OK ch=3 v=0.2525
    OK ch=5 v=0.2540
    OK ch=7 v=0.2536
    OK ch=1 v=0.2422
    OK ch=3 v=0.2513
    OK ch=1 v=0.2602
    OK ch=3 v=0.2540
    OK ch=5 v=0.2549
    OK ch=7 v=0.2559
    OK ch=1 v=0.2615
    OK ch=3 v=0.2596
    OK ch=7 v=0.2539
    OK ch=1 v=0.2431
    OK ch=3 v=0.2567
    OK ch=5 v=0.2568
    OK ch=7 v=0.2525
    OK ch=1 v=0.2373
    OK ch=3 v=0.2572
    OK ch=7 v=0.2517
    OK ch=1 v=0.2482
    OK ch=3 v=0.2563
    OK ch=5 v=0.2542
    OK ch=7 v=0.2560
    OK ch=1 v=0.2411
    OK ch=3 v=0.2527
    OK ch=5 v=0.2566
    OK ch=7 v=0.2543
    OK ch=1 v=0.2279
    OK ch=3 v=0.2511
    OK ch=5 v=0.2558
    OK ch=1 v=0.2464
    OK ch=3 v=0.2539
    OK ch=5 v=0.2529
    OK ch=3 v=0.2522
    OK ch=5 v=0.2538
    OK ch=7 v=0.2532
    OK ch=1 v=0.2831
    OK ch=3 v=0.2570
    OK ch=5 v=0.2546
    OK ch=1 v=0.2536
    OK ch=3 v=0.2549
    OK ch=7 v=0.2550
    OK ch=1 v=0.2594
    OK ch=3 v=0.2564
    OK ch=7 v=0.2529
    OK ch=1 v=0.2581
    OK ch=3 v=0.2536
    OK ch=7 v=0.2541
    OK ch=1 v=0.2516
    OK ch=3 v=0.2577
    OK ch=5 v=0.2525
    OK ch=7 v=0.2570
    OK ch=1 v=0.2833
    OK ch=3 v=0.2502
    OK ch=5 v=0.2538
    OK ch=7 v=0.2534
    OK ch=1 v=0.2409
    OK ch=3 v=0.2546
    OK ch=5 v=0.2555
    OK ch=1 v=0.2129
    OK ch=3 v=0.2504
    OK ch=5 v=0.2534
    OK ch=7 v=0.2560
    OK ch=1 v=0.2215
    OK ch=3 v=0.2542
    OK ch=5 v=0.2527
    OK ch=7 v=0.2572
    OK ch=1 v=0.2358
    OK ch=3 v=0.2501
    OK ch=5 v=0.2520
    OK ch=7 v=0.2552
    OK ch=1 v=0.2622
    OK ch=3 v=0.2566
    OK ch=7 v=0.2534
    OK ch=1 v=0.2639
    OK ch=3 v=0.2582
    OK ch=7 v=0.2546
    OK ch=3 v=0.2562
    OK ch=5 v=0.2514
    OK ch=1 v=0.2198
    OK ch=3 v=0.2460
    OK ch=5 v=0.2526
    OK ch=1 v=0.2352
    OK ch=3 v=0.2502
    OK ch=5 v=0.2556
    OK ch=7 v=0.2559
    OK ch=1 v=0.2219
    OK ch=3 v=0.2525
    OK ch=5 v=0.2546
    OK ch=7 v=0.2568
    OK ch=1 v=0.2463
    OK ch=3 v=0.2547
    OK ch=5 v=0.2512
    OK ch=7 v=0.2560
    OK ch=1 v=0.2801
    OK ch=3 v=0.2652
    OK ch=5 v=0.2531
    OK ch=7 v=0.2529
    OK ch=1 v=0.2601
    OK ch=3 v=0.2571
    OK ch=5 v=0.2539
    OK ch=7 v=0.2551
    OK ch=1 v=0.2207
    OK ch=3 v=0.2460
    OK ch=5 v=0.2554
    OK ch=7 v=0.2541
    OK ch=1 v=0.2062
    OK ch=3 v=0.2420
    OK ch=5 v=0.2539
    OK ch=7 v=0.2551
    OK ch=1 v=0.2674
    OK ch=3 v=0.2584
    OK ch=5 v=0.2530
    OK ch=1 v=0.2487
    OK ch=3 v=0.2532
    OK ch=5 v=0.2545
    OK ch=1 v=0.2411
    OK ch=3 v=0.2510
    OK ch=5 v=0.2559
    OK ch=7 v=0.2534
    OK ch=1 v=0.2648
    OK ch=3 v=0.2539
    OK ch=5 v=0.2522
    OK ch=7 v=0.2546
    OK ch=1 v=0.2474
    OK ch=3 v=0.2511
    OK ch=5 v=0.2554
    OK ch=7 v=0.2513
    OK ch=1 v=0.2645
    OK ch=3 v=0.2564
    OK ch=5 v=0.2547
    OK ch=7 v=0.2541
    OK ch=1 v=0.2097
    OK ch=3 v=0.2519
    OK ch=5 v=0.2554
    OK ch=1 v=0.2554
    OK ch=3 v=0.2624
    OK ch=5 v=0.2570
    OK ch=7 v=0.2563
    OK ch=1 v=0.2431
    OK ch=3 v=0.2571
    OK ch=5 v=0.2553
    OK ch=1 v=0.2586
    OK ch=3 v=0.2491
    OK ch=7 v=0.2546
    OK ch=1 v=0.2556
    OK ch=3 v=0.2543
    OK ch=7 v=0.2529
    OK ch=1 v=0.2869
    OK ch=3 v=0.2591
    OK ch=5 v=0.2548
    OK ch=1 v=0.2413
    OK ch=3 v=0.2504
    OK ch=5 v=0.2556
    OK ch=7 v=0.2545
    OK ch=1 v=0.2530
    OK ch=3 v=0.2540
    OK ch=5 v=0.2563
    OK ch=7 v=0.2561
    OK ch=1 v=0.2102
    OK ch=3 v=0.2500
    OK ch=5 v=0.2541
    OK ch=7 v=0.2524
    OK ch=1 v=0.2475
    OK ch=3 v=0.2541
    OK ch=5 v=0.2523
    OK ch=7 v=0.2536
    OK ch=1 v=0.2425
    OK ch=3 v=0.2560
    OK ch=5 v=0.2514
    OK ch=7 v=0.2554
    OK ch=1 v=0.2663
    OK ch=3 v=0.2544
    OK ch=5 v=0.2523
    OK ch=7 v=0.2543
    OK ch=1 v=0.2563
    OK ch=3 v=0.2597
    OK ch=5 v=0.2533
    OK ch=1 v=0.2584
    OK ch=3 v=0.2470
    OK ch=1 v=0.2161
    OK ch=5 v=0.2521
    OK ch=7 v=0.2555
    OK ch=1 v=0.2579
    OK ch=3 v=0.2579
    OK ch=7 v=0.2545
    OK ch=1 v=0.2257
    OK ch=3 v=0.2496
    OK ch=5 v=0.2552
    OK ch=7 v=0.2531
    OK ch=1 v=0.2345
    OK ch=3 v=0.2550
    OK ch=5 v=0.2536
    OK ch=7 v=0.2544
    OK ch=1 v=0.2545
    OK ch=3 v=0.2592
    OK ch=5 v=0.2523
    OK ch=7 v=0.2559

*** LOCKED -- 12.5s after gain was applied (t=104.8s total) ***

    OK ch=1 v=0.2473
    OK ch=3 v=0.2556
    OK ch=5 v=0.2548
    OK ch=7 v=0.2569
    OK ch=1 v=0.2420
    OK ch=3 v=0.2542
    OK ch=5 v=0.2537
    OK ch=1 v=0.2493
    OK ch=3 v=0.2561
    OK ch=5 v=0.2550
    OK ch=7 v=0.2542
    OK ch=1 v=0.2350
    OK ch=3 v=0.2510
    OK ch=5 v=0.2537
    OK ch=7 v=0.2523
    OK ch=1 v=0.2633
    OK ch=3 v=0.2533
    OK ch=5 v=0.2555
    OK ch=7 v=0.2550
    OK ch=1 v=0.2704
    OK ch=3 v=0.2561
    OK ch=1 v=0.2348
    OK ch=3 v=0.2538
    OK ch=5 v=0.2561
    OK ch=7 v=0.2528
    OK ch=1 v=0.2160
    OK ch=3 v=0.2472
    OK ch=5 v=0.2533
    OK ch=1 v=0.2374
    OK ch=3 v=0.2477
    OK ch=5 v=0.2550
    OK ch=7 v=0.2542
    OK ch=1 v=0.2405
    OK ch=3 v=0.2525
    OK ch=5 v=0.2542
    OK ch=7 v=0.2525
    OK ch=1 v=0.2494
    OK ch=3 v=0.2599
    OK ch=7 v=0.2518
    OK ch=1 v=0.2267
    OK ch=3 v=0.2476
    OK ch=7 v=0.2537
    OK ch=1 v=0.2463
    OK ch=3 v=0.2489
    OK ch=5 v=0.2525
    OK ch=7 v=0.2557
    OK ch=1 v=0.2683
    OK ch=3 v=0.2581
    OK ch=5 v=0.2534
    OK ch=7 v=0.2571
[  105.3s] DAMPING     ch0:LOCK g=-0.0300 bp=+0.003V ratio=0.10  ch1:LOCK g=-0.0300 bp=-0.004V ratio=0.06  ch2:LOCK g=+0.0100 bp=-0.001V ratio=0.02  ch3:LOCK g=-0.0300 bp=-0.001V ratio=0.03
    OK ch=1 v=0.2545
    OK ch=3 v=0.2574
    OK ch=5 v=0.2551
    OK ch=7 v=0.2541
    OK ch=1 v=0.2315
    OK ch=3 v=0.2525
    OK ch=5 v=0.2531
    OK ch=7 v=0.2561
    OK ch=1 v=0.2373
    OK ch=3 v=0.2579
    OK ch=5 v=0.2537
    OK ch=7 v=0.2547
    OK ch=1 v=0.2594
    OK ch=3 v=0.2574
    OK ch=5 v=0.2546
    OK ch=7 v=0.2555
    OK ch=1 v=0.2254
    OK ch=3 v=0.2524
    OK ch=5 v=0.2533
    OK ch=1 v=0.2541
    OK ch=3 v=0.2566
    OK ch=7 v=0.2526
    OK ch=1 v=0.2350
    OK ch=3 v=0.2447
    OK ch=7 v=0.2537
    OK ch=1 v=0.2690
    OK ch=3 v=0.2543
    OK ch=7 v=0.2542
    OK ch=1 v=0.2591
    OK ch=3 v=0.2551
    OK ch=5 v=0.2547
    OK ch=7 v=0.2556
    OK ch=1 v=0.2463
    OK ch=3 v=0.2502
    OK ch=7 v=0.2532
    OK ch=1 v=0.2293
    OK ch=5 v=0.2533
    OK ch=7 v=0.2555
    OK ch=1 v=0.2578
    OK ch=3 v=0.2564
    OK ch=5 v=0.2538
    OK ch=7 v=0.2570
    OK ch=1 v=0.2497
    OK ch=3 v=0.2558
    OK ch=5 v=0.2547
    OK ch=7 v=0.2552
    OK ch=1 v=0.2631
    OK ch=3 v=0.2573
    OK ch=5 v=0.2526
    OK ch=7 v=0.2534
    OK ch=1 v=0.2347
    OK ch=3 v=0.2528
    OK ch=5 v=0.2541
    OK ch=7 v=0.2546
    OK ch=1 v=0.2591
    OK ch=3 v=0.2582
    OK ch=1 v=0.2503
    OK ch=3 v=0.2500
    OK ch=5 v=0.2550
    OK ch=7 v=0.2535
    OK ch=1 v=0.2246
    OK ch=3 v=0.2509
    OK ch=7 v=0.2523
    OK ch=3 v=0.2483
    OK ch=5 v=0.2540
    OK ch=7 v=0.2539
    OK ch=1 v=0.2569
    OK ch=3 v=0.2540
    OK ch=7 v=0.2545
    OK ch=1 v=0.2626
    OK ch=3 v=0.2615
    OK ch=5 v=0.2557
    OK ch=7 v=0.2571
    OK ch=1 v=0.2454
    OK ch=3 v=0.2560
    OK ch=5 v=0.2540
    OK ch=1 v=0.2399
    OK ch=3 v=0.2554
    OK ch=5 v=0.2530
    OK ch=7 v=0.2549
    OK ch=1 v=0.2513
    OK ch=3 v=0.2500
    OK ch=5 v=0.2544
    OK ch=7 v=0.2530
    OK ch=1 v=0.2527
    OK ch=3 v=0.2550
    OK ch=7 v=0.2555
    OK ch=1 v=0.2654
    OK ch=3 v=0.2532
    OK ch=5 v=0.2550
    OK ch=7 v=0.2533
    OK ch=1 v=0.2218
    OK ch=3 v=0.2506
    OK ch=1 v=0.2480
    OK ch=3 v=0.2542
    OK ch=5 v=0.2545
    OK ch=7 v=0.2545
    OK ch=1 v=0.2652
    OK ch=3 v=0.2578
    OK ch=7 v=0.2539
    OK ch=1 v=0.2428
    OK ch=1 v=0.2282
    OK ch=3 v=0.2549
    OK ch=5 v=0.2550
    OK ch=7 v=0.2530
    OK ch=1 v=0.2258
    OK ch=3 v=0.2483
    OK ch=5 v=0.2536
    OK ch=7 v=0.2577
    OK ch=1 v=0.2341
    OK ch=5 v=0.2516
    OK ch=7 v=0.2539
    OK ch=1 v=0.2371
    OK ch=3 v=0.2520
    OK ch=7 v=0.2509
    OK ch=1 v=0.2553
    OK ch=3 v=0.2513
    OK ch=5 v=0.2528
    OK ch=7 v=0.2524
    OK ch=1 v=0.2711
    OK ch=3 v=0.2580
    OK ch=5 v=0.2536
    OK ch=7 v=0.2559
    OK ch=1 v=0.2586
    OK ch=3 v=0.2603
    OK ch=1 v=0.2298
    OK ch=3 v=0.2548
    OK ch=1 v=0.2386
    OK ch=3 v=0.2527
    OK ch=1 v=0.2300
    OK ch=3 v=0.2533
    OK ch=5 v=0.2556
    OK ch=7 v=0.2540
    OK ch=1 v=0.2409
    OK ch=5 v=0.2545
    OK ch=7 v=0.2559
    OK ch=1 v=0.2422
    OK ch=3 v=0.2514
    OK ch=5 v=0.2535
    OK ch=7 v=0.2523
    OK ch=1 v=0.2745
    OK ch=3 v=0.2575
    OK ch=5 v=0.2541
    OK ch=7 v=0.2545
    OK ch=1 v=0.2392
    OK ch=3 v=0.2527
    OK ch=7 v=0.2537
    OK ch=1 v=0.2110
    OK ch=3 v=0.2460
    OK ch=5 v=0.2555
    OK ch=7 v=0.2562
    OK ch=1 v=0.2622
    OK ch=3 v=0.2565
    OK ch=5 v=0.2545
    OK ch=7 v=0.2550
    OK ch=1 v=0.2407
    OK ch=3 v=0.2541
    OK ch=7 v=0.2534
    OK ch=1 v=0.2634
    OK ch=3 v=0.2548
    OK ch=5 v=0.2540
    OK ch=7 v=0.2558
    OK ch=1 v=0.2421
    OK ch=7 v=0.2548
    OK ch=1 v=0.2468
    OK ch=3 v=0.2556
    OK ch=7 v=0.2533
    OK ch=1 v=0.2243
    OK ch=3 v=0.2423
    OK ch=5 v=0.2532
    OK ch=7 v=0.2543
    OK ch=1 v=0.2475
    OK ch=3 v=0.2535
    OK ch=5 v=0.2546
    OK ch=7 v=0.2558
    OK ch=1 v=0.2566
    OK ch=3 v=0.2549
    OK ch=7 v=0.2521
    OK ch=1 v=0.2580
    OK ch=3 v=0.2574
    OK ch=5 v=0.2531
    OK ch=7 v=0.2533
    OK ch=1 v=0.2285
    OK ch=3 v=0.2533
    OK ch=5 v=0.2537
    OK ch=7 v=0.2540
    OK ch=1 v=0.2342
    OK ch=3 v=0.2470
    OK ch=5 v=0.2552
    OK ch=7 v=0.2556
    OK ch=1 v=0.2609
    OK ch=3 v=0.2612
    OK ch=5 v=0.2562
    OK ch=1 v=0.2575
    OK ch=3 v=0.2596
    OK ch=5 v=0.2537
    OK ch=7 v=0.2540
    OK ch=1 v=0.2734
    OK ch=3 v=0.2617
    OK ch=5 v=0.2519
    OK ch=1 v=0.2452
    OK ch=3 v=0.2500
    OK ch=1 v=0.2314
    OK ch=3 v=0.2480
    OK ch=5 v=0.2541
    OK ch=7 v=0.2553
    OK ch=1 v=0.2583
    OK ch=3 v=0.2562
    OK ch=5 v=0.2549
    OK ch=1 v=0.2439
    OK ch=3 v=0.2522
    OK ch=5 v=0.2535
    OK ch=1 v=0.2467
    OK ch=3 v=0.2529
    OK ch=5 v=0.2527
    OK ch=1 v=0.2312
    OK ch=3 v=0.2544
    OK ch=7 v=0.2559
    OK ch=1 v=0.2212
    OK ch=3 v=0.2463
    OK ch=5 v=0.2548
    OK ch=7 v=0.2533
    OK ch=1 v=0.2610
    OK ch=3 v=0.2556
    OK ch=5 v=0.2536
    OK ch=1 v=0.2253
    OK ch=3 v=0.2579
    OK ch=5 v=0.2523
    OK ch=7 v=0.2548
    OK ch=1 v=0.2423
    OK ch=3 v=0.2546
    OK ch=7 v=0.2539
    OK ch=1 v=0.2230
    OK ch=3 v=0.2490
    OK ch=5 v=0.2552
    OK ch=7 v=0.2575
    OK ch=1 v=0.2377
    OK ch=5 v=0.2535
    OK ch=7 v=0.2550
    OK ch=1 v=0.2591
    OK ch=3 v=0.2519
    OK ch=5 v=0.2553
    OK ch=7 v=0.2519
    OK ch=1 v=0.2721
    OK ch=3 v=0.2592
    OK ch=7 v=0.2544
    OK ch=1 v=0.2670
    OK ch=3 v=0.2614
    OK ch=7 v=0.2525
    OK ch=1 v=0.2939
    OK ch=3 v=0.2596
    OK ch=7 v=0.2563
    OK ch=1 v=0.2529
    OK ch=3 v=0.2573
    OK ch=1 v=0.2185
    OK ch=3 v=0.2491
    OK ch=5 v=0.2566
    OK ch=7 v=0.2540
    OK ch=1 v=0.2388
    OK ch=3 v=0.2568
    OK ch=1 v=0.2342
    OK ch=3 v=0.2518
    OK ch=5 v=0.2558
    OK ch=7 v=0.2533
    OK ch=1 v=0.2270
    OK ch=3 v=0.2481
    OK ch=5 v=0.2534
    OK ch=7 v=0.2545
    OK ch=1 v=0.2256
    OK ch=3 v=0.2494
    OK ch=5 v=0.2512
    OK ch=7 v=0.2535
    OK ch=1 v=0.2494
    OK ch=3 v=0.2536
    OK ch=5 v=0.2519
    OK ch=7 v=0.2549
    OK ch=1 v=0.2184
    OK ch=3 v=0.2510
    OK ch=5 v=0.2548
    OK ch=7 v=0.2527
    OK ch=1 v=0.2525
    OK ch=3 v=0.2575
    OK ch=5 v=0.2519
    OK ch=1 v=0.2580
    OK ch=3 v=0.2565
    OK ch=5 v=0.2534
    OK ch=1 v=0.2530
    OK ch=3 v=0.2460
    OK ch=5 v=0.2527
    OK ch=7 v=0.2540
    OK ch=1 v=0.2602
    OK ch=3 v=0.2555
    OK ch=5 v=0.2564
    OK ch=7 v=0.2571
    OK ch=1 v=0.2472
    OK ch=3 v=0.2567
    OK ch=7 v=0.2556
    OK ch=3 v=0.2537
    OK ch=5 v=0.2541
    OK ch=7 v=0.2586
    OK ch=1 v=0.1999
    OK ch=3 v=0.2471
    OK ch=7 v=0.2568
    OK ch=1 v=0.2642
    OK ch=3 v=0.2558
    OK ch=5 v=0.2549
    OK ch=7 v=0.2533
    OK ch=1 v=0.2607
    OK ch=3 v=0.2586
    OK ch=7 v=0.2527
    OK ch=1 v=0.2586
    OK ch=3 v=0.2554
    OK ch=5 v=0.2533
    OK ch=7 v=0.2507
    OK ch=1 v=0.2710
    OK ch=3 v=0.2563
    OK ch=5 v=0.2506
    OK ch=7 v=0.2562
    OK ch=1 v=0.2267
    OK ch=3 v=0.2474
    OK ch=5 v=0.2522
    OK ch=1 v=0.2452
    OK ch=3 v=0.2523
    OK ch=5 v=0.2532
    OK ch=1 v=0.2437
    OK ch=5 v=0.2524
    OK ch=7 v=0.2542
    OK ch=1 v=0.2560
    OK ch=3 v=0.2545
    OK ch=5 v=0.2535
    OK ch=7 v=0.2526
    OK ch=1 v=0.2320
    OK ch=3 v=0.2513
    OK ch=5 v=0.2529
    OK ch=1 v=0.2632
    OK ch=3 v=0.2528
    OK ch=5 v=0.2545
    OK ch=7 v=0.2547
    OK ch=1 v=0.2420
    OK ch=3 v=0.2537
    OK ch=5 v=0.2535
    OK ch=7 v=0.2539
    OK ch=1 v=0.2478
    OK ch=3 v=0.2575
    OK ch=5 v=0.2548
    OK ch=7 v=0.2551
    OK ch=1 v=0.2355
    OK ch=3 v=0.2546
    OK ch=5 v=0.2554
    OK ch=7 v=0.2563
    OK ch=1 v=0.2441
    OK ch=3 v=0.2503
    OK ch=5 v=0.2561
    OK ch=7 v=0.2547
    OK ch=1 v=0.2235
    OK ch=3 v=0.2497
    OK ch=5 v=0.2553
    OK ch=7 v=0.2555
    OK ch=1 v=0.2416
    OK ch=3 v=0.2547
    OK ch=5 v=0.2533
    OK ch=7 v=0.2540
    OK ch=1 v=0.2623
    OK ch=3 v=0.2578
    OK ch=5 v=0.2556
    OK ch=7 v=0.2528
    OK ch=1 v=0.2666
    OK ch=5 v=0.2547
    OK ch=7 v=0.2555
    OK ch=1 v=0.2570
    OK ch=5 v=0.2522
    OK ch=7 v=0.2545
    OK ch=1 v=0.2644
    OK ch=3 v=0.2653
    OK ch=5 v=0.2534
    OK ch=7 v=0.2555
    OK ch=1 v=0.2278
    OK ch=3 v=0.2475
    OK ch=7 v=0.2519
    OK ch=1 v=0.2514
    OK ch=3 v=0.2519
    OK ch=5 v=0.2540
    OK ch=7 v=0.2544
    OK ch=1 v=0.2478
    OK ch=3 v=0.2512
    OK ch=7 v=0.2551
    OK ch=1 v=0.2369
    OK ch=3 v=0.2506
    OK ch=5 v=0.2534
    OK ch=7 v=0.2539
    OK ch=1 v=0.2328
    OK ch=5 v=0.2547
    OK ch=1 v=0.2531
    OK ch=3 v=0.2546
    OK ch=5 v=0.2542
    OK ch=1 v=0.2615
    OK ch=3 v=0.2476
    OK ch=5 v=0.2533
    OK ch=7 v=0.2554
    OK ch=1 v=0.2627
    OK ch=3 v=0.2634
    OK ch=5 v=0.2540
    OK ch=7 v=0.2543
    OK ch=1 v=0.2334
    OK ch=3 v=0.2513
    OK ch=5 v=0.2560
    OK ch=7 v=0.2530
    OK ch=1 v=0.2162
    OK ch=3 v=0.2488
    OK ch=7 v=0.2569
    OK ch=1 v=0.2477
    OK ch=3 v=0.2594
    OK ch=5 v=0.2543
    OK ch=7 v=0.2546
    OK ch=1 v=0.2580
    OK ch=3 v=0.2577
    OK ch=5 v=0.2526
    OK ch=7 v=0.2563
    OK ch=1 v=0.2733
    OK ch=3 v=0.2572
    OK ch=7 v=0.2548
    OK ch=1 v=0.2572
    OK ch=3 v=0.2536
    OK ch=5 v=0.2533
    OK ch=7 v=0.2532
    OK ch=1 v=0.2327
    OK ch=3 v=0.2515
    OK ch=5 v=0.2550
    OK ch=7 v=0.2567
    OK ch=1 v=0.2466
    OK ch=3 v=0.2542
    OK ch=5 v=0.2518
    OK ch=1 v=0.2501
    OK ch=3 v=0.2558
    OK ch=5 v=0.2526
    OK ch=7 v=0.2535
    OK ch=1 v=0.2377
    OK ch=3 v=0.2496
    OK ch=5 v=0.2547
    OK ch=7 v=0.2518
    OK ch=1 v=0.2372
    OK ch=3 v=0.2523
    OK ch=5 v=0.2536
    OK ch=7 v=0.2525
    OK ch=1 v=0.2382
    OK ch=3 v=0.2534
    OK ch=5 v=0.2530
    OK ch=7 v=0.2533
[  110.4s] DAMPING     ch0:LOCK g=-0.0300 bp=-0.016V ratio=0.09  ch1:LOCK g=-0.0300 bp=-0.002V ratio=0.06  ch2:LOCK g=+0.0100 bp=+0.009V ratio=0.01  ch3:LOCK g=-0.0300 bp=-0.003V ratio=0.03
    OK ch=1 v=0.2439
    OK ch=3 v=0.2550
    OK ch=7 v=0.2540
    OK ch=1 v=0.2686
    OK ch=3 v=0.2514
    OK ch=7 v=0.2531
    OK ch=1 v=0.2205
    OK ch=5 v=0.2556
    OK ch=7 v=0.2558
    OK ch=1 v=0.2178
    OK ch=3 v=0.2484
    OK ch=1 v=0.2350
    OK ch=3 v=0.2536
    OK ch=5 v=0.2527
    OK ch=7 v=0.2571
    OK ch=1 v=0.2793
    OK ch=3 v=0.2602
    OK ch=7 v=0.2542
    OK ch=1 v=0.2747
    OK ch=3 v=0.2609
    OK ch=5 v=0.2553
    OK ch=7 v=0.2549
    OK ch=1 v=0.2518
    OK ch=3 v=0.2547
    OK ch=1 v=0.2477
    OK ch=3 v=0.2523
    OK ch=5 v=0.2562
    OK ch=7 v=0.2560
    OK ch=1 v=0.2280
    OK ch=3 v=0.2531
    OK ch=1 v=0.2362
    OK ch=3 v=0.2521
    OK ch=5 v=0.2556
    OK ch=7 v=0.2542
    OK ch=1 v=0.2809
    OK ch=3 v=0.2535
    OK ch=5 v=0.2546
    OK ch=7 v=0.2526
    OK ch=1 v=0.2472
    OK ch=3 v=0.2562
    OK ch=5 v=0.2534
    OK ch=7 v=0.2541
    OK ch=1 v=0.2364
    OK ch=3 v=0.2511
    OK ch=5 v=0.2527
    OK ch=7 v=0.2534
    OK ch=1 v=0.2085
    OK ch=3 v=0.2453
    OK ch=5 v=0.2543
    OK ch=7 v=0.2548
    OK ch=1 v=0.2300
    OK ch=3 v=0.2463
    OK ch=7 v=0.2527
    OK ch=1 v=0.2369
    OK ch=3 v=0.2548
    OK ch=5 v=0.2538
    OK ch=7 v=0.2552
    OK ch=1 v=0.2661
    OK ch=3 v=0.2592
    OK ch=5 v=0.2520
    OK ch=1 v=0.2512
    OK ch=3 v=0.2539
    OK ch=5 v=0.2530
    OK ch=1 v=0.2738
    OK ch=3 v=0.2587
    OK ch=5 v=0.2536
    OK ch=7 v=0.2539
    OK ch=1 v=0.2451
    OK ch=3 v=0.2593
    OK ch=5 v=0.2553
    OK ch=1 v=0.2409
    OK ch=3 v=0.2554
    OK ch=5 v=0.2539
    OK ch=7 v=0.2551
    OK ch=1 v=0.2267
    OK ch=3 v=0.2538
    OK ch=5 v=0.2556
    OK ch=7 v=0.2564
    OK ch=1 v=0.2639
    OK ch=3 v=0.2557
    OK ch=1 v=0.2580
    OK ch=3 v=0.2592
    OK ch=5 v=0.2536
    OK ch=7 v=0.2555
    OK ch=1 v=0.2494
    OK ch=7 v=0.2538
    OK ch=1 v=0.2471
    OK ch=3 v=0.2525
    OK ch=7 v=0.2524
    OK ch=1 v=0.2422
    OK ch=3 v=0.2512
    OK ch=1 v=0.2581
    OK ch=3 v=0.2571
    OK ch=1 v=0.2415
    OK ch=3 v=0.2503
    OK ch=7 v=0.2544
    OK ch=1 v=0.2219
    OK ch=3 v=0.2425
    OK ch=5 v=0.2530
    OK ch=7 v=0.2551
    OK ch=1 v=0.2317
    OK ch=3 v=0.2504
    OK ch=5 v=0.2515
    OK ch=1 v=0.2538
    OK ch=3 v=0.2531
    OK ch=5 v=0.2534
    OK ch=7 v=0.2537
    OK ch=1 v=0.2544
    OK ch=3 v=0.2576
    OK ch=5 v=0.2548
    OK ch=1 v=0.2334
    OK ch=3 v=0.2491
    OK ch=5 v=0.2542
    OK ch=1 v=0.2509
    OK ch=3 v=0.2531
    OK ch=1 v=0.2651
    OK ch=3 v=0.2567
    OK ch=5 v=0.2534
    OK ch=7 v=0.2555
    OK ch=1 v=0.2566
    OK ch=3 v=0.2582
    OK ch=5 v=0.2553
    OK ch=7 v=0.2545
    OK ch=1 v=0.2533
    OK ch=3 v=0.2534
    OK ch=5 v=0.2564
    OK ch=1 v=0.2624
    OK ch=3 v=0.2574
    OK ch=5 v=0.2558
    OK ch=7 v=0.2556
    OK ch=1 v=0.2269
    OK ch=3 v=0.2466
    OK ch=5 v=0.2542
    OK ch=1 v=0.2411
    OK ch=3 v=0.2550
    OK ch=7 v=0.2564
    OK ch=1 v=0.2423
    OK ch=3 v=0.2544
    OK ch=1 v=0.2740
    OK ch=3 v=0.2565
    OK ch=5 v=0.2537
    OK ch=7 v=0.2544
    OK ch=1 v=0.2408
    OK ch=3 v=0.2551
    OK ch=5 v=0.2523
    OK ch=7 v=0.2550
    OK ch=1 v=0.2432
    OK ch=3 v=0.2532
    OK ch=1 v=0.2548
    OK ch=5 v=0.2531
    OK ch=7 v=0.2524
    OK ch=1 v=0.2514
    OK ch=7 v=0.2533
    OK ch=1 v=0.2553
    OK ch=3 v=0.2544
    OK ch=7 v=0.2525
    OK ch=1 v=0.2457
    OK ch=3 v=0.2536
    OK ch=7 v=0.2564
    OK ch=1 v=0.2300
    OK ch=3 v=0.2511
    OK ch=5 v=0.2526
    OK ch=7 v=0.2557
    OK ch=1 v=0.2503
    OK ch=3 v=0.2573
    OK ch=5 v=0.2538
    OK ch=7 v=0.2539
    OK ch=1 v=0.2386
    OK ch=3 v=0.2502
    OK ch=5 v=0.2548
    OK ch=1 v=0.2372
    OK ch=3 v=0.2510
    OK ch=5 v=0.2535
    OK ch=1 v=0.2502
    OK ch=3 v=0.2556
    OK ch=7 v=0.2553
    OK ch=1 v=0.2562
    OK ch=3 v=0.2588
    OK ch=5 v=0.2529
    OK ch=7 v=0.2566
    OK ch=1 v=0.2680
    OK ch=3 v=0.2601
    OK ch=5 v=0.2552
    OK ch=7 v=0.2550
    OK ch=1 v=0.2260
    OK ch=3 v=0.2510
    OK ch=5 v=0.2570
    OK ch=7 v=0.2522
    OK ch=3 v=0.2525
    OK ch=5 v=0.2554
    OK ch=7 v=0.2536
    OK ch=1 v=0.2311
    OK ch=3 v=0.2519
    OK ch=7 v=0.2566
    OK ch=1 v=0.2548
    OK ch=5 v=0.2541
    OK ch=7 v=0.2555
    OK ch=1 v=0.2746
    OK ch=3 v=0.2588
    OK ch=7 v=0.2538
    OK ch=1 v=0.2432
    OK ch=3 v=0.2519
    OK ch=1 v=0.2571
    OK ch=3 v=0.2528
    OK ch=5 v=0.2528
    OK ch=7 v=0.2548
    OK ch=1 v=0.2252
    OK ch=3 v=0.2500
    OK ch=5 v=0.2533
    OK ch=7 v=0.2540
    OK ch=1 v=0.2452
    OK ch=3 v=0.2485
    OK ch=5 v=0.2550
    OK ch=7 v=0.2505
    OK ch=1 v=0.2693
    OK ch=3 v=0.2608
    OK ch=7 v=0.2549
    OK ch=1 v=0.2556
    OK ch=3 v=0.2589
    OK ch=1 v=0.2654
    OK ch=5 v=0.2556
    OK ch=1 v=0.2410
    OK ch=3 v=0.2527
    OK ch=5 v=0.2547
    OK ch=7 v=0.2533
    OK ch=1 v=0.2423
    OK ch=3 v=0.2511
    OK ch=5 v=0.2541
    OK ch=7 v=0.2546
    OK ch=1 v=0.2207
    OK ch=3 v=0.2449
    OK ch=7 v=0.2560
    OK ch=1 v=0.2459
    OK ch=3 v=0.2525
    OK ch=5 v=0.2525
    OK ch=7 v=0.2547
    OK ch=1 v=0.2361
    OK ch=3 v=0.2595
    OK ch=7 v=0.2566
    OK ch=1 v=0.2628
    OK ch=3 v=0.2580
    OK ch=5 v=0.2540
    OK ch=7 v=0.2527
    OK ch=1 v=0.2319
    OK ch=3 v=0.2515
    OK ch=7 v=0.2548
    OK ch=1 v=0.2470
    OK ch=3 v=0.2532
    OK ch=7 v=0.2539
    OK ch=1 v=0.2713
    OK ch=3 v=0.2587
    OK ch=5 v=0.2514
    OK ch=7 v=0.2562
    OK ch=1 v=0.2568
    OK ch=3 v=0.2559
    OK ch=5 v=0.2526
    OK ch=7 v=0.2550
    OK ch=1 v=0.2384
    OK ch=3 v=0.2511
    OK ch=5 v=0.2535
    OK ch=7 v=0.2557
    OK ch=1 v=0.2608
    OK ch=3 v=0.2569
    OK ch=7 v=0.2565
    OK ch=1 v=0.2429
    OK ch=3 v=0.2511
    OK ch=5 v=0.2530
    OK ch=7 v=0.2525
    OK ch=1 v=0.2288
    OK ch=3 v=0.2576
    OK ch=7 v=0.2533
    OK ch=1 v=0.2441
    OK ch=3 v=0.2529
    OK ch=1 v=0.2575
    OK ch=3 v=0.2495
    OK ch=7 v=0.2551
    OK ch=1 v=0.2561
    OK ch=5 v=0.2523
    OK ch=1 v=0.2714
    OK ch=3 v=0.2537
    OK ch=5 v=0.2538
    OK ch=7 v=0.2542
    OK ch=1 v=0.2473
    OK ch=3 v=0.2576
    OK ch=5 v=0.2569
    OK ch=1 v=0.2456
    OK ch=3 v=0.2537
    OK ch=7 v=0.2552
    OK ch=1 v=0.2581
    OK ch=3 v=0.2551
    OK ch=5 v=0.2543
    OK ch=1 v=0.2289
    OK ch=3 v=0.2527
    OK ch=5 v=0.2549
    OK ch=1 v=0.2294
    OK ch=3 v=0.2499
    OK ch=5 v=0.2560
    OK ch=1 v=0.2353
    OK ch=3 v=0.2515
    OK ch=5 v=0.2549
    OK ch=7 v=0.2535
    OK ch=1 v=0.2363
    OK ch=3 v=0.2505
    OK ch=5 v=0.2541
    OK ch=7 v=0.2511
    OK ch=1 v=0.2556
    OK ch=3 v=0.2563
    OK ch=5 v=0.2525
    OK ch=7 v=0.2543
    OK ch=1 v=0.2329
    OK ch=3 v=0.2496
    OK ch=5 v=0.2540
    OK ch=7 v=0.2527
    OK ch=1 v=0.2676
    OK ch=3 v=0.2570
    OK ch=5 v=0.2555
    OK ch=7 v=0.2555
    OK ch=1 v=0.2398
    OK ch=5 v=0.2545
    OK ch=7 v=0.2534
    OK ch=1 v=0.2365
    OK ch=3 v=0.2528
    OK ch=5 v=0.2554
    OK ch=1 v=0.2483
    OK ch=5 v=0.2544
    OK ch=7 v=0.2562
    OK ch=1 v=0.2507
    OK ch=3 v=0.2535
    OK ch=1 v=0.2563
    OK ch=3 v=0.2584
    OK ch=7 v=0.2526
    OK ch=1 v=0.2352
    OK ch=3 v=0.2552
    OK ch=5 v=0.2539
    OK ch=7 v=0.2566
    OK ch=1 v=0.2467
    OK ch=3 v=0.2573
    OK ch=5 v=0.2525
    OK ch=7 v=0.2557
    OK ch=1 v=0.2501
    OK ch=3 v=0.2494
    OK ch=5 v=0.2548
    OK ch=7 v=0.2527
    OK ch=1 v=0.2320
    OK ch=3 v=0.2470
    OK ch=5 v=0.2555
    OK ch=7 v=0.2551
    OK ch=1 v=0.2422
    OK ch=3 v=0.2573
    OK ch=5 v=0.2538
    OK ch=7 v=0.2542
    OK ch=3 v=0.2545
    OK ch=5 v=0.2530
    OK ch=1 v=0.2495
    OK ch=3 v=0.2574
    OK ch=7 v=0.2566
    OK ch=1 v=0.2442
    OK ch=3 v=0.2514
    OK ch=5 v=0.2541
    OK ch=7 v=0.2532
    OK ch=1 v=0.2634
    OK ch=3 v=0.2555
    OK ch=7 v=0.2541
    OK ch=1 v=0.2568
    OK ch=3 v=0.2568
    OK ch=5 v=0.2525
    OK ch=1 v=0.2364
    OK ch=3 v=0.2514
    OK ch=5 v=0.2541
    OK ch=1 v=0.2535
    OK ch=3 v=0.2568
    OK ch=7 v=0.2569
    OK ch=1 v=0.2302
    OK ch=3 v=0.2500
    OK ch=7 v=0.2544
    OK ch=1 v=0.2355
    OK ch=3 v=0.2483
    OK ch=7 v=0.2538
    OK ch=1 v=0.2282
    OK ch=3 v=0.2520
    OK ch=7 v=0.2562
    OK ch=1 v=0.2372
    OK ch=7 v=0.2539
    OK ch=1 v=0.2592
    OK ch=3 v=0.2563
    OK ch=5 v=0.2526
    OK ch=7 v=0.2546
    OK ch=1 v=0.2788
    OK ch=3 v=0.2557
    OK ch=7 v=0.2571
    OK ch=1 v=0.2609
    OK ch=3 v=0.2551
    OK ch=5 v=0.2540
    OK ch=1 v=0.1961
    OK ch=3 v=0.2451
    OK ch=7 v=0.2560
    OK ch=1 v=0.2388
    OK ch=3 v=0.2558
    OK ch=7 v=0.2541
    OK ch=1 v=0.2560
    OK ch=3 v=0.2592
    OK ch=7 v=0.2524
    OK ch=1 v=0.2715
    OK ch=3 v=0.2560
    OK ch=5 v=0.2529
    OK ch=1 v=0.2628
    OK ch=3 v=0.2522
    OK ch=7 v=0.2532
    OK ch=1 v=0.2547
    OK ch=3 v=0.2541
    OK ch=5 v=0.2535
    OK ch=7 v=0.2549
    OK ch=1 v=0.2293
    OK ch=3 v=0.2510
    OK ch=5 v=0.2551
    OK ch=3 v=0.2525
    OK ch=7 v=0.2538
    OK ch=1 v=0.2386
    OK ch=3 v=0.2508
    OK ch=5 v=0.2541
    OK ch=7 v=0.2548
    OK ch=1 v=0.2667
    OK ch=3 v=0.2619
    OK ch=5 v=0.2525
    OK ch=7 v=0.2539
    OK ch=1 v=0.2378
    OK ch=3 v=0.2552
    OK ch=5 v=0.2547
    OK ch=1 v=0.2501
    OK ch=3 v=0.2511
    OK ch=7 v=0.2553
    OK ch=1 v=0.2522
    OK ch=3 v=0.2555
    OK ch=5 v=0.2539
    OK ch=7 v=0.2542
    OK ch=1 v=0.2435
    OK ch=3 v=0.2536
    OK ch=5 v=0.2531
    OK ch=1 v=0.2628
    OK ch=3 v=0.2616
    OK ch=5 v=0.2545
    OK ch=7 v=0.2530
    OK ch=1 v=0.2335
    OK ch=3 v=0.2468
    OK ch=5 v=0.2552
    OK ch=7 v=0.2521
[  115.4s] DAMPING     ch0:LOCK g=-0.0300 bp=-0.003V ratio=0.10  ch1:LOCK g=-0.0300 bp=-0.003V ratio=0.05  ch2:LOCK g=+0.0100 bp=-0.001V ratio=0.01  ch3:LOCK g=-0.0300 bp=-0.006V ratio=0.03
    OK ch=1 v=0.2210
    OK ch=3 v=0.2453
    OK ch=5 v=0.2561
    OK ch=7 v=0.2564
    OK ch=1 v=0.2757
    OK ch=3 v=0.2610
    OK ch=5 v=0.2541
    OK ch=7 v=0.2542
    OK ch=1 v=0.2533
    OK ch=3 v=0.2545
    OK ch=5 v=0.2530
    OK ch=1 v=0.2515
    OK ch=3 v=0.2590
    OK ch=5 v=0.2550
    OK ch=1 v=0.2467
    OK ch=3 v=0.2525
    OK ch=1 v=0.2384
    OK ch=3 v=0.2477
    OK ch=7 v=0.2533
    OK ch=1 v=0.2252
    OK ch=3 v=0.2511
    OK ch=5 v=0.2538
    OK ch=1 v=0.2371
    OK ch=3 v=0.2528
    OK ch=7 v=0.2548
    OK ch=1 v=0.2333
    OK ch=3 v=0.2547
    OK ch=7 v=0.2564
    OK ch=1 v=0.2387
    OK ch=3 v=0.2502
    OK ch=7 v=0.2539
    OK ch=1 v=0.2653
    OK ch=3 v=0.2597
    OK ch=7 v=0.2523
    OK ch=1 v=0.2632
    OK ch=5 v=0.2533
    OK ch=7 v=0.2562
    OK ch=1 v=0.2724
    OK ch=3 v=0.2552
    OK ch=7 v=0.2567
    OK ch=1 v=0.2588
    OK ch=3 v=0.2573
    OK ch=5 v=0.2543
    OK ch=7 v=0.2586
    OK ch=1 v=0.2560
    OK ch=3 v=0.2587
    OK ch=7 v=0.2552
    OK ch=1 v=0.2472
    OK ch=3 v=0.2550
    OK ch=5 v=0.2537
    OK ch=1 v=0.2165
    OK ch=3 v=0.2511
    OK ch=5 v=0.2550
    OK ch=7 v=0.2516
    OK ch=1 v=0.2379
    OK ch=3 v=0.2451
    OK ch=5 v=0.2543
    OK ch=7 v=0.2540
    OK ch=1 v=0.2392
    OK ch=3 v=0.2493
    OK ch=7 v=0.2546
    OK ch=1 v=0.2631
    OK ch=3 v=0.2562
    OK ch=5 v=0.2520
    OK ch=1 v=0.2490
    OK ch=3 v=0.2526
    OK ch=7 v=0.2535
    OK ch=1 v=0.2313
    OK ch=3 v=0.2533
    OK ch=5 v=0.2528
    OK ch=1 v=0.2345
    OK ch=3 v=0.2525
    OK ch=5 v=0.2534
    OK ch=7 v=0.2561
    OK ch=1 v=0.2304
    OK ch=3 v=0.2540
    OK ch=7 v=0.2539
    OK ch=1 v=0.2177
    OK ch=3 v=0.2520
    OK ch=5 v=0.2522
    OK ch=7 v=0.2560
    OK ch=1 v=0.2374
    OK ch=3 v=0.2499
    OK ch=5 v=0.2541
    OK ch=7 v=0.2537
    OK ch=1 v=0.2628
    OK ch=3 v=0.2557
    OK ch=1 v=0.2674
    OK ch=3 v=0.2612
    OK ch=5 v=0.2532
    OK ch=7 v=0.2548
    OK ch=1 v=0.2759
    OK ch=3 v=0.2560
    OK ch=7 v=0.2564
    OK ch=1 v=0.2454
    OK ch=3 v=0.2544
    OK ch=5 v=0.2563
    OK ch=7 v=0.2597
    OK ch=1 v=0.2620
    OK ch=3 v=0.2607
    OK ch=5 v=0.2554
    OK ch=7 v=0.2551
    OK ch=1 v=0.2393
    OK ch=3 v=0.2500
    OK ch=5 v=0.2560
    OK ch=7 v=0.2539
    OK ch=1 v=0.2228
    OK ch=3 v=0.2492
    OK ch=5 v=0.2552
    OK ch=1 v=0.2405
    OK ch=3 v=0.2539
    OK ch=5 v=0.2533
    OK ch=7 v=0.2503
    OK ch=1 v=0.2518
    OK ch=5 v=0.2549
    OK ch=7 v=0.2521
    OK ch=1 v=0.2632
    OK ch=3 v=0.2575
    OK ch=7 v=0.2532
    OK ch=1 v=0.2453
    OK ch=3 v=0.2536
    OK ch=5 v=0.2538
    OK ch=7 v=0.2539
    OK ch=1 v=0.2598
    OK ch=3 v=0.2563
    OK ch=5 v=0.2529
    OK ch=1 v=0.2622
    OK ch=3 v=0.2536
    OK ch=5 v=0.2544
    OK ch=7 v=0.2534
    OK ch=1 v=0.2447
    OK ch=3 v=0.2495
    OK ch=7 v=0.2559
    OK ch=1 v=0.2389
    OK ch=3 v=0.2523
    OK ch=5 v=0.2551
    OK ch=7 v=0.2549
    OK ch=1 v=0.2314
    OK ch=3 v=0.2513
    OK ch=5 v=0.2541
    OK ch=1 v=0.2543
    OK ch=3 v=0.2590
    OK ch=5 v=0.2526
    OK ch=1 v=0.2397
    OK ch=3 v=0.2523
    OK ch=5 v=0.2540
    OK ch=7 v=0.2509
    OK ch=1 v=0.2288
    OK ch=3 v=0.2492
    OK ch=5 v=0.2525
    OK ch=7 v=0.2550
    OK ch=1 v=0.2695
    OK ch=3 v=0.2609
    OK ch=5 v=0.2517
    OK ch=7 v=0.2556
    OK ch=1 v=0.2450
    OK ch=3 v=0.2500
    OK ch=5 v=0.2532
    OK ch=7 v=0.2565
    OK ch=1 v=0.2522
    OK ch=3 v=0.2575
    OK ch=5 v=0.2546
    OK ch=7 v=0.2548
    OK ch=1 v=0.2278
    OK ch=3 v=0.2551
    OK ch=5 v=0.2540
    OK ch=7 v=0.2555
    OK ch=1 v=0.2427
    OK ch=3 v=0.2542
    OK ch=5 v=0.2533
    OK ch=7 v=0.2576
    OK ch=1 v=0.2539
    OK ch=3 v=0.2481
    OK ch=7 v=0.2555
    OK ch=1 v=0.2680
    OK ch=3 v=0.2606
    OK ch=5 v=0.2544
    OK ch=7 v=0.2536
    OK ch=1 v=0.2631
    OK ch=3 v=0.2587
    OK ch=5 v=0.2551
    OK ch=7 v=0.2545
    OK ch=1 v=0.2334
    OK ch=3 v=0.2565
    OK ch=7 v=0.2523
    OK ch=1 v=0.2248
    OK ch=3 v=0.2504
    OK ch=5 v=0.2558
    OK ch=7 v=0.2536
    OK ch=1 v=0.2418
    OK ch=3 v=0.2511
    OK ch=5 v=0.2546
    OK ch=7 v=0.2543
    OK ch=1 v=0.2224
    OK ch=3 v=0.2487
    OK ch=5 v=0.2541
    OK ch=7 v=0.2533
    OK ch=1 v=0.2732
    OK ch=3 v=0.2443
    OK ch=1 v=0.2606
    OK ch=3 v=0.2557
    OK ch=7 v=0.2527
    OK ch=1 v=0.2554
    OK ch=3 v=0.2574
    OK ch=5 v=0.2552
    OK ch=7 v=0.2553
    OK ch=1 v=0.2436
    OK ch=3 v=0.2614
    OK ch=7 v=0.2545

>>> KICK 2/3 REQUESTED at t=120.0s <<<

    OK ch=1 v=0.2573
    OK ch=5 v=0.2538
    OK ch=7 v=0.2532
    OK ch=1 v=0.2309
    OK ch=3 v=0.2518
    OK ch=5 v=0.2547
    OK ch=7 v=0.2545
    OK ch=1 v=0.2367
    OK ch=3 v=0.2513
    OK ch=7 v=0.2560
    OK ch=1 v=0.2297
    OK ch=3 v=0.2494
    OK ch=5 v=0.2537
    OK ch=1 v=0.2267
    OK ch=3 v=0.2466
    OK ch=7 v=0.2543
    OK ch=1 v=0.2199
    OK ch=3 v=0.2539
    OK ch=5 v=0.2530
    OK ch=7 v=0.2527
    OK ch=1 v=0.2422
    OK ch=5 v=0.2520
    OK ch=7 v=0.2541
    OK ch=1 v=0.2464
    OK ch=3 v=0.2561
    OK ch=7 v=0.2569
    OK ch=1 v=0.2519
    OK ch=3 v=0.2454
    OK ch=7 v=0.2558
    OK ch=1 v=0.2740
    OK ch=3 v=0.2619
    OK ch=5 v=0.2531
    OK ch=7 v=0.2539
    OK ch=1 v=0.2514
    OK ch=3 v=0.2551
    OK ch=5 v=0.2545
    OK ch=7 v=0.2525
    OK ch=1 v=0.2779
    OK ch=3 v=0.2592
    OK ch=5 v=0.2553
    OK ch=7 v=0.2553
    OK ch=1 v=0.2431
    OK ch=3 v=0.2557
    OK ch=5 v=0.2544
    OK ch=7 v=0.2567
    OK ch=1 v=0.2453
    OK ch=3 v=0.2577
    OK ch=5 v=0.2534
    OK ch=7 v=0.2550
    OK ch=1 v=0.2213
    OK ch=3 v=0.2507
    OK ch=5 v=0.2542
    OK ch=7 v=0.2556
    OK ch=1 v=0.2433
    OK ch=3 v=0.2492
    OK ch=5 v=0.2549
    OK ch=7 v=0.2541
    OK ch=1 v=0.2302
    OK ch=3 v=0.2587
    OK ch=5 v=0.2540
    OK ch=1 v=0.2720
    OK ch=3 v=0.2556
    OK ch=7 v=0.2552
    OK ch=1 v=0.2843
    OK ch=3 v=0.2566
    OK ch=5 v=0.2518
    OK ch=7 v=0.2529
    OK ch=1 v=0.2420
    OK ch=3 v=0.2487
    OK ch=5 v=0.2548
    OK ch=7 v=0.2517
    OK ch=1 v=0.2524
    OK ch=3 v=0.2560
    OK ch=7 v=0.2549
    OK ch=1 v=0.2354
    OK ch=3 v=0.2483
    OK ch=5 v=0.2540
    OK ch=1 v=0.2325
    OK ch=3 v=0.2526
    OK ch=7 v=0.2565
    OK ch=1 v=0.2534
    OK ch=3 v=0.2421
    OK ch=5 v=0.2550
    OK ch=7 v=0.2550
    OK ch=1 v=0.2270
    OK ch=3 v=0.2509
    OK ch=5 v=0.2541
    OK ch=7 v=0.2544
    OK ch=1 v=0.2594
    OK ch=3 v=0.2632
    OK ch=7 v=0.2555
    OK ch=3 v=0.2595
    OK ch=7 v=0.2542
    OK ch=1 v=0.2400
    OK ch=3 v=0.2495
    OK ch=7 v=0.2527
    OK ch=1 v=0.2484
    OK ch=3 v=0.2552
    OK ch=7 v=0.2515
    OK ch=1 v=0.2438
    OK ch=3 v=0.2503
    OK ch=5 v=0.2535
    OK ch=7 v=0.2544
    OK ch=1 v=0.2422
    OK ch=3 v=0.2573
    OK ch=5 v=0.2529
    OK ch=7 v=0.2563
    OK ch=1 v=0.2306
    OK ch=3 v=0.2515
    OK ch=5 v=0.2545
    OK ch=1 v=0.2532
    OK ch=3 v=0.2499
    OK ch=5 v=0.2540
    OK ch=7 v=0.2532
    OK ch=1 v=0.2554
    OK ch=3 v=0.2579
    OK ch=5 v=0.2545
    OK ch=7 v=0.2517
    OK ch=1 v=0.2456
    OK ch=5 v=0.2525
    OK ch=7 v=0.2537
    OK ch=1 v=0.2784
    OK ch=3 v=0.2614
    OK ch=5 v=0.2520
    OK ch=7 v=0.2543
    OK ch=1 v=0.2437
    OK ch=3 v=0.2511
    OK ch=5 v=0.2547
    OK ch=1 v=0.2445
    OK ch=3 v=0.2545
    OK ch=5 v=0.2570
    OK ch=7 v=0.2559
    OK ch=1 v=0.2378
    OK ch=5 v=0.2544
    OK ch=7 v=0.2534
    OK ch=1 v=0.2530
    OK ch=3 v=0.2558
    OK ch=5 v=0.2538
    OK ch=7 v=0.2545
    OK ch=1 v=0.2320
    OK ch=3 v=0.2505
    OK ch=5 v=0.2544
    OK ch=7 v=0.2536
    OK ch=1 v=0.2506
    OK ch=3 v=0.2494
    OK ch=5 v=0.2555
    OK ch=7 v=0.2550
    OK ch=3 v=0.2520
    OK ch=5 v=0.2538
    OK ch=1 v=0.2250
    OK ch=3 v=0.2493
    OK ch=7 v=0.2562
    OK ch=1 v=0.2188
    OK ch=3 v=0.2508
    OK ch=7 v=0.2550
    OK ch=1 v=0.2299
    OK ch=7 v=0.2557
    OK ch=1 v=0.2576
    OK ch=3 v=0.2587
    OK ch=5 v=0.2530
    OK ch=1 v=0.2598
    OK ch=3 v=0.2614
    OK ch=5 v=0.2525
    OK ch=1 v=0.2616
    OK ch=3 v=0.2491
    OK ch=7 v=0.2525
    OK ch=1 v=0.2519
    OK ch=3 v=0.2475
    OK ch=5 v=0.2534
    OK ch=1 v=0.2394
    OK ch=3 v=0.2501
    OK ch=5 v=0.2540
    OK ch=1 v=0.2524
    OK ch=3 v=0.2568
    OK ch=5 v=0.2562
    OK ch=7 v=0.2548
    OK ch=1 v=0.2497
    OK ch=3 v=0.2585
    OK ch=5 v=0.2552
    OK ch=1 v=0.2552
    OK ch=3 v=0.2551
    OK ch=5 v=0.2546
    OK ch=7 v=0.2562
    OK ch=1 v=0.2573
    OK ch=3 v=0.2584
    OK ch=7 v=0.2570
    OK ch=1 v=0.2172
    OK ch=3 v=0.2553
    OK ch=5 v=0.2534
    OK ch=7 v=0.2552
    OK ch=1 v=0.2279
    OK ch=3 v=0.2515
    OK ch=5 v=0.2522
    OK ch=7 v=0.2544
    OK ch=1 v=0.2475
    OK ch=3 v=0.2527
    OK ch=5 v=0.2527
    OK ch=7 v=0.2531
    OK ch=1 v=0.2440
    OK ch=3 v=0.2498
    OK ch=5 v=0.2534
    OK ch=7 v=0.2545
    OK ch=1 v=0.2503
    OK ch=3 v=0.2519
    OK ch=5 v=0.2526
    OK ch=7 v=0.2559
    OK ch=1 v=0.2823
    OK ch=3 v=0.2646
    OK ch=5 v=0.2531
    OK ch=7 v=0.2544
    OK ch=1 v=0.2269
    OK ch=3 v=0.2489
    OK ch=5 v=0.2543
    OK ch=1 v=0.2298
    OK ch=3 v=0.2484
    OK ch=5 v=0.2558
    OK ch=7 v=0.2554
    OK ch=1 v=0.2492
    OK ch=3 v=0.2595
    OK ch=1 v=0.2396
    OK ch=3 v=0.2513
    OK ch=7 v=0.2540
    OK ch=1 v=0.2606
    OK ch=7 v=0.2512
    OK ch=1 v=0.2371
    OK ch=3 v=0.2541
    OK ch=5 v=0.2528
    OK ch=7 v=0.2523
    OK ch=1 v=0.2326
    OK ch=3 v=0.2514
    OK ch=5 v=0.2560
    OK ch=7 v=0.2535
    OK ch=1 v=0.2416
    OK ch=3 v=0.2449
    OK ch=5 v=0.2538
    OK ch=7 v=0.2553
    OK ch=1 v=0.2407
    OK ch=3 v=0.2576
    OK ch=7 v=0.2542
[  120.4s] DAMPING     ch0:LOCK g=-0.0300 bp=-0.031V ratio=0.09  ch1:LOCK g=-0.0300 bp=-0.006V ratio=0.06  ch2:LOCK g=+0.0100 bp=-0.004V ratio=0.01  ch3:LOCK g=-0.0300 bp=-0.002V ratio=0.02
    OK ch=1 v=0.2629
    OK ch=3 v=0.2566
    OK ch=5 v=0.2548
    OK ch=1 v=0.2324
    OK ch=3 v=0.2581
    OK ch=7 v=0.2555
    OK ch=1 v=0.2428
    OK ch=3 v=0.2548
    OK ch=7 v=0.2543
    OK ch=1 v=0.2394
    OK ch=3 v=0.2561
    OK ch=7 v=0.2529
    OK ch=1 v=0.2602
    OK ch=3 v=0.2544
    OK ch=5 v=0.2524
    OK ch=7 v=0.2555
    OK ch=1 v=0.2514
    OK ch=3 v=0.2538
    OK ch=1 v=0.2560
    OK ch=3 v=0.2572
    OK ch=5 v=0.2537
    OK ch=7 v=0.2508
    OK ch=1 v=0.2435
    OK ch=3 v=0.2500
    OK ch=5 v=0.2554
    OK ch=7 v=0.2540
    OK ch=3 v=0.2535
    OK ch=5 v=0.2546
    OK ch=7 v=0.2560
    OK ch=1 v=0.2381
    OK ch=3 v=0.2507
    OK ch=5 v=0.2562
    OK ch=7 v=0.2536
    OK ch=1 v=0.2527
    OK ch=5 v=0.2551
    OK ch=7 v=0.2568
    OK ch=1 v=0.2584
    OK ch=3 v=0.2569
    OK ch=5 v=0.2538
    OK ch=7 v=0.2555
    OK ch=1 v=0.2494
    OK ch=3 v=0.2560
    OK ch=7 v=0.2572
    OK ch=1 v=0.2156
    OK ch=3 v=0.2457
    OK ch=5 v=0.2524
    OK ch=7 v=0.2578
    OK ch=1 v=0.2620
    OK ch=3 v=0.2591
    OK ch=7 v=0.2520
    OK ch=5 v=0.2513
    OK ch=7 v=0.2527
    OK ch=1 v=0.2456
    OK ch=3 v=0.2556
    OK ch=5 v=0.2523
    OK ch=7 v=0.2508
    OK ch=1 v=0.2471
    OK ch=3 v=0.2514
    OK ch=7 v=0.2527
    OK ch=1 v=0.2505
    OK ch=1 v=0.2448
    OK ch=5 v=0.2529
    OK ch=7 v=0.2545
    OK ch=1 v=0.2294
    OK ch=3 v=0.2522
    OK ch=5 v=0.2535
    OK ch=7 v=0.2559
    OK ch=1 v=0.2617
    OK ch=3 v=0.2612
    OK ch=7 v=0.2581
    OK ch=1 v=0.2312
    OK ch=3 v=0.2489
    OK ch=5 v=0.2529
    OK ch=7 v=0.2552
    OK ch=1 v=0.2602
    OK ch=3 v=0.2533
    OK ch=5 v=0.2540
    OK ch=1 v=0.2513
    OK ch=3 v=0.2555
    OK ch=5 v=0.2549
    OK ch=1 v=0.2593
    OK ch=3 v=0.2580
    OK ch=5 v=0.2542
    OK ch=1 v=0.2442
    OK ch=3 v=0.2550
    OK ch=5 v=0.2553
    OK ch=7 v=0.2558
    OK ch=1 v=0.2452
    OK ch=3 v=0.2561
    OK ch=5 v=0.2493
    OK ch=7 v=0.2578
    OK ch=1 v=0.2488
    OK ch=3 v=0.2553
    OK ch=5 v=0.2508
    OK ch=7 v=0.2569
    OK ch=1 v=0.2110
    OK ch=3 v=0.2429
    OK ch=5 v=0.2657
    OK ch=7 v=0.2475
    OK ch=1 v=0.2435
    OK ch=3 v=0.2422
    OK ch=5 v=0.2755
    OK ch=7 v=0.2425
    OK ch=1 v=0.2325
    OK ch=3 v=0.2477
    OK ch=5 v=0.2643
    OK ch=7 v=0.2484
    OK ch=1 v=0.2534
    OK ch=3 v=0.2607
    OK ch=5 v=0.2499
    OK ch=7 v=0.2579
    OK ch=3 v=0.2586
    OK ch=5 v=0.2515
    OK ch=7 v=0.2541
    OK ch=1 v=0.2704
    OK ch=3 v=0.2678
    OK ch=5 v=0.2384
    OK ch=7 v=0.2633
    OK ch=1 v=0.3581
    OK ch=3 v=0.3469
    OK ch=5 v=0.1507
    OK ch=7 v=0.3332
    OK ch=1 v=0.4467
    OK ch=3 v=0.4356
    OK ch=5 v=0.0767
    OK ch=7 v=0.4218
    OK ch=1 v=0.5000
    OK ch=3 v=0.3474
    OK ch=5 v=0.1445
    OK ch=7 v=0.3336
    OK ch=1 v=0.4063
    OK ch=3 v=0.2537
    OK ch=5 v=0.2382
    OK ch=7 v=0.2400
    OK ch=1 v=0.3185
    OK ch=3 v=0.1658
    OK ch=5 v=0.3261
    OK ch=7 v=0.1521
    OK ch=1 v=0.2250
    OK ch=3 v=0.0723
    OK ch=5 v=0.4196
    OK ch=7 v=0.0586
    OK ch=1 v=0.3190
    OK ch=3 v=0.1664
    OK ch=5 v=0.3255
    OK ch=7 v=0.1498
    OK ch=1 v=0.4123
    OK ch=3 v=0.2597
    OK ch=5 v=0.2322
    OK ch=7 v=0.2432
    OK ch=1 v=0.4946
    OK ch=3 v=0.3478
    OK ch=5 v=0.1441
    OK ch=7 v=0.3313
    OK ch=1 v=0.4208
    OK ch=3 v=0.4413
    OK ch=5 v=0.1196
    OK ch=7 v=0.4248
    OK ch=1 v=0.3847
    OK ch=3 v=0.5000
    OK ch=5 v=0.0259
    OK ch=7 v=0.5000
    OK ch=1 v=0.4675
    OK ch=5 v=0.0000
    OK ch=7 v=0.4172
    OK ch=1 v=0.5000
    OK ch=3 v=0.4287
    OK ch=5 v=0.0628
    OK ch=7 v=0.3459
    OK ch=3 v=0.3345
    OK ch=5 v=0.1569
    OK ch=7 v=0.2517
    OK ch=1 v=0.4286
    OK ch=3 v=0.2631
    OK ch=5 v=0.2246
    OK ch=7 v=0.1803
    OK ch=1 v=0.3403
    OK ch=3 v=0.1748
    OK ch=5 v=0.2506
    OK ch=7 v=0.1523
    OK ch=1 v=0.2521
    OK ch=3 v=0.0867
    OK ch=5 v=0.2557
    OK ch=7 v=0.1304
    OK ch=1 v=0.1589
    OK ch=3 v=0.0000
    OK ch=5 v=0.2631
    OK ch=7 v=0.0372
    OK ch=1 v=0.0706
    OK ch=3 v=0.0883
    OK ch=5 v=0.3354
    OK ch=7 v=0.0928
    OK ch=1 v=0.0000
    OK ch=3 v=0.1819
    OK ch=5 v=0.4290
    OK ch=7 v=0.1864
    OK ch=3 v=0.2701
    OK ch=5 v=0.5000
    OK ch=7 v=0.2746
    OK ch=3 v=0.3363
    OK ch=5 v=0.4339
    OK ch=7 v=0.2287
    OK ch=3 v=0.2698
    OK ch=5 v=0.3673
    OK ch=7 v=0.1622
    OK ch=1 v=0.0658
    OK ch=3 v=0.2040
    OK ch=5 v=0.3016
    OK ch=7 v=0.2279
    OK ch=1 v=0.1538
    OK ch=3 v=0.1931
    OK ch=5 v=0.2136
    OK ch=7 v=0.3159
    OK ch=1 v=0.0655
    OK ch=3 v=0.1685
    OK ch=5 v=0.3019
    OK ch=7 v=0.2276
    OK ch=1 v=0.1645
    OK ch=3 v=0.1243
    OK ch=5 v=0.2716
    OK ch=7 v=0.1287
    OK ch=1 v=0.2525
    OK ch=3 v=0.0363
    OK ch=5 v=0.1835
    OK ch=7 v=0.2167
    OK ch=1 v=0.3462
    OK ch=3 v=0.1299
    OK ch=5 v=0.1735
    OK ch=7 v=0.3104
    OK ch=1 v=0.4398
    OK ch=3 v=0.2236
    OK ch=5 v=0.0799
    OK ch=7 v=0.4040
    OK ch=1 v=0.3462
    OK ch=3 v=0.1300
    OK ch=5 v=0.0000
    OK ch=7 v=0.3580
    OK ch=1 v=0.2582
    OK ch=3 v=0.0419
    OK ch=5 v=0.0881
    OK ch=7 v=0.2699
    OK ch=1 v=0.1644
    OK ch=3 v=0.1357
    OK ch=5 v=0.1818
    OK ch=7 v=0.3051
    OK ch=1 v=0.2529
    OK ch=3 v=0.2242
    OK ch=5 v=0.1120
    OK ch=7 v=0.3936
    OK ch=1 v=0.3463
    OK ch=3 v=0.3176
    OK ch=5 v=0.0185
    OK ch=7 v=0.4870
    OK ch=1 v=0.3952
    OK ch=3 v=0.4058
    OK ch=5 v=0.1067
    OK ch=7 v=0.4970
    OK ch=1 v=0.4837
    OK ch=3 v=0.3172
    OK ch=5 v=0.0425
    OK ch=7 v=0.4085
    OK ch=1 v=0.5000
    OK ch=3 v=0.4103
    OK ch=5 v=0.1356
    OK ch=7 v=0.3154
    OK ch=1 v=0.4095
    OK ch=3 v=0.5000
    OK ch=5 v=0.2294
    OK ch=7 v=0.4092
    OK ch=1 v=0.3875
    OK ch=5 v=0.1410
    OK ch=7 v=0.4554
    OK ch=1 v=0.3179
    OK ch=3 v=0.4283
    OK ch=5 v=0.1244
    OK ch=7 v=0.3837
    OK ch=1 v=0.2344
    OK ch=3 v=0.3449
    OK ch=5 v=0.1796
    OK ch=7 v=0.3002
    OK ch=1 v=0.1413
    OK ch=3 v=0.4380
    OK ch=5 v=0.2727
    OK ch=7 v=0.3933
    OK ch=1 v=0.1021
    OK ch=3 v=0.5000
    OK ch=5 v=0.3715
    OK ch=7 v=0.4922
    OK ch=1 v=0.1960
    OK ch=5 v=0.2777
    OK ch=7 v=0.4963
    OK ch=1 v=0.2727
    OK ch=3 v=0.4232
    OK ch=5 v=0.3544
    OK ch=7 v=0.4196
    OK ch=1 v=0.3665
    OK ch=3 v=0.3295
    OK ch=5 v=0.2607
    OK ch=7 v=0.3258
    OK ch=1 v=0.2727
    OK ch=3 v=0.4233
    OK ch=5 v=0.3545
    OK ch=7 v=0.2486
    OK ch=1 v=0.1902
    OK ch=3 v=0.5000
    OK ch=5 v=0.2719
    OK ch=7 v=0.3311
    OK ch=1 v=0.2838
    OK ch=3 v=0.4063
    OK ch=5 v=0.3656
    OK ch=7 v=0.4248
    OK ch=1 v=0.3723
    OK ch=3 v=0.3179
    OK ch=5 v=0.2771
    OK ch=7 v=0.3363
    OK ch=1 v=0.4601
    OK ch=3 v=0.2301
    OK ch=5 v=0.1893
    OK ch=7 v=0.2485
    OK ch=1 v=0.3666
    OK ch=3 v=0.2500
    OK ch=5 v=0.2500
    OK ch=7 v=0.2500

!! ch1, ch3 runaway/saturation -- freezing all channels, entering FAULT.

    OK ch=1 v=0.2781
    OK ch=1 v=0.2500
[  125.4s] FAULT       ch0:.... g=+0.0000 bp=-0.534V ratio=3.84  ch1:.... g=+0.0000 bp=+0.846V ratio=5.73  ch2:.... g=+0.0000 bp=-1.143V ratio=2.18  ch3:.... g=+0.0000 bp=+0.557V ratio=5.36
    OK ch=3 v=0.2490
    OK ch=5 v=0.2494

[recovered] re-engaging on the baseline already in hand -- the previous engagement was healthy, so this baseline is known good and the fault was a transient -- measuring a new floor now would measure the ringdown (1/4 before a forced re-calibration). Gain ramps from zero.

    OK ch=1 v=0.2280
    OK ch=3 v=0.2784
    OK ch=5 v=0.2841
    OK ch=7 v=0.2943
    OK ch=1 v=0.1919
    OK ch=3 v=0.3298
    OK ch=5 v=0.3333
    OK ch=7 v=0.3308
    OK ch=1 v=0.1038
    OK ch=3 v=0.3146
    OK ch=5 v=0.4214
    OK ch=7 v=0.3540
    OK ch=1 v=0.0209
    OK ch=3 v=0.3412
    OK ch=5 v=0.4981
    OK ch=7 v=0.3955
    OK ch=1 v=0.0405
    OK ch=3 v=0.3396
    OK ch=5 v=0.4046
    OK ch=7 v=0.3816
    OK ch=1 v=0.1286
    OK ch=3 v=0.3185
    OK ch=5 v=0.3165
    OK ch=7 v=0.3276
    OK ch=1 v=0.2165
    OK ch=3 v=0.3000
    OK ch=5 v=0.2286
    OK ch=7 v=0.2525
    OK ch=1 v=0.3048
    OK ch=3 v=0.2629
    OK ch=5 v=0.1683
    OK ch=7 v=0.2151
    OK ch=1 v=0.2596
    OK ch=3 v=0.1755
    OK ch=5 v=0.1646
    OK ch=7 v=0.2303
    OK ch=1 v=0.2227
    OK ch=3 v=0.1387
    OK ch=5 v=0.0816
    OK ch=7 v=0.2558
    OK ch=1 v=0.2170
    OK ch=3 v=0.1722
    OK ch=5 v=0.1044
    OK ch=7 v=0.2674
    OK ch=1 v=0.2223
    OK ch=3 v=0.2237
    OK ch=5 v=0.1923
    OK ch=7 v=0.2162
    OK ch=1 v=0.2951
    OK ch=3 v=0.2485
    OK ch=5 v=0.2612
    OK ch=7 v=0.1860
    OK ch=1 v=0.3830
    OK ch=3 v=0.3089
    OK ch=5 v=0.2992
    OK ch=7 v=0.2021
    OK ch=1 v=0.3727
    OK ch=3 v=0.3180
    OK ch=5 v=0.3640
    OK ch=7 v=0.2618
    OK ch=1 v=0.2847
    OK ch=3 v=0.3390
    OK ch=5 v=0.4132
    OK ch=7 v=0.3351
    OK ch=1 v=0.1965
    OK ch=3 v=0.3944
    OK ch=5 v=0.5000
    OK ch=7 v=0.4039
    OK ch=1 v=0.1081
    OK ch=3 v=0.4285
    OK ch=7 v=0.4298
    OK ch=1 v=0.0424
    OK ch=3 v=0.4514
    OK ch=7 v=0.4135
    OK ch=1 v=0.0771
    OK ch=3 v=0.4021
    OK ch=7 v=0.3849
    OK ch=1 v=0.1260
    OK ch=3 v=0.3360
    OK ch=5 v=0.4339
    OK ch=7 v=0.3525
    OK ch=1 v=0.2013
    OK ch=3 v=0.2480
    OK ch=5 v=0.3459
    OK ch=7 v=0.2750
    OK ch=1 v=0.2896
    OK ch=3 v=0.1787
    OK ch=5 v=0.2576
    OK ch=7 v=0.2389
    OK ch=1 v=0.3615
    OK ch=3 v=0.1906
    OK ch=5 v=0.1696
    OK ch=7 v=0.1997
    OK ch=1 v=0.4239
    OK ch=3 v=0.1911
    OK ch=5 v=0.1673
    OK ch=7 v=0.1116
    OK ch=1 v=0.3427
    OK ch=3 v=0.1776
    OK ch=5 v=0.1655
    OK ch=7 v=0.1093
    OK ch=1 v=0.2725
    OK ch=3 v=0.1187
    OK ch=5 v=0.1737
    OK ch=7 v=0.1236
    OK ch=1 v=0.1845
    OK ch=3 v=0.0857
    OK ch=5 v=0.2046
    OK ch=7 v=0.1769
    OK ch=1 v=0.1016
    OK ch=3 v=0.1353
    OK ch=5 v=0.2394
    OK ch=7 v=0.2597
    OK ch=1 v=0.0136
    OK ch=3 v=0.2233
    OK ch=5 v=0.3274
    OK ch=7 v=0.3478
    OK ch=1 v=0.0000
    OK ch=3 v=0.3114
    OK ch=5 v=0.4155
    OK ch=7 v=0.4358
[  130.4s] DAMPING     ch0:.... g=-0.0262 bp=-0.448V ratio=2.14  ch1:.... g=-0.0262 bp=-0.395V ratio=4.41  ch2:.... g=+0.0120 bp=+0.019V ratio=2.01  ch3:.... g=-0.0262 bp=-0.245V ratio=4.09
    OK ch=3 v=0.3766
    OK ch=5 v=0.4081
    OK ch=7 v=0.5000
    OK ch=3 v=0.4071
    OK ch=5 v=0.3815
    OK ch=3 v=0.3965
    OK ch=5 v=0.3554
    OK ch=1 v=0.0439
    OK ch=3 v=0.3829
    OK ch=5 v=0.3233
    OK ch=7 v=0.4709
    OK ch=1 v=0.1322
    OK ch=3 v=0.3458
    OK ch=5 v=0.2650
    OK ch=7 v=0.3856
    OK ch=1 v=0.2205
    OK ch=3 v=0.2830
    OK ch=5 v=0.2127
    OK ch=7 v=0.2973
    OK ch=1 v=0.3089
    OK ch=3 v=0.2184
    OK ch=5 v=0.1598
    OK ch=7 v=0.2089
    OK ch=1 v=0.3948
    OK ch=3 v=0.1702
    OK ch=5 v=0.1182
    OK ch=7 v=0.1901
    OK ch=1 v=0.3513
    OK ch=3 v=0.1286
    OK ch=5 v=0.0860
    OK ch=7 v=0.2008
    OK ch=1 v=0.3453
    OK ch=3 v=0.1363
    OK ch=5 v=0.1729
    OK ch=7 v=0.2103
    OK ch=1 v=0.3363
    OK ch=3 v=0.1783
    OK ch=5 v=0.2447
    OK ch=7 v=0.1963
    OK ch=1 v=0.3388
    OK ch=3 v=0.2366
    OK ch=5 v=0.2824
    OK ch=7 v=0.2093
    OK ch=1 v=0.3103
    OK ch=3 v=0.2891
    OK ch=5 v=0.2976
    OK ch=7 v=0.2459
    OK ch=1 v=0.2769
    OK ch=3 v=0.3427
    OK ch=5 v=0.3247
    OK ch=7 v=0.2994
    OK ch=1 v=0.1836
    OK ch=3 v=0.3605
    OK ch=5 v=0.3696
    OK ch=7 v=0.3346
    OK ch=1 v=0.0952
    OK ch=3 v=0.3845
    OK ch=5 v=0.4216
    OK ch=7 v=0.3514
    OK ch=1 v=0.1351
    OK ch=3 v=0.3909
    OK ch=5 v=0.4515
    OK ch=7 v=0.3523
    OK ch=1 v=0.2284
    OK ch=3 v=0.2976
    OK ch=5 v=0.3582
    OK ch=7 v=0.2590

!! ch0, ch1, ch2, ch3 runaway/saturation -- freezing all channels, entering FAULT.

    OK ch=1 v=0.2500
    OK ch=3 v=0.2500
    OK ch=5 v=0.2697
    OK ch=7 v=0.2500
    OK ch=5 v=0.2500
[  135.4s] FAULT       ch0:.... g=+0.0000 bp=-0.256V ratio=2.66  ch1:.... g=+0.0000 bp=+0.114V ratio=2.45  ch2:.... g=+0.0000 bp=-0.864V ratio=1.53  ch3:.... g=+0.0000 bp=+0.121V ratio=4.08
    OK ch=5 v=0.2495

[recovered] re-engaging on the baseline already in hand -- re-faulted after only 2.1s, so the disturbance is still there and a fresh window would measure it rather than the floor (2/4 before a forced re-calibration). Gain ramps from zero.

    OK ch=1 v=0.2624
    OK ch=3 v=0.2410
    OK ch=5 v=0.2388
    OK ch=7 v=0.2441
    OK ch=1 v=0.2778
    OK ch=3 v=0.2270
    OK ch=5 v=0.2144
    OK ch=7 v=0.2374
    OK ch=1 v=0.2720
    OK ch=3 v=0.2177
    OK ch=5 v=0.1983
    OK ch=1 v=0.2564
    OK ch=3 v=0.2218
    OK ch=5 v=0.2107
    OK ch=7 v=0.2402
    OK ch=1 v=0.2515
    OK ch=3 v=0.2422
    OK ch=5 v=0.2407
    OK ch=7 v=0.2487
    OK ch=1 v=0.2419
    OK ch=3 v=0.2579
    OK ch=5 v=0.2669
    OK ch=7 v=0.2607
    OK ch=1 v=0.2413
    OK ch=3 v=0.2710
    OK ch=5 v=0.2929
    OK ch=7 v=0.2692
    OK ch=1 v=0.2599
    OK ch=3 v=0.2775
    OK ch=5 v=0.2960
    OK ch=7 v=0.2764
    OK ch=1 v=0.2638
    OK ch=3 v=0.2793
    OK ch=5 v=0.3006
    OK ch=7 v=0.2791
    OK ch=1 v=0.2572
    OK ch=3 v=0.2762
    OK ch=7 v=0.2740
    OK ch=1 v=0.2650
    OK ch=3 v=0.2704
    OK ch=5 v=0.2840
    OK ch=7 v=0.2634
    OK ch=1 v=0.2845
    OK ch=3 v=0.2675
    OK ch=5 v=0.2544
    OK ch=7 v=0.2375
    OK ch=1 v=0.2889
    OK ch=3 v=0.2544
    OK ch=5 v=0.2173
    OK ch=7 v=0.2269
    OK ch=1 v=0.2935
    OK ch=3 v=0.2359
    OK ch=5 v=0.1891
    OK ch=7 v=0.2229
    OK ch=1 v=0.3234
    OK ch=3 v=0.2285
    OK ch=5 v=0.1784
    OK ch=7 v=0.2180
    OK ch=1 v=0.3180
    OK ch=3 v=0.2193
    OK ch=5 v=0.1723
    OK ch=7 v=0.2130
    OK ch=1 v=0.3596
    OK ch=3 v=0.2204
    OK ch=5 v=0.1995
    OK ch=7 v=0.1913
    OK ch=3 v=0.2258
    OK ch=5 v=0.2449
    OK ch=7 v=0.1898
    OK ch=1 v=0.3578
    OK ch=3 v=0.2429
    OK ch=5 v=0.2705
    OK ch=7 v=0.2018
    OK ch=1 v=0.3332
    OK ch=3 v=0.2643
    OK ch=5 v=0.3121
    OK ch=7 v=0.2207
    OK ch=1 v=0.2708
    OK ch=3 v=0.2831
    OK ch=5 v=0.3386
    OK ch=7 v=0.2401
    OK ch=1 v=0.1940
    OK ch=3 v=0.2911
    OK ch=5 v=0.3603
    OK ch=7 v=0.2608
    OK ch=1 v=0.1772
    OK ch=3 v=0.3048
    OK ch=5 v=0.3857
    OK ch=7 v=0.2722
    OK ch=1 v=0.1717
    OK ch=3 v=0.2947
    OK ch=5 v=0.3455
    OK ch=7 v=0.2760
    OK ch=1 v=0.1683
    OK ch=3 v=0.2720
    OK ch=5 v=0.2846
    OK ch=7 v=0.2672
    OK ch=1 v=0.2248
    OK ch=3 v=0.2489
    OK ch=5 v=0.2341
    OK ch=7 v=0.2593
    OK ch=1 v=0.2814
    OK ch=3 v=0.2283
    OK ch=5 v=0.1973
    OK ch=7 v=0.2387
    OK ch=1 v=0.3121
    OK ch=3 v=0.2090
    OK ch=5 v=0.1875
    OK ch=7 v=0.2079
    OK ch=1 v=0.3190
    OK ch=3 v=0.1873
    OK ch=5 v=0.1840
    OK ch=1 v=0.2947
    OK ch=3 v=0.1712
    OK ch=5 v=0.1846
    OK ch=7 v=0.2107
    OK ch=1 v=0.3246
    OK ch=3 v=0.1735
    OK ch=5 v=0.1857
    OK ch=7 v=0.1981
    OK ch=1 v=0.2985
    OK ch=3 v=0.1785
    OK ch=5 v=0.1837
    OK ch=7 v=0.2195
    OK ch=1 v=0.2796
    OK ch=3 v=0.1998
    OK ch=5 v=0.1933
    OK ch=7 v=0.2527
    OK ch=1 v=0.2224
    OK ch=3 v=0.2161
    OK ch=5 v=0.2055
    OK ch=7 v=0.2810
    OK ch=1 v=0.2134
    OK ch=3 v=0.2501
    OK ch=5 v=0.2126
    OK ch=7 v=0.3050
    OK ch=1 v=0.1948
    OK ch=3 v=0.2814
    OK ch=5 v=0.2335
    OK ch=7 v=0.3186
    OK ch=1 v=0.2102
    OK ch=3 v=0.2888
    OK ch=5 v=0.2461
    OK ch=7 v=0.3140
    OK ch=1 v=0.2331
    OK ch=3 v=0.2854
    OK ch=5 v=0.2491
    OK ch=7 v=0.2998
    OK ch=1 v=0.2178
    OK ch=3 v=0.2776
    OK ch=5 v=0.2432
    OK ch=7 v=0.2867
    OK ch=1 v=0.3006
    OK ch=3 v=0.2596
    OK ch=5 v=0.2296
    OK ch=7 v=0.2677
    OK ch=1 v=0.2775
    OK ch=3 v=0.2325
    OK ch=5 v=0.2270
    OK ch=7 v=0.2345
    OK ch=1 v=0.2993
    OK ch=3 v=0.2146
    OK ch=5 v=0.2141
    OK ch=7 v=0.2159
    OK ch=1 v=0.3390
    OK ch=3 v=0.2109
    OK ch=5 v=0.2107
    OK ch=7 v=0.2051
    OK ch=1 v=0.3237
    OK ch=3 v=0.2131
    OK ch=5 v=0.2275
    OK ch=7 v=0.1957
    OK ch=1 v=0.2993
    OK ch=3 v=0.2076
    OK ch=5 v=0.2399
    OK ch=7 v=0.1913
    OK ch=1 v=0.3085
    OK ch=3 v=0.2250
    OK ch=5 v=0.2598
    OK ch=7 v=0.1905
    OK ch=1 v=0.2825
    OK ch=3 v=0.2397
    OK ch=5 v=0.2759
    OK ch=7 v=0.2036
    OK ch=1 v=0.2795
    OK ch=3 v=0.2615
    OK ch=5 v=0.2968
    OK ch=7 v=0.2155
    OK ch=1 v=0.2678
    OK ch=3 v=0.2829
    OK ch=5 v=0.3140
    OK ch=7 v=0.2260
    OK ch=1 v=0.2500
    OK ch=3 v=0.2500
    OK ch=5 v=0.2500
    OK ch=7 v=0.2500

!! ch1 runaway/saturation -- freezing all channels, entering FAULT.

[  140.4s] FAULT       ch0:.... g=+0.0000 bp=-0.266V ratio=0.65  ch1:.... g=+0.0000 bp=+0.073V ratio=1.17  ch2:.... g=+0.0000 bp=-0.336V ratio=0.89  ch3:.... g=+0.0000 bp=+0.004V ratio=1.55

[recovered] re-engaging on the baseline already in hand -- re-faulted after only 2.1s, so the disturbance is still there and a fresh window would measure it rather than the floor (3/4 before a forced re-calibration). Gain ramps from zero.

    OK ch=1 v=0.2515
    OK ch=5 v=0.2490
    OK ch=1 v=0.2610
    OK ch=3 v=0.2465
    OK ch=5 v=0.2403
    OK ch=7 v=0.2470
    OK ch=1 v=0.2825
    OK ch=3 v=0.2417
    OK ch=5 v=0.2262
    OK ch=7 v=0.2432
    OK ch=1 v=0.2714
    OK ch=3 v=0.2393
    OK ch=5 v=0.2193
    OK ch=7 v=0.2438
    OK ch=1 v=0.2551
    OK ch=3 v=0.2351
    OK ch=5 v=0.2104
    OK ch=7 v=0.2450
    OK ch=1 v=0.2588
    OK ch=5 v=0.2020
    OK ch=7 v=0.2442
    OK ch=1 v=0.2688
    OK ch=3 v=0.2392
    OK ch=5 v=0.2054
    OK ch=7 v=0.2456
    OK ch=1 v=0.2824
    OK ch=3 v=0.2443
    OK ch=5 v=0.2148
    OK ch=7 v=0.2489
    OK ch=1 v=0.2702
    OK ch=3 v=0.2508
    OK ch=5 v=0.2325
    OK ch=7 v=0.2507
    OK ch=1 v=0.2559
    OK ch=3 v=0.2596
    OK ch=5 v=0.2441
    OK ch=7 v=0.2555
    OK ch=1 v=0.2636
    OK ch=3 v=0.2613
    OK ch=5 v=0.2504
    OK ch=7 v=0.2574
    OK ch=1 v=0.2645
    OK ch=3 v=0.2656
    OK ch=5 v=0.2636
    OK ch=1 v=0.2817
    OK ch=3 v=0.2676
    OK ch=5 v=0.2675
    OK ch=1 v=0.2552
    OK ch=3 v=0.2653
    OK ch=5 v=0.2680
    OK ch=7 v=0.2546
    OK ch=1 v=0.2694
    OK ch=5 v=0.2712
    OK ch=7 v=0.2493
    OK ch=1 v=0.2860
    OK ch=3 v=0.2619
    OK ch=5 v=0.2669
    OK ch=7 v=0.2443
    OK ch=1 v=0.2763
    OK ch=3 v=0.2540
    OK ch=5 v=0.2615
    OK ch=7 v=0.2360
    OK ch=3 v=0.2483
    OK ch=5 v=0.2555
    OK ch=7 v=0.2296
    OK ch=1 v=0.2746
    OK ch=3 v=0.2424
    OK ch=5 v=0.2511
    OK ch=7 v=0.2281
    OK ch=1 v=0.2940
    OK ch=3 v=0.2407
    OK ch=5 v=0.2548
    OK ch=7 v=0.2229
    OK ch=1 v=0.3035
    OK ch=3 v=0.2436
    OK ch=5 v=0.2584
    OK ch=1 v=0.2778
    OK ch=3 v=0.2411
    OK ch=5 v=0.2625
    OK ch=7 v=0.2244
    OK ch=1 v=0.2512
    OK ch=3 v=0.2448
    OK ch=5 v=0.2719
    OK ch=7 v=0.2297
    OK ch=1 v=0.2731
    OK ch=3 v=0.2523
    OK ch=5 v=0.2755
    OK ch=7 v=0.2339
    OK ch=1 v=0.2811
    OK ch=3 v=0.2605
    OK ch=5 v=0.2766
    OK ch=7 v=0.2398
    OK ch=1 v=0.2588
    OK ch=3 v=0.2691
    OK ch=5 v=0.2702
    OK ch=7 v=0.2495
    OK ch=1 v=0.2412
    OK ch=3 v=0.2633
    OK ch=5 v=0.2560
    OK ch=7 v=0.2606
    OK ch=1 v=0.2499
    OK ch=3 v=0.2648
    OK ch=5 v=0.2478
    OK ch=7 v=0.2659
    OK ch=1 v=0.2620
    OK ch=3 v=0.2611
    OK ch=5 v=0.2355
    OK ch=7 v=0.2640
    OK ch=1 v=0.2322
    OK ch=3 v=0.2444
    OK ch=5 v=0.2227
    OK ch=7 v=0.2610
    OK ch=1 v=0.2328
    OK ch=3 v=0.2373
    OK ch=5 v=0.2158
    OK ch=7 v=0.2586
    OK ch=1 v=0.2384
    OK ch=3 v=0.2243
    OK ch=5 v=0.2080
    OK ch=7 v=0.2559
    OK ch=1 v=0.2931
    OK ch=3 v=0.2311
    OK ch=5 v=0.2021
    OK ch=7 v=0.2508
    OK ch=1 v=0.2953
    OK ch=3 v=0.2245
    OK ch=5 v=0.1964
    OK ch=7 v=0.2514
    OK ch=1 v=0.2734
    OK ch=3 v=0.2223
    OK ch=5 v=0.1948
    OK ch=7 v=0.2495
    OK ch=1 v=0.2459
    OK ch=5 v=0.2014
    OK ch=7 v=0.2536
    OK ch=1 v=0.2573
    OK ch=3 v=0.2312
    OK ch=5 v=0.2039
    OK ch=7 v=0.2593
    OK ch=1 v=0.2374
    OK ch=3 v=0.2404
    OK ch=5 v=0.2175
    OK ch=7 v=0.2665
    OK ch=1 v=0.2228
    OK ch=3 v=0.2448
    OK ch=5 v=0.2375
    OK ch=7 v=0.2637
    OK ch=1 v=0.2416
    OK ch=3 v=0.2518
    OK ch=5 v=0.2458
    OK ch=7 v=0.2654
    OK ch=1 v=0.2261
    OK ch=3 v=0.2527
    OK ch=5 v=0.2524
    OK ch=7 v=0.2639
    OK ch=1 v=0.2393
    OK ch=3 v=0.2546
    OK ch=5 v=0.2544
    OK ch=7 v=0.2622
    OK ch=1 v=0.2741
    OK ch=3 v=0.2608
    OK ch=7 v=0.2542
    OK ch=1 v=0.2709
    OK ch=3 v=0.2517
    OK ch=5 v=0.2565
    OK ch=7 v=0.2463
    OK ch=1 v=0.2727
    OK ch=3 v=0.2454
    OK ch=5 v=0.2510
    OK ch=7 v=0.2385
    OK ch=1 v=0.2796
    OK ch=5 v=0.2494
    OK ch=7 v=0.2292
    OK ch=1 v=0.2996
    OK ch=3 v=0.2468
    OK ch=5 v=0.2503
    OK ch=7 v=0.2272
    OK ch=1 v=0.2540
    OK ch=3 v=0.2335
    OK ch=7 v=0.2277
    OK ch=1 v=0.2857
    OK ch=3 v=0.2458
    OK ch=5 v=0.2490
    OK ch=7 v=0.2266
[  145.4s] DAMPING     ch0:.... g=-0.0332 bp=-0.085V ratio=0.45  ch1:.... g=-0.0350 bp=-0.078V ratio=0.75  ch2:.... g=+0.0120 bp=+0.021V ratio=0.73  ch3:.... g=-0.0350 bp=+0.015V ratio=0.79
    OK ch=5 v=0.2516
    OK ch=7 v=0.2228
    OK ch=1 v=0.2876
    OK ch=3 v=0.2485
    OK ch=7 v=0.2258
    OK ch=1 v=0.2837
    OK ch=3 v=0.2572
    OK ch=5 v=0.2562
    OK ch=7 v=0.2293
    OK ch=3 v=0.2615
    OK ch=5 v=0.2612
    OK ch=7 v=0.2325
    OK ch=1 v=0.3192
    OK ch=3 v=0.2702
    OK ch=5 v=0.2588
    OK ch=7 v=0.2381
    OK ch=1 v=0.2859
    OK ch=3 v=0.2781
    OK ch=7 v=0.2441
    OK ch=1 v=0.3084
    OK ch=3 v=0.2822
    OK ch=5 v=0.2619
    OK ch=7 v=0.2458
    OK ch=1 v=0.2549
    OK ch=3 v=0.2745
    OK ch=5 v=0.2568
    OK ch=7 v=0.2519
    OK ch=1 v=0.2568
    OK ch=3 v=0.2691
    OK ch=5 v=0.2480
    OK ch=7 v=0.2485
    OK ch=1 v=0.2961
    OK ch=3 v=0.2669
    OK ch=5 v=0.2430
    OK ch=7 v=0.2509
    OK ch=1 v=0.2761
    OK ch=3 v=0.2594
    OK ch=5 v=0.2384
    OK ch=7 v=0.2495
    OK ch=1 v=0.3092
    OK ch=3 v=0.2613
    OK ch=5 v=0.2328
    OK ch=7 v=0.2477
    OK ch=1 v=0.2837
    OK ch=3 v=0.2538
    OK ch=5 v=0.2271
    OK ch=7 v=0.2452
    OK ch=1 v=0.2696
    OK ch=3 v=0.2434
    OK ch=5 v=0.2284
    OK ch=7 v=0.2446
    OK ch=1 v=0.2653
    OK ch=3 v=0.2390
    OK ch=5 v=0.2342
    OK ch=1 v=0.3003
    OK ch=3 v=0.2371
    OK ch=5 v=0.2310
    OK ch=7 v=0.2459
    OK ch=1 v=0.2459
    OK ch=3 v=0.2332
    OK ch=5 v=0.2325
    OK ch=7 v=0.2472
    OK ch=1 v=0.2732
    OK ch=3 v=0.2413
    OK ch=5 v=0.2378
    OK ch=7 v=0.2480
    OK ch=1 v=0.2346
    OK ch=3 v=0.2348
    OK ch=5 v=0.2416
    OK ch=7 v=0.2546
    OK ch=1 v=0.2135
    OK ch=3 v=0.2372
    OK ch=5 v=0.2434
    OK ch=7 v=0.2559
    OK ch=1 v=0.1983
    OK ch=3 v=0.2395
    OK ch=5 v=0.2412
    OK ch=7 v=0.2580
    OK ch=1 v=0.2096
    OK ch=3 v=0.2357
    OK ch=5 v=0.2423
    OK ch=7 v=0.2569
    OK ch=1 v=0.2331
    OK ch=3 v=0.2390
    OK ch=5 v=0.2433
    OK ch=7 v=0.2541
    OK ch=1 v=0.2662
    OK ch=3 v=0.2453
    OK ch=5 v=0.2359
    OK ch=7 v=0.2530
    OK ch=1 v=0.2492
    OK ch=3 v=0.2396
    OK ch=7 v=0.2537
    OK ch=1 v=0.2541
    OK ch=3 v=0.2352
    OK ch=5 v=0.2371
    OK ch=7 v=0.2503
    OK ch=1 v=0.2450
    OK ch=3 v=0.2337
    OK ch=5 v=0.2336
    OK ch=7 v=0.2488
    OK ch=1 v=0.2919
    OK ch=3 v=0.2492
    OK ch=7 v=0.2497
    OK ch=1 v=0.2709
    OK ch=3 v=0.2401
    OK ch=5 v=0.2322
    OK ch=7 v=0.2473
    OK ch=1 v=0.2985
    OK ch=3 v=0.2436
    OK ch=5 v=0.2339
    OK ch=1 v=0.2704
    OK ch=3 v=0.2469
    OK ch=5 v=0.2369
    OK ch=1 v=0.2459
    OK ch=1 v=0.2732
    OK ch=3 v=0.2495
    OK ch=5 v=0.2350
    OK ch=7 v=0.2466
    OK ch=1 v=0.2580
    OK ch=3 v=0.2549
    OK ch=5 v=0.2368
    OK ch=7 v=0.2457
    OK ch=1 v=0.3025
    OK ch=3 v=0.2601
    OK ch=5 v=0.2423
    OK ch=1 v=0.3095
    OK ch=7 v=0.2470
    OK ch=1 v=0.2681
    OK ch=3 v=0.2517
    OK ch=5 v=0.2448
    OK ch=7 v=0.2460
    OK ch=1 v=0.2483
    OK ch=3 v=0.2572
    OK ch=5 v=0.2470
    OK ch=7 v=0.2470
    OK ch=1 v=0.2610
    OK ch=3 v=0.2618
    OK ch=5 v=0.2446
    OK ch=1 v=0.2843
    OK ch=3 v=0.2604
    OK ch=5 v=0.2466
    OK ch=7 v=0.2431
    OK ch=1 v=0.2774
    OK ch=3 v=0.2619
    OK ch=5 v=0.2487
    OK ch=7 v=0.2423
    OK ch=1 v=0.2718
    OK ch=3 v=0.2472
    OK ch=5 v=0.2459
    OK ch=7 v=0.2438
    OK ch=1 v=0.2880
    OK ch=3 v=0.2570
    OK ch=5 v=0.2496
    OK ch=7 v=0.2430
    OK ch=1 v=0.3019
    OK ch=3 v=0.2678
    OK ch=7 v=0.2421
    OK ch=1 v=0.3025
    OK ch=3 v=0.2604
    OK ch=7 v=0.2410
    OK ch=1 v=0.2901
    OK ch=3 v=0.2610
    OK ch=5 v=0.2473
    OK ch=7 v=0.2390
    OK ch=1 v=0.2568
    OK ch=3 v=0.2460
    OK ch=5 v=0.2499
    OK ch=1 v=0.2685
    OK ch=3 v=0.2429
    OK ch=7 v=0.2382
    OK ch=1 v=0.2354
    OK ch=7 v=0.2422
    OK ch=1 v=0.2607
    OK ch=3 v=0.2527
    OK ch=5 v=0.2486
    OK ch=7 v=0.2409
    OK ch=1 v=0.2447
    OK ch=5 v=0.2438
    OK ch=7 v=0.2447
    OK ch=1 v=0.2633
    OK ch=3 v=0.2474
    OK ch=5 v=0.2443
    OK ch=7 v=0.2455
    OK ch=1 v=0.2723
    OK ch=3 v=0.2448
    OK ch=5 v=0.2467
    OK ch=7 v=0.2446
    OK ch=1 v=0.2642
    OK ch=3 v=0.2441
    OK ch=5 v=0.2428
    OK ch=7 v=0.2485
    OK ch=1 v=0.2536
    OK ch=3 v=0.2430
    OK ch=5 v=0.2396
    OK ch=7 v=0.2517
    OK ch=1 v=0.2502
    OK ch=3 v=0.2510
    OK ch=5 v=0.2379
    OK ch=7 v=0.2524
    OK ch=1 v=0.2425
    OK ch=3 v=0.2394
    OK ch=7 v=0.2545
    OK ch=1 v=0.2488
    OK ch=3 v=0.2451
    OK ch=5 v=0.2363
    OK ch=7 v=0.2516
    OK ch=1 v=0.2869
    OK ch=3 v=0.2516
    OK ch=5 v=0.2288
    OK ch=1 v=0.2629
    OK ch=3 v=0.2449
    OK ch=5 v=0.2294
    OK ch=7 v=0.2529
    OK ch=1 v=0.2798
    OK ch=3 v=0.2437
    OK ch=5 v=0.2328
    OK ch=7 v=0.2522
    OK ch=1 v=0.2350
    OK ch=3 v=0.2349
    OK ch=7 v=0.2547
    OK ch=1 v=0.2507
    OK ch=3 v=0.2415
    OK ch=5 v=0.2297
    OK ch=7 v=0.2513
    OK ch=1 v=0.2633
    OK ch=3 v=0.2476
    OK ch=5 v=0.2325
    OK ch=7 v=0.2474
    OK ch=1 v=0.2959
    OK ch=3 v=0.2547
    OK ch=5 v=0.2338
    OK ch=7 v=0.2497
    OK ch=1 v=0.2753
    OK ch=3 v=0.2461
    OK ch=5 v=0.2362
    OK ch=1 v=0.2675
    OK ch=3 v=0.2445
    OK ch=7 v=0.2524
    OK ch=1 v=0.2629
    OK ch=3 v=0.2507
    OK ch=1 v=0.2553
    OK ch=3 v=0.2451
    OK ch=5 v=0.2400
    OK ch=7 v=0.2500
    OK ch=1 v=0.2401
    OK ch=3 v=0.2473
    OK ch=5 v=0.2441
    OK ch=1 v=0.2521
    OK ch=3 v=0.2424
    OK ch=5 v=0.2435
    OK ch=7 v=0.2474
    OK ch=1 v=0.2749
    OK ch=3 v=0.2536
    OK ch=5 v=0.2418
    OK ch=7 v=0.2461
    OK ch=1 v=0.2493
    OK ch=3 v=0.2452
    OK ch=5 v=0.2462
    OK ch=7 v=0.2445
    OK ch=1 v=0.2794
    OK ch=3 v=0.2573
    OK ch=5 v=0.2452
    OK ch=3 v=0.2526
    OK ch=5 v=0.2472
    OK ch=7 v=0.2428
    OK ch=1 v=0.2882
    OK ch=3 v=0.2555
    OK ch=7 v=0.2434
    OK ch=1 v=0.2868
    OK ch=3 v=0.2545
    OK ch=1 v=0.2525
    OK ch=3 v=0.2521
    OK ch=7 v=0.2415
    OK ch=1 v=0.2693
    OK ch=3 v=0.2492
    OK ch=5 v=0.2506
    OK ch=1 v=0.2665
    OK ch=3 v=0.2507
    OK ch=5 v=0.2497
    OK ch=7 v=0.2404
    OK ch=1 v=0.2736
    OK ch=3 v=0.2539
    OK ch=5 v=0.2451
    OK ch=7 v=0.2417
    OK ch=1 v=0.2650
    OK ch=3 v=0.2504
    OK ch=5 v=0.2477
    OK ch=7 v=0.2406
    OK ch=1 v=0.2947
    OK ch=3 v=0.2548
    OK ch=5 v=0.2492
    OK ch=7 v=0.2443
    OK ch=1 v=0.2556
    OK ch=3 v=0.2476
    OK ch=5 v=0.2449
    OK ch=7 v=0.2453
    OK ch=1 v=0.2491
    OK ch=3 v=0.2535
    OK ch=5 v=0.2426
    OK ch=7 v=0.2466
    OK ch=1 v=0.2724
    OK ch=3 v=0.2562
    OK ch=1 v=0.2920
    OK ch=3 v=0.2549
    OK ch=1 v=0.2926
    OK ch=3 v=0.2531
    OK ch=7 v=0.2447
    OK ch=1 v=0.2783
    OK ch=3 v=0.2568
    OK ch=5 v=0.2396
    OK ch=7 v=0.2463
    OK ch=1 v=0.2762
    OK ch=3 v=0.2518
    OK ch=5 v=0.2380
    OK ch=7 v=0.2485
    OK ch=1 v=0.2687
    OK ch=3 v=0.2459
    OK ch=5 v=0.2418
    OK ch=7 v=0.2475
    OK ch=1 v=0.2339
    OK ch=5 v=0.2401
    OK ch=7 v=0.2510
    OK ch=1 v=0.2316
    OK ch=3 v=0.2485
    OK ch=5 v=0.2372
    OK ch=7 v=0.2470
    OK ch=1 v=0.2901
    OK ch=3 v=0.2480
    OK ch=1 v=0.2763
    OK ch=3 v=0.2456
    OK ch=7 v=0.2499
    OK ch=1 v=0.2734
    OK ch=3 v=0.2444
    OK ch=5 v=0.2387
    OK ch=7 v=0.2512
    OK ch=1 v=0.2581
    OK ch=3 v=0.2422
    OK ch=7 v=0.2490
    OK ch=1 v=0.2490
    OK ch=3 v=0.2415
    OK ch=5 v=0.2358
    OK ch=1 v=0.2698
    OK ch=3 v=0.2486
    OK ch=5 v=0.2377
    OK ch=7 v=0.2497
    OK ch=1 v=0.2664
    OK ch=3 v=0.2494
    OK ch=5 v=0.2414
    OK ch=1 v=0.2813
    OK ch=3 v=0.2473
    OK ch=5 v=0.2392
    OK ch=7 v=0.2515
    OK ch=1 v=0.2608
    OK ch=3 v=0.2465
    OK ch=7 v=0.2524
    OK ch=1 v=0.2379
    OK ch=3 v=0.2436
    OK ch=5 v=0.2404
    OK ch=7 v=0.2473
    OK ch=1 v=0.2507
    OK ch=5 v=0.2383
    OK ch=7 v=0.2491
    OK ch=1 v=0.2556
    OK ch=3 v=0.2422
    OK ch=5 v=0.2397
    OK ch=7 v=0.2499
    OK ch=1 v=0.2510
    OK ch=3 v=0.2448
    OK ch=5 v=0.2409
    OK ch=7 v=0.2453
    OK ch=1 v=0.2579
    OK ch=5 v=0.2382
    OK ch=1 v=0.2786
    OK ch=3 v=0.2507
    OK ch=5 v=0.2404
    OK ch=7 v=0.2462
    OK ch=1 v=0.2829
    OK ch=3 v=0.2494
    OK ch=5 v=0.2428
    OK ch=7 v=0.2469
    OK ch=1 v=0.2656
    OK ch=3 v=0.2437
    OK ch=5 v=0.2413
    OK ch=1 v=0.2688
    OK ch=3 v=0.2555
    OK ch=7 v=0.2493
    OK ch=1 v=0.2738
    OK ch=3 v=0.2532
    OK ch=5 v=0.2422
    OK ch=7 v=0.2467
    OK ch=1 v=0.2806
    OK ch=5 v=0.2413
    OK ch=7 v=0.2484
    OK ch=1 v=0.2575
    OK ch=3 v=0.2518
    OK ch=5 v=0.2436
    OK ch=7 v=0.2459
    OK ch=1 v=0.2746
    OK ch=3 v=0.2589
    OK ch=5 v=0.2430
    OK ch=1 v=0.2659
    OK ch=3 v=0.2539
    OK ch=5 v=0.2421
    OK ch=1 v=0.2540
    OK ch=3 v=0.2452
    OK ch=5 v=0.2434
    OK ch=7 v=0.2438
    OK ch=1 v=0.2938
    OK ch=3 v=0.2536
    OK ch=5 v=0.2444
    OK ch=7 v=0.2457
    OK ch=1 v=0.2633
    OK ch=3 v=0.2512
    OK ch=5 v=0.2412
    OK ch=7 v=0.2465
    OK ch=1 v=0.2683
    OK ch=3 v=0.2567
    OK ch=5 v=0.2429
    OK ch=7 v=0.2447
    OK ch=1 v=0.2739
    OK ch=3 v=0.2524
    OK ch=5 v=0.2460
    OK ch=7 v=0.2418
    OK ch=1 v=0.2658
    OK ch=3 v=0.2466
    OK ch=5 v=0.2444
    OK ch=7 v=0.2445
    OK ch=1 v=0.2744
    OK ch=3 v=0.2496
    OK ch=5 v=0.2438
    OK ch=7 v=0.2474
    OK ch=1 v=0.2794
    OK ch=3 v=0.2567
    OK ch=5 v=0.2431
    OK ch=1 v=0.2677
    OK ch=3 v=0.2425
    OK ch=5 v=0.2448
    OK ch=7 v=0.2446
    OK ch=1 v=0.2670
    OK ch=3 v=0.2515
    OK ch=5 v=0.2456
    OK ch=3 v=0.2549
    OK ch=5 v=0.2422
    OK ch=7 v=0.2472
    OK ch=1 v=0.2687
    OK ch=3 v=0.2491
    OK ch=5 v=0.2403
    OK ch=7 v=0.2490
    OK ch=1 v=0.2698
    OK ch=3 v=0.2508
    OK ch=5 v=0.2427
    OK ch=7 v=0.2479
[  150.4s] DAMPING     ch0:.... g=-0.0300 bp=+0.057V ratio=0.16  ch1:.... g=-0.0300 bp=+0.026V ratio=0.20  ch2:.... g=+0.0100 bp=-0.052V ratio=0.10  ch3:.... g=-0.0300 bp=-0.011V ratio=0.12
    OK ch=1 v=0.2413
    OK ch=3 v=0.2433
    OK ch=7 v=0.2464
    OK ch=1 v=0.2669
    OK ch=3 v=0.2481
    OK ch=5 v=0.2393
    OK ch=7 v=0.2476
    OK ch=1 v=0.2550
    OK ch=3 v=0.2460
    OK ch=7 v=0.2455
    OK ch=1 v=0.2512
    OK ch=3 v=0.2428
    OK ch=5 v=0.2388
    OK ch=7 v=0.2481
    OK ch=1 v=0.2537
    OK ch=5 v=0.2405
    OK ch=7 v=0.2473
    OK ch=1 v=0.2665
    OK ch=3 v=0.2498
    OK ch=5 v=0.2400
    OK ch=1 v=0.2606
    OK ch=3 v=0.2443
    OK ch=5 v=0.2379
    OK ch=7 v=0.2484
    OK ch=1 v=0.2491
    OK ch=3 v=0.2484
    OK ch=7 v=0.2518
    OK ch=1 v=0.2944
    OK ch=3 v=0.2568
    OK ch=5 v=0.2406
    OK ch=7 v=0.2499
    OK ch=1 v=0.2986
    OK ch=3 v=0.2514
    OK ch=5 v=0.2368
    OK ch=7 v=0.2507
    OK ch=1 v=0.2515
    OK ch=3 v=0.2450
    OK ch=5 v=0.2396
    OK ch=7 v=0.2494
    OK ch=1 v=0.2420
    OK ch=3 v=0.2442
    OK ch=1 v=0.2735
    OK ch=3 v=0.2451
    OK ch=5 v=0.2385
    OK ch=7 v=0.2487
    OK ch=1 v=0.2435
    OK ch=3 v=0.2367
    OK ch=5 v=0.2401
    OK ch=7 v=0.2454
    OK ch=1 v=0.2662
    OK ch=3 v=0.2480
    OK ch=5 v=0.2373
    OK ch=7 v=0.2487
    OK ch=1 v=0.2948
    OK ch=3 v=0.2558
    OK ch=5 v=0.2386
    OK ch=1 v=0.2807
    OK ch=3 v=0.2534
    OK ch=5 v=0.2412
    OK ch=7 v=0.2468
    OK ch=1 v=0.2324
    OK ch=3 v=0.2434
    OK ch=7 v=0.2486
    OK ch=1 v=0.2693
    OK ch=3 v=0.2494
    OK ch=5 v=0.2395
    OK ch=7 v=0.2472
    OK ch=1 v=0.2714
    OK ch=3 v=0.2486
    OK ch=5 v=0.2405
    OK ch=7 v=0.2443
    OK ch=1 v=0.2692
    OK ch=3 v=0.2501
    OK ch=5 v=0.2435
    OK ch=7 v=0.2493
    OK ch=1 v=0.2865
    OK ch=3 v=0.2561
    OK ch=7 v=0.2458
    OK ch=1 v=0.2770
    OK ch=3 v=0.2530
    OK ch=5 v=0.2430
    OK ch=7 v=0.2466
    OK ch=1 v=0.2553
    OK ch=3 v=0.2485
    OK ch=7 v=0.2481
    OK ch=1 v=0.2504
    OK ch=3 v=0.2490
    OK ch=5 v=0.2465
    OK ch=7 v=0.2444
    OK ch=1 v=0.2514
    OK ch=5 v=0.2455
    OK ch=7 v=0.2433
    OK ch=1 v=0.2501
    OK ch=5 v=0.2430
    OK ch=7 v=0.2441
    OK ch=1 v=0.2583
    OK ch=3 v=0.2480
    OK ch=7 v=0.2452
    OK ch=1 v=0.2776
    OK ch=3 v=0.2564
    OK ch=7 v=0.2437
    OK ch=1 v=0.2657
    OK ch=3 v=0.2542
    OK ch=7 v=0.2468
    OK ch=1 v=0.2955
    OK ch=3 v=0.2533
    OK ch=5 v=0.2419
    OK ch=7 v=0.2454
    OK ch=1 v=0.2775
    OK ch=5 v=0.2425
    OK ch=7 v=0.2470
    OK ch=1 v=0.2911
    OK ch=3 v=0.2523
    OK ch=1 v=0.2868
    OK ch=3 v=0.2499
    OK ch=7 v=0.2488
    OK ch=1 v=0.2551
    OK ch=3 v=0.2450
    OK ch=5 v=0.2451
    OK ch=7 v=0.2441
    OK ch=1 v=0.2806
    OK ch=3 v=0.2566
    OK ch=5 v=0.2422
    OK ch=7 v=0.2465
    OK ch=1 v=0.2538
    OK ch=3 v=0.2489
    OK ch=5 v=0.2400
    OK ch=7 v=0.2473
    OK ch=1 v=0.2929
    OK ch=3 v=0.2541
    OK ch=5 v=0.2419
    OK ch=7 v=0.2452
    OK ch=1 v=0.2618
    OK ch=3 v=0.2436
    OK ch=5 v=0.2433
    OK ch=7 v=0.2468
    OK ch=1 v=0.2497
    OK ch=5 v=0.2409
    OK ch=7 v=0.2462
    OK ch=1 v=0.2670
    OK ch=3 v=0.2460
    OK ch=5 v=0.2393
    OK ch=7 v=0.2477
    OK ch=1 v=0.2463
    OK ch=3 v=0.2420
    OK ch=7 v=0.2503
    OK ch=1 v=0.2848
    OK ch=3 v=0.2469
    OK ch=7 v=0.2488
    OK ch=1 v=0.2716
    OK ch=3 v=0.2513
    OK ch=1 v=0.2569
    OK ch=3 v=0.2475
    OK ch=5 v=0.2387
    OK ch=7 v=0.2477
    OK ch=1 v=0.2580
    OK ch=3 v=0.2491
    OK ch=5 v=0.2366
    OK ch=7 v=0.2504
    OK ch=1 v=0.2704
    OK ch=3 v=0.2565
    OK ch=5 v=0.2404
    OK ch=7 v=0.2485
    OK ch=1 v=0.2337
    OK ch=3 v=0.2437
    OK ch=5 v=0.2417
    OK ch=1 v=0.2523
    OK ch=3 v=0.2450
    OK ch=5 v=0.2381
    OK ch=1 v=0.2555
    OK ch=3 v=0.2429
    OK ch=7 v=0.2465
    OK ch=1 v=0.2804
    OK ch=3 v=0.2515
    OK ch=5 v=0.2403
    OK ch=7 v=0.2473
    OK ch=1 v=0.2880
    OK ch=3 v=0.2506
    OK ch=7 v=0.2485
    OK ch=1 v=0.2765
    OK ch=3 v=0.2514
    OK ch=5 v=0.2411
    OK ch=1 v=0.2670
    OK ch=5 v=0.2401
    OK ch=7 v=0.2477
    OK ch=1 v=0.2511
    OK ch=3 v=0.2457
    OK ch=7 v=0.2461
    OK ch=1 v=0.2811
    OK ch=3 v=0.2561
    OK ch=5 v=0.2414
    OK ch=1 v=0.2714
    OK ch=3 v=0.2449
    OK ch=5 v=0.2437
    OK ch=7 v=0.2497
    OK ch=1 v=0.2658
    OK ch=3 v=0.2402
    OK ch=5 v=0.2413
    OK ch=7 v=0.2473
    OK ch=1 v=0.2728
    OK ch=3 v=0.2555
    OK ch=7 v=0.2478
    OK ch=1 v=0.2817
    OK ch=3 v=0.2532
    OK ch=5 v=0.2428
    OK ch=7 v=0.2464
    OK ch=1 v=0.2558
    OK ch=3 v=0.2443
    OK ch=7 v=0.2439
    OK ch=1 v=0.2330
    OK ch=3 v=0.2428
    OK ch=5 v=0.2446
    OK ch=7 v=0.2455
    OK ch=1 v=0.2766
    OK ch=3 v=0.2542
    OK ch=5 v=0.2398
    OK ch=1 v=0.2748
    OK ch=3 v=0.2526
    OK ch=7 v=0.2470
    OK ch=1 v=0.2635
    OK ch=3 v=0.2536
    OK ch=5 v=0.2429
    OK ch=7 v=0.2463
    OK ch=1 v=0.2586
    OK ch=3 v=0.2498
    OK ch=5 v=0.2421
    OK ch=7 v=0.2454
    OK ch=1 v=0.2654
    OK ch=5 v=0.2409
    OK ch=7 v=0.2460
    OK ch=1 v=0.2920
    OK ch=3 v=0.2640
    OK ch=5 v=0.2440
    OK ch=7 v=0.2442
    OK ch=1 v=0.2468
    OK ch=3 v=0.2418
    OK ch=5 v=0.2446
    OK ch=7 v=0.2462
    OK ch=1 v=0.2854
    OK ch=3 v=0.2508
    OK ch=7 v=0.2493
    OK ch=1 v=0.2369
    OK ch=3 v=0.2471
    OK ch=5 v=0.2419
    OK ch=1 v=0.2498
    OK ch=3 v=0.2492
    OK ch=5 v=0.2410
    OK ch=7 v=0.2488
    OK ch=1 v=0.2788
    OK ch=3 v=0.2507
    OK ch=5 v=0.2427
    OK ch=7 v=0.2469
    OK ch=1 v=0.2804
    OK ch=3 v=0.2515
    OK ch=7 v=0.2455
    OK ch=1 v=0.2612
    OK ch=3 v=0.2473
    OK ch=5 v=0.2411
    OK ch=7 v=0.2493
    OK ch=1 v=0.2698
    OK ch=3 v=0.2491
    OK ch=5 v=0.2401
    OK ch=7 v=0.2471
    OK ch=1 v=0.2735
    OK ch=3 v=0.2505
    OK ch=5 v=0.2410
    OK ch=7 v=0.2456
    OK ch=1 v=0.2389
    OK ch=3 v=0.2397
    OK ch=7 v=0.2470
    OK ch=1 v=0.2698
    OK ch=3 v=0.2511
    OK ch=5 v=0.2395
    OK ch=7 v=0.2462
    OK ch=1 v=0.2835
    OK ch=3 v=0.2486
    OK ch=1 v=0.2779
    OK ch=3 v=0.2507
    OK ch=1 v=0.2867
    OK ch=3 v=0.2534
    OK ch=5 v=0.2420
    OK ch=7 v=0.2479
    OK ch=1 v=0.2856
    OK ch=3 v=0.2564
    OK ch=5 v=0.2415
    OK ch=7 v=0.2447
    OK ch=1 v=0.2463
    OK ch=3 v=0.2461
    OK ch=5 v=0.2408
    OK ch=7 v=0.2497
    OK ch=1 v=0.2364
    OK ch=3 v=0.2440
    OK ch=5 v=0.2423
    OK ch=7 v=0.2509
    OK ch=1 v=0.2385
    OK ch=3 v=0.2385
    OK ch=5 v=0.2417
    OK ch=7 v=0.2486
    OK ch=1 v=0.2892
    OK ch=3 v=0.2520
    OK ch=5 v=0.2371
    OK ch=7 v=0.2499
    OK ch=1 v=0.2747
    OK ch=3 v=0.2526
    OK ch=7 v=0.2490
    OK ch=1 v=0.2817
    OK ch=3 v=0.2494
    OK ch=5 v=0.2402
    OK ch=7 v=0.2470
    OK ch=1 v=0.2671
    OK ch=3 v=0.2452
    OK ch=5 v=0.2421
    OK ch=7 v=0.2452
    OK ch=1 v=0.2559
    OK ch=3 v=0.2507
    OK ch=5 v=0.2429
    OK ch=7 v=0.2466
    OK ch=3 v=0.2432
    OK ch=5 v=0.2368
    OK ch=7 v=0.2459
    OK ch=1 v=0.2977
    OK ch=3 v=0.2555
    OK ch=5 v=0.2392
    OK ch=7 v=0.2472
    OK ch=1 v=0.2420
    OK ch=3 v=0.2483
    OK ch=5 v=0.2432
    OK ch=1 v=0.2488
    OK ch=3 v=0.2413
    OK ch=5 v=0.2414
    OK ch=7 v=0.2486
    OK ch=1 v=0.2747
    OK ch=3 v=0.2530
    OK ch=5 v=0.2404
    OK ch=1 v=0.2906
    OK ch=7 v=0.2466
    OK ch=1 v=0.2646
    OK ch=3 v=0.2490
    OK ch=5 v=0.2420
    OK ch=7 v=0.2475
    OK ch=1 v=0.2496
    OK ch=5 v=0.2435
    OK ch=1 v=0.2741
    OK ch=3 v=0.2546
    OK ch=7 v=0.2463
    OK ch=1 v=0.2826
    OK ch=3 v=0.2482
    OK ch=5 v=0.2412
    OK ch=7 v=0.2472
    OK ch=1 v=0.2893
    OK ch=3 v=0.2527
    OK ch=5 v=0.2425
    OK ch=7 v=0.2462
    OK ch=1 v=0.2677
    OK ch=3 v=0.2534
    OK ch=5 v=0.2440
    OK ch=7 v=0.2440
    OK ch=1 v=0.2567
    OK ch=3 v=0.2472
    OK ch=7 v=0.2459
    OK ch=1 v=0.2497
    OK ch=3 v=0.2501
    OK ch=5 v=0.2433
    OK ch=7 v=0.2466
    OK ch=1 v=0.2689
    OK ch=3 v=0.2515
    OK ch=7 v=0.2482
    OK ch=1 v=0.2634
    OK ch=3 v=0.2486
    OK ch=5 v=0.2421
    OK ch=7 v=0.2459
    OK ch=1 v=0.2458
    OK ch=3 v=0.2573
    OK ch=7 v=0.2447
    OK ch=1 v=0.2782
    OK ch=3 v=0.2457
    OK ch=5 v=0.2397
    OK ch=7 v=0.2452
    OK ch=1 v=0.2567
    OK ch=3 v=0.2427
    OK ch=7 v=0.2461
    OK ch=1 v=0.2746
    OK ch=5 v=0.2428
    OK ch=7 v=0.2467
    OK ch=1 v=0.2532
    OK ch=3 v=0.2433
    OK ch=5 v=0.2438
    OK ch=7 v=0.2459
    OK ch=1 v=0.2739
    OK ch=3 v=0.2527
    OK ch=5 v=0.2399
    OK ch=7 v=0.2498
    OK ch=1 v=0.2801
    OK ch=3 v=0.2557
    OK ch=5 v=0.2404
    OK ch=7 v=0.2473
    OK ch=1 v=0.2821
    OK ch=3 v=0.2551
    OK ch=5 v=0.2415
    OK ch=7 v=0.2492
    OK ch=1 v=0.2520
    OK ch=3 v=0.2434
    OK ch=5 v=0.2424
    OK ch=7 v=0.2441
    OK ch=1 v=0.2757
    OK ch=3 v=0.2513
    OK ch=5 v=0.2415
    OK ch=7 v=0.2467
    OK ch=1 v=0.2613
    OK ch=3 v=0.2485
    OK ch=5 v=0.2395
    OK ch=7 v=0.2497
    OK ch=1 v=0.2498
    OK ch=3 v=0.2493
    OK ch=5 v=0.2406
    OK ch=7 v=0.2470
    OK ch=1 v=0.2723
    OK ch=3 v=0.2505
    OK ch=5 v=0.2412
    OK ch=7 v=0.2477
    OK ch=1 v=0.2857
    OK ch=3 v=0.2513
    OK ch=5 v=0.2390
    OK ch=7 v=0.2488
    OK ch=1 v=0.2529
    OK ch=3 v=0.2459
    OK ch=5 v=0.2416
    OK ch=7 v=0.2472
    OK ch=1 v=0.2476
    OK ch=3 v=0.2448
    OK ch=5 v=0.2408
    OK ch=7 v=0.2492
    OK ch=1 v=0.2605
    OK ch=3 v=0.2473
    OK ch=5 v=0.2397
    OK ch=7 v=0.2464
    OK ch=1 v=0.2758
    OK ch=3 v=0.2486
    OK ch=5 v=0.2409
    OK ch=7 v=0.2484
    OK ch=1 v=0.2558
    OK ch=3 v=0.2421
    OK ch=5 v=0.2420
    OK ch=1 v=0.2883
    OK ch=3 v=0.2477
    OK ch=7 v=0.2467
    OK ch=1 v=0.2752
    OK ch=3 v=0.2533
    OK ch=7 v=0.2487
    OK ch=1 v=0.2513
    OK ch=3 v=0.2490
    OK ch=5 v=0.2403
[  155.5s] DAMPING     ch0:LOCK g=-0.0300 bp=-0.017V ratio=0.07  ch1:.... g=-0.0300 bp=-0.009V ratio=0.08  ch2:LOCK g=+0.0100 bp=+0.011V ratio=0.03  ch3:LOCK g=-0.0300 bp=+0.008V ratio=0.05
    OK ch=1 v=0.2445
    OK ch=3 v=0.2505
    OK ch=5 v=0.2409
    OK ch=7 v=0.2482
    OK ch=1 v=0.2684
    OK ch=3 v=0.2540
    OK ch=5 v=0.2425
    OK ch=7 v=0.2487
    OK ch=1 v=0.2864
    OK ch=3 v=0.2552
    OK ch=5 v=0.2404
    OK ch=7 v=0.2458
    OK ch=1 v=0.2882
    OK ch=3 v=0.2474
    OK ch=1 v=0.2475
    OK ch=3 v=0.2438
    OK ch=5 v=0.2412
    OK ch=1 v=0.2410
    OK ch=3 v=0.2406
    OK ch=1 v=0.2852
    OK ch=3 v=0.2495
    OK ch=1 v=0.2825
    OK ch=3 v=0.2482
    OK ch=7 v=0.2476
    OK ch=1 v=0.2839
    OK ch=3 v=0.2565
    OK ch=5 v=0.2422
    OK ch=7 v=0.2460

*** LOCKED -- 12.4s after gain was applied (t=155.8s total) ***

    OK ch=1 v=0.2531
    OK ch=3 v=0.2478
    OK ch=5 v=0.2414
    OK ch=7 v=0.2448
    OK ch=1 v=0.2437
    OK ch=3 v=0.2421
    OK ch=5 v=0.2424
    OK ch=7 v=0.2467
    OK ch=1 v=0.2399
    OK ch=3 v=0.2461
    OK ch=7 v=0.2461
    OK ch=1 v=0.2698
    OK ch=3 v=0.2527
    OK ch=5 v=0.2411
    OK ch=3 v=0.2548
    OK ch=7 v=0.2479
    OK ch=1 v=0.2721
    OK ch=3 v=0.2554
    OK ch=7 v=0.2470
    OK ch=1 v=0.2789
    OK ch=3 v=0.2528
    OK ch=5 v=0.2430
    OK ch=1 v=0.2966
    OK ch=3 v=0.2510
    OK ch=5 v=0.2421
    OK ch=7 v=0.2481
    OK ch=1 v=0.2830
    OK ch=3 v=0.2565
    OK ch=5 v=0.2427
    OK ch=7 v=0.2458
    OK ch=1 v=0.2623
    OK ch=3 v=0.2475
    OK ch=5 v=0.2415
    OK ch=7 v=0.2471
    OK ch=1 v=0.2733
    OK ch=3 v=0.2498
    OK ch=5 v=0.2437
    OK ch=7 v=0.2497
    OK ch=1 v=0.2466
    OK ch=3 v=0.2463
    OK ch=5 v=0.2430
    OK ch=7 v=0.2469
    OK ch=1 v=0.2683
    OK ch=3 v=0.2489
    OK ch=5 v=0.2396
    OK ch=1 v=0.2907
    OK ch=3 v=0.2517
    OK ch=1 v=0.2759
    OK ch=3 v=0.2484
    OK ch=5 v=0.2412
    OK ch=7 v=0.2456
    OK ch=1 v=0.2356
    OK ch=3 v=0.2439
    OK ch=5 v=0.2418
    OK ch=7 v=0.2470
    OK ch=1 v=0.2530
    OK ch=3 v=0.2450
    OK ch=5 v=0.2411
    OK ch=7 v=0.2485
    OK ch=1 v=0.2730
    OK ch=3 v=0.2412
    OK ch=5 v=0.2393
    OK ch=7 v=0.2471
    OK ch=1 v=0.2906
    OK ch=3 v=0.2529
    OK ch=5 v=0.2405
    OK ch=7 v=0.2480
    OK ch=1 v=0.2778
    OK ch=3 v=0.2517
    OK ch=7 v=0.2456
    OK ch=1 v=0.2801
    OK ch=3 v=0.2580
    OK ch=5 v=0.2389
    OK ch=7 v=0.2479
    OK ch=1 v=0.2505
    OK ch=3 v=0.2437
    OK ch=5 v=0.2409
    OK ch=1 v=0.2562
    OK ch=3 v=0.2521
    OK ch=5 v=0.2415
    OK ch=7 v=0.2491
    OK ch=1 v=0.2435
    OK ch=3 v=0.2472
    OK ch=5 v=0.2429
    OK ch=7 v=0.2486
    OK ch=1 v=0.2404
    OK ch=3 v=0.2517
    OK ch=5 v=0.2413
    OK ch=7 v=0.2455
    OK ch=1 v=0.2696
    OK ch=3 v=0.2505
    OK ch=5 v=0.2385
    OK ch=7 v=0.2478
    OK ch=1 v=0.2921
    OK ch=3 v=0.2532
    OK ch=5 v=0.2398
    OK ch=7 v=0.2456
    OK ch=1 v=0.2896
    OK ch=3 v=0.2522
    OK ch=5 v=0.2414
    OK ch=7 v=0.2469
    OK ch=1 v=0.2444
    OK ch=3 v=0.2438
    OK ch=1 v=0.2531
    OK ch=3 v=0.2456
    OK ch=1 v=0.2838
    OK ch=3 v=0.2514
    OK ch=1 v=0.2931
    OK ch=3 v=0.2544
    OK ch=5 v=0.2445
    OK ch=1 v=0.2554
    OK ch=3 v=0.2491
    OK ch=5 v=0.2440
    OK ch=7 v=0.2496
    OK ch=1 v=0.2541
    OK ch=5 v=0.2447
    OK ch=7 v=0.2481
    OK ch=1 v=0.2668
    OK ch=5 v=0.2423
    OK ch=7 v=0.2451
    OK ch=1 v=0.2760
    OK ch=3 v=0.2418
    OK ch=5 v=0.2393
    OK ch=1 v=0.2350
    OK ch=3 v=0.2456
    OK ch=5 v=0.2417
    OK ch=1 v=0.2453
    OK ch=3 v=0.2405
    OK ch=5 v=0.2427
    OK ch=7 v=0.2484
    OK ch=1 v=0.2932
    OK ch=3 v=0.2565
    OK ch=5 v=0.2404
    OK ch=7 v=0.2476
    OK ch=1 v=0.2731
    OK ch=3 v=0.2477
    OK ch=5 v=0.2409
    OK ch=1 v=0.2626
    OK ch=3 v=0.2537
    OK ch=5 v=0.2424
    OK ch=7 v=0.2460
    OK ch=1 v=0.2565
    OK ch=3 v=0.2514
    OK ch=7 v=0.2472
    OK ch=1 v=0.2700
    OK ch=3 v=0.2527
    OK ch=5 v=0.2406
    OK ch=1 v=0.2678
    OK ch=3 v=0.2532
    OK ch=7 v=0.2486
    OK ch=1 v=0.2585
    OK ch=3 v=0.2425
    OK ch=7 v=0.2461
    OK ch=1 v=0.2680
    OK ch=3 v=0.2440
    OK ch=1 v=0.2725
    OK ch=3 v=0.2478
    OK ch=5 v=0.2418
    OK ch=7 v=0.2448
    OK ch=1 v=0.2777
    OK ch=3 v=0.2543
    OK ch=5 v=0.2413
    OK ch=7 v=0.2453
    OK ch=1 v=0.2466
    OK ch=3 v=0.2467
    OK ch=5 v=0.2406
    OK ch=7 v=0.2473
    OK ch=1 v=0.2829
    OK ch=3 v=0.2566
    OK ch=5 v=0.2421
    OK ch=7 v=0.2489
    OK ch=1 v=0.2894
    OK ch=3 v=0.2557
    OK ch=5 v=0.2414
    OK ch=1 v=0.2850
    OK ch=3 v=0.2511
    OK ch=5 v=0.2393
    OK ch=7 v=0.2481
    OK ch=1 v=0.2798
    OK ch=3 v=0.2490
    OK ch=5 v=0.2416
    OK ch=7 v=0.2465
    OK ch=1 v=0.2369
    OK ch=3 v=0.2414
    OK ch=1 v=0.2496
    OK ch=3 v=0.2438
    OK ch=5 v=0.2425
    OK ch=7 v=0.2500
    OK ch=1 v=0.2607
    OK ch=7 v=0.2456
    OK ch=1 v=0.2628
    OK ch=3 v=0.2524
    OK ch=5 v=0.2393
    OK ch=7 v=0.2474
    OK ch=1 v=0.2683
    OK ch=3 v=0.2471
    OK ch=7 v=0.2491
    OK ch=1 v=0.2473
    OK ch=5 v=0.2412
    OK ch=7 v=0.2464
    OK ch=1 v=0.2581
    OK ch=3 v=0.2463
    OK ch=5 v=0.2424
    OK ch=7 v=0.2459
    OK ch=1 v=0.2664
    OK ch=3 v=0.2497
    OK ch=5 v=0.2404
    OK ch=7 v=0.2474
    OK ch=1 v=0.2870
    OK ch=3 v=0.2550
    OK ch=5 v=0.2398
    OK ch=1 v=0.2673
    OK ch=3 v=0.2497
    OK ch=5 v=0.2415
    OK ch=7 v=0.2463
    OK ch=1 v=0.2747
    OK ch=3 v=0.2482
    OK ch=5 v=0.2432
    OK ch=7 v=0.2474
    OK ch=1 v=0.2624
    OK ch=3 v=0.2529
    OK ch=7 v=0.2487
    OK ch=1 v=0.2571
    OK ch=3 v=0.2504
    OK ch=5 v=0.2422
    OK ch=7 v=0.2473
    OK ch=1 v=0.2428
    OK ch=3 v=0.2481
    OK ch=5 v=0.2417
    OK ch=7 v=0.2492
    OK ch=1 v=0.2826
    OK ch=3 v=0.2492
    OK ch=5 v=0.2426
    OK ch=7 v=0.2464
    OK ch=1 v=0.2867
    OK ch=3 v=0.2540
    OK ch=5 v=0.2397
    OK ch=7 v=0.2472
    OK ch=1 v=0.2624
    OK ch=3 v=0.2484
    OK ch=5 v=0.2410
    OK ch=7 v=0.2450
    OK ch=1 v=0.2717
    OK ch=7 v=0.2465
    OK ch=1 v=0.2439
    OK ch=3 v=0.2417
    OK ch=7 v=0.2457
    OK ch=1 v=0.2727
    OK ch=3 v=0.2425
    OK ch=7 v=0.2471
    OK ch=1 v=0.2638
    OK ch=3 v=0.2483
    OK ch=5 v=0.2416
    OK ch=7 v=0.2463
    OK ch=1 v=0.2520
    OK ch=3 v=0.2432
    OK ch=5 v=0.2404
    OK ch=7 v=0.2476
    OK ch=1 v=0.2864
    OK ch=3 v=0.2563
    OK ch=5 v=0.2413
    OK ch=7 v=0.2465
    OK ch=1 v=0.2401
    OK ch=3 v=0.2481
    OK ch=5 v=0.2421
    OK ch=1 v=0.2589
    OK ch=3 v=0.2445
    OK ch=5 v=0.2407
    OK ch=7 v=0.2492
    OK ch=1 v=0.2829
    OK ch=3 v=0.2524
    OK ch=7 v=0.2479
    OK ch=1 v=0.2850
    OK ch=3 v=0.2542
    OK ch=5 v=0.2415
    OK ch=7 v=0.2486
    OK ch=1 v=0.2590
    OK ch=3 v=0.2471
    OK ch=5 v=0.2423
    OK ch=1 v=0.2746
    OK ch=3 v=0.2546
    OK ch=5 v=0.2415
    OK ch=7 v=0.2466
    OK ch=1 v=0.2532
    OK ch=3 v=0.2521
    OK ch=7 v=0.2475
    OK ch=1 v=0.2287
    OK ch=3 v=0.2495
    OK ch=5 v=0.2425
    OK ch=1 v=0.2774
    OK ch=7 v=0.2438
    OK ch=1 v=0.2566
    OK ch=3 v=0.2417
    OK ch=7 v=0.2457
    OK ch=3 v=0.2465
    OK ch=5 v=0.2391
    OK ch=7 v=0.2469
    OK ch=1 v=0.2572
    OK ch=3 v=0.2413
    OK ch=1 v=0.2880
    OK ch=3 v=0.2475
    OK ch=5 v=0.2415
    OK ch=7 v=0.2485
    OK ch=1 v=0.2764
    OK ch=3 v=0.2492
    OK ch=5 v=0.2428
    OK ch=7 v=0.2473
    OK ch=1 v=0.2617
    OK ch=7 v=0.2459
    OK ch=1 v=0.2978
    OK ch=3 v=0.2568
    OK ch=5 v=0.2407
    OK ch=7 v=0.2470
    OK ch=1 v=0.2902
    OK ch=5 v=0.2402
    OK ch=7 v=0.2487
    OK ch=1 v=0.2518
    OK ch=3 v=0.2495
    OK ch=5 v=0.2424
    OK ch=7 v=0.2497
    OK ch=1 v=0.2793
    OK ch=3 v=0.2475
    OK ch=7 v=0.2455
    OK ch=1 v=0.2745
    OK ch=3 v=0.2499
    OK ch=5 v=0.2401
    OK ch=7 v=0.2463
    OK ch=1 v=0.2385
    OK ch=3 v=0.2455
    OK ch=1 v=0.2623
    OK ch=3 v=0.2478
    OK ch=5 v=0.2417
    OK ch=7 v=0.2470
    OK ch=1 v=0.2426
    OK ch=3 v=0.2421
    OK ch=5 v=0.2408
    OK ch=7 v=0.2459
    OK ch=1 v=0.2642
    OK ch=3 v=0.2438
    OK ch=5 v=0.2403
    OK ch=1 v=0.2802
    OK ch=3 v=0.2542
    OK ch=7 v=0.2465
    OK ch=1 v=0.2676
    OK ch=5 v=0.2409
    OK ch=7 v=0.2504
    OK ch=1 v=0.2774
    OK ch=3 v=0.2532
    OK ch=5 v=0.2399
    OK ch=7 v=0.2481
    OK ch=1 v=0.2852
    OK ch=3 v=0.2549
    OK ch=7 v=0.2472
    OK ch=1 v=0.2656
    OK ch=3 v=0.2524
    OK ch=1 v=0.2514
    OK ch=3 v=0.2511
    OK ch=5 v=0.2409
    OK ch=1 v=0.2498
    OK ch=3 v=0.2475
    OK ch=5 v=0.2437
    OK ch=7 v=0.2481
    OK ch=3 v=0.2424
    OK ch=1 v=0.2472
    OK ch=3 v=0.2442
    OK ch=5 v=0.2420
    OK ch=7 v=0.2469
    OK ch=1 v=0.2903
    OK ch=3 v=0.2517
    OK ch=5 v=0.2409
    OK ch=7 v=0.2463
    OK ch=1 v=0.2747
    OK ch=3 v=0.2546
    OK ch=5 v=0.2421
    OK ch=7 v=0.2441
    OK ch=1 v=0.2755
    OK ch=3 v=0.2507
    OK ch=5 v=0.2413
    OK ch=7 v=0.2471
    OK ch=1 v=0.2776
    OK ch=3 v=0.2516
    OK ch=7 v=0.2500
    OK ch=1 v=0.2770
    OK ch=3 v=0.2450
    OK ch=7 v=0.2486
    OK ch=1 v=0.2529
    OK ch=3 v=0.2443
    OK ch=5 v=0.2422
    OK ch=7 v=0.2454
    OK ch=1 v=0.2349
    OK ch=3 v=0.2458
    OK ch=5 v=0.2427
    OK ch=7 v=0.2463
    OK ch=1 v=0.2789
    OK ch=3 v=0.2497
    OK ch=7 v=0.2456
    OK ch=1 v=0.2753
    OK ch=3 v=0.2515
    OK ch=7 v=0.2448
    OK ch=1 v=0.2587
    OK ch=3 v=0.2501
    OK ch=5 v=0.2404
    OK ch=7 v=0.2465
    OK ch=1 v=0.2758
    OK ch=3 v=0.2483
    OK ch=5 v=0.2435
    OK ch=1 v=0.2777
    OK ch=3 v=0.2541
    OK ch=5 v=0.2420
    OK ch=1 v=0.2616
    OK ch=3 v=0.2494
    OK ch=5 v=0.2414
    OK ch=1 v=0.2501
    OK ch=3 v=0.2421
    OK ch=7 v=0.2494
    OK ch=1 v=0.2598
    OK ch=3 v=0.2470
    OK ch=7 v=0.2483
    OK ch=1 v=0.2725
    OK ch=3 v=0.2513
    OK ch=7 v=0.2477
[  160.5s] DAMPING     ch0:LOCK g=-0.0300 bp=+0.010V ratio=0.09  ch1:LOCK g=-0.0300 bp=+0.000V ratio=0.06  ch2:LOCK g=+0.0100 bp=-0.012V ratio=0.02  ch3:LOCK g=-0.0300 bp=-0.002V ratio=0.03
    OK ch=1 v=0.2525
    OK ch=3 v=0.2566
    OK ch=7 v=0.2510
    OK ch=1 v=0.2441
    OK ch=3 v=0.2475
    OK ch=5 v=0.2404
    OK ch=7 v=0.2496
    OK ch=1 v=0.2841
    OK ch=3 v=0.2493
    OK ch=5 v=0.2393
    OK ch=7 v=0.2482
    OK ch=1 v=0.2413
    OK ch=3 v=0.2425
    OK ch=5 v=0.2406
    OK ch=7 v=0.2463
    OK ch=1 v=0.2788
    OK ch=3 v=0.2495
    OK ch=7 v=0.2438
    OK ch=1 v=0.2601
    OK ch=3 v=0.2485
    OK ch=5 v=0.2389
    OK ch=7 v=0.2466
    OK ch=1 v=0.2685
    OK ch=3 v=0.2509
    OK ch=7 v=0.2487
    OK ch=1 v=0.2829
    OK ch=3 v=0.2533
    OK ch=5 v=0.2405
    OK ch=7 v=0.2474
    OK ch=1 v=0.2736
    OK ch=5 v=0.2414
    OK ch=7 v=0.2493
    OK ch=1 v=0.2576
    OK ch=3 v=0.2439
    OK ch=7 v=0.2454
    OK ch=1 v=0.2897
    OK ch=3 v=0.2503
    OK ch=7 v=0.2473
    OK ch=1 v=0.2435
    OK ch=3 v=0.2431
    OK ch=5 v=0.2403
    OK ch=7 v=0.2465
    OK ch=1 v=0.2758
    OK ch=3 v=0.2518
    OK ch=5 v=0.2424
    OK ch=1 v=0.2625
    OK ch=3 v=0.2492
    OK ch=1 v=0.2739
    OK ch=3 v=0.2485
    OK ch=5 v=0.2409
    OK ch=7 v=0.2480
    OK ch=1 v=0.2551
    OK ch=3 v=0.2415
    OK ch=1 v=0.2559
    OK ch=3 v=0.2441
    OK ch=5 v=0.2425
    OK ch=7 v=0.2456
    OK ch=1 v=0.2821
    OK ch=3 v=0.2528
    OK ch=5 v=0.2431
    OK ch=7 v=0.2476
    OK ch=1 v=0.2548
    OK ch=3 v=0.2511
    OK ch=5 v=0.2424
    OK ch=7 v=0.2466
    OK ch=1 v=0.2805
    OK ch=3 v=0.2571
    OK ch=5 v=0.2411
    OK ch=7 v=0.2455
    OK ch=1 v=0.2487
    OK ch=3 v=0.2426
    OK ch=5 v=0.2421
    OK ch=7 v=0.2470
    OK ch=1 v=0.2523
    OK ch=3 v=0.2467
    OK ch=1 v=0.2486
    OK ch=3 v=0.2457
    OK ch=5 v=0.2411
    OK ch=1 v=0.2693
    OK ch=3 v=0.2463
    OK ch=5 v=0.2401
    OK ch=7 v=0.2462
    OK ch=1 v=0.2658
    OK ch=5 v=0.2409
    OK ch=7 v=0.2474
    OK ch=1 v=0.2753
    OK ch=3 v=0.2511
    OK ch=7 v=0.2452
    OK ch=1 v=0.2791
    OK ch=3 v=0.2543
    OK ch=5 v=0.2420
    OK ch=7 v=0.2488
    OK ch=1 v=0.2640
    OK ch=3 v=0.2522
    OK ch=5 v=0.2425
    OK ch=7 v=0.2468
    OK ch=1 v=0.2538
    OK ch=3 v=0.2613
    OK ch=5 v=0.2409
    OK ch=7 v=0.2477
    OK ch=1 v=0.2983
    OK ch=3 v=0.2493
    OK ch=5 v=0.2401
    OK ch=7 v=0.2489
    OK ch=1 v=0.2462
    OK ch=3 v=0.2374
    OK ch=5 v=0.2424
    OK ch=7 v=0.2461
    OK ch=1 v=0.2472
    OK ch=3 v=0.2453
    OK ch=5 v=0.2405
    OK ch=7 v=0.2448
    OK ch=1 v=0.2779
    OK ch=3 v=0.2517
    OK ch=5 v=0.2399
    OK ch=7 v=0.2466
    OK ch=1 v=0.2751
    OK ch=3 v=0.2510
    OK ch=5 v=0.2404
    OK ch=7 v=0.2460
    OK ch=1 v=0.2761
    OK ch=3 v=0.2491
    OK ch=5 v=0.2416
    OK ch=1 v=0.2926
    OK ch=3 v=0.2571
    OK ch=5 v=0.2424
    OK ch=7 v=0.2503
    OK ch=1 v=0.2808
    OK ch=3 v=0.2469
    OK ch=5 v=0.2410
    OK ch=7 v=0.2490
    OK ch=1 v=0.2527
    OK ch=3 v=0.2481
    OK ch=5 v=0.2421
    OK ch=1 v=0.2517
    OK ch=3 v=0.2438
    OK ch=5 v=0.2428
    OK ch=7 v=0.2463
    OK ch=1 v=0.2760
    OK ch=3 v=0.2563
    OK ch=5 v=0.2411
    OK ch=7 v=0.2469
    OK ch=1 v=0.2407
    OK ch=3 v=0.2444
    OK ch=1 v=0.2849
    OK ch=3 v=0.2535
    OK ch=1 v=0.2665
    OK ch=3 v=0.2466
    OK ch=7 v=0.2447
    OK ch=1 v=0.2581
    OK ch=7 v=0.2470
    OK ch=1 v=0.2659
    OK ch=3 v=0.2443
    OK ch=7 v=0.2476
    OK ch=1 v=0.2687
    OK ch=3 v=0.2487
    OK ch=5 v=0.2416
    OK ch=7 v=0.2453
    OK ch=1 v=0.2836
    OK ch=3 v=0.2570
    OK ch=5 v=0.2398
    OK ch=7 v=0.2477
    OK ch=1 v=0.2521
    OK ch=3 v=0.2442
    OK ch=5 v=0.2420
    OK ch=7 v=0.2445
    OK ch=1 v=0.2369
    OK ch=7 v=0.2483
    OK ch=1 v=0.2799
    OK ch=3 v=0.2548
    OK ch=5 v=0.2401
    OK ch=7 v=0.2512
    OK ch=1 v=0.2486
    OK ch=3 v=0.2474
    OK ch=5 v=0.2414
    OK ch=7 v=0.2485
    OK ch=1 v=0.2800
    OK ch=3 v=0.2549
    OK ch=7 v=0.2474
    OK ch=1 v=0.2860
    OK ch=3 v=0.2522
    OK ch=1 v=0.2646
    OK ch=3 v=0.2498
    OK ch=7 v=0.2482
    OK ch=1 v=0.2637
    OK ch=3 v=0.2487
    OK ch=7 v=0.2470
    OK ch=1 v=0.2714
    OK ch=3 v=0.2449
    OK ch=5 v=0.2420
    OK ch=1 v=0.2934
    OK ch=3 v=0.2546
    OK ch=5 v=0.2406
    OK ch=7 v=0.2491
    OK ch=1 v=0.2481
    OK ch=3 v=0.2458
    OK ch=5 v=0.2425
    OK ch=7 v=0.2454
    OK ch=1 v=0.2713
    OK ch=3 v=0.2523
    OK ch=5 v=0.2411
    OK ch=7 v=0.2476
    OK ch=1 v=0.2589
    OK ch=3 v=0.2443
    OK ch=7 v=0.2467
    OK ch=1 v=0.2812
    OK ch=3 v=0.2513
    OK ch=7 v=0.2454
    OK ch=1 v=0.2671
    OK ch=3 v=0.2489
    OK ch=5 v=0.2421
    OK ch=7 v=0.2468
    OK ch=1 v=0.2724
    OK ch=3 v=0.2508
    OK ch=5 v=0.2400
    OK ch=7 v=0.2484
    OK ch=1 v=0.2499
    OK ch=3 v=0.2471
    OK ch=5 v=0.2414
    OK ch=7 v=0.2447
    OK ch=1 v=0.2478
    OK ch=5 v=0.2423
    OK ch=7 v=0.2461
    OK ch=1 v=0.2563
    OK ch=3 v=0.2489
    OK ch=7 v=0.2467
    OK ch=1 v=0.2844
    OK ch=3 v=0.2543
    OK ch=1 v=0.2699
    OK ch=3 v=0.2501
    OK ch=5 v=0.2410
    OK ch=1 v=0.2468
    OK ch=3 v=0.2447
    OK ch=5 v=0.2401
    OK ch=7 v=0.2508
    OK ch=1 v=0.2543
    OK ch=3 v=0.2461
    OK ch=5 v=0.2416
    OK ch=7 v=0.2492
    OK ch=1 v=0.2897
    OK ch=3 v=0.2569
    OK ch=7 v=0.2470
    OK ch=1 v=0.2683
    OK ch=3 v=0.2518
    OK ch=7 v=0.2477
    OK ch=1 v=0.2567
    OK ch=3 v=0.2462
    OK ch=5 v=0.2411
    OK ch=1 v=0.2603
    OK ch=3 v=0.2480
    OK ch=5 v=0.2437
    OK ch=7 v=0.2451
    OK ch=1 v=0.2741
    OK ch=3 v=0.2512
    OK ch=5 v=0.2427
    OK ch=7 v=0.2462
    OK ch=1 v=0.2974
    OK ch=5 v=0.2413
    OK ch=7 v=0.2468
    OK ch=1 v=0.2965
    OK ch=3 v=0.2480
    OK ch=7 v=0.2446
    OK ch=1 v=0.2502
    OK ch=3 v=0.2487
    OK ch=1 v=0.2665
    OK ch=3 v=0.2547
    OK ch=5 v=0.2421
    OK ch=7 v=0.2476
    OK ch=1 v=0.2461
    OK ch=3 v=0.2467
    OK ch=5 v=0.2416
    OK ch=1 v=0.2439
    OK ch=3 v=0.2398
    OK ch=5 v=0.2407
    OK ch=1 v=0.2759
    OK ch=3 v=0.2502
    OK ch=5 v=0.2387
    OK ch=7 v=0.2485
    OK ch=1 v=0.2875
    OK ch=5 v=0.2393
    OK ch=1 v=0.2746
    OK ch=3 v=0.2512
    OK ch=5 v=0.2406
    OK ch=1 v=0.2545
    OK ch=3 v=0.2475
    OK ch=5 v=0.2400
    OK ch=7 v=0.2465
    OK ch=1 v=0.2208
    OK ch=3 v=0.2507
    OK ch=5 v=0.2405
    OK ch=7 v=0.2475
    OK ch=1 v=0.2739
    OK ch=5 v=0.2398
    OK ch=1 v=0.2870
    OK ch=5 v=0.2387
    OK ch=7 v=0.2451
    OK ch=1 v=0.2933
    OK ch=3 v=0.2500
    OK ch=5 v=0.2413
    OK ch=7 v=0.2472
    OK ch=1 v=0.2659
    OK ch=3 v=0.2484
    OK ch=5 v=0.2426
    OK ch=1 v=0.2695
    OK ch=3 v=0.2495
    OK ch=7 v=0.2500
    OK ch=1 v=0.2572
    OK ch=3 v=0.2508
    OK ch=5 v=0.2434
    OK ch=7 v=0.2461
    OK ch=1 v=0.2563
    OK ch=3 v=0.2459
    OK ch=5 v=0.2421
    OK ch=7 v=0.2490
    OK ch=1 v=0.2459
    OK ch=3 v=0.2496
    OK ch=7 v=0.2465
    OK ch=1 v=0.2703
    OK ch=3 v=0.2430
    OK ch=7 v=0.2473
    OK ch=1 v=0.2842
    OK ch=3 v=0.2527
    OK ch=5 v=0.2401
    OK ch=1 v=0.2783
    OK ch=3 v=0.2507
    OK ch=5 v=0.2412
    OK ch=1 v=0.2756
    OK ch=3 v=0.2533
    OK ch=5 v=0.2421
    OK ch=1 v=0.2469
    OK ch=3 v=0.2431
    OK ch=5 v=0.2407
    OK ch=7 v=0.2423
    OK ch=1 v=0.2612
    OK ch=3 v=0.2500
    OK ch=5 v=0.2399
    OK ch=7 v=0.2464
    OK ch=1 v=0.2729
    OK ch=3 v=0.2510
    OK ch=5 v=0.2416
    OK ch=7 v=0.2475
    OK ch=1 v=0.2809
    OK ch=3 v=0.2563
    OK ch=7 v=0.2465
    OK ch=1 v=0.2758
    OK ch=3 v=0.2481
    OK ch=5 v=0.2425
    OK ch=7 v=0.2477
    OK ch=1 v=0.2614
    OK ch=3 v=0.2451
    OK ch=5 v=0.2417
    OK ch=7 v=0.2443
    OK ch=1 v=0.2486
    OK ch=3 v=0.2413
    OK ch=5 v=0.2426
    OK ch=7 v=0.2483
    OK ch=1 v=0.2595
    OK ch=3 v=0.2459
    OK ch=5 v=0.2441
    OK ch=7 v=0.2463
    OK ch=1 v=0.2562
    OK ch=3 v=0.2528
    OK ch=5 v=0.2426
    OK ch=7 v=0.2487
    OK ch=1 v=0.2724
    OK ch=3 v=0.2517
    OK ch=5 v=0.2404
    OK ch=1 v=0.2537
    OK ch=3 v=0.2449
    OK ch=5 v=0.2422
    OK ch=7 v=0.2493
    OK ch=1 v=0.2823
    OK ch=3 v=0.2554
    OK ch=5 v=0.2403
    OK ch=7 v=0.2487
    OK ch=1 v=0.2840
    OK ch=3 v=0.2515
    OK ch=5 v=0.2398
    OK ch=7 v=0.2479
    OK ch=1 v=0.2556
    OK ch=3 v=0.2488
    OK ch=7 v=0.2462
    OK ch=1 v=0.2685
    OK ch=3 v=0.2447
    OK ch=5 v=0.2409
    OK ch=7 v=0.2449
    OK ch=1 v=0.2697
    OK ch=3 v=0.2488
    OK ch=5 v=0.2415
    OK ch=7 v=0.2465
    OK ch=1 v=0.2870
    OK ch=3 v=0.2543
    OK ch=5 v=0.2410
    OK ch=7 v=0.2459
    OK ch=1 v=0.2486
    OK ch=3 v=0.2453
    OK ch=7 v=0.2485
    OK ch=1 v=0.2423
    OK ch=3 v=0.2446
    OK ch=5 v=0.2420
    OK ch=7 v=0.2475
    OK ch=1 v=0.2750
    OK ch=3 v=0.2531
    OK ch=5 v=0.2403
    OK ch=7 v=0.2459
    OK ch=1 v=0.2630
    OK ch=3 v=0.2510
    OK ch=7 v=0.2472
    OK ch=1 v=0.2582
    OK ch=3 v=0.2488
    OK ch=5 v=0.2410
    OK ch=1 v=0.2644
    OK ch=5 v=0.2421
    OK ch=1 v=0.2806
    OK ch=3 v=0.2508
    OK ch=5 v=0.2415
    OK ch=1 v=0.2942
    OK ch=3 v=0.2547
    OK ch=7 v=0.2485
    OK ch=1 v=0.2707
    OK ch=3 v=0.2541
    OK ch=5 v=0.2406
    OK ch=7 v=0.2496
    OK ch=1 v=0.2685
    OK ch=3 v=0.2462
    OK ch=5 v=0.2414
    OK ch=7 v=0.2466
    OK ch=1 v=0.2727
    OK ch=3 v=0.2467
    OK ch=5 v=0.2441
    OK ch=1 v=0.2845
    OK ch=3 v=0.2475
    OK ch=5 v=0.2450
    OK ch=1 v=0.2591
    OK ch=3 v=0.2493
    OK ch=5 v=0.2427
    OK ch=1 v=0.2468
    OK ch=3 v=0.2413
    OK ch=5 v=0.2409
    OK ch=7 v=0.2480
    OK ch=1 v=0.2561
    OK ch=3 v=0.2481
    OK ch=5 v=0.2399
    OK ch=7 v=0.2457
    OK ch=1 v=0.2684
    OK ch=3 v=0.2499
    OK ch=5 v=0.2389
    OK ch=7 v=0.2481
    OK ch=1 v=0.2559
    OK ch=3 v=0.2524
    OK ch=5 v=0.2397
    OK ch=7 v=0.2471
[  165.5s] DAMPING     ch0:LOCK g=-0.0300 bp=-0.005V ratio=0.09  ch1:LOCK g=-0.0300 bp=+0.001V ratio=0.05  ch2:LOCK g=+0.0100 bp=+0.005V ratio=0.02  ch3:LOCK g=-0.0300 bp=+0.000V ratio=0.02
    OK ch=1 v=0.2642
    OK ch=3 v=0.2495
    OK ch=5 v=0.2405
    OK ch=7 v=0.2480
    OK ch=1 v=0.2737
    OK ch=3 v=0.2488
    OK ch=5 v=0.2410
    OK ch=7 v=0.2467
    OK ch=1 v=0.2878
    OK ch=3 v=0.2558
    OK ch=5 v=0.2419
    OK ch=1 v=0.2903
    OK ch=3 v=0.2541
    OK ch=7 v=0.2443
    OK ch=1 v=0.2669
    OK ch=3 v=0.2497
    OK ch=5 v=0.2431
    OK ch=7 v=0.2469
    OK ch=1 v=0.2368
    OK ch=3 v=0.2424
    OK ch=7 v=0.2477
    OK ch=1 v=0.2508
    OK ch=3 v=0.2440
    OK ch=5 v=0.2440
    OK ch=7 v=0.2465
    OK ch=3 v=0.2475
    OK ch=5 v=0.2411
    OK ch=1 v=0.2729
    OK ch=3 v=0.2497
    OK ch=5 v=0.2399
    OK ch=7 v=0.2478
    OK ch=1 v=0.2644
    OK ch=3 v=0.2515
    OK ch=5 v=0.2413
    OK ch=1 v=0.2530
    OK ch=3 v=0.2464
    OK ch=5 v=0.2422
    OK ch=1 v=0.2835
    OK ch=3 v=0.2521
    OK ch=5 v=0.2427
    OK ch=7 v=0.2452
    OK ch=1 v=0.2980
    OK ch=3 v=0.2634
    OK ch=5 v=0.2409
    OK ch=7 v=0.2488
    OK ch=1 v=0.2780
    OK ch=3 v=0.2529
    OK ch=5 v=0.2402
    OK ch=7 v=0.2465
    OK ch=1 v=0.2773
    OK ch=3 v=0.2446
    OK ch=5 v=0.2424
    OK ch=7 v=0.2451
    OK ch=1 v=0.2316
    OK ch=3 v=0.2351
    OK ch=7 v=0.2456
    OK ch=1 v=0.2543
    OK ch=3 v=0.2446
    OK ch=5 v=0.2407
    OK ch=7 v=0.2474
    OK ch=1 v=0.2499
    OK ch=3 v=0.2509
    OK ch=5 v=0.2393
    OK ch=7 v=0.2501
    OK ch=1 v=0.2718
    OK ch=3 v=0.2516
    OK ch=5 v=0.2400
    OK ch=7 v=0.2518
    OK ch=1 v=0.2728
    OK ch=3 v=0.2532
    OK ch=5 v=0.2420
    OK ch=7 v=0.2445
    OK ch=1 v=0.2697
    OK ch=3 v=0.2485
    OK ch=5 v=0.2409
    OK ch=7 v=0.2475
    OK ch=1 v=0.2528
    OK ch=3 v=0.2409
    OK ch=5 v=0.2422
    OK ch=7 v=0.2455
    OK ch=1 v=0.2617
    OK ch=3 v=0.2472
    OK ch=7 v=0.2469
    OK ch=1 v=0.2806
    OK ch=3 v=0.2515
    OK ch=5 v=0.2399
    OK ch=1 v=0.2797
    OK ch=3 v=0.2508
    OK ch=5 v=0.2392
    OK ch=7 v=0.2461
    OK ch=1 v=0.2699
    OK ch=3 v=0.2478
    OK ch=5 v=0.2406
    OK ch=7 v=0.2508
    OK ch=1 v=0.2793
    OK ch=3 v=0.2560
    OK ch=5 v=0.2418
    OK ch=7 v=0.2503
    OK ch=1 v=0.2573
    OK ch=3 v=0.2481
    OK ch=5 v=0.2406
    OK ch=7 v=0.2466
    OK ch=1 v=0.2595
    OK ch=3 v=0.2458
    OK ch=7 v=0.2460
    OK ch=1 v=0.2665
    OK ch=3 v=0.2487
    OK ch=5 v=0.2397
    OK ch=1 v=0.2478
    OK ch=3 v=0.2424
    OK ch=5 v=0.2419
    OK ch=7 v=0.2476
    OK ch=1 v=0.2662
    OK ch=3 v=0.2493
    OK ch=5 v=0.2410
    OK ch=7 v=0.2465
    OK ch=1 v=0.2792
    OK ch=3 v=0.2553
    OK ch=5 v=0.2397
    OK ch=1 v=0.2846
    OK ch=3 v=0.2545
    OK ch=5 v=0.2407
    OK ch=1 v=0.2586
    OK ch=3 v=0.2444
    OK ch=5 v=0.2425
    OK ch=7 v=0.2421
    OK ch=1 v=0.2454
    OK ch=3 v=0.2471
    OK ch=7 v=0.2475
    OK ch=1 v=0.2664
    OK ch=7 v=0.2485
    OK ch=1 v=0.2742
    OK ch=3 v=0.2499
    OK ch=5 v=0.2431
    OK ch=7 v=0.2462
    OK ch=1 v=0.2777
    OK ch=3 v=0.2530
    OK ch=5 v=0.2424
    OK ch=7 v=0.2481
    OK ch=1 v=0.2637
    OK ch=3 v=0.2557
    OK ch=5 v=0.2437
    OK ch=7 v=0.2470
    OK ch=1 v=0.2630
    OK ch=3 v=0.2433
    OK ch=5 v=0.2422
    OK ch=7 v=0.2457
    OK ch=1 v=0.2744
    OK ch=3 v=0.2477
    OK ch=5 v=0.2427
    OK ch=7 v=0.2472
    OK ch=1 v=0.2630
    OK ch=3 v=0.2467
    OK ch=5 v=0.2421
    OK ch=1 v=0.2807
    OK ch=3 v=0.2532
    OK ch=5 v=0.2403
    OK ch=1 v=0.2858
    OK ch=3 v=0.2562
    OK ch=1 v=0.2417
    OK ch=3 v=0.2441
    OK ch=5 v=0.2416
    OK ch=7 v=0.2462
    OK ch=1 v=0.2602
    OK ch=3 v=0.2495
    OK ch=5 v=0.2407
    OK ch=1 v=0.2772
    OK ch=3 v=0.2516
    OK ch=5 v=0.2401
    OK ch=1 v=0.2424
    OK ch=3 v=0.2454
    OK ch=5 v=0.2410
    OK ch=7 v=0.2467
    OK ch=1 v=0.2667
    OK ch=3 v=0.2521
    OK ch=1 v=0.2793
    OK ch=3 v=0.2470
    OK ch=5 v=0.2396
    OK ch=1 v=0.2686
    OK ch=3 v=0.2480
    OK ch=1 v=0.2435
    OK ch=3 v=0.2357
    OK ch=5 v=0.2428
    OK ch=7 v=0.2495
    OK ch=1 v=0.2540
    OK ch=3 v=0.2430
    OK ch=5 v=0.2415
    OK ch=7 v=0.2484
    OK ch=1 v=0.2839
    OK ch=3 v=0.2573
    OK ch=7 v=0.2466
    OK ch=1 v=0.2801
    OK ch=3 v=0.2579
    OK ch=7 v=0.2488
    OK ch=1 v=0.2836
    OK ch=5 v=0.2407
    OK ch=1 v=0.2695
    OK ch=3 v=0.2494
    OK ch=5 v=0.2414
    OK ch=7 v=0.2474
    OK ch=1 v=0.2556
    OK ch=3 v=0.2459
    OK ch=5 v=0.2429
    OK ch=7 v=0.2467
    OK ch=1 v=0.2542
    OK ch=3 v=0.2474
    OK ch=5 v=0.2419
    OK ch=7 v=0.2478
    OK ch=1 v=0.2686
    OK ch=3 v=0.2517
    OK ch=5 v=0.2409
    OK ch=7 v=0.2466
    OK ch=1 v=0.2531
    OK ch=3 v=0.2491
    OK ch=7 v=0.2453
    OK ch=1 v=0.2587
    OK ch=3 v=0.2438
    OK ch=5 v=0.2397
    OK ch=7 v=0.2468
    OK ch=1 v=0.2701
    OK ch=3 v=0.2467
    OK ch=5 v=0.2388
    OK ch=7 v=0.2496
    OK ch=1 v=0.2793
    OK ch=3 v=0.2516
    OK ch=5 v=0.2410
    OK ch=7 v=0.2469
    OK ch=1 v=0.2380
    OK ch=3 v=0.2412
    OK ch=5 v=0.2422
    OK ch=7 v=0.2441
    OK ch=1 v=0.2884
    OK ch=3 v=0.2503
    OK ch=5 v=0.2434
    OK ch=7 v=0.2482
    OK ch=1 v=0.2581
    OK ch=3 v=0.2495
    OK ch=5 v=0.2422
    OK ch=7 v=0.2463
    OK ch=1 v=0.2788
    OK ch=5 v=0.2416
    OK ch=1 v=0.2507
    OK ch=3 v=0.2470
    OK ch=5 v=0.2427
    OK ch=7 v=0.2488
    OK ch=3 v=0.2506
    OK ch=1 v=0.2625
    OK ch=3 v=0.2538
    OK ch=5 v=0.2417
    OK ch=1 v=0.2323
    OK ch=3 v=0.2406
    OK ch=7 v=0.2496
    OK ch=1 v=0.2765
    OK ch=3 v=0.2516
    OK ch=5 v=0.2409
    OK ch=7 v=0.2466
    OK ch=1 v=0.2557
    OK ch=3 v=0.2444
    OK ch=5 v=0.2414
    OK ch=7 v=0.2471
    OK ch=1 v=0.2960
    OK ch=3 v=0.2531
    OK ch=5 v=0.2408
    OK ch=7 v=0.2460
    OK ch=1 v=0.2677
    OK ch=3 v=0.2511
    OK ch=5 v=0.2403
    OK ch=7 v=0.2473
    OK ch=1 v=0.2608
    OK ch=1 v=0.2713
    OK ch=5 v=0.2419
    OK ch=7 v=0.2464
    OK ch=1 v=0.2705
    OK ch=3 v=0.2529
    OK ch=5 v=0.2412
    OK ch=1 v=0.2716
    OK ch=3 v=0.2523
    OK ch=7 v=0.2474
    OK ch=1 v=0.2394
    OK ch=3 v=0.2464
    OK ch=5 v=0.2418
    OK ch=1 v=0.3016
    OK ch=3 v=0.2528
    OK ch=5 v=0.2412
    OK ch=1 v=0.2498
    OK ch=3 v=0.2447
    OK ch=7 v=0.2438
    OK ch=1 v=0.2719
    OK ch=7 v=0.2450
    OK ch=1 v=0.2634
    OK ch=3 v=0.2461
    OK ch=5 v=0.2406
    OK ch=1 v=0.2804
    OK ch=3 v=0.2533
    OK ch=5 v=0.2400
    OK ch=7 v=0.2500
    OK ch=1 v=0.2863
    OK ch=3 v=0.2571
    OK ch=5 v=0.2410
    OK ch=7 v=0.2481
    OK ch=1 v=0.2785
    OK ch=3 v=0.2502
    OK ch=1 v=0.2681
    OK ch=3 v=0.2521
    OK ch=5 v=0.2422
    OK ch=1 v=0.2597
    OK ch=3 v=0.2458
    OK ch=7 v=0.2491
    OK ch=1 v=0.2755
    OK ch=3 v=0.2474
    OK ch=5 v=0.2415
    OK ch=7 v=0.2475
    OK ch=1 v=0.2429
    OK ch=3 v=0.2437
    OK ch=5 v=0.2408
    OK ch=7 v=0.2469
    OK ch=1 v=0.2438
    OK ch=3 v=0.2462
    OK ch=5 v=0.2421
    OK ch=7 v=0.2456
    OK ch=1 v=0.2697
    OK ch=3 v=0.2490
    OK ch=5 v=0.2408
    OK ch=7 v=0.2448
    OK ch=1 v=0.2249
    OK ch=3 v=0.2474
    OK ch=5 v=0.2420
    OK ch=7 v=0.2478
    OK ch=1 v=0.2719
    OK ch=3 v=0.2467
    OK ch=5 v=0.2400
    OK ch=7 v=0.2458
    OK ch=1 v=0.2898
    OK ch=3 v=0.2534
    OK ch=7 v=0.2471
    OK ch=1 v=0.2941
    OK ch=3 v=0.2500
    OK ch=5 v=0.2413
    OK ch=7 v=0.2462
    OK ch=1 v=0.2734
    OK ch=3 v=0.2489
    OK ch=5 v=0.2435
    OK ch=7 v=0.2475
    OK ch=1 v=0.2689
    OK ch=3 v=0.2500
    OK ch=5 v=0.2449
    OK ch=7 v=0.2465
    OK ch=1 v=0.2608
    OK ch=3 v=0.2488
    OK ch=5 v=0.2436
    OK ch=7 v=0.2489
    OK ch=1 v=0.2319
    OK ch=3 v=0.2533
    OK ch=5 v=0.2423
    OK ch=1 v=0.2381
    OK ch=3 v=0.2506
    OK ch=5 v=0.2416
    OK ch=7 v=0.2470
    OK ch=1 v=0.2668
    OK ch=3 v=0.2435
    OK ch=7 v=0.2455
    OK ch=1 v=0.2694
    OK ch=3 v=0.2462
    OK ch=5 v=0.2404
    OK ch=7 v=0.2444
    OK ch=1 v=0.2884
    OK ch=3 v=0.2503
    OK ch=5 v=0.2399
    OK ch=7 v=0.2452
    OK ch=1 v=0.2785
    OK ch=3 v=0.2484
    OK ch=7 v=0.2484
    OK ch=1 v=0.2670
    OK ch=5 v=0.2415
    OK ch=7 v=0.2475
    OK ch=1 v=0.2771
    OK ch=3 v=0.2499
    OK ch=5 v=0.2398
    OK ch=7 v=0.2484
    OK ch=1 v=0.2740
    OK ch=3 v=0.2558
    OK ch=5 v=0.2407
    OK ch=1 v=0.2889
    OK ch=3 v=0.2551
    OK ch=7 v=0.2455
    OK ch=1 v=0.2536
    OK ch=3 v=0.2484
    OK ch=5 v=0.2415
    OK ch=7 v=0.2476
    OK ch=1 v=0.2592
    OK ch=7 v=0.2468
    OK ch=1 v=0.2659
    OK ch=3 v=0.2504
    OK ch=5 v=0.2404
    OK ch=7 v=0.2479
    OK ch=1 v=0.2624
    OK ch=3 v=0.2460
    OK ch=5 v=0.2410
    OK ch=7 v=0.2492
    OK ch=1 v=0.2491
    OK ch=3 v=0.2428
    OK ch=5 v=0.2401
    OK ch=7 v=0.2475
    OK ch=1 v=0.2680
    OK ch=3 v=0.2458
    OK ch=5 v=0.2411
    OK ch=1 v=0.2917
    OK ch=3 v=0.2546
    OK ch=7 v=0.2469
    OK ch=1 v=0.2727
    OK ch=5 v=0.2396
    OK ch=7 v=0.2505
    OK ch=1 v=0.2407
    OK ch=3 v=0.2468
    OK ch=5 v=0.2405
    OK ch=7 v=0.2492
    OK ch=1 v=0.2860
    OK ch=3 v=0.2516
    OK ch=7 v=0.2469
    OK ch=1 v=0.2748
    OK ch=7 v=0.2452
    OK ch=1 v=0.2599
    OK ch=3 v=0.2503
    OK ch=5 v=0.2417
    OK ch=7 v=0.2428
    OK ch=1 v=0.2817
    OK ch=3 v=0.2538
    OK ch=7 v=0.2457
    OK ch=1 v=0.2596
    OK ch=3 v=0.2471
    OK ch=5 v=0.2404
    OK ch=7 v=0.2479
    OK ch=1 v=0.2675
    OK ch=3 v=0.2530
    OK ch=5 v=0.2417
    OK ch=7 v=0.2470
    OK ch=1 v=0.2575
    OK ch=3 v=0.2467
    OK ch=5 v=0.2437
    OK ch=1 v=0.2408
    OK ch=3 v=0.2412
    OK ch=5 v=0.2426
    OK ch=1 v=0.2389
    OK ch=3 v=0.2432
    OK ch=5 v=0.2419
    OK ch=7 v=0.2458
    OK ch=1 v=0.2696
    OK ch=3 v=0.2459
    OK ch=5 v=0.2414
    OK ch=7 v=0.2472
[  170.5s] DAMPING     ch0:LOCK g=-0.0300 bp=-0.017V ratio=0.11  ch1:LOCK g=-0.0300 bp=-0.009V ratio=0.06  ch2:LOCK g=+0.0100 bp=-0.001V ratio=0.02  ch3:LOCK g=-0.0300 bp=-0.001V ratio=0.03
    OK ch=1 v=0.2562
    OK ch=3 v=0.2513
    OK ch=1 v=0.2620
    OK ch=3 v=0.2472
    OK ch=5 v=0.2424
    OK ch=7 v=0.2451
    OK ch=1 v=0.2755
    OK ch=3 v=0.2514
    OK ch=5 v=0.2429
    OK ch=7 v=0.2474
    OK ch=1 v=0.2730
    OK ch=3 v=0.2480
    OK ch=5 v=0.2417
    OK ch=1 v=0.2601
    OK ch=3 v=0.2501
    OK ch=5 v=0.2432
    OK ch=1 v=0.2504
    OK ch=3 v=0.2480
    OK ch=5 v=0.2442
    OK ch=7 v=0.2451
    OK ch=1 v=0.2980
    OK ch=3 v=0.2526
    OK ch=5 v=0.2413
    OK ch=7 v=0.2476
    OK ch=1 v=0.2752
    OK ch=3 v=0.2534
    OK ch=7 v=0.2467
    OK ch=1 v=0.2692
    OK ch=7 v=0.2491
    OK ch=1 v=0.2588
    OK ch=3 v=0.2492
    OK ch=5 v=0.2419
    OK ch=7 v=0.2470
    OK ch=1 v=0.2491
    OK ch=3 v=0.2440
    OK ch=5 v=0.2412
    OK ch=7 v=0.2440
    OK ch=1 v=0.2511
    OK ch=3 v=0.2425
    OK ch=5 v=0.2418
    OK ch=7 v=0.2469
    OK ch=1 v=0.2852
    OK ch=3 v=0.2517
    OK ch=5 v=0.2404
    OK ch=7 v=0.2499
    OK ch=1 v=0.2442
    OK ch=3 v=0.2468
    OK ch=7 v=0.2483
    OK ch=1 v=0.2635
    OK ch=3 v=0.2490
    OK ch=5 v=0.2391
    OK ch=7 v=0.2476
    OK ch=1 v=0.2891
    OK ch=3 v=0.2520
    OK ch=5 v=0.2380
    OK ch=1 v=0.2758
    OK ch=3 v=0.2543
    OK ch=5 v=0.2416
    OK ch=7 v=0.2483
    OK ch=1 v=0.2828
    OK ch=5 v=0.2406
    OK ch=1 v=0.2474
    OK ch=3 v=0.2439
    OK ch=5 v=0.2420
    OK ch=7 v=0.2455
    OK ch=1 v=0.2833
    OK ch=3 v=0.2500
    OK ch=5 v=0.2404
    OK ch=7 v=0.2474
    OK ch=1 v=0.2542
    OK ch=3 v=0.2449
    OK ch=5 v=0.2413
    OK ch=7 v=0.2464
    OK ch=1 v=0.2442
    OK ch=3 v=0.2466
    OK ch=5 v=0.2422
    OK ch=7 v=0.2488
    OK ch=1 v=0.2606
    OK ch=5 v=0.2414
    OK ch=7 v=0.2463
    OK ch=1 v=0.2739
    OK ch=3 v=0.2487
    OK ch=7 v=0.2472
    OK ch=1 v=0.2766
    OK ch=3 v=0.2506
    OK ch=5 v=0.2393
    OK ch=1 v=0.2780
    OK ch=3 v=0.2568
    OK ch=7 v=0.2461
    OK ch=1 v=0.2762
    OK ch=3 v=0.2539
    OK ch=5 v=0.2414
    OK ch=7 v=0.2473
    OK ch=1 v=0.2683
    OK ch=3 v=0.2455
    OK ch=7 v=0.2463
    OK ch=1 v=0.2669
    OK ch=3 v=0.2497
    OK ch=5 v=0.2426
    OK ch=1 v=0.2816
    OK ch=3 v=0.2517
    OK ch=5 v=0.2418
    OK ch=7 v=0.2490
    OK ch=1 v=0.2455
    OK ch=3 v=0.2443
    OK ch=7 v=0.2501
    OK ch=1 v=0.2632
    OK ch=3 v=0.2490
    OK ch=7 v=0.2471
    OK ch=1 v=0.2601
    OK ch=3 v=0.2455
    OK ch=5 v=0.2425
    OK ch=7 v=0.2462
    OK ch=1 v=0.2755
    OK ch=3 v=0.2553
    OK ch=5 v=0.2414
    OK ch=7 v=0.2451
    OK ch=1 v=0.2587
    OK ch=3 v=0.2468
    OK ch=5 v=0.2430
    OK ch=1 v=0.2743
    OK ch=3 v=0.2482
    OK ch=5 v=0.2414
    OK ch=7 v=0.2461
    OK ch=1 v=0.2751
    OK ch=3 v=0.2489
    OK ch=5 v=0.2409
    OK ch=7 v=0.2467
    OK ch=1 v=0.2706
    OK ch=3 v=0.2538
    OK ch=5 v=0.2440
    OK ch=7 v=0.2458
    OK ch=1 v=0.2353
    OK ch=3 v=0.2449
    OK ch=5 v=0.2453
    OK ch=1 v=0.2713
    OK ch=3 v=0.2528
    OK ch=5 v=0.2408
    OK ch=7 v=0.2490
    OK ch=1 v=0.2406
    OK ch=3 v=0.2475
    OK ch=5 v=0.2379
    OK ch=7 v=0.2479
    OK ch=1 v=0.2758
    OK ch=3 v=0.2494
    OK ch=5 v=0.2406
    OK ch=1 v=0.2600
    OK ch=3 v=0.2473
    OK ch=7 v=0.2449
    OK ch=1 v=0.2773
    OK ch=3 v=0.2497
    OK ch=5 v=0.2422
    OK ch=7 v=0.2461
    OK ch=1 v=0.2745
    OK ch=5 v=0.2410
    OK ch=7 v=0.2480
    OK ch=1 v=0.2514
    OK ch=3 v=0.2368
    OK ch=5 v=0.2403
    OK ch=7 v=0.2493
    OK ch=1 v=0.2720
    OK ch=3 v=0.2507
    OK ch=5 v=0.2412
    OK ch=7 v=0.2478
    OK ch=1 v=0.2835
    OK ch=3 v=0.2531
    OK ch=5 v=0.2434
    OK ch=7 v=0.2460
    OK ch=1 v=0.2607
    OK ch=3 v=0.2511
    OK ch=5 v=0.2442
    OK ch=1 v=0.2434
    OK ch=3 v=0.2490
    OK ch=5 v=0.2421
    OK ch=7 v=0.2452
    OK ch=1 v=0.2672
    OK ch=5 v=0.2400
    OK ch=7 v=0.2469
    OK ch=1 v=0.2526
    OK ch=3 v=0.2474
    OK ch=5 v=0.2387
    OK ch=7 v=0.2485
    OK ch=1 v=0.2880
    OK ch=3 v=0.2525
    OK ch=5 v=0.2407
    OK ch=1 v=0.2494
    OK ch=3 v=0.2478
    OK ch=5 v=0.2413
    OK ch=1 v=0.2682
    OK ch=3 v=0.2457
    OK ch=7 v=0.2465
    OK ch=1 v=0.2690
    OK ch=3 v=0.2510
    OK ch=5 v=0.2396
    OK ch=7 v=0.2475
    OK ch=1 v=0.2742
    OK ch=3 v=0.2482
    OK ch=7 v=0.2499
    OK ch=1 v=0.2585
    OK ch=3 v=0.2432
    OK ch=5 v=0.2407
    OK ch=7 v=0.2483
    OK ch=1 v=0.2716
    OK ch=3 v=0.2548
    OK ch=5 v=0.2413
    OK ch=7 v=0.2439
    OK ch=1 v=0.2433
    OK ch=3 v=0.2458
    OK ch=5 v=0.2422
    OK ch=7 v=0.2453
    OK ch=1 v=0.2686
    OK ch=3 v=0.2524
    OK ch=5 v=0.2402
    OK ch=7 v=0.2474
    OK ch=1 v=0.2810
    OK ch=5 v=0.2391
    OK ch=7 v=0.2489
    OK ch=1 v=0.2783
    OK ch=3 v=0.2492
    OK ch=5 v=0.2409
    OK ch=1 v=0.2813
    OK ch=3 v=0.2471
    OK ch=5 v=0.2429
    OK ch=1 v=0.2597
    OK ch=5 v=0.2436
    OK ch=7 v=0.2477
    OK ch=1 v=0.2760
    OK ch=3 v=0.2441
    OK ch=5 v=0.2424
    OK ch=7 v=0.2458
    OK ch=1 v=0.2646
    OK ch=3 v=0.2487
    OK ch=5 v=0.2404
    OK ch=7 v=0.2469
    OK ch=1 v=0.2487
    OK ch=3 v=0.2476
    OK ch=7 v=0.2483
    OK ch=1 v=0.2759
    OK ch=3 v=0.2587
    OK ch=5 v=0.2426
    OK ch=1 v=0.2641
    OK ch=3 v=0.2503
    OK ch=5 v=0.2420
    OK ch=7 v=0.2466
    OK ch=1 v=0.2759
    OK ch=7 v=0.2440
    OK ch=1 v=0.2786
    OK ch=5 v=0.2407
    OK ch=1 v=0.2598
    OK ch=3 v=0.2450
    OK ch=7 v=0.2458
    OK ch=1 v=0.2672
    OK ch=3 v=0.2538
    OK ch=5 v=0.2413
    OK ch=7 v=0.2469
    OK ch=1 v=0.2661
    OK ch=3 v=0.2496
    OK ch=1 v=0.2565
    OK ch=3 v=0.2475
    OK ch=5 v=0.2421
    OK ch=7 v=0.2474
    OK ch=1 v=0.2690
    OK ch=3 v=0.2496
    OK ch=7 v=0.2462
    OK ch=1 v=0.2657
    OK ch=3 v=0.2486
    OK ch=5 v=0.2410
    OK ch=7 v=0.2487
    OK ch=1 v=0.2394
    OK ch=3 v=0.2450
    OK ch=5 v=0.2428
    OK ch=7 v=0.2464
    OK ch=1 v=0.2665
    OK ch=3 v=0.2528
    OK ch=5 v=0.2418
    OK ch=7 v=0.2486
    OK ch=1 v=0.2580
    OK ch=3 v=0.2483
    OK ch=1 v=0.2894
    OK ch=3 v=0.2557
    OK ch=5 v=0.2413
    OK ch=7 v=0.2471
    OK ch=1 v=0.2989
    OK ch=3 v=0.2502
    OK ch=7 v=0.2442
    OK ch=1 v=0.2716
    OK ch=3 v=0.2512
    OK ch=5 v=0.2419
    OK ch=7 v=0.2469
    OK ch=1 v=0.2819
    OK ch=3 v=0.2527
    OK ch=1 v=0.2658
    OK ch=3 v=0.2509
    OK ch=1 v=0.2334
    OK ch=3 v=0.2465
    OK ch=5 v=0.2435
    OK ch=7 v=0.2444
    OK ch=1 v=0.2494
    OK ch=5 v=0.2419
    OK ch=7 v=0.2493
    OK ch=1 v=0.2903
    OK ch=3 v=0.2414
    OK ch=5 v=0.2401
    OK ch=7 v=0.2460
    OK ch=1 v=0.2591
    OK ch=3 v=0.2487
    OK ch=5 v=0.2408
    OK ch=7 v=0.2480
    OK ch=1 v=0.2660
    OK ch=3 v=0.2561
    OK ch=5 v=0.2418
    OK ch=7 v=0.2492
    OK ch=1 v=0.2777
    OK ch=3 v=0.2526
    OK ch=5 v=0.2412
    OK ch=7 v=0.2463
    OK ch=1 v=0.2762
    OK ch=3 v=0.2459
    OK ch=1 v=0.2547
    OK ch=3 v=0.2476
    OK ch=3 v=0.2508
    OK ch=5 v=0.2400
    OK ch=7 v=0.2488
    OK ch=1 v=0.2617
    OK ch=3 v=0.2467
    OK ch=5 v=0.2393
    OK ch=7 v=0.2481
    OK ch=1 v=0.2496
    OK ch=3 v=0.2454
    OK ch=5 v=0.2420
    OK ch=7 v=0.2464
    OK ch=1 v=0.2604
    OK ch=3 v=0.2477
    OK ch=7 v=0.2475
    OK ch=1 v=0.2418
    OK ch=3 v=0.2415
    OK ch=5 v=0.2408
    OK ch=7 v=0.2452
    OK ch=1 v=0.2769
    OK ch=3 v=0.2523
    OK ch=5 v=0.2403
    OK ch=7 v=0.2477
    OK ch=1 v=0.2736
    OK ch=1 v=0.2626
    OK ch=3 v=0.2490
    OK ch=5 v=0.2413
    OK ch=7 v=0.2490
    OK ch=1 v=0.2876
    OK ch=3 v=0.2530
    OK ch=5 v=0.2402
    OK ch=7 v=0.2466
    OK ch=1 v=0.2473
    OK ch=3 v=0.2512
    OK ch=5 v=0.2412
    OK ch=7 v=0.2486
    OK ch=1 v=0.2443
    OK ch=3 v=0.2442
    OK ch=5 v=0.2427
    OK ch=7 v=0.2473
    OK ch=1 v=0.2627
    OK ch=3 v=0.2424
    OK ch=5 v=0.2412
    OK ch=7 v=0.2481
    OK ch=1 v=0.2658
    OK ch=3 v=0.2458
    OK ch=5 v=0.2403
    OK ch=7 v=0.2467
    OK ch=1 v=0.2950
    OK ch=3 v=0.2560
    OK ch=5 v=0.2418
    OK ch=1 v=0.2707
    OK ch=3 v=0.2477
    OK ch=5 v=0.2426
    OK ch=7 v=0.2443
    OK ch=1 v=0.2772
    OK ch=3 v=0.2499
    OK ch=5 v=0.2416
    OK ch=7 v=0.2460
    OK ch=1 v=0.2671
    OK ch=3 v=0.2478
    OK ch=7 v=0.2467
    OK ch=1 v=0.2634
    OK ch=3 v=0.2502
    OK ch=5 v=0.2430
    OK ch=7 v=0.2482
    OK ch=1 v=0.2388
    OK ch=3 v=0.2494
    OK ch=7 v=0.2471
    OK ch=1 v=0.2424
    OK ch=3 v=0.2456
    OK ch=7 v=0.2493
    OK ch=1 v=0.2581
    OK ch=3 v=0.2507
    OK ch=5 v=0.2414
    OK ch=1 v=0.2721
    OK ch=3 v=0.2527
    OK ch=5 v=0.2402
    OK ch=7 v=0.2461
    OK ch=1 v=0.2648
    OK ch=3 v=0.2484
    OK ch=5 v=0.2422
    OK ch=7 v=0.2469
    OK ch=1 v=0.2843
    OK ch=3 v=0.2503
    OK ch=5 v=0.2408
    OK ch=1 v=0.2874
    OK ch=3 v=0.2491
    OK ch=5 v=0.2401
    OK ch=7 v=0.2459
    OK ch=1 v=0.2606
    OK ch=3 v=0.2454
    OK ch=7 v=0.2473
    OK ch=1 v=0.2546
    OK ch=5 v=0.2423
    OK ch=7 v=0.2487
    OK ch=1 v=0.2540
    OK ch=3 v=0.2506
    OK ch=1 v=0.2573
    OK ch=3 v=0.2539
    OK ch=7 v=0.2459
    OK ch=1 v=0.2651
    OK ch=3 v=0.2550
    OK ch=5 v=0.2407
    OK ch=7 v=0.2476
    OK ch=1 v=0.2527
    OK ch=3 v=0.2485
    OK ch=7 v=0.2466
    OK ch=1 v=0.2593
    OK ch=3 v=0.2462
    OK ch=7 v=0.2478
    OK ch=1 v=0.3030
    OK ch=3 v=0.2488
    OK ch=5 v=0.2399
    OK ch=7 v=0.2466
    OK ch=1 v=0.2835
    OK ch=5 v=0.2404
    OK ch=7 v=0.2442
    OK ch=1 v=0.2673
    OK ch=3 v=0.2474
    OK ch=5 v=0.2416
    OK ch=7 v=0.2470
    OK ch=1 v=0.2721
    OK ch=3 v=0.2549
    OK ch=5 v=0.2424
    OK ch=7 v=0.2489
    OK ch=1 v=0.2472
    OK ch=3 v=0.2460
    OK ch=5 v=0.2415
    OK ch=7 v=0.2475
[  175.5s] DAMPING     ch0:LOCK g=-0.0300 bp=-0.018V ratio=0.12  ch1:LOCK g=-0.0300 bp=-0.003V ratio=0.06  ch2:LOCK g=+0.0100 bp=+0.003V ratio=0.01  ch3:LOCK g=-0.0300 bp=+0.001V ratio=0.02
    OK ch=1 v=0.2923
    OK ch=3 v=0.2560
    OK ch=5 v=0.2407
    OK ch=1 v=0.2451
    OK ch=3 v=0.2438
    OK ch=5 v=0.2414
    OK ch=7 v=0.2482
    OK ch=1 v=0.2777
    OK ch=3 v=0.2476
    OK ch=1 v=0.2684
    OK ch=5 v=0.2402
    OK ch=7 v=0.2454
    OK ch=1 v=0.2619
    OK ch=3 v=0.2515
    OK ch=5 v=0.2408
    OK ch=7 v=0.2486
    OK ch=1 v=0.2733
    OK ch=3 v=0.2562
    OK ch=7 v=0.2464
    OK ch=1 v=0.2601
    OK ch=3 v=0.2479
    OK ch=5 v=0.2401
    OK ch=7 v=0.2474
    OK ch=1 v=0.2448
    OK ch=3 v=0.2427
    OK ch=5 v=0.2418
    OK ch=7 v=0.2452
    OK ch=1 v=0.2777
    OK ch=3 v=0.2533
    OK ch=7 v=0.2466
    OK ch=1 v=0.2487
    OK ch=3 v=0.2494
    OK ch=7 v=0.2483
    OK ch=1 v=0.2642
    OK ch=3 v=0.2447
    OK ch=5 v=0.2425
    OK ch=1 v=0.2511
    OK ch=3 v=0.2436
    OK ch=5 v=0.2416
    OK ch=7 v=0.2468
    OK ch=1 v=0.2751
    OK ch=3 v=0.2480
    OK ch=7 v=0.2432
    OK ch=1 v=0.2840
    OK ch=3 v=0.2540
    OK ch=5 v=0.2423
    OK ch=7 v=0.2486
    OK ch=1 v=0.2507
    OK ch=3 v=0.2593
    OK ch=5 v=0.2432
    OK ch=7 v=0.2470
    OK ch=1 v=0.2739
    OK ch=3 v=0.2506
    OK ch=5 v=0.2425
    OK ch=1 v=0.2477
    OK ch=3 v=0.2448
    OK ch=7 v=0.2481
    OK ch=1 v=0.2690
    OK ch=3 v=0.2431
    OK ch=5 v=0.2408
    OK ch=1 v=0.2823
    OK ch=3 v=0.2445
    OK ch=7 v=0.2467
    OK ch=1 v=0.2799
    OK ch=3 v=0.2509
    OK ch=5 v=0.2419
    OK ch=7 v=0.2453
    OK ch=1 v=0.2661
    OK ch=3 v=0.2485
    OK ch=5 v=0.2426
    OK ch=7 v=0.2445
    OK ch=1 v=0.2691
    OK ch=3 v=0.2495
    OK ch=7 v=0.2488
    OK ch=1 v=0.2855
    OK ch=3 v=0.2520
    OK ch=5 v=0.2398
    OK ch=7 v=0.2481
    OK ch=1 v=0.2647
    OK ch=3 v=0.2470
    OK ch=5 v=0.2418
    OK ch=1 v=0.2463
    OK ch=5 v=0.2407
    OK ch=7 v=0.2486
    OK ch=1 v=0.2481
    OK ch=3 v=0.2497
    OK ch=5 v=0.2400
    OK ch=7 v=0.2472
    OK ch=1 v=0.2830
    OK ch=3 v=0.2527
    OK ch=5 v=0.2391
    OK ch=7 v=0.2492
    OK ch=1 v=0.2904
    OK ch=5 v=0.2400
    OK ch=7 v=0.2476
    OK ch=1 v=0.2536
    OK ch=3 v=0.2520
    OK ch=5 v=0.2420
    OK ch=7 v=0.2483
    OK ch=1 v=0.2542
    OK ch=3 v=0.2436
    OK ch=5 v=0.2404
    OK ch=7 v=0.2457
    OK ch=1 v=0.2445
    OK ch=3 v=0.2417
    OK ch=5 v=0.2412
    OK ch=7 v=0.2468
    OK ch=1 v=0.2717
    OK ch=3 v=0.2476
    OK ch=5 v=0.2390
    OK ch=7 v=0.2483
    OK ch=1 v=0.2658
    OK ch=3 v=0.2530
    OK ch=5 v=0.2403
    OK ch=7 v=0.2469
    OK ch=1 v=0.2883
    OK ch=3 v=0.2539
    OK ch=5 v=0.2410
    OK ch=7 v=0.2455
    OK ch=1 v=0.2415
    OK ch=3 v=0.2489
    OK ch=7 v=0.2505
    OK ch=1 v=0.2526
    OK ch=3 v=0.2504
    OK ch=5 v=0.2416
    OK ch=7 v=0.2457
    OK ch=1 v=0.2757
    OK ch=3 v=0.2491
    OK ch=7 v=0.2484
    OK ch=1 v=0.2982
    OK ch=3 v=0.2536
    OK ch=5 v=0.2424
    OK ch=1 v=0.2735
    OK ch=3 v=0.2487
    OK ch=5 v=0.2411
    OK ch=7 v=0.2469
    OK ch=1 v=0.2713
    OK ch=3 v=0.2499
    OK ch=5 v=0.2434
    OK ch=1 v=0.2665
    OK ch=3 v=0.2474
    OK ch=5 v=0.2424
    OK ch=1 v=0.2672
    OK ch=3 v=0.2521
    OK ch=7 v=0.2479
    OK ch=1 v=0.2381
    OK ch=3 v=0.2427
    OK ch=7 v=0.2443
    OK ch=1 v=0.2586
    OK ch=3 v=0.2507
    OK ch=5 v=0.2414
    OK ch=7 v=0.2467
    OK ch=1 v=0.2650
    OK ch=3 v=0.2497
    OK ch=7 v=0.2427
    OK ch=1 v=0.2812
    OK ch=3 v=0.2482
    OK ch=5 v=0.2428
    OK ch=7 v=0.2456
    OK ch=1 v=0.2741
    OK ch=5 v=0.2418
    OK ch=1 v=0.2633
    OK ch=3 v=0.2495
    OK ch=5 v=0.2401
    OK ch=7 v=0.2473
    OK ch=1 v=0.2601
    OK ch=3 v=0.2545
    OK ch=5 v=0.2425
    OK ch=7 v=0.2514
    OK ch=1 v=0.2767
    OK ch=3 v=0.2500
    OK ch=7 v=0.2484
    OK ch=1 v=0.2313
    OK ch=3 v=0.2381
    OK ch=5 v=0.2432
    OK ch=7 v=0.2462
    OK ch=1 v=0.2869
    OK ch=3 v=0.2532
    OK ch=5 v=0.2394
    OK ch=7 v=0.2448
    OK ch=1 v=0.2627
    OK ch=3 v=0.2501
    OK ch=7 v=0.2477
    OK ch=1 v=0.2662
    OK ch=3 v=0.2493
    OK ch=5 v=0.2407
    OK ch=7 v=0.2470
    OK ch=1 v=0.2694
    OK ch=3 v=0.2502
    OK ch=5 v=0.2413
    OK ch=1 v=0.2656
    OK ch=3 v=0.2465
    OK ch=5 v=0.2402
    OK ch=1 v=0.2623
    OK ch=5 v=0.2410
    OK ch=1 v=0.2576
    OK ch=7 v=0.2483
    OK ch=1 v=0.2761

>>> KICK 3/3 REQUESTED at t=180.0s <<<

    OK ch=3 v=0.2555
    OK ch=5 v=0.2420
    OK ch=7 v=0.2497
    OK ch=1 v=0.2609
    OK ch=3 v=0.2496
    OK ch=5 v=0.2404
    OK ch=7 v=0.2481
    OK ch=1 v=0.2903
    OK ch=3 v=0.2542
    OK ch=5 v=0.2393
    OK ch=1 v=0.2520
    OK ch=3 v=0.2500
    OK ch=5 v=0.2398
    OK ch=1 v=0.2794
    OK ch=3 v=0.2462
    OK ch=5 v=0.2412
    OK ch=7 v=0.2466
    OK ch=1 v=0.2510
    OK ch=3 v=0.2415
    OK ch=5 v=0.2423
    OK ch=7 v=0.2474
    OK ch=1 v=0.2612
    OK ch=3 v=0.2469
    OK ch=5 v=0.2403
    OK ch=1 v=0.2383
    OK ch=3 v=0.2475
    OK ch=5 v=0.2416
    OK ch=7 v=0.2449
    OK ch=1 v=0.2826
    OK ch=3 v=0.2507
    OK ch=5 v=0.2431
    OK ch=7 v=0.2485
    OK ch=1 v=0.2845
    OK ch=5 v=0.2420
    OK ch=7 v=0.2463
    OK ch=1 v=0.2702
    OK ch=3 v=0.2494
    OK ch=5 v=0.2409
    OK ch=1 v=0.2460
    OK ch=3 v=0.2598
    OK ch=5 v=0.2434
    OK ch=7 v=0.2487
    OK ch=1 v=0.2751
    OK ch=3 v=0.2538
    OK ch=7 v=0.2476
    OK ch=1 v=0.2710
    OK ch=3 v=0.2488
    OK ch=5 v=0.2410
    OK ch=1 v=0.2841
    OK ch=3 v=0.2475
    OK ch=5 v=0.2419
    OK ch=7 v=0.2471
    OK ch=1 v=0.2561
    OK ch=3 v=0.2395
    OK ch=7 v=0.2447
    OK ch=1 v=0.2413
    OK ch=3 v=0.2454
    OK ch=5 v=0.2409
    OK ch=7 v=0.2461
    OK ch=1 v=0.2602
    OK ch=3 v=0.2530
    OK ch=7 v=0.2480
    OK ch=1 v=0.2768
    OK ch=3 v=0.2524
    OK ch=5 v=0.2416
    OK ch=7 v=0.2458
    OK ch=1 v=0.2727
    OK ch=3 v=0.2476
    OK ch=5 v=0.2410
    OK ch=7 v=0.2481
    OK ch=1 v=0.2534
    OK ch=3 v=0.2438
    OK ch=5 v=0.2404
    OK ch=7 v=0.2458
    OK ch=1 v=0.2755
    OK ch=3 v=0.2498
    OK ch=5 v=0.2413
    OK ch=7 v=0.2471
    OK ch=1 v=0.2636
    OK ch=3 v=0.2474
    OK ch=5 v=0.2421
    OK ch=1 v=0.2824
    OK ch=3 v=0.2487
    OK ch=5 v=0.2401
    OK ch=1 v=0.2875
    OK ch=3 v=0.2565
    OK ch=5 v=0.2393
    OK ch=7 v=0.2461
    OK ch=1 v=0.2400
    OK ch=3 v=0.2454
    OK ch=5 v=0.2406
    OK ch=7 v=0.2485
    OK ch=1 v=0.2684
    OK ch=3 v=0.2471
    OK ch=5 v=0.2431
    OK ch=7 v=0.2473
    OK ch=1 v=0.2729
    OK ch=3 v=0.2529
    OK ch=5 v=0.2410
    OK ch=7 v=0.2482
    OK ch=1 v=0.2771
    OK ch=3 v=0.2539
    OK ch=5 v=0.2401
    OK ch=7 v=0.2468
    OK ch=1 v=0.2562
    OK ch=3 v=0.2500
    OK ch=5 v=0.2411
    OK ch=7 v=0.2478
    OK ch=1 v=0.2709
    OK ch=3 v=0.2535
    OK ch=5 v=0.2420
    OK ch=7 v=0.2465
    OK ch=1 v=0.2453
    OK ch=3 v=0.2420
    OK ch=5 v=0.2407
    OK ch=7 v=0.2454
    OK ch=1 v=0.2498
    OK ch=3 v=0.2461
    OK ch=5 v=0.2414
    OK ch=1 v=0.2712
    OK ch=3 v=0.2477
    OK ch=5 v=0.2421
    OK ch=1 v=0.2662
    OK ch=3 v=0.2522
    OK ch=5 v=0.2414
    OK ch=7 v=0.2479
    OK ch=1 v=0.2679
    OK ch=3 v=0.2558
    OK ch=7 v=0.2496
    OK ch=1 v=0.2693
    OK ch=3 v=0.2463
    OK ch=5 v=0.2424
    OK ch=7 v=0.2457
    OK ch=1 v=0.2770
    OK ch=3 v=0.2472
    OK ch=5 v=0.2433
    OK ch=7 v=0.2464
    OK ch=1 v=0.2341
    OK ch=3 v=0.2527
    OK ch=7 v=0.2480
    OK ch=1 v=0.2651
    OK ch=3 v=0.2504
    OK ch=1 v=0.2606
    OK ch=3 v=0.2448
    OK ch=5 v=0.2414
    OK ch=7 v=0.2467
    OK ch=1 v=0.2864
    OK ch=3 v=0.2525
    OK ch=5 v=0.2407
    OK ch=1 v=0.3032
    OK ch=3 v=0.2531
    OK ch=5 v=0.2400
    OK ch=7 v=0.2478
    OK ch=1 v=0.2730
    OK ch=3 v=0.2482
    OK ch=5 v=0.2416
    OK ch=1 v=0.2601
    OK ch=3 v=0.2427
    OK ch=1 v=0.2751
    OK ch=3 v=0.2470
    OK ch=1 v=0.2575
    OK ch=3 v=0.2503
    OK ch=5 v=0.2409
    OK ch=7 v=0.2450
    OK ch=1 v=0.2822
    OK ch=5 v=0.2429
    OK ch=7 v=0.2461
    OK ch=1 v=0.2533
    OK ch=3 v=0.2436
    OK ch=5 v=0.2402
    OK ch=7 v=0.2478
    OK ch=1 v=0.2445
    OK ch=3 v=0.2383
    OK ch=5 v=0.2381
    OK ch=7 v=0.2468
    OK ch=1 v=0.2716
    OK ch=3 v=0.2554
    OK ch=1 v=0.2816
    OK ch=5 v=0.2393
    OK ch=7 v=0.2480
    OK ch=1 v=0.2784
    OK ch=3 v=0.2524
    OK ch=5 v=0.2410
    OK ch=7 v=0.2470
    OK ch=1 v=0.2729
    OK ch=3 v=0.2482
    OK ch=5 v=0.2404
    OK ch=7 v=0.2480
    OK ch=1 v=0.2539
    OK ch=3 v=0.2501
    OK ch=5 v=0.2383
    OK ch=7 v=0.2502
    OK ch=1 v=0.2717
    OK ch=3 v=0.2525
    OK ch=5 v=0.2411
    OK ch=7 v=0.2483
    OK ch=1 v=0.2496
    OK ch=3 v=0.2517
    OK ch=5 v=0.2431
    OK ch=7 v=0.2474
    OK ch=1 v=0.2770
    OK ch=5 v=0.2422
    OK ch=1 v=0.2671
    OK ch=3 v=0.2511
    OK ch=7 v=0.2458
    OK ch=1 v=0.2872
    OK ch=3 v=0.2538
    OK ch=1 v=0.2791
    OK ch=3 v=0.2477
    OK ch=7 v=0.2470
    OK ch=1 v=0.2564
    OK ch=3 v=0.2444
    OK ch=7 v=0.2475
    OK ch=1 v=0.2457
    OK ch=3 v=0.2436
    OK ch=1 v=0.2419
    OK ch=3 v=0.2478
    OK ch=5 v=0.2409
    OK ch=7 v=0.2486
    OK ch=1 v=0.2726
    OK ch=3 v=0.2522
    OK ch=7 v=0.2449
    OK ch=1 v=0.2637
    OK ch=3 v=0.2474
    OK ch=5 v=0.2386
    OK ch=7 v=0.2484
    OK ch=1 v=0.2683
    OK ch=3 v=0.2526
    OK ch=5 v=0.2321
    OK ch=7 v=0.2511
    OK ch=1 v=0.2569
    OK ch=3 v=0.2418
    OK ch=5 v=0.2512
    OK ch=7 v=0.2432
    OK ch=1 v=0.2489
    OK ch=3 v=0.2354
    OK ch=5 v=0.2685
    OK ch=7 v=0.2337
    OK ch=1 v=0.2844
    OK ch=3 v=0.2499
    OK ch=5 v=0.2501
    OK ch=7 v=0.2416
    OK ch=1 v=0.2963
    OK ch=3 v=0.2562
    OK ch=5 v=0.2312
    OK ch=7 v=0.2513
    OK ch=1 v=0.2467
    OK ch=3 v=0.2469
    OK ch=5 v=0.2410
    OK ch=7 v=0.2472
    OK ch=1 v=0.2593
    OK ch=5 v=0.2514
    OK ch=7 v=0.2455
[  180.5s] DAMPING     ch0:LOCK g=-0.0300 bp=-0.009V ratio=0.09  ch1:LOCK g=-0.0300 bp=-0.013V ratio=0.09  ch2:LOCK g=+0.0100 bp=-0.084V ratio=0.08  ch3:LOCK g=-0.0300 bp=-0.017V ratio=0.08
    OK ch=1 v=0.2734
    OK ch=3 v=0.2553
    OK ch=5 v=0.2379
    OK ch=7 v=0.2530
    OK ch=1 v=0.2812
    OK ch=3 v=0.2633
    OK ch=5 v=0.2175
    OK ch=7 v=0.2623
    OK ch=1 v=0.2887
    OK ch=3 v=0.2782
    OK ch=5 v=0.1920
    OK ch=7 v=0.2724
    OK ch=1 v=0.3381
    OK ch=3 v=0.2721
    OK ch=5 v=0.1877
    OK ch=1 v=0.2874
    OK ch=3 v=0.2535
    OK ch=5 v=0.2383
    OK ch=7 v=0.2462
    OK ch=1 v=0.1993
    OK ch=3 v=0.2100
    OK ch=5 v=0.3076
    OK ch=7 v=0.2087
    OK ch=1 v=0.1827
    OK ch=3 v=0.2131
    OK ch=5 v=0.2877
    OK ch=7 v=0.2174
    OK ch=1 v=0.2708
    OK ch=3 v=0.2681
    OK ch=5 v=0.2004
    OK ch=7 v=0.2618
    OK ch=1 v=0.3591
    OK ch=3 v=0.2933
    OK ch=5 v=0.1649
    OK ch=7 v=0.2828
    OK ch=1 v=0.2815
    OK ch=3 v=0.2566
    OK ch=5 v=0.2327
    OK ch=7 v=0.2534
    OK ch=1 v=0.1937
    OK ch=3 v=0.2019
    OK ch=5 v=0.3039
    OK ch=7 v=0.2175
    OK ch=1 v=0.1802
    OK ch=3 v=0.2170
    OK ch=5 v=0.2898
    OK ch=7 v=0.2241
    OK ch=1 v=0.2683
    OK ch=3 v=0.2693
    OK ch=5 v=0.2191
    OK ch=7 v=0.2602
    OK ch=1 v=0.3337
    OK ch=3 v=0.2856
    OK ch=5 v=0.1968
    OK ch=7 v=0.2757
    OK ch=1 v=0.2898
    OK ch=3 v=0.2584
    OK ch=5 v=0.2456
    OK ch=7 v=0.2500
    OK ch=1 v=0.2083
    OK ch=3 v=0.2251
    OK ch=5 v=0.2827
    OK ch=7 v=0.2280
    OK ch=1 v=0.2365
    OK ch=3 v=0.2368
    OK ch=5 v=0.2611
    OK ch=7 v=0.2365
    OK ch=1 v=0.2721
    OK ch=3 v=0.2592
    OK ch=5 v=0.2185
    OK ch=7 v=0.2551
    OK ch=1 v=0.2790
    OK ch=3 v=0.2564
    OK ch=5 v=0.2193
    OK ch=7 v=0.2536
    OK ch=1 v=0.2677
    OK ch=3 v=0.2422
    OK ch=5 v=0.2524
    OK ch=7 v=0.2377
    OK ch=1 v=0.2377
    OK ch=3 v=0.2324
    OK ch=5 v=0.2613
    OK ch=7 v=0.2333
    OK ch=1 v=0.2502
    OK ch=5 v=0.2473
    OK ch=7 v=0.2389
    OK ch=1 v=0.2430
    OK ch=3 v=0.2420
    OK ch=5 v=0.2397
    OK ch=7 v=0.2439
    OK ch=1 v=0.3311
    OK ch=3 v=0.3301
    OK ch=5 v=0.1516
    OK ch=7 v=0.3320
    OK ch=1 v=0.4248
    OK ch=3 v=0.4238
    OK ch=5 v=0.0833
    OK ch=7 v=0.3601
    OK ch=1 v=0.3366
    OK ch=3 v=0.3356
    OK ch=5 v=0.1714
    OK ch=7 v=0.2719
    OK ch=1 v=0.2433
    OK ch=3 v=0.2423
    OK ch=5 v=0.2648
    OK ch=7 v=0.1786
    OK ch=1 v=0.1548
    OK ch=3 v=0.1538
    OK ch=5 v=0.3533
    OK ch=7 v=0.0901
    OK ch=1 v=0.2426
    OK ch=3 v=0.2295
    OK ch=5 v=0.2654
    OK ch=7 v=0.1779
    OK ch=1 v=0.3362
    OK ch=3 v=0.3060
    OK ch=5 v=0.1718
    OK ch=7 v=0.2713
    OK ch=1 v=0.4247
    OK ch=3 v=0.3210
    OK ch=5 v=0.1421
    OK ch=7 v=0.2909
    OK ch=1 v=0.4422
    OK ch=3 v=0.3809
    OK ch=5 v=0.1471
    OK ch=7 v=0.3790
    OK ch=1 v=0.3826
    OK ch=3 v=0.4248
    OK ch=5 v=0.1142
    OK ch=7 v=0.3707
    OK ch=1 v=0.3379
    OK ch=3 v=0.4763
    OK ch=5 v=0.0625
    OK ch=7 v=0.4644
    OK ch=1 v=0.4263
    OK ch=3 v=0.5000
    OK ch=5 v=0.0000
    OK ch=7 v=0.4810
    OK ch=1 v=0.5000
    OK ch=3 v=0.4769
    OK ch=5 v=0.0155
    OK ch=7 v=0.3877
    OK ch=3 v=0.3828
    OK ch=5 v=0.1095
    OK ch=7 v=0.2937
    OK ch=3 v=0.3114
    OK ch=5 v=0.1810
    OK ch=7 v=0.2222
    OK ch=1 v=0.4286
    OK ch=3 v=0.2400
    OK ch=5 v=0.2258
    OK ch=7 v=0.1784
    OK ch=1 v=0.3406
    OK ch=3 v=0.1519
    OK ch=5 v=0.2415
    OK ch=7 v=0.1957
    OK ch=1 v=0.2523
    OK ch=3 v=0.0637
    OK ch=5 v=0.2424
    OK ch=7 v=0.1888
    OK ch=1 v=0.1590
    OK ch=3 v=0.1006
    OK ch=5 v=0.2473
    OK ch=7 v=0.1626
    OK ch=1 v=0.0704
    OK ch=3 v=0.1819
    OK ch=5 v=0.2793
    OK ch=7 v=0.1740
    OK ch=1 v=0.0000
    OK ch=3 v=0.2595
    OK ch=5 v=0.3516
    OK ch=7 v=0.2184
    OK ch=3 v=0.3013
    OK ch=5 v=0.4398
    OK ch=7 v=0.2572
    OK ch=1 v=0.0661
    OK ch=3 v=0.3674
    OK ch=5 v=0.3737
    OK ch=7 v=0.3233
    OK ch=1 v=0.1542
    OK ch=3 v=0.4556
    OK ch=5 v=0.2856
    OK ch=7 v=0.2891
    OK ch=1 v=0.2424
    OK ch=3 v=0.3674
    OK ch=5 v=0.3737
    OK ch=7 v=0.2010
    OK ch=1 v=0.1488
    OK ch=3 v=0.2739
    OK ch=5 v=0.4673
    OK ch=7 v=0.1074
    OK ch=1 v=0.0656
    OK ch=3 v=0.1906
    OK ch=5 v=0.3841
    OK ch=7 v=0.1906
    OK ch=1 v=0.0000
    OK ch=3 v=0.1661
    OK ch=5 v=0.2968
    OK ch=7 v=0.2779
    OK ch=3 v=0.2547
    OK ch=5 v=0.2081
    OK ch=7 v=0.3665
    OK ch=1 v=0.0715
    OK ch=3 v=0.3262
    OK ch=5 v=0.1367
    OK ch=7 v=0.4380
    OK ch=1 v=0.1595
    OK ch=3 v=0.3942
    OK ch=5 v=0.0657
    OK ch=7 v=0.5000
    OK ch=1 v=0.0657
    OK ch=3 v=0.4559
    OK ch=5 v=0.1595
    OK ch=7 v=0.4061
    OK ch=1 v=0.1538
    OK ch=3 v=0.5000
    OK ch=5 v=0.2476
    OK ch=7 v=0.3181
    OK ch=1 v=0.2473
    OK ch=3 v=0.4065
    OK ch=5 v=0.1541
    OK ch=7 v=0.2245
    OK ch=1 v=0.3359
    OK ch=3 v=0.3179
    OK ch=5 v=0.0655
    OK ch=7 v=0.1360
    OK ch=1 v=0.2424
    OK ch=3 v=0.2244
    OK ch=5 v=0.0599
    OK ch=7 v=0.1483
    OK ch=1 v=0.1493
    OK ch=3 v=0.1717
    OK ch=5 v=0.1530
    OK ch=7 v=0.1751
    OK ch=1 v=0.0552
    OK ch=3 v=0.2292
    OK ch=5 v=0.2471
    OK ch=7 v=0.0810
    OK ch=1 v=0.0000
    OK ch=3 v=0.2057
    OK ch=5 v=0.3351
    OK ch=7 v=0.0000
    OK ch=3 v=0.1839
    OK ch=5 v=0.2469
    OK ch=3 v=0.1346
    OK ch=5 v=0.1976
    OK ch=7 v=0.0493
    OK ch=1 v=0.0664
    OK ch=3 v=0.0682
    OK ch=5 v=0.1312
    OK ch=7 v=0.1157
    OK ch=1 v=0.1544
    OK ch=3 v=0.0000
    OK ch=5 v=0.1202
    OK ch=7 v=0.2037
    OK ch=1 v=0.2482
    OK ch=3 v=0.0938
    OK ch=5 v=0.0264
    OK ch=7 v=0.1099
    OK ch=1 v=0.3419
    OK ch=3 v=0.1875
    OK ch=5 v=0.0000
    OK ch=7 v=0.0162
    OK ch=1 v=0.2539
    OK ch=3 v=0.2754
    OK ch=5 v=0.0880
    OK ch=7 v=0.1042
    OK ch=1 v=0.3423
    OK ch=3 v=0.3639
    OK ch=5 v=0.1764
    OK ch=7 v=0.1927
    OK ch=1 v=0.4357
    OK ch=3 v=0.4573
    OK ch=5 v=0.2674
    OK ch=7 v=0.2861
    OK ch=1 v=0.3474
    OK ch=3 v=0.3690
    OK ch=5 v=0.1791
    OK ch=7 v=0.3744
    OK ch=1 v=0.4409
    OK ch=3 v=0.2756
    OK ch=5 v=0.0857
    OK ch=7 v=0.2810
    OK ch=1 v=0.3474
    OK ch=3 v=0.1822
    OK ch=5 v=0.0000
    OK ch=7 v=0.1875
    OK ch=1 v=0.4418
    OK ch=3 v=0.0878
    OK ch=5 v=0.0944
    OK ch=7 v=0.0932
    OK ch=1 v=0.5000
    OK ch=3 v=0.0000
    OK ch=5 v=0.1825
    OK ch=7 v=0.0050
    OK ch=3 v=0.0880
    OK ch=5 v=0.2705
    OK ch=7 v=0.0000
    OK ch=1 v=0.4229
    OK ch=3 v=0.1651
    OK ch=5 v=0.2215
    OK ch=7 v=0.0771
    OK ch=1 v=0.3348
    OK ch=3 v=0.2532
    OK ch=5 v=0.3095
    OK ch=7 v=0.1652
    OK ch=1 v=0.3805
    OK ch=3 v=0.2379
    OK ch=5 v=0.4029
    OK ch=7 v=0.0718
    OK ch=1 v=0.2868
    OK ch=3 v=0.2500
    OK ch=5 v=0.3092
    OK ch=7 v=0.1654

!! ch1, ch3 runaway/saturation -- freezing all channels, entering FAULT.

    OK ch=1 v=0.2500
    OK ch=5 v=0.2500
    OK ch=7 v=0.2500
[  185.5s] FAULT       ch0:.... g=+0.0000 bp=-0.317V ratio=3.57  ch1:.... g=+0.0000 bp=-0.403V ratio=5.75  ch2:.... g=+0.0000 bp=+0.514V ratio=2.44  ch3:.... g=+0.0000 bp=+0.368V ratio=6.20
    OK ch=5 v=0.2485
    OK ch=7 v=0.2494

[recovered] re-engaging on the baseline already in hand -- the previous engagement was healthy, so this baseline is known good and the fault was a transient -- measuring a new floor now would measure the ringdown (1/4 before a forced re-calibration). Gain ramps from zero.

    OK ch=1 v=0.2941
    OK ch=3 v=0.2543
    OK ch=5 v=0.2043
    OK ch=7 v=0.2468
    OK ch=1 v=0.3391
    OK ch=3 v=0.2385
    OK ch=5 v=0.2922
    OK ch=7 v=0.2280
    OK ch=1 v=0.4224
    OK ch=3 v=0.1552
    OK ch=5 v=0.2089
    OK ch=7 v=0.1447
    OK ch=1 v=0.5000
    OK ch=3 v=0.0788
    OK ch=5 v=0.1158
    OK ch=7 v=0.0933
    OK ch=1 v=0.4117
    OK ch=3 v=0.1670
    OK ch=5 v=0.0973
    OK ch=7 v=0.1816
    OK ch=1 v=0.3367
    OK ch=3 v=0.2607
    OK ch=5 v=0.1685
    OK ch=7 v=0.2753
    OK ch=1 v=0.2430
    OK ch=3 v=0.2953
    OK ch=5 v=0.2049
    OK ch=7 v=0.3690
    OK ch=1 v=0.1548
    OK ch=3 v=0.2071
    OK ch=5 v=0.2931
    OK ch=7 v=0.2808
    OK ch=1 v=0.0613
    OK ch=3 v=0.2398
    OK ch=5 v=0.3866
    OK ch=7 v=0.3743
    OK ch=1 v=0.1495
    OK ch=3 v=0.3280
    OK ch=5 v=0.4514
    OK ch=7 v=0.4131
    OK ch=1 v=0.2378
    OK ch=3 v=0.4163
    OK ch=5 v=0.3631
    OK ch=7 v=0.3249
    OK ch=1 v=0.3258
    OK ch=3 v=0.3329
    OK ch=5 v=0.2751
    OK ch=7 v=0.2368
    OK ch=1 v=0.3233
    OK ch=3 v=0.2451
    OK ch=5 v=0.1872
    OK ch=7 v=0.1489
    OK ch=1 v=0.4167
    OK ch=3 v=0.1516
    OK ch=5 v=0.0938
    OK ch=7 v=0.1278
    OK ch=1 v=0.5000
    OK ch=3 v=0.0631
    OK ch=5 v=0.0053
    OK ch=7 v=0.0393
    OK ch=1 v=0.4518
    OK ch=3 v=0.1369
    OK ch=5 v=0.0939
    OK ch=7 v=0.0000
    OK ch=1 v=0.3587
    OK ch=3 v=0.2300
    OK ch=5 v=0.1812
    OK ch=7 v=0.0931
    OK ch=1 v=0.3074
    OK ch=3 v=0.3183
    OK ch=5 v=0.2695
    OK ch=7 v=0.1815
    OK ch=1 v=0.2534
    OK ch=3 v=0.3237
    OK ch=5 v=0.3576
    OK ch=7 v=0.2695
    OK ch=1 v=0.1700
    OK ch=3 v=0.4116
    OK ch=5 v=0.4455
    OK ch=7 v=0.3574
    OK ch=1 v=0.0762
    OK ch=3 v=0.3189
    OK ch=5 v=0.5000
    OK ch=7 v=0.4512
    OK ch=1 v=0.0000
    OK ch=3 v=0.2251
    OK ch=5 v=0.4062
    OK ch=7 v=0.4788
    OK ch=3 v=0.1737
    OK ch=5 v=0.3183
    OK ch=7 v=0.3909
    OK ch=1 v=0.0720
    OK ch=3 v=0.1813
    OK ch=5 v=0.2463
    OK ch=7 v=0.3190
    OK ch=1 v=0.1597
    OK ch=3 v=0.1922
    OK ch=5 v=0.1872
    OK ch=7 v=0.2312
    OK ch=1 v=0.2191
    OK ch=3 v=0.1980
    OK ch=5 v=0.2757
    OK ch=7 v=0.1427
    OK ch=1 v=0.3069
    OK ch=3 v=0.1202
    OK ch=5 v=0.2439
    OK ch=7 v=0.0549
    OK ch=1 v=0.3950
    OK ch=3 v=0.0321
    OK ch=5 v=0.1558
    OK ch=7 v=0.0000
    OK ch=1 v=0.4834
    OK ch=3 v=0.0000
    OK ch=5 v=0.0675
    OK ch=7 v=0.0675
    OK ch=1 v=0.5000
    OK ch=3 v=0.0933
    OK ch=5 v=0.0037
    OK ch=7 v=0.1608
    OK ch=3 v=0.1885
    OK ch=5 v=0.0988
    OK ch=7 v=0.2560
    OK ch=1 v=0.4294
    OK ch=3 v=0.2590
    OK ch=5 v=0.1694
    OK ch=7 v=0.3265
    OK ch=1 v=0.3412
    OK ch=3 v=0.3123
    OK ch=5 v=0.2577
    OK ch=7 v=0.4148
[  190.5s] DAMPING     ch0:.... g=-0.0288 bp=-1.059V ratio=3.74  ch1:.... g=-0.0288 bp=-0.500V ratio=4.60  ch2:.... g=+0.0120 bp=+1.126V ratio=2.54  ch3:.... g=-0.0288 bp=+0.475V ratio=6.15
    OK ch=1 v=0.2479
    OK ch=3 v=0.4055
    OK ch=5 v=0.3347
    OK ch=7 v=0.5000
    OK ch=1 v=0.3362
    OK ch=3 v=0.4939
    OK ch=5 v=0.4230
    OK ch=7 v=0.4117
    OK ch=1 v=0.4243
    OK ch=3 v=0.5000
    OK ch=5 v=0.5000
    OK ch=7 v=0.3236
    OK ch=1 v=0.5000
    OK ch=3 v=0.4452
    OK ch=5 v=0.4121
    OK ch=7 v=0.2357
    OK ch=3 v=0.3568
    OK ch=5 v=0.3237
    OK ch=7 v=0.1473
    OK ch=1 v=0.4339
    OK ch=3 v=0.2906
    OK ch=5 v=0.2576
    OK ch=7 v=0.1423
    OK ch=1 v=0.4577
    OK ch=3 v=0.2025
    OK ch=5 v=0.1694
    OK ch=7 v=0.1465
    OK ch=1 v=0.5000
    OK ch=3 v=0.1147
    OK ch=5 v=0.0816
    OK ch=7 v=0.0587
    OK ch=3 v=0.0258
    OK ch=5 v=0.0000
    OK ch=7 v=0.0000
    OK ch=3 v=0.0176
    OK ch=5 v=0.0315
    OK ch=3 v=0.0618
    OK ch=5 v=0.0756
    OK ch=1 v=0.4801
    OK ch=3 v=0.1112
    OK ch=5 v=0.1251
    OK ch=7 v=0.0480
    OK ch=1 v=0.3919
    OK ch=3 v=0.1994
    OK ch=5 v=0.2133
    OK ch=7 v=0.1362
    OK ch=1 v=0.3036
    OK ch=3 v=0.2877
    OK ch=5 v=0.3016
    OK ch=7 v=0.2245
    OK ch=1 v=0.2500
    OK ch=3 v=0.2500
    OK ch=5 v=0.2500
    OK ch=7 v=0.2500

!! ch0, ch1, ch3 runaway/saturation -- freezing all channels, entering FAULT.

[  195.5s] FAULT       ch0:.... g=+0.0000 bp=-0.400V ratio=3.54  ch1:.... g=+0.0000 bp=+0.522V ratio=4.41  ch2:.... g=+0.0000 bp=-1.615V ratio=1.99  ch3:.... g=+0.0000 bp=+0.314V ratio=5.83

[recovered] re-engaging on the baseline already in hand -- re-faulted after only 2.0s, so the disturbance is still there and a fresh window would measure it rather than the floor (2/4 before a forced re-calibration). Gain ramps from zero.

    OK ch=1 v=0.2548
    OK ch=3 v=0.2487
    OK ch=5 v=0.2473
    OK ch=7 v=0.2462
    OK ch=1 v=0.3134
    OK ch=3 v=0.2393
    OK ch=5 v=0.2215
    OK ch=7 v=0.2256
    OK ch=1 v=0.3196
    OK ch=3 v=0.2235
    OK ch=5 v=0.1823
    OK ch=7 v=0.2109
    OK ch=1 v=0.3370
    OK ch=3 v=0.1780
    OK ch=5 v=0.1196
    OK ch=7 v=0.1953
    OK ch=1 v=0.2969
    OK ch=3 v=0.1437
    OK ch=5 v=0.1402
    OK ch=7 v=0.2023
    OK ch=1 v=0.2664
    OK ch=3 v=0.1774
    OK ch=5 v=0.1938
    OK ch=7 v=0.2129
    OK ch=1 v=0.2304
    OK ch=3 v=0.2228
    OK ch=5 v=0.2284
    OK ch=7 v=0.2355
    OK ch=1 v=0.2119
    OK ch=3 v=0.2644
    OK ch=5 v=0.2578
    OK ch=7 v=0.2701
    OK ch=1 v=0.1661
    OK ch=3 v=0.2857
    OK ch=5 v=0.3241
    OK ch=7 v=0.2952
    OK ch=1 v=0.2385
    OK ch=5 v=0.3479
    OK ch=7 v=0.2993
    OK ch=1 v=0.2679
    OK ch=3 v=0.2978
    OK ch=5 v=0.3624
    OK ch=7 v=0.2975
    OK ch=1 v=0.3234
    OK ch=3 v=0.2986
    OK ch=5 v=0.3641
    OK ch=7 v=0.2602
    OK ch=1 v=0.3385
    OK ch=3 v=0.2969
    OK ch=5 v=0.4442
    OK ch=7 v=0.2063
    OK ch=1 v=0.3207
    OK ch=3 v=0.2862
    OK ch=5 v=0.3565
    OK ch=7 v=0.1908
    OK ch=1 v=0.2959
    OK ch=3 v=0.2342
    OK ch=5 v=0.2676
    OK ch=7 v=0.1942
    OK ch=1 v=0.2872
    OK ch=3 v=0.1932
    OK ch=5 v=0.1795
    OK ch=7 v=0.1958
    OK ch=1 v=0.3063
    OK ch=3 v=0.1767
    OK ch=5 v=0.0919
    OK ch=7 v=0.1777
    OK ch=1 v=0.3623
    OK ch=3 v=0.1699
    OK ch=5 v=0.0600
    OK ch=7 v=0.1202
    OK ch=1 v=0.4508
    OK ch=3 v=0.1813
    OK ch=5 v=0.0813
    OK ch=7 v=0.1068
    OK ch=1 v=0.5000
    OK ch=3 v=0.2057
    OK ch=5 v=0.1694
    OK ch=7 v=0.1298
    OK ch=1 v=0.4498
    OK ch=3 v=0.2536
    OK ch=5 v=0.2574
    OK ch=7 v=0.1772
    OK ch=1 v=0.3617
    OK ch=3 v=0.3017
    OK ch=5 v=0.3455
    OK ch=7 v=0.2534
    OK ch=1 v=0.2738
    OK ch=3 v=0.3304
    OK ch=5 v=0.3871
    OK ch=7 v=0.3119
    OK ch=1 v=0.1851
    OK ch=3 v=0.3446
    OK ch=5 v=0.3862
    OK ch=7 v=0.3309
    OK ch=1 v=0.0976
    OK ch=3 v=0.3124
    OK ch=5 v=0.3782
    OK ch=7 v=0.3470
    OK ch=1 v=0.0417
    OK ch=3 v=0.2614
    OK ch=5 v=0.2999
    OK ch=7 v=0.3302
    OK ch=1 v=0.1244
    OK ch=3 v=0.2173
    OK ch=5 v=0.2227
    OK ch=7 v=0.2777
    OK ch=1 v=0.1639
    OK ch=3 v=0.1904
    OK ch=5 v=0.1743
    OK ch=7 v=0.2360
    OK ch=1 v=0.2520
    OK ch=3 v=0.1840
    OK ch=5 v=0.1566
    OK ch=7 v=0.1794
    OK ch=1 v=0.3404
    OK ch=3 v=0.1633
    OK ch=5 v=0.1520
    OK ch=7 v=0.1187
    OK ch=1 v=0.3620
    OK ch=3 v=0.1184
    OK ch=5 v=0.1406
    OK ch=7 v=0.1161
    OK ch=1 v=0.3371
    OK ch=3 v=0.0681
    OK ch=5 v=0.1265
    OK ch=7 v=0.1242
    OK ch=1 v=0.2841
    OK ch=3 v=0.0619
    OK ch=5 v=0.1129
    OK ch=7 v=0.1579
    OK ch=1 v=0.2136
    OK ch=3 v=0.1128
    OK ch=5 v=0.1353
    OK ch=7 v=0.2153
    OK ch=1 v=0.1791
    OK ch=3 v=0.2007
    OK ch=5 v=0.1928
    OK ch=7 v=0.2670
    OK ch=1 v=0.1414
    OK ch=3 v=0.2677
    OK ch=5 v=0.2533
    OK ch=7 v=0.3235
    OK ch=1 v=0.1811
    OK ch=3 v=0.3163
    OK ch=5 v=0.2889
    OK ch=7 v=0.3494
    OK ch=1 v=0.2373
    OK ch=3 v=0.3290
    OK ch=5 v=0.2991
    OK ch=7 v=0.3435
    OK ch=1 v=0.2732
    OK ch=3 v=0.3254
    OK ch=5 v=0.2846
    OK ch=7 v=0.3210
    OK ch=1 v=0.3112
    OK ch=3 v=0.3169
    OK ch=5 v=0.2627
    OK ch=7 v=0.2917
    OK ch=1 v=0.3497
    OK ch=3 v=0.2928
    OK ch=5 v=0.2180
    OK ch=7 v=0.2195
    OK ch=1 v=0.3443
    OK ch=3 v=0.2461
    OK ch=5 v=0.1788
    OK ch=7 v=0.1790
    OK ch=1 v=0.3409
    OK ch=3 v=0.2118
    OK ch=5 v=0.1572
    OK ch=7 v=0.1723
    OK ch=1 v=0.3542
    OK ch=3 v=0.1888
    OK ch=5 v=0.1425
    OK ch=7 v=0.1709
    OK ch=1 v=0.3754
    OK ch=3 v=0.1811
    OK ch=5 v=0.1648
    OK ch=1 v=0.3669
    OK ch=3 v=0.1727
    OK ch=5 v=0.1893
    OK ch=7 v=0.1664
    OK ch=1 v=0.2787
    OK ch=3 v=0.2500
    OK ch=5 v=0.2500
    OK ch=7 v=0.2500

!! ch0, ch1, ch3 runaway/saturation -- freezing all channels, entering FAULT.

    OK ch=1 v=0.2500
[  200.5s] FAULT       ch0:.... g=+0.0000 bp=-0.554V ratio=1.47  ch1:.... g=+0.0000 bp=-0.208V ratio=2.87  ch2:.... g=+0.0000 bp=+0.277V ratio=1.36  ch3:.... g=+0.0000 bp=+0.120V ratio=2.21
    OK ch=1 v=0.2493

[recovered] re-engaging on the baseline already in hand -- re-faulted after only 2.0s, so the disturbance is still there and a fresh window would measure it rather than the floor (3/4 before a forced re-calibration). Gain ramps from zero.

    OK ch=1 v=0.2355
    OK ch=3 v=0.2529
    OK ch=5 v=0.2601
    OK ch=7 v=0.2552
    OK ch=1 v=0.2109
    OK ch=3 v=0.2572
    OK ch=5 v=0.2743
    OK ch=7 v=0.2637
    OK ch=1 v=0.1980
    OK ch=3 v=0.2586
    OK ch=5 v=0.2789
    OK ch=7 v=0.2651
    OK ch=1 v=0.2117
    OK ch=3 v=0.2543
    OK ch=5 v=0.2684
    OK ch=7 v=0.2618
    OK ch=1 v=0.2529
    OK ch=3 v=0.2474
    OK ch=5 v=0.2539
    OK ch=7 v=0.2581
    OK ch=1 v=0.2690
    OK ch=3 v=0.2360
    OK ch=5 v=0.2330
    OK ch=7 v=0.2506
    OK ch=1 v=0.2677
    OK ch=3 v=0.2230
    OK ch=5 v=0.2096
    OK ch=7 v=0.2412
    OK ch=1 v=0.2736
    OK ch=3 v=0.2190
    OK ch=5 v=0.1981
    OK ch=7 v=0.2370
    OK ch=1 v=0.2686
    OK ch=3 v=0.2177
    OK ch=5 v=0.2019
    OK ch=7 v=0.2344
    OK ch=1 v=0.2501
    OK ch=3 v=0.2254
    OK ch=5 v=0.2165
    OK ch=7 v=0.2330
    OK ch=1 v=0.2596
    OK ch=3 v=0.2431
    OK ch=5 v=0.2335
    OK ch=7 v=0.2355
    OK ch=1 v=0.2546
    OK ch=3 v=0.2540
    OK ch=5 v=0.2542
    OK ch=7 v=0.2455
    OK ch=1 v=0.2221
    OK ch=3 v=0.2670
    OK ch=5 v=0.2892
    OK ch=7 v=0.2551
    OK ch=1 v=0.2311
    OK ch=3 v=0.2794
    OK ch=5 v=0.3134
    OK ch=7 v=0.2663
    OK ch=1 v=0.2159
    OK ch=3 v=0.2873
    OK ch=5 v=0.3371
    OK ch=7 v=0.2748
    OK ch=1 v=0.2173
    OK ch=3 v=0.2919
    OK ch=5 v=0.3494
    OK ch=7 v=0.2764
    OK ch=1 v=0.2346
    OK ch=3 v=0.3000
    OK ch=5 v=0.3454
    OK ch=7 v=0.2758
    OK ch=1 v=0.2476
    OK ch=5 v=0.3335
    OK ch=7 v=0.2692
    OK ch=1 v=0.2447
    OK ch=3 v=0.2932
    OK ch=5 v=0.3121
    OK ch=7 v=0.2601
    OK ch=1 v=0.2748
    OK ch=3 v=0.2780
    OK ch=5 v=0.2818
    OK ch=7 v=0.2447
    OK ch=1 v=0.2722
    OK ch=3 v=0.2563
    OK ch=5 v=0.2569
    OK ch=7 v=0.2300
    OK ch=1 v=0.3089
    OK ch=3 v=0.2457
    OK ch=5 v=0.2349
    OK ch=7 v=0.2179
    OK ch=1 v=0.3395
    OK ch=3 v=0.2355
    OK ch=5 v=0.2305
    OK ch=7 v=0.2103
    OK ch=1 v=0.3334
    OK ch=3 v=0.2304
    OK ch=5 v=0.2438
    OK ch=7 v=0.2088
    OK ch=1 v=0.2968
    OK ch=3 v=0.2283
    OK ch=5 v=0.2587
    OK ch=7 v=0.2130
    OK ch=1 v=0.2412
    OK ch=3 v=0.2380
    OK ch=5 v=0.2787
    OK ch=7 v=0.2230
    OK ch=1 v=0.2255
    OK ch=3 v=0.2460
    OK ch=5 v=0.2978
    OK ch=7 v=0.2434
    OK ch=1 v=0.1573
    OK ch=3 v=0.2631
    OK ch=5 v=0.3093
    OK ch=7 v=0.2686
    OK ch=1 v=0.1324
    OK ch=3 v=0.2677
    OK ch=5 v=0.3115
    OK ch=7 v=0.2876
    OK ch=1 v=0.0763
    OK ch=3 v=0.2671
    OK ch=5 v=0.2995
    OK ch=7 v=0.3012
    OK ch=1 v=0.0905
    OK ch=5 v=0.2796
    OK ch=7 v=0.3070
    OK ch=1 v=0.1037
    OK ch=3 v=0.2593
    OK ch=5 v=0.2655
    OK ch=7 v=0.3044
    OK ch=1 v=0.1394
    OK ch=3 v=0.2448
    OK ch=5 v=0.2467
    OK ch=7 v=0.2967
    OK ch=1 v=0.2272
    OK ch=3 v=0.2347
    OK ch=5 v=0.2308
    OK ch=7 v=0.2745
    OK ch=1 v=0.2477
    OK ch=3 v=0.2176
    OK ch=5 v=0.2174
    OK ch=7 v=0.2614
    OK ch=1 v=0.2726
    OK ch=3 v=0.2056
    OK ch=5 v=0.2082
    OK ch=7 v=0.2500
    OK ch=1 v=0.2779
    OK ch=3 v=0.2005
    OK ch=5 v=0.2012
    OK ch=7 v=0.2479
    OK ch=1 v=0.2553
    OK ch=3 v=0.1957
    OK ch=5 v=0.1895
    OK ch=1 v=0.2744
    OK ch=3 v=0.2037
    OK ch=5 v=0.1928
    OK ch=7 v=0.2538
    OK ch=1 v=0.2157
    OK ch=3 v=0.2157
    OK ch=5 v=0.2143
    OK ch=7 v=0.2614
    OK ch=1 v=0.2270
    OK ch=3 v=0.2359
    OK ch=5 v=0.2408
    OK ch=7 v=0.2715
    OK ch=1 v=0.2224
    OK ch=3 v=0.2639
    OK ch=5 v=0.2626
    OK ch=7 v=0.2767
    OK ch=1 v=0.2203
    OK ch=3 v=0.2788
    OK ch=5 v=0.2749
    OK ch=7 v=0.2828
    OK ch=1 v=0.1899
    OK ch=3 v=0.2864
    OK ch=5 v=0.2854
    OK ch=7 v=0.2838
    OK ch=1 v=0.2394
    OK ch=3 v=0.2913
    OK ch=5 v=0.2919
    OK ch=7 v=0.2777
    OK ch=1 v=0.2486
    OK ch=3 v=0.2801
    OK ch=5 v=0.2890
    OK ch=7 v=0.2683
    OK ch=1 v=0.2233
    OK ch=3 v=0.2677
    OK ch=5 v=0.2899
    OK ch=7 v=0.2537
    OK ch=1 v=0.2520
    OK ch=3 v=0.2643
    OK ch=5 v=0.2847
    OK ch=7 v=0.2410
    OK ch=1 v=0.2789
    OK ch=3 v=0.2609
    OK ch=5 v=0.2795
    OK ch=7 v=0.2350
    OK ch=1 v=0.2652
    OK ch=3 v=0.2561
    OK ch=5 v=0.2801
    OK ch=7 v=0.2226
    OK ch=1 v=0.2730
    OK ch=3 v=0.2436
    OK ch=5 v=0.2759
    OK ch=7 v=0.2149
    OK ch=1 v=0.2858
    OK ch=3 v=0.2523
    OK ch=5 v=0.2776
    OK ch=7 v=0.2124
    OK ch=1 v=0.2770
    OK ch=3 v=0.2596
    OK ch=5 v=0.2832
    OK ch=7 v=0.2167
    OK ch=1 v=0.2586
    OK ch=3 v=0.2665
    OK ch=5 v=0.2930
    OK ch=7 v=0.2229
[  205.6s] DAMPING     ch0:.... g=-0.0350 bp=+0.122V ratio=0.85  ch1:.... g=-0.0350 bp=+0.007V ratio=1.10  ch2:.... g=+0.0120 bp=-0.202V ratio=0.89  ch3:.... g=-0.0350 bp=-0.109V ratio=0.95
    OK ch=1 v=0.2742
    OK ch=3 v=0.2797
    OK ch=5 v=0.3023
    OK ch=7 v=0.2317
    OK ch=1 v=0.2346
    OK ch=3 v=0.2695
    OK ch=5 v=0.3050
    OK ch=7 v=0.2447
    OK ch=1 v=0.2246
    OK ch=3 v=0.2748
    OK ch=5 v=0.3023
    OK ch=7 v=0.2527
    OK ch=1 v=0.2578
    OK ch=3 v=0.2926
    OK ch=5 v=0.2958
    OK ch=7 v=0.2605
    OK ch=1 v=0.2343
    OK ch=3 v=0.2797
    OK ch=5 v=0.2823
    OK ch=7 v=0.2652
    OK ch=1 v=0.2460
    OK ch=3 v=0.2742
    OK ch=5 v=0.2658
    OK ch=7 v=0.2646
    OK ch=1 v=0.2485
    OK ch=3 v=0.2641
    OK ch=5 v=0.2533
    OK ch=7 v=0.2668
    OK ch=1 v=0.1928
    OK ch=3 v=0.2501
    OK ch=5 v=0.2475
    OK ch=7 v=0.2657
    OK ch=1 v=0.2527
    OK ch=3 v=0.2432
    OK ch=5 v=0.2435
    OK ch=7 v=0.2563
    OK ch=1 v=0.2213
    OK ch=3 v=0.2354
    OK ch=5 v=0.2382
    OK ch=1 v=0.2782
    OK ch=5 v=0.2357
    OK ch=1 v=0.2414
    OK ch=3 v=0.2297
    OK ch=5 v=0.2346
    OK ch=7 v=0.2570
    OK ch=1 v=0.2079
    OK ch=3 v=0.2209
    OK ch=5 v=0.2381
    OK ch=7 v=0.2624
    OK ch=3 v=0.2241
    OK ch=5 v=0.2410
    OK ch=7 v=0.2654
    OK ch=1 v=0.2128
    OK ch=3 v=0.2270
    OK ch=5 v=0.2446
    OK ch=7 v=0.2660
    OK ch=1 v=0.1922
    OK ch=3 v=0.2375
    OK ch=5 v=0.2480
    OK ch=7 v=0.2718
    OK ch=1 v=0.1537
    OK ch=3 v=0.2387
    OK ch=5 v=0.2565
    OK ch=7 v=0.2773
    OK ch=1 v=0.1944
    OK ch=3 v=0.2508
    OK ch=5 v=0.2600
    OK ch=7 v=0.2764
    OK ch=1 v=0.2073
    OK ch=3 v=0.2554
    OK ch=5 v=0.2594
    OK ch=7 v=0.2780
    OK ch=1 v=0.1929
    OK ch=3 v=0.2451
    OK ch=5 v=0.2660
    OK ch=7 v=0.2727
    OK ch=1 v=0.2133
    OK ch=3 v=0.2474
    OK ch=5 v=0.2639
    OK ch=7 v=0.2702
    OK ch=1 v=0.1987
    OK ch=3 v=0.2370
    OK ch=5 v=0.2634
    OK ch=7 v=0.2638
    OK ch=1 v=0.2153
    OK ch=3 v=0.2514
    OK ch=7 v=0.2550
    OK ch=1 v=0.2390
    OK ch=3 v=0.2426
    OK ch=5 v=0.2595
    OK ch=7 v=0.2506
    OK ch=1 v=0.2550
    OK ch=3 v=0.2445
    OK ch=5 v=0.2622
    OK ch=7 v=0.2470
    OK ch=1 v=0.2409
    OK ch=3 v=0.2367
    OK ch=5 v=0.2637
    OK ch=7 v=0.2441
    OK ch=1 v=0.2720
    OK ch=3 v=0.2521
    OK ch=5 v=0.2643
    OK ch=7 v=0.2415
    OK ch=1 v=0.2506
    OK ch=3 v=0.2534
    OK ch=5 v=0.2704
    OK ch=1 v=0.2478
    OK ch=3 v=0.2604
    OK ch=5 v=0.2722
    OK ch=7 v=0.2454
    OK ch=1 v=0.2429
    OK ch=3 v=0.2661
    OK ch=5 v=0.2749
    OK ch=7 v=0.2461
    OK ch=1 v=0.2574
    OK ch=3 v=0.2716
    OK ch=5 v=0.2798
    OK ch=1 v=0.2537
    OK ch=3 v=0.2682
    OK ch=7 v=0.2501
    OK ch=1 v=0.2656
    OK ch=3 v=0.2715
    OK ch=5 v=0.2817
    OK ch=1 v=0.2738
    OK ch=3 v=0.2848
    OK ch=7 v=0.2523
    OK ch=1 v=0.2811
    OK ch=3 v=0.2833
    OK ch=5 v=0.2796
    OK ch=7 v=0.2554
    OK ch=1 v=0.2409
    OK ch=3 v=0.2674
    OK ch=5 v=0.2781
    OK ch=1 v=0.2330
    OK ch=3 v=0.2697
    OK ch=5 v=0.2776
    OK ch=7 v=0.2507
    OK ch=1 v=0.2537
    OK ch=3 v=0.2672
    OK ch=5 v=0.2712
    OK ch=7 v=0.2491
    OK ch=1 v=0.2421
    OK ch=3 v=0.2614
    OK ch=5 v=0.2657
    OK ch=7 v=0.2504
    OK ch=1 v=0.2435
    OK ch=3 v=0.2622
    OK ch=7 v=0.2467
    OK ch=1 v=0.2586
    OK ch=3 v=0.2595
    OK ch=5 v=0.2648
    OK ch=1 v=0.2830
    OK ch=3 v=0.2582
    OK ch=7 v=0.2487
    OK ch=1 v=0.2610
    OK ch=3 v=0.2539
    OK ch=7 v=0.2479
    OK ch=1 v=0.2516
    OK ch=5 v=0.2655
    OK ch=7 v=0.2493
    OK ch=1 v=0.2466
    OK ch=3 v=0.2526
    OK ch=7 v=0.2536
    OK ch=1 v=0.2107
    OK ch=3 v=0.2473
    OK ch=5 v=0.2693
    OK ch=1 v=0.1915
    OK ch=3 v=0.2425
    OK ch=5 v=0.2685
    OK ch=7 v=0.2575
    OK ch=1 v=0.1894
    OK ch=3 v=0.2414
    OK ch=5 v=0.2656
    OK ch=7 v=0.2626
    OK ch=1 v=0.2201
    OK ch=3 v=0.2511
    OK ch=1 v=0.1758
    OK ch=3 v=0.2428
    OK ch=7 v=0.2658
    OK ch=1 v=0.2025
    OK ch=3 v=0.2420
    OK ch=5 v=0.2626
    OK ch=7 v=0.2617
    OK ch=1 v=0.1972
    OK ch=3 v=0.2379
    OK ch=5 v=0.2610
    OK ch=7 v=0.2648
    OK ch=1 v=0.2393
    OK ch=3 v=0.2465
    OK ch=5 v=0.2580
    OK ch=7 v=0.2621
    OK ch=1 v=0.1823
    OK ch=3 v=0.2365
    OK ch=5 v=0.2565
    OK ch=7 v=0.2629
    OK ch=1 v=0.2099
    OK ch=3 v=0.2424
    OK ch=7 v=0.2650
    OK ch=1 v=0.2351
    OK ch=3 v=0.2458
    OK ch=5 v=0.2543
    OK ch=7 v=0.2625
    OK ch=1 v=0.2307
    OK ch=3 v=0.2438
    OK ch=5 v=0.2527
    OK ch=7 v=0.2600
    OK ch=1 v=0.2480
    OK ch=3 v=0.2491
    OK ch=5 v=0.2548
    OK ch=1 v=0.2384
    OK ch=3 v=0.2416
    OK ch=5 v=0.2566
    OK ch=7 v=0.2606
    OK ch=1 v=0.2243
    OK ch=3 v=0.2437
    OK ch=7 v=0.2584
    OK ch=1 v=0.2265
    OK ch=3 v=0.2516
    OK ch=5 v=0.2585
    OK ch=7 v=0.2566
    OK ch=1 v=0.2359
    OK ch=3 v=0.2504
    OK ch=5 v=0.2611
    OK ch=7 v=0.2576
    OK ch=1 v=0.2469
    OK ch=3 v=0.2537
    OK ch=5 v=0.2626
    OK ch=7 v=0.2589
    OK ch=1 v=0.2351
    OK ch=3 v=0.2514
    OK ch=5 v=0.2662
    OK ch=7 v=0.2561
    OK ch=1 v=0.2443
    OK ch=3 v=0.2591
    OK ch=5 v=0.2634
    OK ch=7 v=0.2572
    OK ch=1 v=0.2339
    OK ch=5 v=0.2674
    OK ch=1 v=0.2257
    OK ch=3 v=0.2624
    OK ch=5 v=0.2682
    OK ch=7 v=0.2556
    OK ch=1 v=0.2398
    OK ch=5 v=0.2676
    OK ch=7 v=0.2531
    OK ch=1 v=0.2475
    OK ch=3 v=0.2572
    OK ch=5 v=0.2684
    OK ch=1 v=0.2331
    OK ch=3 v=0.2550
    OK ch=5 v=0.2711
    OK ch=1 v=0.2295
    OK ch=3 v=0.2566
    OK ch=7 v=0.2500
    OK ch=1 v=0.2286
    OK ch=3 v=0.2536
    OK ch=7 v=0.2456
    OK ch=1 v=0.2433
    OK ch=3 v=0.2629
    OK ch=5 v=0.2724
    OK ch=7 v=0.2472
    OK ch=1 v=0.2612
    OK ch=3 v=0.2653
    OK ch=5 v=0.2709
    OK ch=7 v=0.2483
    OK ch=1 v=0.2375
    OK ch=3 v=0.2624
    OK ch=5 v=0.2731
    OK ch=7 v=0.2491
    OK ch=1 v=0.2487
    OK ch=3 v=0.2593
    OK ch=5 v=0.2757
    OK ch=7 v=0.2484
    OK ch=1 v=0.2657
    OK ch=3 v=0.2608
    OK ch=5 v=0.2728
    OK ch=7 v=0.2478
    OK ch=1 v=0.2440
    OK ch=3 v=0.2650
    OK ch=5 v=0.2741
    OK ch=7 v=0.2523
    OK ch=1 v=0.2237
    OK ch=3 v=0.2571
    OK ch=7 v=0.2503
    OK ch=3 v=0.2538
    OK ch=5 v=0.2728
    OK ch=7 v=0.2531
    OK ch=1 v=0.2366
    OK ch=3 v=0.2559
    OK ch=5 v=0.2735
    OK ch=7 v=0.2539
    OK ch=1 v=0.2141
    OK ch=3 v=0.2473
    OK ch=5 v=0.2683
    OK ch=7 v=0.2554
    OK ch=1 v=0.2386
    OK ch=3 v=0.2508
    OK ch=5 v=0.2644
    OK ch=7 v=0.2576
    OK ch=1 v=0.2431
    OK ch=3 v=0.2555
    OK ch=5 v=0.2651
    OK ch=7 v=0.2567
    OK ch=1 v=0.2328
    OK ch=3 v=0.2539
    OK ch=5 v=0.2608
    OK ch=7 v=0.2554
    OK ch=1 v=0.2153
    OK ch=3 v=0.2468
    OK ch=5 v=0.2614
    OK ch=1 v=0.2231
    OK ch=3 v=0.2508
    OK ch=7 v=0.2585
    OK ch=1 v=0.2280
    OK ch=3 v=0.2474
    OK ch=5 v=0.2591
    OK ch=1 v=0.2464
    OK ch=7 v=0.2604
    OK ch=1 v=0.2367
    OK ch=3 v=0.2492
    OK ch=5 v=0.2571
    OK ch=1 v=0.2380
    OK ch=3 v=0.2476
    OK ch=5 v=0.2578
    OK ch=7 v=0.2612
    OK ch=1 v=0.2144
    OK ch=3 v=0.2494
    OK ch=5 v=0.2588
    OK ch=7 v=0.2619
    OK ch=1 v=0.2223
    OK ch=3 v=0.2513
    OK ch=7 v=0.2633
    OK ch=1 v=0.2069
    OK ch=3 v=0.2427
    OK ch=5 v=0.2574
    OK ch=1 v=0.2120
    OK ch=3 v=0.2498
    OK ch=5 v=0.2569
    OK ch=7 v=0.2612
    OK ch=1 v=0.2093
    OK ch=5 v=0.2585
    OK ch=7 v=0.2593
    OK ch=1 v=0.2262
    OK ch=3 v=0.2486
    OK ch=5 v=0.2597
    OK ch=7 v=0.2587
    OK ch=1 v=0.2555
    OK ch=3 v=0.2541
    OK ch=5 v=0.2592
    OK ch=7 v=0.2617
    OK ch=1 v=0.2264
    OK ch=3 v=0.2446
    OK ch=5 v=0.2614
    OK ch=7 v=0.2560
    OK ch=1 v=0.2485
    OK ch=3 v=0.2547
    OK ch=5 v=0.2620
    OK ch=7 v=0.2577
    OK ch=1 v=0.2187
    OK ch=3 v=0.2507
    OK ch=5 v=0.2663
    OK ch=1 v=0.2203
    OK ch=3 v=0.2475
    OK ch=5 v=0.2669
    OK ch=7 v=0.2568
    OK ch=1 v=0.2357
    OK ch=3 v=0.2554
    OK ch=5 v=0.2651
    OK ch=1 v=0.2567
    OK ch=3 v=0.2580
    OK ch=5 v=0.2667
    OK ch=7 v=0.2511
    OK ch=1 v=0.2389
    OK ch=3 v=0.2538
    OK ch=5 v=0.2700
    OK ch=7 v=0.2521
    OK ch=1 v=0.2304
    OK ch=3 v=0.2473
    OK ch=5 v=0.2695
    OK ch=1 v=0.2250
    OK ch=3 v=0.2541
    OK ch=5 v=0.2709
    OK ch=7 v=0.2480
    OK ch=1 v=0.2631
    OK ch=3 v=0.2595
    OK ch=5 v=0.2703
    OK ch=7 v=0.2519
    OK ch=1 v=0.2460
    OK ch=3 v=0.2574
    OK ch=7 v=0.2505
    OK ch=1 v=0.2280
    OK ch=3 v=0.2608
    OK ch=5 v=0.2724
    OK ch=3 v=0.2584
    OK ch=5 v=0.2707
    OK ch=7 v=0.2521
    OK ch=1 v=0.2557
    OK ch=3 v=0.2623
    OK ch=5 v=0.2693
    OK ch=7 v=0.2513
    OK ch=1 v=0.2470
    OK ch=3 v=0.2599
    OK ch=5 v=0.2716
    OK ch=1 v=0.2490
    OK ch=3 v=0.2535
    OK ch=5 v=0.2699
    OK ch=1 v=0.2165
    OK ch=3 v=0.2517
    OK ch=5 v=0.2673
    OK ch=7 v=0.2537
    OK ch=1 v=0.2433
    OK ch=3 v=0.2641
    OK ch=7 v=0.2555
    OK ch=3 v=0.2626
    OK ch=5 v=0.2666
    OK ch=7 v=0.2550
    OK ch=1 v=0.2286
    OK ch=3 v=0.2542
    OK ch=7 v=0.2530
    OK ch=1 v=0.2581
    OK ch=3 v=0.2610
    OK ch=7 v=0.2548
    OK ch=1 v=0.2449
    OK ch=3 v=0.2501
    OK ch=5 v=0.2652
    OK ch=1 v=0.2300
    OK ch=3 v=0.2528
    OK ch=5 v=0.2643
    OK ch=7 v=0.2564
    OK ch=1 v=0.2312
    OK ch=3 v=0.2471
    OK ch=5 v=0.2678
    OK ch=1 v=0.2240
    OK ch=3 v=0.2511
    OK ch=5 v=0.2658
    OK ch=1 v=0.2132
    OK ch=3 v=0.2561
    OK ch=5 v=0.2613
    OK ch=7 v=0.2591
    OK ch=1 v=0.2406
    OK ch=5 v=0.2621
    OK ch=7 v=0.2562
    OK ch=1 v=0.2423
    OK ch=3 v=0.2575
    OK ch=5 v=0.2609
    OK ch=7 v=0.2568
    OK ch=1 v=0.2285
    OK ch=3 v=0.2512
    OK ch=5 v=0.2622
    OK ch=7 v=0.2578
    OK ch=1 v=0.2098
    OK ch=3 v=0.2458
    OK ch=7 v=0.2572
[  210.6s] DAMPING     ch0:.... g=-0.0300 bp=+0.004V ratio=0.20  ch1:.... g=-0.0305 bp=+0.013V ratio=0.24  ch2:.... g=+0.0100 bp=+0.001V ratio=0.15  ch3:.... g=-0.0300 bp=-0.006V ratio=0.19
    OK ch=1 v=0.2031
    OK ch=3 v=0.2407
    OK ch=5 v=0.2617
    OK ch=7 v=0.2579
    OK ch=1 v=0.2198
    OK ch=3 v=0.2463
    OK ch=7 v=0.2595
    OK ch=1 v=0.2657
    OK ch=3 v=0.2495
    OK ch=5 v=0.2625
    OK ch=7 v=0.2587
    OK ch=1 v=0.2335
    OK ch=5 v=0.2612
    OK ch=7 v=0.2572
    OK ch=1 v=0.2119
    OK ch=3 v=0.2487
    OK ch=5 v=0.2621
    OK ch=7 v=0.2587
    OK ch=1 v=0.2440
    OK ch=3 v=0.2551
    OK ch=5 v=0.2646
    OK ch=7 v=0.2578
    OK ch=1 v=0.2086
    OK ch=3 v=0.2445
    OK ch=1 v=0.2297
    OK ch=3 v=0.2547
    OK ch=5 v=0.2641
    OK ch=7 v=0.2595
    OK ch=1 v=0.2213
    OK ch=3 v=0.2504
    OK ch=5 v=0.2653
    OK ch=7 v=0.2573
    OK ch=1 v=0.2472
    OK ch=3 v=0.2570
    OK ch=5 v=0.2625
    OK ch=1 v=0.2329
    OK ch=3 v=0.2502
    OK ch=5 v=0.2649
    OK ch=7 v=0.2552
    OK ch=1 v=0.2268
    OK ch=5 v=0.2656
    OK ch=7 v=0.2523
    OK ch=1 v=0.2170
    OK ch=3 v=0.2512
    OK ch=5 v=0.2663
    OK ch=7 v=0.2548
    OK ch=1 v=0.2212
    OK ch=3 v=0.2527
    OK ch=5 v=0.2646
    OK ch=7 v=0.2533
    OK ch=1 v=0.2681
    OK ch=3 v=0.2594
    OK ch=5 v=0.2657
    OK ch=7 v=0.2572
    OK ch=1 v=0.2380
    OK ch=3 v=0.2529
    OK ch=7 v=0.2561
    OK ch=1 v=0.2513
    OK ch=3 v=0.2603
    OK ch=5 v=0.2666
    OK ch=7 v=0.2545
    OK ch=1 v=0.2572
    OK ch=3 v=0.2597
    OK ch=5 v=0.2660
    OK ch=7 v=0.2532
    OK ch=1 v=0.2189
    OK ch=3 v=0.2526
    OK ch=5 v=0.2679
    OK ch=7 v=0.2550
    OK ch=1 v=0.2315
    OK ch=3 v=0.2561
    OK ch=7 v=0.2544
    OK ch=1 v=0.2066
    OK ch=3 v=0.2571
    OK ch=5 v=0.2670
    OK ch=7 v=0.2582
    OK ch=1 v=0.2647
    OK ch=3 v=0.2593
    OK ch=5 v=0.2651
    OK ch=7 v=0.2536
    OK ch=1 v=0.2175
    OK ch=3 v=0.2515
    OK ch=5 v=0.2670
    OK ch=7 v=0.2500
    OK ch=1 v=0.2247
    OK ch=3 v=0.2493
    OK ch=5 v=0.2677
    OK ch=7 v=0.2526
    OK ch=1 v=0.2698
    OK ch=3 v=0.2607
    OK ch=5 v=0.2666
    OK ch=7 v=0.2544
    OK ch=1 v=0.2402
    OK ch=3 v=0.2599
    OK ch=7 v=0.2519
    OK ch=1 v=0.2473
    OK ch=3 v=0.2540
    OK ch=7 v=0.2551
    OK ch=1 v=0.2431
    OK ch=3 v=0.2569
    OK ch=5 v=0.2689
    OK ch=7 v=0.2538
    OK ch=1 v=0.2178
    OK ch=3 v=0.2524
    OK ch=5 v=0.2677
    OK ch=7 v=0.2544
    OK ch=1 v=0.2341
    OK ch=3 v=0.2585
    OK ch=5 v=0.2664
    OK ch=7 v=0.2576
    OK ch=1 v=0.2050
    OK ch=3 v=0.2528
    OK ch=5 v=0.2681
    OK ch=7 v=0.2565
    OK ch=1 v=0.2306
    OK ch=3 v=0.2503
    OK ch=5 v=0.2652
    OK ch=7 v=0.2550
    OK ch=1 v=0.2261
    OK ch=3 v=0.2495
    OK ch=5 v=0.2641
    OK ch=1 v=0.2227
    OK ch=3 v=0.2503
    OK ch=5 v=0.2649
    OK ch=7 v=0.2566
    OK ch=1 v=0.2331
    OK ch=3 v=0.2491
    OK ch=5 v=0.2634
    OK ch=7 v=0.2579
    OK ch=1 v=0.2182
    OK ch=3 v=0.2562
    OK ch=5 v=0.2653
    OK ch=1 v=0.2201
    OK ch=3 v=0.2520
    OK ch=5 v=0.2638
    OK ch=7 v=0.2568
    OK ch=3 v=0.2491
    OK ch=5 v=0.2624
    OK ch=7 v=0.2563
    OK ch=1 v=0.2356
    OK ch=3 v=0.2473
    OK ch=5 v=0.2645
    OK ch=7 v=0.2572
    OK ch=1 v=0.2675
    OK ch=3 v=0.2550
    OK ch=5 v=0.2637
    OK ch=1 v=0.2267
    OK ch=3 v=0.2489
    OK ch=5 v=0.2617
    OK ch=7 v=0.2599
    OK ch=1 v=0.2478
    OK ch=3 v=0.2574
    OK ch=5 v=0.2635
    OK ch=7 v=0.2579
    OK ch=1 v=0.2374
    OK ch=3 v=0.2484
    OK ch=5 v=0.2642
    OK ch=7 v=0.2565
    OK ch=1 v=0.2048
    OK ch=3 v=0.2452
    OK ch=1 v=0.2257
    OK ch=3 v=0.2511
    OK ch=5 v=0.2629
    OK ch=7 v=0.2578
    OK ch=1 v=0.2313
    OK ch=3 v=0.2519
    OK ch=5 v=0.2619
    OK ch=7 v=0.2571
    OK ch=1 v=0.2580
    OK ch=3 v=0.2576
    OK ch=7 v=0.2562
    OK ch=1 v=0.2648
    OK ch=3 v=0.2589
    OK ch=5 v=0.2633
    OK ch=7 v=0.2569
    OK ch=1 v=0.2315
    OK ch=3 v=0.2515
    OK ch=7 v=0.2541
    OK ch=1 v=0.2108
    OK ch=3 v=0.2447
    OK ch=5 v=0.2642
    OK ch=7 v=0.2562
    OK ch=1 v=0.2379
    OK ch=3 v=0.2545
    OK ch=5 v=0.2637
    OK ch=7 v=0.2575
    OK ch=1 v=0.2145
    OK ch=3 v=0.2515
    OK ch=5 v=0.2649
    OK ch=7 v=0.2557
    OK ch=1 v=0.2218
    OK ch=5 v=0.2659
    OK ch=7 v=0.2540
    OK ch=1 v=0.2243
    OK ch=3 v=0.2549
    OK ch=5 v=0.2665
    OK ch=3 v=0.2566
    OK ch=5 v=0.2655
    OK ch=7 v=0.2532
    OK ch=1 v=0.2706
    OK ch=3 v=0.2647
    OK ch=5 v=0.2664
    OK ch=7 v=0.2548
    OK ch=1 v=0.2376
    OK ch=3 v=0.2568
    OK ch=5 v=0.2685
    OK ch=7 v=0.2532
    OK ch=1 v=0.2345
    OK ch=3 v=0.2551
    OK ch=7 v=0.2538
    OK ch=1 v=0.2180
    OK ch=3 v=0.2529
    OK ch=5 v=0.2692
    OK ch=7 v=0.2532
    OK ch=1 v=0.2357
    OK ch=3 v=0.2547
    OK ch=5 v=0.2700
    OK ch=7 v=0.2552
    OK ch=1 v=0.2569
    OK ch=3 v=0.2590
    OK ch=5 v=0.2684
    OK ch=7 v=0.2547
    OK ch=1 v=0.2474
    OK ch=3 v=0.2564
    OK ch=5 v=0.2677
    OK ch=7 v=0.2562
    OK ch=1 v=0.2248
    OK ch=3 v=0.2521
    OK ch=7 v=0.2575
    OK ch=3 v=0.2490
    OK ch=5 v=0.2683
    OK ch=7 v=0.2525
    OK ch=1 v=0.2185
    OK ch=3 v=0.2457
    OK ch=5 v=0.2691
    OK ch=7 v=0.2497
    OK ch=1 v=0.2420
    OK ch=3 v=0.2557
    OK ch=5 v=0.2655
    OK ch=7 v=0.2536
    OK ch=1 v=0.2570
    OK ch=3 v=0.2613
    OK ch=5 v=0.2639
    OK ch=1 v=0.2530
    OK ch=3 v=0.2505
    OK ch=5 v=0.2659
    OK ch=7 v=0.2548
    OK ch=1 v=0.2289
    OK ch=3 v=0.2498
    OK ch=7 v=0.2532
    OK ch=1 v=0.2320
    OK ch=3 v=0.2553
    OK ch=5 v=0.2639
    OK ch=7 v=0.2549
    OK ch=1 v=0.2081
    OK ch=3 v=0.2501
    OK ch=5 v=0.2646
    OK ch=7 v=0.2559
    OK ch=1 v=0.2346
    OK ch=3 v=0.2491
    OK ch=5 v=0.2626
    OK ch=7 v=0.2585
    OK ch=3 v=0.2516
    OK ch=7 v=0.2569
    OK ch=1 v=0.2364
    OK ch=3 v=0.2559
    OK ch=7 v=0.2588
    OK ch=1 v=0.2064
    OK ch=3 v=0.2510
    OK ch=5 v=0.2615
    OK ch=7 v=0.2575
    OK ch=1 v=0.2425
    OK ch=3 v=0.2588
    OK ch=5 v=0.2605
    OK ch=7 v=0.2588
    OK ch=1 v=0.2356
    OK ch=3 v=0.2502
    OK ch=5 v=0.2639
    OK ch=7 v=0.2579
    OK ch=1 v=0.2220
    OK ch=5 v=0.2629
    OK ch=1 v=0.2112
    OK ch=3 v=0.2492
    OK ch=5 v=0.2635
    OK ch=7 v=0.2598
    OK ch=1 v=0.2531
    OK ch=3 v=0.2565
    OK ch=5 v=0.2628
    OK ch=7 v=0.2576
    OK ch=1 v=0.2301
    OK ch=3 v=0.2546
    OK ch=5 v=0.2639
    OK ch=1 v=0.2458
    OK ch=3 v=0.2539
    OK ch=7 v=0.2555
    OK ch=1 v=0.2380
    OK ch=3 v=0.2560
    OK ch=5 v=0.2647
    OK ch=7 v=0.2561
    OK ch=1 v=0.2482
    OK ch=3 v=0.2567
    OK ch=5 v=0.2633
    OK ch=1 v=0.2048
    OK ch=3 v=0.2462
    OK ch=5 v=0.2671
    OK ch=1 v=0.2226
    OK ch=3 v=0.2531
    OK ch=5 v=0.2686
    OK ch=1 v=0.2275
    OK ch=3 v=0.2512
    OK ch=5 v=0.2671
    OK ch=7 v=0.2528
    OK ch=1 v=0.2152
    OK ch=3 v=0.2528
    OK ch=5 v=0.2658
    OK ch=1 v=0.2381
    OK ch=3 v=0.2509
    OK ch=7 v=0.2537
    OK ch=1 v=0.2605
    OK ch=3 v=0.2525
    OK ch=5 v=0.2649
    OK ch=7 v=0.2556
    OK ch=1 v=0.2514
    OK ch=3 v=0.2568
    OK ch=5 v=0.2677
    OK ch=7 v=0.2538
    OK ch=1 v=0.2209
    OK ch=3 v=0.2587
    OK ch=5 v=0.2683
    OK ch=7 v=0.2576
    OK ch=1 v=0.2451
    OK ch=3 v=0.2501
    OK ch=5 v=0.2669
    OK ch=7 v=0.2553
    OK ch=1 v=0.2416
    OK ch=3 v=0.2508
    OK ch=5 v=0.2651
    OK ch=7 v=0.2538
    OK ch=1 v=0.2178
    OK ch=3 v=0.2472
    OK ch=5 v=0.2659
    OK ch=1 v=0.2269
    OK ch=3 v=0.2567
    OK ch=7 v=0.2523
    OK ch=1 v=0.2203
    OK ch=7 v=0.2552
    OK ch=1 v=0.2418
    OK ch=3 v=0.2589
    OK ch=5 v=0.2652
    OK ch=1 v=0.2480
    OK ch=3 v=0.2605
    OK ch=5 v=0.2635
    OK ch=1 v=0.2216
    OK ch=3 v=0.2564
    OK ch=5 v=0.2642
    OK ch=7 v=0.2566
    OK ch=1 v=0.2252
    OK ch=3 v=0.2611
    OK ch=5 v=0.2654
    OK ch=7 v=0.2544
    OK ch=1 v=0.2487
    OK ch=3 v=0.2484
    OK ch=5 v=0.2643
    OK ch=1 v=0.2439
    OK ch=3 v=0.2543
    OK ch=5 v=0.2658
    OK ch=7 v=0.2562
    OK ch=1 v=0.2457
    OK ch=3 v=0.2586
    OK ch=5 v=0.2647
    OK ch=7 v=0.2553
    OK ch=1 v=0.2249
    OK ch=3 v=0.2503
    OK ch=5 v=0.2635
    OK ch=7 v=0.2565
    OK ch=1 v=0.2329
    OK ch=3 v=0.2531
    OK ch=5 v=0.2673
    OK ch=7 v=0.2577
    OK ch=1 v=0.2146
    OK ch=3 v=0.2488
    OK ch=5 v=0.2665
    OK ch=7 v=0.2595
    OK ch=1 v=0.2076
    OK ch=3 v=0.2589
    OK ch=5 v=0.2659
    OK ch=7 v=0.2549
    OK ch=1 v=0.2476
    OK ch=3 v=0.2516
    OK ch=7 v=0.2554
    OK ch=1 v=0.2443
    OK ch=3 v=0.2554
    OK ch=5 v=0.2653
    OK ch=7 v=0.2543
    OK ch=1 v=0.2642
    OK ch=3 v=0.2530
    OK ch=1 v=0.2439
    OK ch=3 v=0.2479
    OK ch=1 v=0.2155
    OK ch=3 v=0.2472
    OK ch=7 v=0.2562
    OK ch=1 v=0.2275
    OK ch=3 v=0.2452
    OK ch=5 v=0.2634
    OK ch=7 v=0.2554
    OK ch=1 v=0.2448
    OK ch=3 v=0.2536
    OK ch=5 v=0.2670
    OK ch=1 v=0.2310
    OK ch=3 v=0.2505
    OK ch=5 v=0.2677
    OK ch=7 v=0.2542
    OK ch=1 v=0.2067
    OK ch=3 v=0.2500
    OK ch=5 v=0.2656
    OK ch=7 v=0.2557
    OK ch=1 v=0.2319
    OK ch=3 v=0.2514
    OK ch=5 v=0.2638
    OK ch=1 v=0.2482
    OK ch=7 v=0.2548
    OK ch=1 v=0.2019
    OK ch=3 v=0.2483
    OK ch=7 v=0.2559
    OK ch=1 v=0.2314
    OK ch=3 v=0.2538
    OK ch=5 v=0.2657
    OK ch=7 v=0.2574
    OK ch=1 v=0.2416
    OK ch=3 v=0.2587
    OK ch=5 v=0.2623
    OK ch=7 v=0.2583
    OK ch=1 v=0.2454
    OK ch=3 v=0.2567
    OK ch=7 v=0.2574
    OK ch=1 v=0.2212
    OK ch=3 v=0.2471
    OK ch=5 v=0.2641
    OK ch=7 v=0.2567
    OK ch=1 v=0.2219
    OK ch=3 v=0.2540
    OK ch=1 v=0.2210
    OK ch=5 v=0.2649
    OK ch=1 v=0.2473
    OK ch=3 v=0.2598
    OK ch=1 v=0.2442
    OK ch=7 v=0.2549
    OK ch=1 v=0.2528
    OK ch=5 v=0.2643
[  215.6s] DAMPING     ch0:.... g=-0.0300 bp=+0.013V ratio=0.09  ch1:.... g=-0.0300 bp=+0.005V ratio=0.11  ch2:.... g=+0.0100 bp=+0.022V ratio=0.03  ch3:.... g=-0.0300 bp=+0.006V ratio=0.05
    OK ch=1 v=0.2511
    OK ch=3 v=0.2536
    OK ch=5 v=0.2637
    OK ch=7 v=0.2556
    OK ch=1 v=0.2253
    OK ch=5 v=0.2648
    OK ch=1 v=0.2322
    OK ch=1 v=0.2085
    OK ch=3 v=0.2503
    OK ch=7 v=0.2538
    OK ch=1 v=0.2127
    OK ch=3 v=0.2444
    OK ch=5 v=0.2660
    OK ch=1 v=0.2053
    OK ch=3 v=0.2465
    OK ch=5 v=0.2666
    OK ch=7 v=0.2558
    OK ch=1 v=0.2457
    OK ch=3 v=0.2578
    OK ch=5 v=0.2649
    OK ch=7 v=0.2550
    OK ch=1 v=0.2462
    OK ch=3 v=0.2550
    OK ch=5 v=0.2640
    OK ch=7 v=0.2562
    OK ch=1 v=0.2525
    OK ch=3 v=0.2562
    OK ch=5 v=0.2668
    OK ch=7 v=0.2539
    OK ch=1 v=0.2280
    OK ch=3 v=0.2519
    OK ch=5 v=0.2678
    OK ch=1 v=0.2308
    OK ch=3 v=0.2539
    OK ch=5 v=0.2684
    OK ch=1 v=0.2440
    OK ch=3 v=0.2578
    OK ch=5 v=0.2673
    OK ch=7 v=0.2552
    OK ch=1 v=0.2267
    OK ch=3 v=0.2545
    OK ch=5 v=0.2665
    OK ch=7 v=0.2558
    OK ch=1 v=0.2309
    OK ch=3 v=0.2477
    OK ch=5 v=0.2681
    OK ch=7 v=0.2536
    OK ch=1 v=0.2221
    OK ch=3 v=0.2509
    OK ch=7 v=0.2552
    OK ch=1 v=0.2299
    OK ch=3 v=0.2582
    OK ch=5 v=0.2651
    OK ch=7 v=0.2545
    OK ch=1 v=0.2518
    OK ch=3 v=0.2605
    OK ch=7 v=0.2572
    OK ch=1 v=0.2446
    OK ch=3 v=0.2503
    OK ch=5 v=0.2667
    OK ch=7 v=0.2549
    OK ch=1 v=0.2258
    OK ch=1 v=0.2455
    OK ch=3 v=0.2584
    OK ch=5 v=0.2655
    OK ch=7 v=0.2538
    OK ch=1 v=0.2285
    OK ch=3 v=0.2511
    OK ch=5 v=0.2646
    OK ch=7 v=0.2563
    OK ch=1 v=0.2270
    OK ch=3 v=0.2493
    OK ch=5 v=0.2628
    OK ch=7 v=0.2589
    OK ch=1 v=0.2047
    OK ch=3 v=0.2482
    OK ch=5 v=0.2642
    OK ch=7 v=0.2559
    OK ch=1 v=0.2404
    OK ch=3 v=0.2605
    OK ch=5 v=0.2618
    OK ch=7 v=0.2552
    OK ch=1 v=0.2579
    OK ch=3 v=0.2556
    OK ch=5 v=0.2611
    OK ch=7 v=0.2564
    OK ch=1 v=0.2466
    OK ch=3 v=0.2550
    OK ch=5 v=0.2629
    OK ch=1 v=0.2536
    OK ch=3 v=0.2568
    OK ch=5 v=0.2622
    OK ch=7 v=0.2585
    OK ch=1 v=0.2184
    OK ch=3 v=0.2524
    OK ch=5 v=0.2642
    OK ch=7 v=0.2556
    OK ch=1 v=0.2377
    OK ch=3 v=0.2518
    OK ch=7 v=0.2561
    OK ch=1 v=0.2662
    OK ch=3 v=0.2544
    OK ch=7 v=0.2548
    OK ch=1 v=0.2256
    OK ch=3 v=0.2524
    OK ch=5 v=0.2651
    OK ch=7 v=0.2571
    OK ch=1 v=0.2395
    OK ch=3 v=0.2556
    OK ch=7 v=0.2582

*** LOCKED -- 13.6s after gain was applied (t=216.8s total) ***

    OK ch=1 v=0.2267
    OK ch=3 v=0.2568
    OK ch=7 v=0.2588
    OK ch=1 v=0.2235
    OK ch=3 v=0.2524
    OK ch=5 v=0.2662
    OK ch=7 v=0.2556
    OK ch=1 v=0.1933
    OK ch=3 v=0.2434
    OK ch=5 v=0.2655
    OK ch=7 v=0.2546
    OK ch=1 v=0.2257
    OK ch=3 v=0.2512
    OK ch=1 v=0.2290
    OK ch=3 v=0.2579
    OK ch=5 v=0.2645
    OK ch=7 v=0.2524
    OK ch=1 v=0.2672
    OK ch=3 v=0.2644
    OK ch=5 v=0.2664
    OK ch=1 v=0.2256
    OK ch=3 v=0.2529
    OK ch=5 v=0.2676
    OK ch=7 v=0.2549
    OK ch=1 v=0.2403
    OK ch=7 v=0.2568
    OK ch=1 v=0.2048
    OK ch=3 v=0.2466
    OK ch=5 v=0.2669
    OK ch=7 v=0.2559
    OK ch=1 v=0.2308
    OK ch=3 v=0.2503
    OK ch=7 v=0.2543
    OK ch=1 v=0.2594
    OK ch=3 v=0.2554
    OK ch=5 v=0.2678
    OK ch=1 v=0.2332
    OK ch=5 v=0.2691
    OK ch=7 v=0.2559
    OK ch=1 v=0.2155
    OK ch=3 v=0.2496
    OK ch=7 v=0.2551
    OK ch=1 v=0.2302
    OK ch=3 v=0.2553
    OK ch=5 v=0.2653
    OK ch=1 v=0.2385
    OK ch=3 v=0.2538
    OK ch=7 v=0.2541
    OK ch=1 v=0.2620
    OK ch=3 v=0.2509
    OK ch=5 v=0.2660
    OK ch=7 v=0.2531
    OK ch=1 v=0.2329
    OK ch=7 v=0.2550
    OK ch=1 v=0.2449
    OK ch=3 v=0.2599
    OK ch=5 v=0.2667
    OK ch=7 v=0.2556
    OK ch=1 v=0.2233
    OK ch=3 v=0.2488
    OK ch=5 v=0.2651
    OK ch=1 v=0.2158
    OK ch=3 v=0.2541
    OK ch=5 v=0.2642
    OK ch=7 v=0.2571
    OK ch=1 v=0.2309
    OK ch=5 v=0.2632
    OK ch=7 v=0.2581
    OK ch=1 v=0.2405
    OK ch=3 v=0.2526
    OK ch=5 v=0.2624
    OK ch=7 v=0.2552
    OK ch=1 v=0.2311
    OK ch=3 v=0.2584
    OK ch=7 v=0.2546
    OK ch=1 v=0.2359
    OK ch=3 v=0.2557
    OK ch=5 v=0.2633
    OK ch=7 v=0.2560
    OK ch=1 v=0.2096
    OK ch=3 v=0.2436
    OK ch=5 v=0.2646
    OK ch=1 v=0.2257
    OK ch=3 v=0.2512
    OK ch=5 v=0.2626
    OK ch=7 v=0.2573
    OK ch=1 v=0.2516
    OK ch=3 v=0.2552
    OK ch=5 v=0.2641
    OK ch=7 v=0.2558
    OK ch=1 v=0.2420
    OK ch=3 v=0.2577
    OK ch=1 v=0.2248
    OK ch=3 v=0.2562
    OK ch=5 v=0.2654
    OK ch=7 v=0.2565
    OK ch=1 v=0.2284
    OK ch=3 v=0.2546
    OK ch=5 v=0.2671
    OK ch=1 v=0.2330
    OK ch=3 v=0.2527
    OK ch=5 v=0.2663
    OK ch=7 v=0.2575
    OK ch=1 v=0.2471
    OK ch=3 v=0.2501
    OK ch=5 v=0.2644
    OK ch=7 v=0.2570
    OK ch=1 v=0.2389
    OK ch=3 v=0.2577
    OK ch=5 v=0.2676
    OK ch=7 v=0.2563
    OK ch=1 v=0.2177
    OK ch=3 v=0.2505
    OK ch=5 v=0.2665
    OK ch=1 v=0.1975
    OK ch=3 v=0.2475
    OK ch=5 v=0.2645
    OK ch=7 v=0.2532
    OK ch=1 v=0.2419
    OK ch=3 v=0.2594
    OK ch=5 v=0.2636
    OK ch=7 v=0.2545
    OK ch=1 v=0.2198
    OK ch=3 v=0.2467
    OK ch=5 v=0.2647
    OK ch=7 v=0.2539
    OK ch=1 v=0.2512
    OK ch=3 v=0.2536
    OK ch=7 v=0.2533
    OK ch=1 v=0.2574
    OK ch=3 v=0.2561
    OK ch=5 v=0.2678
    OK ch=7 v=0.2562
    OK ch=1 v=0.2421
    OK ch=3 v=0.2523
    OK ch=5 v=0.2661
    OK ch=7 v=0.2545
    OK ch=1 v=0.2324
    OK ch=3 v=0.2532
    OK ch=5 v=0.2667
    OK ch=7 v=0.2558
    OK ch=1 v=0.2234
    OK ch=3 v=0.2511
    OK ch=7 v=0.2572
    OK ch=1 v=0.2219
    OK ch=3 v=0.2526
    OK ch=1 v=0.2062
    OK ch=3 v=0.2543
    OK ch=7 v=0.2556
    OK ch=1 v=0.2318
    OK ch=3 v=0.2560
    OK ch=7 v=0.2551
    OK ch=1 v=0.2057
    OK ch=3 v=0.2509
    OK ch=5 v=0.2649
    OK ch=7 v=0.2563
    OK ch=1 v=0.2459
    OK ch=3 v=0.2576
    OK ch=5 v=0.2633
    OK ch=7 v=0.2575
    OK ch=1 v=0.2252
    OK ch=3 v=0.2515
    OK ch=7 v=0.2547
    OK ch=1 v=0.2397
    OK ch=3 v=0.2580
    OK ch=5 v=0.2619
    OK ch=7 v=0.2556
    OK ch=1 v=0.2517
    OK ch=3 v=0.2566
    OK ch=5 v=0.2643
    OK ch=7 v=0.2546
    OK ch=3 v=0.2550
    OK ch=5 v=0.2653
    OK ch=7 v=0.2571
    OK ch=1 v=0.2013
    OK ch=3 v=0.2493
    OK ch=7 v=0.2560
    OK ch=1 v=0.2401
    OK ch=5 v=0.2643
    OK ch=1 v=0.2440
    OK ch=3 v=0.2542
    OK ch=5 v=0.2651
    OK ch=7 v=0.2554
    OK ch=1 v=0.2532
    OK ch=3 v=0.2593
    OK ch=1 v=0.2223
    OK ch=3 v=0.2522
    OK ch=5 v=0.2669
    OK ch=7 v=0.2531
    OK ch=1 v=0.2283
    OK ch=3 v=0.2533
    OK ch=5 v=0.2664
    OK ch=7 v=0.2567
    OK ch=1 v=0.2298
    OK ch=7 v=0.2546
    OK ch=1 v=0.2399
    OK ch=3 v=0.2545
    OK ch=5 v=0.2636
    OK ch=7 v=0.2556
    OK ch=1 v=0.2470
    OK ch=3 v=0.2486
    OK ch=5 v=0.2683
    OK ch=7 v=0.2548
    OK ch=1 v=0.2280
    OK ch=3 v=0.2526
    OK ch=7 v=0.2538
    OK ch=1 v=0.2158
    OK ch=3 v=0.2488
    OK ch=5 v=0.2656
    OK ch=1 v=0.2329
    OK ch=3 v=0.2564
    OK ch=5 v=0.2648
    OK ch=7 v=0.2571
    OK ch=1 v=0.2281
    OK ch=3 v=0.2502
    OK ch=5 v=0.2653
    OK ch=7 v=0.2562
    OK ch=1 v=0.2304
    OK ch=3 v=0.2549
    OK ch=5 v=0.2647
    OK ch=7 v=0.2605
    OK ch=1 v=0.2239
    OK ch=3 v=0.2518
    OK ch=5 v=0.2654
    OK ch=7 v=0.2537
    OK ch=1 v=0.2147
    OK ch=3 v=0.2472
    OK ch=5 v=0.2648
    OK ch=1 v=0.2258
    OK ch=3 v=0.2529
    OK ch=7 v=0.2547
    OK ch=1 v=0.2410
    OK ch=3 v=0.2499
    OK ch=5 v=0.2656
    OK ch=7 v=0.2527
    OK ch=1 v=0.2405
    OK ch=3 v=0.2576
    OK ch=5 v=0.2638
    OK ch=7 v=0.2556
    OK ch=1 v=0.2568
    OK ch=3 v=0.2611
    OK ch=7 v=0.2585
    OK ch=1 v=0.2475
    OK ch=3 v=0.2632
    OK ch=5 v=0.2666
    OK ch=7 v=0.2571
    OK ch=1 v=0.2455
    OK ch=3 v=0.2542
    OK ch=5 v=0.2648
    OK ch=7 v=0.2585
    OK ch=1 v=0.2529
    OK ch=3 v=0.2461
    OK ch=5 v=0.2653
    OK ch=7 v=0.2542
    OK ch=1 v=0.2323
    OK ch=3 v=0.2553
    OK ch=5 v=0.2648
    OK ch=1 v=0.2339
    OK ch=3 v=0.2588
    OK ch=5 v=0.2642
    OK ch=7 v=0.2590
    OK ch=1 v=0.2332
    OK ch=3 v=0.2564
    OK ch=7 v=0.2544
    OK ch=1 v=0.2229
    OK ch=3 v=0.2549
    OK ch=5 v=0.2635
    OK ch=7 v=0.2574
    OK ch=1 v=0.2131
    OK ch=3 v=0.2456
    OK ch=5 v=0.2628
    OK ch=7 v=0.2551
    OK ch=1 v=0.2046
    OK ch=3 v=0.2466
    OK ch=5 v=0.2638
    OK ch=7 v=0.2537
    OK ch=1 v=0.2198
    OK ch=3 v=0.2447
    OK ch=1 v=0.2447
    OK ch=3 v=0.2544
    OK ch=7 v=0.2557
    OK ch=1 v=0.2569
    OK ch=3 v=0.2613
    OK ch=5 v=0.2649
    OK ch=7 v=0.2562
    OK ch=1 v=0.2542
    OK ch=3 v=0.2557
    OK ch=5 v=0.2660
    OK ch=7 v=0.2550
    OK ch=1 v=0.2263
    OK ch=3 v=0.2527
    OK ch=5 v=0.2672
    OK ch=3 v=0.2583
    OK ch=5 v=0.2693
    OK ch=7 v=0.2564
    OK ch=1 v=0.2309
    OK ch=3 v=0.2605
    OK ch=5 v=0.2677
    OK ch=7 v=0.2554
    OK ch=1 v=0.2596
    OK ch=3 v=0.2571
    OK ch=5 v=0.2668
    OK ch=7 v=0.2564
    OK ch=1 v=0.2400
    OK ch=3 v=0.2503
    OK ch=1 v=0.2094
    OK ch=3 v=0.2483
    OK ch=5 v=0.2673
    OK ch=1 v=0.2254
    OK ch=3 v=0.2512
    OK ch=5 v=0.2662
    OK ch=1 v=0.2423
    OK ch=3 v=0.2561
    OK ch=7 v=0.2558
    OK ch=1 v=0.2583
    OK ch=3 v=0.2577
    OK ch=7 v=0.2545
    OK ch=1 v=0.2324
    OK ch=3 v=0.2532
    OK ch=5 v=0.2653
    OK ch=7 v=0.2556
    OK ch=1 v=0.2094
    OK ch=3 v=0.2462
    OK ch=7 v=0.2536
    OK ch=1 v=0.1994
    OK ch=3 v=0.2480
    OK ch=5 v=0.2642
    OK ch=1 v=0.2448
    OK ch=3 v=0.2560
    OK ch=5 v=0.2650
    OK ch=7 v=0.2556
    OK ch=1 v=0.2246
    OK ch=3 v=0.2525
    OK ch=5 v=0.2640
    OK ch=7 v=0.2550
    OK ch=1 v=0.2301
    OK ch=3 v=0.2545
    OK ch=1 v=0.2640
    OK ch=3 v=0.2559
    OK ch=5 v=0.2647
    OK ch=7 v=0.2565
    OK ch=1 v=0.2239
    OK ch=3 v=0.2531
    OK ch=7 v=0.2555
[  220.6s] DAMPING     ch0:LOCK g=-0.0300 bp=-0.022V ratio=0.12  ch1:LOCK g=-0.0300 bp=-0.001V ratio=0.07  ch2:LOCK g=+0.0100 bp=-0.002V ratio=0.03  ch3:LOCK g=-0.0300 bp=-0.004V ratio=0.03
    OK ch=1 v=0.2130
    OK ch=3 v=0.2479
    OK ch=5 v=0.2667
    OK ch=1 v=0.2162
    OK ch=3 v=0.2529
    OK ch=5 v=0.2656
    OK ch=7 v=0.2567
    OK ch=1 v=0.2506
    OK ch=3 v=0.2567
    OK ch=5 v=0.2646
    OK ch=7 v=0.2578
    OK ch=1 v=0.2386
    OK ch=3 v=0.2586
    OK ch=7 v=0.2572
    OK ch=1 v=0.2482
    OK ch=3 v=0.2514
    OK ch=5 v=0.2631
    OK ch=7 v=0.2542
    OK ch=1 v=0.2491
    OK ch=3 v=0.2549
    OK ch=5 v=0.2651
    OK ch=7 v=0.2574
    OK ch=1 v=0.2456
    OK ch=3 v=0.2538
    OK ch=5 v=0.2656
    OK ch=7 v=0.2550
    OK ch=1 v=0.2179
    OK ch=3 v=0.2475
    OK ch=5 v=0.2644
    OK ch=7 v=0.2559
    OK ch=1 v=0.2272
    OK ch=3 v=0.2531
    OK ch=5 v=0.2652
    OK ch=7 v=0.2536
    OK ch=1 v=0.2357
    OK ch=3 v=0.2473
    OK ch=7 v=0.2551
    OK ch=1 v=0.2486
    OK ch=3 v=0.2528
    OK ch=1 v=0.2235
    OK ch=3 v=0.2520
    OK ch=7 v=0.2545
    OK ch=1 v=0.2068
    OK ch=3 v=0.2486
    OK ch=5 v=0.2658
    OK ch=7 v=0.2556
    OK ch=1 v=0.2332
    OK ch=3 v=0.2567
    OK ch=5 v=0.2638
    OK ch=1 v=0.2457
    OK ch=3 v=0.2587
    OK ch=1 v=0.2201
    OK ch=3 v=0.2536
    OK ch=5 v=0.2661
    OK ch=7 v=0.2536
    OK ch=1 v=0.2225
    OK ch=3 v=0.2494
    OK ch=1 v=0.2447
    OK ch=3 v=0.2586
    OK ch=7 v=0.2573
    OK ch=1 v=0.2396
    OK ch=3 v=0.2536
    OK ch=5 v=0.2673
    OK ch=1 v=0.2343
    OK ch=7 v=0.2592
    OK ch=1 v=0.2399
    OK ch=3 v=0.2558
    OK ch=1 v=0.2568
    OK ch=3 v=0.2584
    OK ch=5 v=0.2664
    OK ch=7 v=0.2571
    OK ch=1 v=0.2174
    OK ch=3 v=0.2529
    OK ch=7 v=0.2546
    OK ch=1 v=0.2480
    OK ch=3 v=0.2567
    OK ch=7 v=0.2556
    OK ch=1 v=0.2463
    OK ch=5 v=0.2636
    OK ch=7 v=0.2570
    OK ch=1 v=0.2217
    OK ch=3 v=0.2532
    OK ch=5 v=0.2654
    OK ch=7 v=0.2545
    OK ch=1 v=0.2474
    OK ch=5 v=0.2644
    OK ch=7 v=0.2554
    OK ch=1 v=0.2185
    OK ch=3 v=0.2509
    OK ch=5 v=0.2631
    OK ch=7 v=0.2568
    OK ch=1 v=0.2454
    OK ch=3 v=0.2546
    OK ch=5 v=0.2637
    OK ch=7 v=0.2543
    OK ch=1 v=0.2341
    OK ch=3 v=0.2582
    OK ch=5 v=0.2645
    OK ch=7 v=0.2508
    OK ch=1 v=0.2406
    OK ch=3 v=0.2535
    OK ch=5 v=0.2631
    OK ch=7 v=0.2555
    OK ch=1 v=0.2039
    OK ch=3 v=0.2465
    OK ch=5 v=0.2639
    OK ch=7 v=0.2565
    OK ch=1 v=0.2332
    OK ch=3 v=0.2569
    OK ch=7 v=0.2576
    OK ch=1 v=0.2319
    OK ch=3 v=0.2507
    OK ch=5 v=0.2652
    OK ch=1 v=0.2560
    OK ch=3 v=0.2546
    OK ch=5 v=0.2676
    OK ch=7 v=0.2567
    OK ch=1 v=0.2387
    OK ch=3 v=0.2617
    OK ch=7 v=0.2572
    OK ch=1 v=0.2458
    OK ch=3 v=0.2531
    OK ch=5 v=0.2658
    OK ch=7 v=0.2556
    OK ch=1 v=0.2250
    OK ch=3 v=0.2498
    OK ch=5 v=0.2677
    OK ch=1 v=0.2508
    OK ch=3 v=0.2465
    OK ch=5 v=0.2665
    OK ch=7 v=0.2563
    OK ch=1 v=0.2105
    OK ch=3 v=0.2482
    OK ch=1 v=0.2347
    OK ch=3 v=0.2506
    OK ch=5 v=0.2659
    OK ch=1 v=0.2603
    OK ch=3 v=0.2632
    OK ch=5 v=0.2648
    OK ch=7 v=0.2535
    OK ch=1 v=0.2334
    OK ch=3 v=0.2570
    OK ch=1 v=0.2004
    OK ch=3 v=0.2436
    OK ch=5 v=0.2653
    OK ch=7 v=0.2528
    OK ch=1 v=0.2217
    OK ch=3 v=0.2502
    OK ch=5 v=0.2636
    OK ch=7 v=0.2547
    OK ch=1 v=0.2126
    OK ch=3 v=0.2479
    OK ch=7 v=0.2531
    OK ch=3 v=0.2493
    OK ch=5 v=0.2652
    OK ch=7 v=0.2537
    OK ch=1 v=0.2376
    OK ch=3 v=0.2534
    OK ch=5 v=0.2642
    OK ch=7 v=0.2545
    OK ch=1 v=0.2462
    OK ch=3 v=0.2499
    OK ch=5 v=0.2632
    OK ch=7 v=0.2553
    OK ch=1 v=0.2298
    OK ch=3 v=0.2531
    OK ch=5 v=0.2659
    OK ch=7 v=0.2568
    OK ch=1 v=0.2587
    OK ch=3 v=0.2633
    OK ch=1 v=0.2484
    OK ch=3 v=0.2609
    OK ch=7 v=0.2578
    OK ch=1 v=0.2382
    OK ch=3 v=0.2580
    OK ch=5 v=0.2667
    OK ch=7 v=0.2588
    OK ch=1 v=0.2404
    OK ch=3 v=0.2589
    OK ch=5 v=0.2650
    OK ch=7 v=0.2602
    OK ch=1 v=0.2180
    OK ch=3 v=0.2498
    OK ch=5 v=0.2686
    OK ch=7 v=0.2564
    OK ch=1 v=0.2319
    OK ch=3 v=0.2550
    OK ch=5 v=0.2659
    OK ch=1 v=0.2253
    OK ch=3 v=0.2494
    OK ch=5 v=0.2645
    OK ch=7 v=0.2537
    OK ch=1 v=0.2440
    OK ch=3 v=0.2539
    OK ch=5 v=0.2631
    OK ch=7 v=0.2548
    OK ch=1 v=0.2528
    OK ch=3 v=0.2498
    OK ch=5 v=0.2637
    OK ch=7 v=0.2540
    OK ch=1 v=0.2051
    OK ch=3 v=0.2468
    OK ch=7 v=0.2521
    OK ch=1 v=0.2012
    OK ch=5 v=0.2643
    OK ch=7 v=0.2540
    OK ch=1 v=0.2453
    OK ch=3 v=0.2524
    OK ch=5 v=0.2635
    OK ch=7 v=0.2561
    OK ch=1 v=0.2270
    OK ch=3 v=0.2532
    OK ch=5 v=0.2641
    OK ch=1 v=0.2258
    OK ch=3 v=0.2524
    OK ch=5 v=0.2660
    OK ch=7 v=0.2552
    OK ch=1 v=0.2416
    OK ch=3 v=0.2609
    OK ch=7 v=0.2563
    OK ch=1 v=0.2619
    OK ch=5 v=0.2667
    OK ch=1 v=0.2283
    OK ch=3 v=0.2507
    OK ch=7 v=0.2550
    OK ch=1 v=0.2169
    OK ch=3 v=0.2492
    OK ch=5 v=0.2675
    OK ch=1 v=0.2046
    OK ch=3 v=0.2512
    OK ch=7 v=0.2585
    OK ch=1 v=0.2208
    OK ch=3 v=0.2547
    OK ch=5 v=0.2668
    OK ch=7 v=0.2550
    OK ch=1 v=0.2359
    OK ch=3 v=0.2575
    OK ch=1 v=0.2624
    OK ch=3 v=0.2560
    OK ch=5 v=0.2641
    OK ch=7 v=0.2568
    OK ch=1 v=0.2491
    OK ch=3 v=0.2533
    OK ch=5 v=0.2656
    OK ch=7 v=0.2545
    OK ch=1 v=0.2235
    OK ch=3 v=0.2492
    OK ch=5 v=0.2662
    OK ch=7 v=0.2567
    OK ch=1 v=0.2432
    OK ch=3 v=0.2592
    OK ch=5 v=0.2640
    OK ch=1 v=0.2346
    OK ch=3 v=0.2533
    OK ch=5 v=0.2646
    OK ch=7 v=0.2552
    OK ch=1 v=0.2449
    OK ch=3 v=0.2483
    OK ch=1 v=0.2363
    OK ch=5 v=0.2651
    OK ch=7 v=0.2538
    OK ch=1 v=0.2586
    OK ch=3 v=0.2533
    OK ch=7 v=0.2551
    OK ch=1 v=0.2365
    OK ch=3 v=0.2523
    OK ch=7 v=0.2544
    OK ch=1 v=0.2162
    OK ch=3 v=0.2512
    OK ch=5 v=0.2640
    OK ch=7 v=0.2570
    OK ch=1 v=0.2309
    OK ch=3 v=0.2575
    OK ch=5 v=0.2655
    OK ch=7 v=0.2560
    OK ch=1 v=0.2158
    OK ch=3 v=0.2525
    OK ch=5 v=0.2645
    OK ch=1 v=0.2196
    OK ch=3 v=0.2495
    OK ch=5 v=0.2633
    OK ch=7 v=0.2568
    OK ch=1 v=0.2501
    OK ch=3 v=0.2560
    OK ch=5 v=0.2639
    OK ch=7 v=0.2543
    OK ch=1 v=0.2300
    OK ch=3 v=0.2539
    OK ch=5 v=0.2653
    OK ch=7 v=0.2555
    OK ch=1 v=0.2164
    OK ch=3 v=0.2476
    OK ch=1 v=0.2362
    OK ch=3 v=0.2523
    OK ch=5 v=0.2643
    OK ch=7 v=0.2581
    OK ch=1 v=0.2631
    OK ch=3 v=0.2637
    OK ch=5 v=0.2650
    OK ch=1 v=0.2289
    OK ch=3 v=0.2546
    OK ch=5 v=0.2659
    OK ch=7 v=0.2561
    OK ch=1 v=0.2252
    OK ch=3 v=0.2598
    OK ch=5 v=0.2671
    OK ch=7 v=0.2553
    OK ch=1 v=0.2447
    OK ch=3 v=0.2501
    OK ch=5 v=0.2653
    OK ch=1 v=0.2149
    OK ch=3 v=0.2420
    OK ch=5 v=0.2643
    OK ch=7 v=0.2529
    OK ch=1 v=0.2404
    OK ch=3 v=0.2512
    OK ch=5 v=0.2650
    OK ch=7 v=0.2510
    OK ch=1 v=0.2427
    OK ch=3 v=0.2527
    OK ch=7 v=0.2570
    OK ch=1 v=0.2261
    OK ch=3 v=0.2545
    OK ch=1 v=0.2428
    OK ch=3 v=0.2571
    OK ch=5 v=0.2662
    OK ch=7 v=0.2564
    OK ch=1 v=0.2025
    OK ch=3 v=0.2533
    OK ch=5 v=0.2654
    OK ch=7 v=0.2549
    OK ch=1 v=0.2319
    OK ch=3 v=0.2503
    OK ch=5 v=0.2665
    OK ch=1 v=0.2301
    OK ch=3 v=0.2519
    OK ch=7 v=0.2576
    OK ch=1 v=0.2214
    OK ch=5 v=0.2658
    OK ch=7 v=0.2541
    OK ch=1 v=0.2543
    OK ch=3 v=0.2581
    OK ch=1 v=0.2532
    OK ch=3 v=0.2563
    OK ch=5 v=0.2673
    OK ch=7 v=0.2575
    OK ch=1 v=0.2481
    OK ch=3 v=0.2593
    OK ch=5 v=0.2655
    OK ch=7 v=0.2570
    OK ch=1 v=0.2230
    OK ch=3 v=0.2507
    OK ch=5 v=0.2663
    OK ch=7 v=0.2565
    OK ch=1 v=0.2274
    OK ch=3 v=0.2522
    OK ch=5 v=0.2647
    OK ch=7 v=0.2537
    OK ch=1 v=0.2418
    OK ch=3 v=0.2574
    OK ch=5 v=0.2652
    OK ch=1 v=0.2392
    OK ch=3 v=0.2558
    OK ch=7 v=0.2581
    OK ch=1 v=0.2343
    OK ch=3 v=0.2498
    OK ch=5 v=0.2646
    OK ch=1 v=0.2290
    OK ch=3 v=0.2541
    OK ch=5 v=0.2627
    OK ch=7 v=0.2587
    OK ch=1 v=0.2477
    OK ch=3 v=0.2547
    OK ch=5 v=0.2640
    OK ch=7 v=0.2553
    OK ch=1 v=0.2467
    OK ch=3 v=0.2484
    OK ch=7 v=0.2535
    OK ch=1 v=0.2423
    OK ch=3 v=0.2533
    OK ch=5 v=0.2634
    OK ch=7 v=0.2561
    OK ch=1 v=0.2175
    OK ch=3 v=0.2523
    OK ch=5 v=0.2649
    OK ch=1 v=0.2113
    OK ch=3 v=0.2512
    OK ch=5 v=0.2661
    OK ch=7 v=0.2551
    OK ch=1 v=0.2294
    OK ch=3 v=0.2564
    OK ch=5 v=0.2648
    OK ch=7 v=0.2561
    OK ch=1 v=0.2353
    OK ch=1 v=0.2398
    OK ch=3 v=0.2541
    OK ch=1 v=0.2209
    OK ch=3 v=0.2489
    OK ch=5 v=0.2657
    OK ch=1 v=0.2053
    OK ch=3 v=0.2445
    OK ch=7 v=0.2545
    OK ch=1 v=0.2490
    OK ch=3 v=0.2507
    OK ch=5 v=0.2671
    OK ch=1 v=0.2611
    OK ch=3 v=0.2615
    OK ch=1 v=0.2387
    OK ch=3 v=0.2567
    OK ch=5 v=0.2665
    OK ch=7 v=0.2562
    OK ch=1 v=0.2304
    OK ch=3 v=0.2540
    OK ch=5 v=0.2658
    OK ch=1 v=0.1970
    OK ch=3 v=0.2484
    OK ch=5 v=0.2681
    OK ch=7 v=0.2587
    OK ch=1 v=0.2242
    OK ch=3 v=0.2476
    OK ch=5 v=0.2648
    OK ch=7 v=0.2558
    OK ch=1 v=0.2564
    OK ch=3 v=0.2601
    OK ch=5 v=0.2643
    OK ch=7 v=0.2551
    OK ch=1 v=0.2474
    OK ch=3 v=0.2612
    OK ch=5 v=0.2651
    OK ch=7 v=0.2539
    OK ch=1 v=0.2115
    OK ch=3 v=0.2480
    OK ch=5 v=0.2666
    OK ch=7 v=0.2566
    OK ch=1 v=0.2418
    OK ch=3 v=0.2531
    OK ch=5 v=0.2656
    OK ch=7 v=0.2544
    OK ch=1 v=0.2538
    OK ch=3 v=0.2507
    OK ch=7 v=0.2533
    OK ch=1 v=0.2359
    OK ch=3 v=0.2497
    OK ch=5 v=0.2665
    OK ch=1 v=0.2350
    OK ch=3 v=0.2565
    OK ch=5 v=0.2650
[  225.7s] DAMPING     ch0:LOCK g=-0.0300 bp=+0.020V ratio=0.10  ch1:LOCK g=-0.0300 bp=+0.001V ratio=0.05  ch2:LOCK g=+0.0100 bp=-0.009V ratio=0.02  ch3:LOCK g=-0.0300 bp=-0.007V ratio=0.03
    OK ch=1 v=0.2292
    OK ch=3 v=0.2550
    OK ch=7 v=0.2550
    OK ch=1 v=0.2034
    OK ch=3 v=0.2518
    OK ch=7 v=0.2558
    OK ch=1 v=0.2242
    OK ch=3 v=0.2490
    OK ch=5 v=0.2656
    OK ch=1 v=0.2228
    OK ch=3 v=0.2495
    OK ch=5 v=0.2651
    OK ch=7 v=0.2584
    OK ch=1 v=0.2395
    OK ch=3 v=0.2547
    OK ch=5 v=0.2638
    OK ch=7 v=0.2569
    OK ch=1 v=0.2408
    OK ch=3 v=0.2541
    OK ch=7 v=0.2550
    OK ch=1 v=0.2510
    OK ch=3 v=0.2550
    OK ch=5 v=0.2647
    OK ch=7 v=0.2560
    OK ch=1 v=0.2437
    OK ch=3 v=0.2582
    OK ch=7 v=0.2573
    OK ch=1 v=0.2498
    OK ch=3 v=0.2551
    OK ch=7 v=0.2547
    OK ch=1 v=0.2272
    OK ch=3 v=0.2502
    OK ch=5 v=0.2654
    OK ch=7 v=0.2566
    OK ch=1 v=0.2198
    OK ch=3 v=0.2570
    OK ch=5 v=0.2643
    OK ch=1 v=0.2099
    OK ch=3 v=0.2536
    OK ch=5 v=0.2638
    OK ch=1 v=0.2187
    OK ch=3 v=0.2478
    OK ch=5 v=0.2655
    OK ch=7 v=0.2525
    OK ch=1 v=0.2614
    OK ch=3 v=0.2541
    OK ch=5 v=0.2646
    OK ch=7 v=0.2572
    OK ch=1 v=0.2384
    OK ch=3 v=0.2515
    OK ch=5 v=0.2635
    OK ch=7 v=0.2564
    OK ch=1 v=0.2088
    OK ch=3 v=0.2505
    OK ch=5 v=0.2660
    OK ch=7 v=0.2547
    OK ch=1 v=0.2181
    OK ch=3 v=0.2549
    OK ch=5 v=0.2668
    OK ch=7 v=0.2570
    OK ch=1 v=0.2443
    OK ch=3 v=0.2517
    OK ch=5 v=0.2676
    OK ch=7 v=0.2546
    OK ch=1 v=0.2483
    OK ch=3 v=0.2541
    OK ch=5 v=0.2649
    OK ch=7 v=0.2556
    OK ch=1 v=0.2344
    OK ch=3 v=0.2554
    OK ch=7 v=0.2546
    OK ch=1 v=0.2111
    OK ch=3 v=0.2527
    OK ch=5 v=0.2664
    OK ch=7 v=0.2559
    OK ch=1 v=0.2405
    OK ch=3 v=0.2535
    OK ch=1 v=0.2180
    OK ch=3 v=0.2500
    OK ch=5 v=0.2654
    OK ch=7 v=0.2547
    OK ch=1 v=0.2399
    OK ch=3 v=0.2547
    OK ch=5 v=0.2643
    OK ch=7 v=0.2556
    OK ch=1 v=0.2588
    OK ch=3 v=0.2597
    OK ch=5 v=0.2648
    OK ch=7 v=0.2571
    OK ch=1 v=0.2531
    OK ch=3 v=0.2560
    OK ch=7 v=0.2545
    OK ch=1 v=0.2426
    OK ch=3 v=0.2520
    OK ch=5 v=0.2658
    OK ch=1 v=0.2437
    OK ch=1 v=0.2220
    OK ch=3 v=0.2473
    OK ch=7 v=0.2527
    OK ch=1 v=0.2183
    OK ch=3 v=0.2524
    OK ch=5 v=0.2648
    OK ch=7 v=0.2562
    OK ch=1 v=0.2227
    OK ch=3 v=0.2504
    OK ch=5 v=0.2654
    OK ch=7 v=0.2545
    OK ch=1 v=0.2365
    OK ch=3 v=0.2558
    OK ch=5 v=0.2648
    OK ch=1 v=0.2536
    OK ch=3 v=0.2585
    OK ch=5 v=0.2642
    OK ch=7 v=0.2586
    OK ch=1 v=0.2339
    OK ch=3 v=0.2538
    OK ch=5 v=0.2658
    OK ch=7 v=0.2551
    OK ch=1 v=0.2249
    OK ch=3 v=0.2503
    OK ch=5 v=0.2646
    OK ch=7 v=0.2558
    OK ch=1 v=0.2295
    OK ch=3 v=0.2496
    OK ch=7 v=0.2594
    OK ch=1 v=0.2158
    OK ch=5 v=0.2656
    OK ch=7 v=0.2566
    OK ch=1 v=0.2291
    OK ch=3 v=0.2516
    OK ch=5 v=0.2651
    OK ch=7 v=0.2532
    OK ch=1 v=0.2274
    OK ch=3 v=0.2565
    OK ch=5 v=0.2638
    OK ch=7 v=0.2555
    OK ch=1 v=0.2215
    OK ch=3 v=0.2539
    OK ch=5 v=0.2649
    OK ch=7 v=0.2548
    OK ch=1 v=0.2450
    OK ch=3 v=0.2603
    OK ch=1 v=0.2197
    OK ch=3 v=0.2509
    OK ch=5 v=0.2667
    OK ch=1 v=0.2416
    OK ch=3 v=0.2515
    OK ch=5 v=0.2661
    OK ch=7 v=0.2541
    OK ch=1 v=0.2363
    OK ch=3 v=0.2569
    OK ch=5 v=0.2650
    OK ch=7 v=0.2579
    OK ch=1 v=0.2564
    OK ch=7 v=0.2567
    OK ch=1 v=0.2342
    OK ch=3 v=0.2521
    OK ch=7 v=0.2550
    OK ch=1 v=0.2273
    OK ch=3 v=0.2473
    OK ch=5 v=0.2664
    OK ch=7 v=0.2534
    OK ch=1 v=0.2216
    OK ch=3 v=0.2516
    OK ch=7 v=0.2550
    OK ch=1 v=0.2335
    OK ch=3 v=0.2577
    OK ch=5 v=0.2651
    OK ch=7 v=0.2567
    OK ch=1 v=0.2374
    OK ch=3 v=0.2517
    OK ch=7 v=0.2579
    OK ch=1 v=0.2585
    OK ch=3 v=0.2557
    OK ch=5 v=0.2666
    OK ch=7 v=0.2562
    OK ch=1 v=0.2474
    OK ch=3 v=0.2535
    OK ch=7 v=0.2544
    OK ch=1 v=0.2384
    OK ch=3 v=0.2518
    OK ch=5 v=0.2652
    OK ch=7 v=0.2556
    OK ch=1 v=0.2254
    OK ch=5 v=0.2643
    OK ch=7 v=0.2547
    OK ch=1 v=0.2080
    OK ch=3 v=0.2511
    OK ch=5 v=0.2651
    OK ch=7 v=0.2524
    OK ch=1 v=0.2031
    OK ch=3 v=0.2482
    OK ch=7 v=0.2554
    OK ch=1 v=0.2072
    OK ch=5 v=0.2641
    OK ch=1 v=0.2434
    OK ch=3 v=0.2549
    OK ch=5 v=0.2623
    OK ch=1 v=0.2406
    OK ch=5 v=0.2640
    OK ch=1 v=0.2413
    OK ch=3 v=0.2509
    OK ch=7 v=0.2578
    OK ch=1 v=0.2387
    OK ch=3 v=0.2528
    OK ch=5 v=0.2646
    OK ch=7 v=0.2569
    OK ch=1 v=0.2539
    OK ch=3 v=0.2560
    OK ch=7 v=0.2563
    OK ch=1 v=0.2368
    OK ch=3 v=0.2571
    OK ch=5 v=0.2653
    OK ch=1 v=0.2134
    OK ch=3 v=0.2528
    OK ch=5 v=0.2667
    OK ch=7 v=0.2570
    OK ch=1 v=0.2424
    OK ch=3 v=0.2613
    OK ch=7 v=0.2591
    OK ch=1 v=0.2603
    OK ch=3 v=0.2584
    OK ch=5 v=0.2661
    OK ch=7 v=0.2549
    OK ch=1 v=0.2187
    OK ch=3 v=0.2487
    OK ch=5 v=0.2650
    OK ch=7 v=0.2540
    OK ch=1 v=0.2473
    OK ch=3 v=0.2565
    OK ch=5 v=0.2655
    OK ch=7 v=0.2555
    OK ch=1 v=0.2241
    OK ch=3 v=0.2486
    OK ch=7 v=0.2547
    OK ch=1 v=0.2205
    OK ch=3 v=0.2470
    OK ch=5 v=0.2647
    OK ch=7 v=0.2535
    OK ch=1 v=0.2405
    OK ch=3 v=0.2512
    OK ch=1 v=0.2452
    OK ch=3 v=0.2582
    OK ch=7 v=0.2567
    OK ch=1 v=0.2508
    OK ch=3 v=0.2561
    OK ch=5 v=0.2663
    OK ch=7 v=0.2575
    OK ch=1 v=0.2246
    OK ch=5 v=0.2675
    OK ch=7 v=0.2582
    OK ch=1 v=0.1858
    OK ch=3 v=0.2502
    OK ch=5 v=0.2670
    OK ch=7 v=0.2564
    OK ch=1 v=0.2469
    OK ch=3 v=0.2522
    OK ch=5 v=0.2642
    OK ch=7 v=0.2545
    OK ch=1 v=0.2653
    OK ch=3 v=0.2577
    OK ch=5 v=0.2647
    OK ch=7 v=0.2556
    OK ch=1 v=0.2255
    OK ch=3 v=0.2536
    OK ch=5 v=0.2656
    OK ch=7 v=0.2547
    OK ch=1 v=0.2182
    OK ch=3 v=0.2561
    OK ch=7 v=0.2537
    OK ch=1 v=0.2332
    OK ch=5 v=0.2648
    OK ch=7 v=0.2553
    OK ch=1 v=0.2392
    OK ch=3 v=0.2500
    OK ch=7 v=0.2558
    OK ch=3 v=0.2531
    OK ch=5 v=0.2636
    OK ch=7 v=0.2571
    OK ch=1 v=0.2369
    OK ch=5 v=0.2646
    OK ch=7 v=0.2558
    OK ch=1 v=0.2054
    OK ch=3 v=0.2515
    OK ch=5 v=0.2664
    OK ch=1 v=0.2498
    OK ch=3 v=0.2565
    OK ch=5 v=0.2645
    OK ch=7 v=0.2566
    OK ch=1 v=0.2335
    OK ch=3 v=0.2506
    OK ch=7 v=0.2553
    OK ch=1 v=0.2305
    OK ch=3 v=0.2539
    OK ch=7 v=0.2540
    OK ch=1 v=0.1984
    OK ch=3 v=0.2545
    OK ch=5 v=0.2657
    OK ch=7 v=0.2565
    OK ch=1 v=0.2181
    OK ch=3 v=0.2484
    OK ch=5 v=0.2645
    OK ch=1 v=0.2483
    OK ch=3 v=0.2534
    OK ch=5 v=0.2632
    OK ch=7 v=0.2589
    OK ch=1 v=0.2651
    OK ch=3 v=0.2582
    OK ch=5 v=0.2651
    OK ch=7 v=0.2547
    OK ch=1 v=0.2418
    OK ch=3 v=0.2515
    OK ch=5 v=0.2668
    OK ch=7 v=0.2519
    OK ch=1 v=0.2494
    OK ch=3 v=0.2567
    OK ch=7 v=0.2561
    OK ch=1 v=0.2269
    OK ch=3 v=0.2532
    OK ch=5 v=0.2674
    OK ch=7 v=0.2581
    OK ch=3 v=0.2488
    OK ch=5 v=0.2686
    OK ch=7 v=0.2530
    OK ch=1 v=0.2352
    OK ch=3 v=0.2564
    OK ch=5 v=0.2657
    OK ch=7 v=0.2564
    OK ch=1 v=0.2074
    OK ch=3 v=0.2479
    OK ch=7 v=0.2570
    OK ch=1 v=0.2123
    OK ch=3 v=0.2468
    OK ch=7 v=0.2555
    OK ch=1 v=0.2341
    OK ch=3 v=0.2508
    OK ch=5 v=0.2643
    OK ch=7 v=0.2540
    OK ch=1 v=0.2306
    OK ch=3 v=0.2530
    OK ch=5 v=0.2630
    OK ch=7 v=0.2553
    OK ch=1 v=0.2629
    OK ch=3 v=0.2584
    OK ch=1 v=0.2336
    OK ch=3 v=0.2540
    OK ch=5 v=0.2648
    OK ch=7 v=0.2546
    OK ch=1 v=0.2377
    OK ch=3 v=0.2533
    OK ch=7 v=0.2569
    OK ch=1 v=0.2623
    OK ch=3 v=0.2557
    OK ch=7 v=0.2546
    OK ch=1 v=0.2338
    OK ch=3 v=0.2580
    OK ch=7 v=0.2567
    OK ch=1 v=0.2091
    OK ch=3 v=0.2525
    OK ch=7 v=0.2546
    OK ch=1 v=0.2223
    OK ch=7 v=0.2567
    OK ch=1 v=0.2333
    OK ch=3 v=0.2561
    OK ch=7 v=0.2582
    OK ch=1 v=0.2363
    OK ch=3 v=0.2543
    OK ch=1 v=0.2236
    OK ch=3 v=0.2489
    OK ch=5 v=0.2659
    OK ch=7 v=0.2551
    OK ch=1 v=0.2241
    OK ch=3 v=0.2498
    OK ch=7 v=0.2543
    OK ch=1 v=0.2090
    OK ch=3 v=0.2462
    OK ch=1 v=0.2563
    OK ch=3 v=0.2598
    OK ch=5 v=0.2649
    OK ch=1 v=0.2603
    OK ch=3 v=0.2603
    OK ch=5 v=0.2639
    OK ch=7 v=0.2563
    OK ch=1 v=0.2473
    OK ch=3 v=0.2545
    OK ch=5 v=0.2661
    OK ch=1 v=0.2262
    OK ch=3 v=0.2530
    OK ch=5 v=0.2669
    OK ch=7 v=0.2550
    OK ch=1 v=0.1802
    OK ch=3 v=0.2457
    OK ch=5 v=0.2664
    OK ch=7 v=0.2572
    OK ch=1 v=0.2413
    OK ch=3 v=0.2541
    OK ch=5 v=0.2651
    OK ch=7 v=0.2547
    OK ch=1 v=0.2402
    OK ch=3 v=0.2555
    OK ch=7 v=0.2534
    OK ch=1 v=0.2206
    OK ch=3 v=0.2517
    OK ch=7 v=0.2549
    OK ch=1 v=0.2494
    OK ch=5 v=0.2657
    OK ch=7 v=0.2544
    OK ch=1 v=0.2504
    OK ch=3 v=0.2541
    OK ch=5 v=0.2650
    OK ch=1 v=0.2353
    OK ch=3 v=0.2559
    OK ch=5 v=0.2662
    OK ch=7 v=0.2538
    OK ch=1 v=0.2389
    OK ch=3 v=0.2566
    OK ch=5 v=0.2674
    OK ch=7 v=0.2555
    OK ch=1 v=0.2455
    OK ch=5 v=0.2654
    OK ch=7 v=0.2571
    OK ch=1 v=0.2443
    OK ch=3 v=0.2521
    OK ch=5 v=0.2663
    OK ch=7 v=0.2583
    OK ch=1 v=0.2351
    OK ch=5 v=0.2673
    OK ch=7 v=0.2553
    OK ch=1 v=0.2394
    OK ch=3 v=0.2539
    OK ch=5 v=0.2648
    OK ch=7 v=0.2572
    OK ch=1 v=0.2133
    OK ch=3 v=0.2505
    OK ch=1 v=0.2002
    OK ch=3 v=0.2527
    OK ch=1 v=0.2479
    OK ch=3 v=0.2583
    OK ch=5 v=0.2637
    OK ch=7 v=0.2564
    OK ch=1 v=0.2436
    OK ch=3 v=0.2514
    OK ch=7 v=0.2547
    OK ch=1 v=0.2507
    OK ch=3 v=0.2578
    OK ch=5 v=0.2626
    OK ch=1 v=0.2296
    OK ch=3 v=0.2522
    OK ch=5 v=0.2638
[  230.7s] DAMPING     ch0:LOCK g=-0.0300 bp=+0.019V ratio=0.10  ch1:LOCK g=-0.0300 bp=+0.003V ratio=0.05  ch2:LOCK g=+0.0100 bp=+0.004V ratio=0.02  ch3:LOCK g=-0.0300 bp=+0.000V ratio=0.03
    OK ch=1 v=0.2129
    OK ch=3 v=0.2474
    OK ch=7 v=0.2563
    OK ch=1 v=0.2249
    OK ch=3 v=0.2538
    OK ch=7 v=0.2577
    OK ch=1 v=0.2412
    OK ch=5 v=0.2646
    OK ch=7 v=0.2538
    OK ch=1 v=0.2792
    OK ch=3 v=0.2552
    OK ch=7 v=0.2533
    OK ch=1 v=0.2305
    OK ch=3 v=0.2502
    OK ch=5 v=0.2641
    OK ch=7 v=0.2562
    OK ch=1 v=0.2291
    OK ch=3 v=0.2594
    OK ch=7 v=0.2591
    OK ch=1 v=0.2415
    OK ch=3 v=0.2558
    OK ch=5 v=0.2664
    OK ch=7 v=0.2574
    OK ch=1 v=0.2144
    OK ch=3 v=0.2493
    OK ch=7 v=0.2540
    OK ch=1 v=0.2170
    OK ch=3 v=0.2528
    OK ch=7 v=0.2549
    OK ch=1 v=0.2107
    OK ch=7 v=0.2577
    OK ch=1 v=0.2123
    OK ch=3 v=0.2503
    OK ch=5 v=0.2651
    OK ch=7 v=0.2555
    OK ch=1 v=0.2342
    OK ch=3 v=0.2542
    OK ch=5 v=0.2642
    OK ch=7 v=0.2548
    OK ch=1 v=0.2443
    OK ch=3 v=0.2569
    OK ch=5 v=0.2657
    OK ch=7 v=0.2538
    OK ch=1 v=0.2589
    OK ch=5 v=0.2663
    OK ch=7 v=0.2531
    OK ch=1 v=0.2039
    OK ch=3 v=0.2488
    OK ch=5 v=0.2680
    OK ch=7 v=0.2550
    OK ch=1 v=0.2462
    OK ch=3 v=0.2531
    OK ch=5 v=0.2665
    OK ch=1 v=0.2616
    OK ch=3 v=0.2575
    OK ch=7 v=0.2560
    OK ch=1 v=0.2276
    OK ch=3 v=0.2562
    OK ch=1 v=0.2015
    OK ch=3 v=0.2461
    OK ch=5 v=0.2682
    OK ch=1 v=0.2228
    OK ch=3 v=0.2489
    OK ch=7 v=0.2550
    OK ch=1 v=0.2133
    OK ch=5 v=0.2660
    OK ch=1 v=0.2199
    OK ch=3 v=0.2517
    OK ch=7 v=0.2538
    OK ch=1 v=0.2411
    OK ch=3 v=0.2546
    OK ch=5 v=0.2654
    OK ch=1 v=0.2348
    OK ch=5 v=0.2645
    OK ch=7 v=0.2547
    OK ch=1 v=0.2643
    OK ch=7 v=0.2552
    OK ch=1 v=0.2402
    OK ch=3 v=0.2520
    OK ch=5 v=0.2653
    OK ch=7 v=0.2566
    OK ch=1 v=0.2319
    OK ch=3 v=0.2504
    OK ch=7 v=0.2580
    OK ch=1 v=0.2329
    OK ch=3 v=0.2618
    OK ch=5 v=0.2643
    OK ch=7 v=0.2600
    OK ch=1 v=0.2263
    OK ch=3 v=0.2519
    OK ch=5 v=0.2635
    OK ch=7 v=0.2564
    OK ch=1 v=0.2405
    OK ch=3 v=0.2554
    OK ch=1 v=0.2674
    OK ch=3 v=0.2496
    OK ch=5 v=0.2641
    OK ch=7 v=0.2540
    OK ch=1 v=0.2394
    OK ch=3 v=0.2525
    OK ch=7 v=0.2548
    OK ch=1 v=0.2198
    OK ch=7 v=0.2564
    OK ch=1 v=0.2373
    OK ch=3 v=0.2593
    OK ch=5 v=0.2653
    OK ch=1 v=0.2012
    OK ch=3 v=0.2504
    OK ch=5 v=0.2639
    OK ch=7 v=0.2575
    OK ch=1 v=0.2186
    OK ch=3 v=0.2517
    OK ch=7 v=0.2546
    OK ch=1 v=0.2467
    OK ch=3 v=0.2572
    OK ch=5 v=0.2628
    OK ch=7 v=0.2555
    OK ch=1 v=0.2679
    OK ch=3 v=0.2595
    OK ch=5 v=0.2635
    OK ch=7 v=0.2534
    OK ch=1 v=0.2243
    OK ch=3 v=0.2506
    OK ch=5 v=0.2658
    OK ch=7 v=0.2573
    OK ch=1 v=0.2225
    OK ch=3 v=0.2475
    OK ch=5 v=0.2667
    OK ch=7 v=0.2562
    OK ch=1 v=0.1970
    OK ch=3 v=0.2444
    OK ch=5 v=0.2650
    OK ch=7 v=0.2569
    OK ch=1 v=0.2338
    OK ch=3 v=0.2588
    OK ch=7 v=0.2554
    OK ch=1 v=0.2390
    OK ch=3 v=0.2541
    OK ch=5 v=0.2669
    OK ch=1 v=0.2451
    OK ch=3 v=0.2529
    OK ch=5 v=0.2654
    OK ch=1 v=0.2627
    OK ch=3 v=0.2647
    OK ch=7 v=0.2541
    OK ch=1 v=0.2608
    OK ch=3 v=0.2571
    OK ch=5 v=0.2661
    OK ch=7 v=0.2554
    OK ch=1 v=0.2152
    OK ch=3 v=0.2527
    OK ch=5 v=0.2677
    OK ch=7 v=0.2546
    OK ch=1 v=0.2424
    OK ch=3 v=0.2554
    OK ch=7 v=0.2560
    OK ch=1 v=0.2208
    OK ch=3 v=0.2492
    OK ch=7 v=0.2538
    OK ch=1 v=0.2233
    OK ch=3 v=0.2474
    OK ch=5 v=0.2658
    OK ch=7 v=0.2561
    OK ch=1 v=0.2216
    OK ch=3 v=0.2479
    OK ch=5 v=0.2663
    OK ch=7 v=0.2543
    OK ch=1 v=0.2513
    OK ch=3 v=0.2570
    OK ch=7 v=0.2533
    OK ch=1 v=0.2484
    OK ch=3 v=0.2554
    OK ch=5 v=0.2641
    OK ch=7 v=0.2550
    OK ch=1 v=0.2268
    OK ch=3 v=0.2566
    OK ch=5 v=0.2660
    OK ch=7 v=0.2569
    OK ch=1 v=0.1994
    OK ch=3 v=0.2509
    OK ch=5 v=0.2653
    OK ch=7 v=0.2546
    OK ch=1 v=0.2614
    OK ch=3 v=0.2553
    OK ch=5 v=0.2645
    OK ch=1 v=0.2525
    OK ch=5 v=0.2633
    OK ch=7 v=0.2573
    OK ch=1 v=0.2590
    OK ch=3 v=0.2538
    OK ch=7 v=0.2588
    OK ch=1 v=0.2195
    OK ch=3 v=0.2519
    OK ch=5 v=0.2643
    OK ch=1 v=0.2174
    OK ch=3 v=0.2493
    OK ch=5 v=0.2662
    OK ch=7 v=0.2550
    OK ch=1 v=0.2187
    OK ch=3 v=0.2524
    OK ch=7 v=0.2555
    OK ch=1 v=0.2350
    OK ch=3 v=0.2569
    OK ch=5 v=0.2648
    OK ch=7 v=0.2544
    OK ch=1 v=0.2397
    OK ch=3 v=0.2555
    OK ch=5 v=0.2640
    OK ch=1 v=0.2089
    OK ch=3 v=0.2426
    OK ch=7 v=0.2537
    OK ch=1 v=0.2043
    OK ch=3 v=0.2464
    OK ch=5 v=0.2655
    OK ch=1 v=0.2543
    OK ch=3 v=0.2591
    OK ch=7 v=0.2571
    OK ch=1 v=0.2811
    OK ch=3 v=0.2509
    OK ch=5 v=0.2638
    OK ch=7 v=0.2586
    OK ch=1 v=0.2482
    OK ch=3 v=0.2571
    OK ch=5 v=0.2649
    OK ch=7 v=0.2566
    OK ch=1 v=0.2341
    OK ch=3 v=0.2580
    OK ch=5 v=0.2659
    OK ch=7 v=0.2582
    OK ch=1 v=0.1955
    OK ch=3 v=0.2483
    OK ch=5 v=0.2678
    OK ch=7 v=0.2551
    OK ch=1 v=0.2169
    OK ch=3 v=0.2506
    OK ch=5 v=0.2652
    OK ch=7 v=0.2558
    OK ch=1 v=0.2214
    OK ch=3 v=0.2487
    OK ch=7 v=0.2546
    OK ch=1 v=0.2130
    OK ch=3 v=0.2509
    OK ch=5 v=0.2641
    OK ch=1 v=0.2507
    OK ch=3 v=0.2571
    OK ch=7 v=0.2537
    OK ch=1 v=0.2514
    OK ch=3 v=0.2578
    OK ch=5 v=0.2647
    OK ch=7 v=0.2528
    OK ch=1 v=0.2525
    OK ch=3 v=0.2553
    OK ch=7 v=0.2548
    OK ch=1 v=0.2445
    OK ch=3 v=0.2542
    OK ch=5 v=0.2660
    OK ch=1 v=0.2141
    OK ch=3 v=0.2537
    OK ch=5 v=0.2666
    OK ch=7 v=0.2582
    OK ch=1 v=0.2319
    OK ch=3 v=0.2546
    OK ch=5 v=0.2649
    OK ch=1 v=0.2309
    OK ch=3 v=0.2532
    OK ch=7 v=0.2575
    OK ch=1 v=0.2136
    OK ch=3 v=0.2540
    OK ch=7 v=0.2555
    OK ch=1 v=0.2609
    OK ch=3 v=0.2564
    OK ch=5 v=0.2640
    OK ch=7 v=0.2562
    OK ch=1 v=0.2340
    OK ch=3 v=0.2511
    OK ch=1 v=0.2241
    OK ch=3 v=0.2529
    OK ch=5 v=0.2651
    OK ch=1 v=0.2436
    OK ch=5 v=0.2642
    OK ch=1 v=0.2138
    OK ch=5 v=0.2655
    OK ch=7 v=0.2556
    OK ch=1 v=0.2221
    OK ch=3 v=0.2503
    OK ch=5 v=0.2672
    OK ch=7 v=0.2567
    OK ch=1 v=0.2214
    OK ch=3 v=0.2509
    OK ch=5 v=0.2643
    OK ch=7 v=0.2554
    OK ch=1 v=0.2528
    OK ch=3 v=0.2590
    OK ch=7 v=0.2528
    OK ch=1 v=0.2444
    OK ch=7 v=0.2542
    OK ch=1 v=0.2341
    OK ch=3 v=0.2509
    OK ch=5 v=0.2660
    OK ch=7 v=0.2549
    OK ch=1 v=0.2268
    OK ch=3 v=0.2535
    OK ch=7 v=0.2577
    OK ch=1 v=0.2223
    OK ch=7 v=0.2553
    OK ch=1 v=0.2353
    OK ch=7 v=0.2559
    OK ch=1 v=0.2312
    OK ch=3 v=0.2491
    OK ch=7 v=0.2549
    OK ch=1 v=0.2160
    OK ch=3 v=0.2424
    OK ch=5 v=0.2672
    OK ch=7 v=0.2559
    OK ch=1 v=0.2282
    OK ch=3 v=0.2564
    OK ch=7 v=0.2537
    OK ch=1 v=0.2303
    OK ch=3 v=0.2570
    OK ch=5 v=0.2664
    OK ch=7 v=0.2551
    OK ch=1 v=0.2565
    OK ch=3 v=0.2557
    OK ch=7 v=0.2545
    OK ch=1 v=0.2401
    OK ch=7 v=0.2560
    OK ch=1 v=0.2278
    OK ch=3 v=0.2519
    OK ch=5 v=0.2674
    OK ch=7 v=0.2551
    OK ch=1 v=0.2487
    OK ch=3 v=0.2568
    OK ch=5 v=0.2655
    OK ch=1 v=0.2323
    OK ch=3 v=0.2518
    OK ch=1 v=0.2178
    OK ch=7 v=0.2566
    OK ch=1 v=0.2087
    OK ch=3 v=0.2453
    OK ch=5 v=0.2648
    OK ch=7 v=0.2557
    OK ch=1 v=0.1944
    OK ch=3 v=0.2445
    OK ch=5 v=0.2634
    OK ch=1 v=0.2366
    OK ch=3 v=0.2517
    OK ch=5 v=0.2644
    OK ch=1 v=0.2557
    OK ch=3 v=0.2554
    OK ch=5 v=0.2636
    OK ch=1 v=0.2633
    OK ch=3 v=0.2595
    OK ch=5 v=0.2627
    OK ch=7 v=0.2568
    OK ch=1 v=0.2255
    OK ch=3 v=0.2526
    OK ch=1 v=0.2235
    OK ch=3 v=0.2515
    OK ch=5 v=0.2644
    OK ch=1 v=0.2399
    OK ch=3 v=0.2552
    OK ch=5 v=0.2662
    OK ch=7 v=0.2550
    OK ch=1 v=0.2429
    OK ch=3 v=0.2521
    OK ch=5 v=0.2639
    OK ch=7 v=0.2571
    OK ch=1 v=0.2329
    OK ch=5 v=0.2648
    OK ch=3 v=0.2546
    OK ch=7 v=0.2578
    OK ch=1 v=0.2184
    OK ch=3 v=0.2519
    OK ch=5 v=0.2640
    OK ch=7 v=0.2565
    OK ch=1 v=0.2426
    OK ch=3 v=0.2584
    OK ch=7 v=0.2556
    OK ch=1 v=0.2432
    OK ch=3 v=0.2569
    OK ch=1 v=0.2376
    OK ch=3 v=0.2558
    OK ch=7 v=0.2565
    OK ch=1 v=0.2307
    OK ch=3 v=0.2534
    OK ch=5 v=0.2655
    OK ch=7 v=0.2554
    OK ch=1 v=0.2331
    OK ch=3 v=0.2480
    OK ch=7 v=0.2563
    OK ch=1 v=0.1975
    OK ch=3 v=0.2544
    OK ch=5 v=0.2643
    OK ch=7 v=0.2550
    OK ch=1 v=0.2233
    OK ch=3 v=0.2533
    OK ch=5 v=0.2662
    OK ch=1 v=0.2377
    OK ch=3 v=0.2459
    OK ch=5 v=0.2643
    OK ch=7 v=0.2538
    OK ch=1 v=0.2310
    OK ch=3 v=0.2549
    OK ch=5 v=0.2661
    OK ch=7 v=0.2553
    OK ch=1 v=0.2694
    OK ch=3 v=0.2585
    OK ch=5 v=0.2654
    OK ch=1 v=0.2361
    OK ch=3 v=0.2528
    OK ch=5 v=0.2664
    OK ch=7 v=0.2546
    OK ch=1 v=0.2434
    OK ch=3 v=0.2563
    OK ch=5 v=0.2680
    OK ch=1 v=0.2464
    OK ch=3 v=0.2597
    OK ch=5 v=0.2674
    OK ch=1 v=0.2083
    OK ch=3 v=0.2527
    OK ch=5 v=0.2684
    OK ch=7 v=0.2553
    OK ch=1 v=0.2294
    OK ch=3 v=0.2556
    OK ch=5 v=0.2678
    OK ch=7 v=0.2578
    OK ch=3 v=0.2517
    OK ch=5 v=0.2664
    OK ch=7 v=0.2564
    OK ch=1 v=0.2310
    OK ch=3 v=0.2477
    OK ch=5 v=0.2650
    OK ch=7 v=0.2558
    OK ch=1 v=0.2378
    OK ch=3 v=0.2489
    OK ch=5 v=0.2640
    OK ch=7 v=0.2522
    OK ch=1 v=0.2268
    OK ch=3 v=0.2497
    OK ch=5 v=0.2649
    OK ch=7 v=0.2541
    OK ch=1 v=0.2365
    OK ch=3 v=0.2594
    OK ch=5 v=0.2620
    OK ch=7 v=0.2562
[  235.7s] DAMPING     ch0:LOCK g=-0.0300 bp=+0.008V ratio=0.08  ch1:LOCK g=-0.0300 bp=+0.005V ratio=0.06  ch2:LOCK g=+0.0100 bp=-0.005V ratio=0.04  ch3:LOCK g=-0.0300 bp=-0.003V ratio=0.03
    OK ch=1 v=0.2465
    OK ch=3 v=0.2533
    OK ch=5 v=0.2641
    OK ch=7 v=0.2553
    OK ch=1 v=0.2521
    OK ch=3 v=0.2579
    OK ch=5 v=0.2651
    OK ch=7 v=0.2565
    OK ch=1 v=0.2235
    OK ch=3 v=0.2534
    OK ch=5 v=0.2667
    OK ch=7 v=0.2553
    OK ch=1 v=0.2297
    OK ch=5 v=0.2658
    OK ch=7 v=0.2564
    OK ch=1 v=0.2030
    OK ch=3 v=0.2547
    OK ch=5 v=0.2675
    OK ch=7 v=0.2576
    OK ch=1 v=0.2335
    OK ch=3 v=0.2485
    OK ch=5 v=0.2670
    OK ch=7 v=0.2548
    OK ch=1 v=0.2173
    OK ch=3 v=0.2502
    OK ch=5 v=0.2649
    OK ch=7 v=0.2557
    OK ch=1 v=0.2519
    OK ch=3 v=0.2587
    OK ch=7 v=0.2570
    OK ch=1 v=0.2461
    OK ch=3 v=0.2563
    OK ch=5 v=0.2642
    OK ch=7 v=0.2545
    OK ch=1 v=0.2366
    OK ch=3 v=0.2511
    OK ch=7 v=0.2566
    OK ch=1 v=0.2349
    OK ch=3 v=0.2555
    OK ch=5 v=0.2650
    OK ch=1 v=0.2398
    OK ch=3 v=0.2475
    OK ch=7 v=0.2552
    OK ch=1 v=0.2067
    OK ch=3 v=0.2495
    OK ch=5 v=0.2642
    OK ch=1 v=0.2079
    OK ch=3 v=0.2523
    OK ch=5 v=0.2636
    OK ch=7 v=0.2562
    OK ch=1 v=0.2225
    OK ch=3 v=0.2500
    OK ch=7 v=0.2575
    OK ch=1 v=0.2169
    OK ch=3 v=0.2494
    OK ch=5 v=0.2642
    OK ch=7 v=0.2536
    OK ch=1 v=0.2456
    OK ch=3 v=0.2578
    OK ch=5 v=0.2630
    OK ch=7 v=0.2556
    OK ch=1 v=0.2635
    OK ch=3 v=0.2567
    OK ch=5 v=0.2644
    OK ch=7 v=0.2571
    OK ch=1 v=0.2491
    OK ch=3 v=0.2519
    OK ch=5 v=0.2658
    OK ch=7 v=0.2545
    OK ch=1 v=0.2124
    OK ch=3 v=0.2469
    OK ch=5 v=0.2678
    OK ch=1 v=0.2258
    OK ch=3 v=0.2491
    OK ch=1 v=0.2303
    OK ch=3 v=0.2540
    OK ch=7 v=0.2561
    OK ch=1 v=0.2282
    OK ch=3 v=0.2547
    OK ch=1 v=0.2484
    OK ch=3 v=0.2616
    OK ch=5 v=0.2666
    OK ch=7 v=0.2553
    OK ch=1 v=0.2298
    OK ch=3 v=0.2498
    OK ch=1 v=0.2445
    OK ch=3 v=0.2575
    OK ch=7 v=0.2562
    OK ch=1 v=0.2434
    OK ch=3 v=0.2546
    OK ch=1 v=0.2412
    OK ch=3 v=0.2502
    OK ch=5 v=0.2659
    OK ch=7 v=0.2552
    OK ch=1 v=0.2199
    OK ch=3 v=0.2545
    OK ch=5 v=0.2640
    OK ch=7 v=0.2538
    OK ch=1 v=0.2403
    OK ch=3 v=0.2573
    OK ch=5 v=0.2647
    OK ch=7 v=0.2553
    OK ch=1 v=0.2369
    OK ch=3 v=0.2564
    OK ch=5 v=0.2631
    OK ch=7 v=0.2581
    OK ch=1 v=0.2360
    OK ch=3 v=0.2539
    OK ch=5 v=0.2649
    OK ch=1 v=0.2182
    OK ch=3 v=0.2484
    OK ch=7 v=0.2534
    OK ch=1 v=0.2070
    OK ch=3 v=0.2447
    OK ch=5 v=0.2655
    OK ch=7 v=0.2541
    OK ch=1 v=0.2709
    OK ch=3 v=0.2609
    OK ch=5 v=0.2636
    OK ch=7 v=0.2548
    OK ch=1 v=0.2425
    OK ch=3 v=0.2508
    OK ch=7 v=0.2541
    OK ch=1 v=0.2291
    OK ch=3 v=0.2532
    OK ch=7 v=0.2533
    OK ch=1 v=0.2088
    OK ch=3 v=0.2526
    OK ch=7 v=0.2586
    OK ch=1 v=0.2120
    OK ch=3 v=0.2551
    OK ch=7 v=0.2579
    OK ch=1 v=0.2530
    OK ch=3 v=0.2646
    OK ch=5 v=0.2630
    OK ch=7 v=0.2570
    OK ch=1 v=0.2520
    OK ch=3 v=0.2576
    OK ch=5 v=0.2652
    OK ch=7 v=0.2540
    OK ch=1 v=0.1872
    OK ch=3 v=0.2556
    OK ch=5 v=0.2664
    OK ch=7 v=0.2575
    OK ch=1 v=0.2486
    OK ch=3 v=0.2506
    OK ch=7 v=0.2551
    OK ch=1 v=0.2518
    OK ch=3 v=0.2514
    OK ch=5 v=0.2651
    OK ch=1 v=0.2392
    OK ch=3 v=0.2507
    OK ch=7 v=0.2561
    OK ch=1 v=0.2306
    OK ch=3 v=0.2500
    OK ch=5 v=0.2667
    OK ch=7 v=0.2587
    OK ch=3 v=0.2522
    OK ch=7 v=0.2546
    OK ch=1 v=0.2371
    OK ch=3 v=0.2516
    OK ch=5 v=0.2674
    OK ch=7 v=0.2552
    OK ch=1 v=0.2308
    OK ch=3 v=0.2497
    OK ch=5 v=0.2690
    OK ch=1 v=0.2339
    OK ch=3 v=0.2517
    OK ch=7 v=0.2532
    OK ch=1 v=0.2106
    OK ch=5 v=0.2671
    OK ch=1 v=0.2099
    OK ch=3 v=0.2484
    OK ch=7 v=0.2539
    OK ch=1 v=0.2310
    OK ch=3 v=0.2500
    OK ch=5 v=0.2648
    OK ch=7 v=0.2546
    OK ch=1 v=0.2273

Stopped by user.
    593,630,706,679,565,567,763,727
Returning DAC outputs to bias voltages...
    OK ch=3 v=0.2553
    OK ch=1 v=0.2500
    OK ch=3 v=0.2500
    OK ch=5 v=0.2500
Connection closed.
Log saved to data/20260804_134707_fast_lock.csv
