==========================================================================
  version   : v9 (untested)
  fixes     : saturation-latch, rail-threshold, runaway-baseline, auto-disable, fast-refault, fast-calib, warm-restart, runaway-trend
  channels  : 4 on of 4 -- [True, True, True, True]
  coil map  : [1, 3, 5, 7]
  Kp        : steady [np.float64(-0.03), np.float64(-0.03), np.float64(0.01), np.float64(-0.03)]
  Ki / Kd   : -0.04 / -0.0015
  calib     : 20 s     run length: 240 s
  kicks at  : [60.0, 120.0, 180.0]
==========================================================================
Connected on /dev/cu.usbserial-1120
    OK ch=1 v=0.2500
    OK ch=3 v=0.2500
    OK ch=5 v=0.2500
    OK ch=7 v=0.2500
DAC biases set. Press Enter to start fast-lock damping (Ctrl+C to stop)...     STREAMING
Logging to data/20260804_135853_fast_lock.csv

[CALIBRATING] measuring baseline noise (outputs held at bias, no damping yet). This stops as soon as the floor settles, and after 20s at the latest...

    OK ch=1 v=0.2500
    OK ch=3 v=0.2500
    OK ch=5 v=0.2500
    OK ch=7 v=0.2500
[    0.0s] CALIBRATING ch0:.... g=+0.0000 bp=+0.000V ratio=0.00  ch1:.... g=+0.0000 bp=+0.000V ratio=0.00  ch2:.... g=+0.0000 bp=+0.000V ratio=0.00  ch3:.... g=+0.0000 bp=+0.000V ratio=0.00
[    5.0s] CALIBRATING ch0:.... g=+0.0000 bp=+0.275V ratio=0.00  ch1:.... g=+0.0000 bp=+0.174V ratio=0.00  ch2:.... g=+0.0000 bp=+0.191V ratio=0.00  ch3:.... g=+0.0000 bp=+0.068V ratio=0.00
[   10.0s] CALIBRATING ch0:.... g=+0.0000 bp=+0.226V ratio=0.00  ch1:.... g=+0.0000 bp=+0.009V ratio=0.00  ch2:.... g=+0.0000 bp=+0.596V ratio=0.00  ch3:.... g=+0.0000 bp=+0.077V ratio=0.00
[   15.0s] CALIBRATING ch0:.... g=+0.0000 bp=+0.325V ratio=0.00  ch1:.... g=+0.0000 bp=+0.070V ratio=0.00  ch2:.... g=+0.0000 bp=+0.348V ratio=0.00  ch3:.... g=+0.0000 bp=-0.006V ratio=0.00

[DAMPING] baseline set in 20.0s (ran the full 20s ceiling -- the floor never settled, median of sub-windows used): ch0=0.2100V, ch1=0.0993V, ch2=0.3151V, ch3=0.0794V. Gain schedules -0.035 -> -0.030...

    OK ch=1 v=0.2552
    OK ch=3 v=0.2506
    OK ch=5 v=0.2528
    OK ch=7 v=0.2494
[   20.0s] DAMPING     ch0:.... g=-0.0003 bp=+0.126V ratio=0.60  ch1:.... g=-0.0003 bp=+0.054V ratio=0.54  ch2:.... g=+0.0003 bp=+0.419V ratio=1.33  ch3:.... g=-0.0003 bp=+0.115V ratio=1.45
    OK ch=1 v=0.2395
    OK ch=3 v=0.2493
    OK ch=5 v=0.2564
    OK ch=7 v=0.2511
    OK ch=1 v=0.2468
    OK ch=3 v=0.2500
    OK ch=5 v=0.2580
    OK ch=7 v=0.2500
    OK ch=1 v=0.2460
    OK ch=3 v=0.2477
    OK ch=5 v=0.2575
    OK ch=7 v=0.2485
    OK ch=1 v=0.2379
    OK ch=3 v=0.2423
    OK ch=5 v=0.2594
    OK ch=7 v=0.2452
    OK ch=1 v=0.2450
    OK ch=3 v=0.2405
    OK ch=5 v=0.2605
    OK ch=7 v=0.2413
    OK ch=3 v=0.2356
    OK ch=5 v=0.2633
    OK ch=7 v=0.2405
    OK ch=1 v=0.2399
    OK ch=3 v=0.2347
    OK ch=5 v=0.2679
    OK ch=7 v=0.2383
    OK ch=1 v=0.2208
    OK ch=5 v=0.2752
    OK ch=1 v=0.2332
    OK ch=3 v=0.2376
    OK ch=5 v=0.2799
    OK ch=7 v=0.2374
    OK ch=1 v=0.2286
    OK ch=3 v=0.2383
    OK ch=5 v=0.2869
    OK ch=1 v=0.2498
    OK ch=3 v=0.2458
    OK ch=5 v=0.2923
    OK ch=7 v=0.2399
    OK ch=1 v=0.2449
    OK ch=3 v=0.2500
    OK ch=5 v=0.2977
    OK ch=7 v=0.2440
    OK ch=1 v=0.2581
    OK ch=3 v=0.2573
    OK ch=5 v=0.3038
    OK ch=7 v=0.2465
    OK ch=1 v=0.2412
    OK ch=3 v=0.2602
    OK ch=7 v=0.2476
    OK ch=1 v=0.2437
    OK ch=3 v=0.2613
    OK ch=5 v=0.2998
    OK ch=7 v=0.2513
    OK ch=1 v=0.2415
    OK ch=3 v=0.2591
    OK ch=5 v=0.2854
    OK ch=1 v=0.2539
    OK ch=3 v=0.2598
    OK ch=5 v=0.2724
    OK ch=7 v=0.2505
    OK ch=1 v=0.2627
    OK ch=3 v=0.2623
    OK ch=5 v=0.2549
    OK ch=1 v=0.2682
    OK ch=3 v=0.2641
    OK ch=5 v=0.2440
    OK ch=1 v=0.2676
    OK ch=3 v=0.2587
    OK ch=5 v=0.2363
    OK ch=7 v=0.2474
    OK ch=1 v=0.2722
    OK ch=3 v=0.2553
    OK ch=5 v=0.2314
    OK ch=7 v=0.2441
    OK ch=1 v=0.2652
    OK ch=3 v=0.2479
    OK ch=5 v=0.2299
    OK ch=1 v=0.2838
    OK ch=3 v=0.2505
    OK ch=5 v=0.2275
    OK ch=7 v=0.2450
    OK ch=1 v=0.2987
    OK ch=3 v=0.2561
    OK ch=5 v=0.2292
    OK ch=7 v=0.2462
    OK ch=1 v=0.2839
    OK ch=5 v=0.2374
    OK ch=7 v=0.2471
    OK ch=1 v=0.2912
    OK ch=5 v=0.2469
    OK ch=7 v=0.2485
    OK ch=1 v=0.2624
    OK ch=3 v=0.2554
    OK ch=5 v=0.2577
    OK ch=7 v=0.2526
    OK ch=1 v=0.2386
    OK ch=3 v=0.2510
    OK ch=5 v=0.2684
    OK ch=7 v=0.2538
    OK ch=1 v=0.1868
    OK ch=3 v=0.2485
    OK ch=5 v=0.2762
    OK ch=7 v=0.2577
    OK ch=1 v=0.1860
    OK ch=3 v=0.2464
    OK ch=5 v=0.2823
    OK ch=1 v=0.1958
    OK ch=3 v=0.2450
    OK ch=5 v=0.2840
    OK ch=7 v=0.2533
    OK ch=1 v=0.2053
    OK ch=5 v=0.2833
    OK ch=7 v=0.2485
    OK ch=1 v=0.1998
    OK ch=3 v=0.2406
    OK ch=5 v=0.2812
    OK ch=1 v=0.1975
    OK ch=3 v=0.2360
    OK ch=5 v=0.2776
    OK ch=7 v=0.2459
    OK ch=1 v=0.2197
    OK ch=3 v=0.2327
    OK ch=5 v=0.2749
    OK ch=7 v=0.2419
    OK ch=1 v=0.2177
    OK ch=3 v=0.2301
    OK ch=5 v=0.2694
    OK ch=7 v=0.2381
    OK ch=1 v=0.2117
    OK ch=3 v=0.2183
    OK ch=5 v=0.2676
    OK ch=1 v=0.2270
    OK ch=3 v=0.2223
    OK ch=5 v=0.2637
    OK ch=7 v=0.2373
    OK ch=1 v=0.2543
    OK ch=3 v=0.2283
    OK ch=5 v=0.2606
    OK ch=7 v=0.2398
    OK ch=1 v=0.2158
    OK ch=3 v=0.2290
    OK ch=5 v=0.2593
    OK ch=7 v=0.2435
    OK ch=1 v=0.2474
    OK ch=3 v=0.2474
    OK ch=5 v=0.2600
    OK ch=7 v=0.2497
    OK ch=1 v=0.2655
    OK ch=3 v=0.2553
    OK ch=5 v=0.2589
    OK ch=7 v=0.2541
    OK ch=1 v=0.2676
    OK ch=5 v=0.2576
    OK ch=7 v=0.2563
    OK ch=1 v=0.2757
    OK ch=3 v=0.2672
    OK ch=7 v=0.2580
    OK ch=1 v=0.2523
    OK ch=3 v=0.2718
    OK ch=5 v=0.2552
    OK ch=7 v=0.2603
    OK ch=1 v=0.2659
    OK ch=3 v=0.2646
    OK ch=5 v=0.2522
    OK ch=7 v=0.2583
    OK ch=1 v=0.2684
    OK ch=5 v=0.2513
    OK ch=7 v=0.2558
    OK ch=1 v=0.2562
    OK ch=3 v=0.2565
    OK ch=5 v=0.2503
    OK ch=7 v=0.2536
    OK ch=1 v=0.2893
    OK ch=3 v=0.2647
    OK ch=7 v=0.2524
    OK ch=1 v=0.2819
    OK ch=3 v=0.2671
    OK ch=7 v=0.2501
    OK ch=1 v=0.2849
    OK ch=3 v=0.2624
    OK ch=5 v=0.2522
    OK ch=7 v=0.2456
    OK ch=1 v=0.2437
    OK ch=3 v=0.2518
    OK ch=5 v=0.2571
    OK ch=7 v=0.2418
    OK ch=1 v=0.2913
    OK ch=3 v=0.2545
    OK ch=5 v=0.2603
    OK ch=7 v=0.2401
    OK ch=1 v=0.2568
    OK ch=3 v=0.2496
    OK ch=5 v=0.2649
    OK ch=7 v=0.2420
    OK ch=1 v=0.2472
    OK ch=3 v=0.2478
    OK ch=5 v=0.2721
    OK ch=7 v=0.2392
    OK ch=1 v=0.2446
    OK ch=3 v=0.2562
    OK ch=5 v=0.2784
    OK ch=1 v=0.2517
    OK ch=3 v=0.2554
    OK ch=5 v=0.2808
    OK ch=7 v=0.2378
    OK ch=1 v=0.2101
    OK ch=3 v=0.2418
    OK ch=5 v=0.2853
    OK ch=7 v=0.2400
    OK ch=1 v=0.2301
    OK ch=3 v=0.2503
    OK ch=7 v=0.2435
    OK ch=1 v=0.2508
    OK ch=3 v=0.2511
    OK ch=7 v=0.2408
    OK ch=1 v=0.2350
    OK ch=3 v=0.2517
    OK ch=7 v=0.2424
    OK ch=1 v=0.2118
    OK ch=3 v=0.2467
    OK ch=5 v=0.2847
    OK ch=7 v=0.2409
    OK ch=1 v=0.2156
    OK ch=3 v=0.2458
    OK ch=5 v=0.2795
    OK ch=7 v=0.2423
    OK ch=1 v=0.2046
    OK ch=3 v=0.2362
    OK ch=5 v=0.2730
    OK ch=1 v=0.2303
    OK ch=3 v=0.2404
    OK ch=5 v=0.2669
    OK ch=1 v=0.2268
    OK ch=5 v=0.2640
    OK ch=7 v=0.2441
    OK ch=1 v=0.2415
    OK ch=3 v=0.2441
    OK ch=5 v=0.2588
    OK ch=7 v=0.2462
    OK ch=1 v=0.2876
    OK ch=3 v=0.2509
    OK ch=5 v=0.2543
    OK ch=7 v=0.2480
    OK ch=1 v=0.2487
    OK ch=3 v=0.2482
    OK ch=5 v=0.2512
    OK ch=7 v=0.2501
    OK ch=1 v=0.2443
    OK ch=3 v=0.2507
    OK ch=7 v=0.2527
    OK ch=1 v=0.2264
    OK ch=3 v=0.2460
    OK ch=5 v=0.2506
    OK ch=7 v=0.2547
    OK ch=1 v=0.2426
    OK ch=3 v=0.2403
    OK ch=7 v=0.2604
    OK ch=1 v=0.2758
    OK ch=3 v=0.2519
    OK ch=5 v=0.2476
    OK ch=7 v=0.2590
    OK ch=1 v=0.2452
    OK ch=3 v=0.2528
    OK ch=5 v=0.2466
    OK ch=7 v=0.2595
    OK ch=1 v=0.2549
    OK ch=3 v=0.2578
    OK ch=5 v=0.2483
    OK ch=7 v=0.2573
    OK ch=1 v=0.2386
    OK ch=3 v=0.2533
    OK ch=5 v=0.2526
    OK ch=7 v=0.2564
    OK ch=1 v=0.2585
    OK ch=3 v=0.2474
    OK ch=7 v=0.2549
    OK ch=1 v=0.2488
    OK ch=3 v=0.2466
    OK ch=5 v=0.2539
    OK ch=1 v=0.2438
    OK ch=3 v=0.2495
    OK ch=5 v=0.2571
    OK ch=7 v=0.2504
    OK ch=1 v=0.2512
    OK ch=3 v=0.2513
    OK ch=5 v=0.2592
    OK ch=7 v=0.2498
    OK ch=1 v=0.2465
    OK ch=3 v=0.2368
    OK ch=5 v=0.2638
    OK ch=7 v=0.2467
    OK ch=1 v=0.2413
    OK ch=3 v=0.2493
    OK ch=5 v=0.2666
    OK ch=7 v=0.2455
    OK ch=1 v=0.2438
    OK ch=3 v=0.2506
    OK ch=5 v=0.2684
    OK ch=7 v=0.2439
    OK ch=1 v=0.2133
    OK ch=3 v=0.2390
    OK ch=5 v=0.2703
    OK ch=7 v=0.2405
    OK ch=1 v=0.2462
    OK ch=3 v=0.2431
    OK ch=5 v=0.2724
    OK ch=7 v=0.2381
    OK ch=1 v=0.2456
    OK ch=3 v=0.2489
    OK ch=5 v=0.2748
    OK ch=7 v=0.2421
    OK ch=1 v=0.2401
    OK ch=3 v=0.2471
    OK ch=5 v=0.2767
    OK ch=7 v=0.2410
    OK ch=1 v=0.2518
    OK ch=3 v=0.2538
    OK ch=7 v=0.2444
    OK ch=1 v=0.2346
    OK ch=3 v=0.2481
    OK ch=7 v=0.2435
    OK ch=1 v=0.2215
    OK ch=7 v=0.2420
    OK ch=1 v=0.2304
    OK ch=3 v=0.2523
    OK ch=7 v=0.2428
    OK ch=1 v=0.2434
    OK ch=3 v=0.2542
    OK ch=5 v=0.2725
    OK ch=7 v=0.2410
    OK ch=1 v=0.2691
    OK ch=3 v=0.2554
    OK ch=5 v=0.2697
    OK ch=1 v=0.2563
    OK ch=3 v=0.2576
    OK ch=5 v=0.2684
    OK ch=7 v=0.2441
    OK ch=3 v=0.2561
    OK ch=5 v=0.2659
    OK ch=7 v=0.2479
    OK ch=1 v=0.2412
    OK ch=3 v=0.2501
    OK ch=5 v=0.2642
    OK ch=1 v=0.2455
    OK ch=3 v=0.2493
    OK ch=5 v=0.2597
    OK ch=7 v=0.2466
    OK ch=1 v=0.2708
    OK ch=3 v=0.2569
    OK ch=5 v=0.2574
    OK ch=1 v=0.2443
    OK ch=3 v=0.2536
    OK ch=5 v=0.2583
    OK ch=1 v=0.2564
    OK ch=3 v=0.2547
    OK ch=5 v=0.2577
    OK ch=7 v=0.2480
    OK ch=1 v=0.2480
    OK ch=3 v=0.2503
    OK ch=5 v=0.2583
    OK ch=7 v=0.2485
    OK ch=1 v=0.2736
    OK ch=3 v=0.2555
    OK ch=5 v=0.2574
    OK ch=7 v=0.2498
    OK ch=1 v=0.2403
    OK ch=3 v=0.2455
    OK ch=5 v=0.2580
    OK ch=1 v=0.2487
    OK ch=3 v=0.2502
    OK ch=5 v=0.2593
    OK ch=7 v=0.2489
    OK ch=1 v=0.2404
    OK ch=3 v=0.2495
    OK ch=5 v=0.2602
    OK ch=7 v=0.2520
    OK ch=1 v=0.2512
    OK ch=3 v=0.2465
    OK ch=5 v=0.2614
    OK ch=7 v=0.2510
    OK ch=1 v=0.2328
    OK ch=3 v=0.2513
    OK ch=5 v=0.2627
    OK ch=7 v=0.2518
    OK ch=1 v=0.2321
    OK ch=3 v=0.2453
    OK ch=5 v=0.2641
    OK ch=7 v=0.2490
    OK ch=1 v=0.2469
    OK ch=3 v=0.2465
    OK ch=5 v=0.2634
    OK ch=7 v=0.2477
    OK ch=1 v=0.2257
    OK ch=3 v=0.2417
    OK ch=5 v=0.2645
    OK ch=7 v=0.2495
    OK ch=1 v=0.2337
    OK ch=3 v=0.2401
    OK ch=7 v=0.2489
    OK ch=1 v=0.2124
    OK ch=3 v=0.2388
    OK ch=7 v=0.2482
    OK ch=1 v=0.2202
    OK ch=3 v=0.2429
    OK ch=5 v=0.2634
    OK ch=7 v=0.2488
    OK ch=1 v=0.2546
    OK ch=3 v=0.2502
    OK ch=5 v=0.2641
    OK ch=7 v=0.2483
    OK ch=1 v=0.2496
    OK ch=3 v=0.2447
    OK ch=7 v=0.2465
    OK ch=1 v=0.2481
    OK ch=3 v=0.2454
    OK ch=5 v=0.2646
    OK ch=7 v=0.2486
    OK ch=1 v=0.2440
    OK ch=3 v=0.2439
    OK ch=5 v=0.2637
    OK ch=7 v=0.2473
    OK ch=1 v=0.2664
    OK ch=3 v=0.2508
    OK ch=5 v=0.2654
    OK ch=7 v=0.2458
    OK ch=1 v=0.2283
    OK ch=3 v=0.2474
    OK ch=5 v=0.2661
    OK ch=1 v=0.2383
    OK ch=3 v=0.2453
    OK ch=5 v=0.2653
    OK ch=7 v=0.2487
    OK ch=1 v=0.2448
    OK ch=3 v=0.2515
    OK ch=5 v=0.2637
    OK ch=1 v=0.2478
    OK ch=3 v=0.2536
    OK ch=5 v=0.2646
    OK ch=7 v=0.2495
    OK ch=1 v=0.2586
    OK ch=3 v=0.2553
    OK ch=5 v=0.2618
    OK ch=7 v=0.2477
    OK ch=1 v=0.2467
    OK ch=3 v=0.2477
    OK ch=7 v=0.2459
    OK ch=1 v=0.2416
    OK ch=3 v=0.2541
    OK ch=5 v=0.2612
    OK ch=7 v=0.2471
    OK ch=1 v=0.2629
    OK ch=3 v=0.2518
    OK ch=5 v=0.2621
    OK ch=7 v=0.2451
[   25.1s] DAMPING     ch0:.... g=-0.0302 bp=+0.011V ratio=0.21  ch1:.... g=-0.0307 bp=-0.009V ratio=0.26  ch2:.... g=+0.0100 bp=+0.014V ratio=0.08  ch3:.... g=-0.0300 bp=+0.004V ratio=0.13
    OK ch=1 v=0.2396
    OK ch=3 v=0.2539
    OK ch=5 v=0.2636
    OK ch=7 v=0.2466
    OK ch=1 v=0.2812
    OK ch=3 v=0.2584
    OK ch=7 v=0.2472
    OK ch=1 v=0.2632
    OK ch=3 v=0.2590
    OK ch=7 v=0.2461
    OK ch=1 v=0.2452
    OK ch=3 v=0.2547
    OK ch=5 v=0.2644
    OK ch=7 v=0.2451
    OK ch=1 v=0.2643
    OK ch=3 v=0.2559
    OK ch=5 v=0.2637
    OK ch=7 v=0.2457
    OK ch=1 v=0.2632
    OK ch=3 v=0.2508
    OK ch=5 v=0.2656
    OK ch=7 v=0.2477
    OK ch=1 v=0.2244
    OK ch=3 v=0.2499
    OK ch=5 v=0.2683
    OK ch=7 v=0.2445
    OK ch=1 v=0.2375
    OK ch=3 v=0.2489
    OK ch=7 v=0.2439
    OK ch=1 v=0.2487
    OK ch=3 v=0.2521
    OK ch=5 v=0.2660
    OK ch=7 v=0.2473
    OK ch=1 v=0.2389
    OK ch=3 v=0.2466
    OK ch=5 v=0.2669
    OK ch=7 v=0.2449
    OK ch=1 v=0.2247
    OK ch=5 v=0.2675
    OK ch=7 v=0.2479
    OK ch=1 v=0.2433
    OK ch=3 v=0.2503
    OK ch=5 v=0.2669
    OK ch=7 v=0.2473
    OK ch=1 v=0.2252
    OK ch=3 v=0.2460
    OK ch=5 v=0.2660
    OK ch=1 v=0.2516
    OK ch=3 v=0.2434
    OK ch=7 v=0.2463
    OK ch=1 v=0.2425
    OK ch=3 v=0.2468
    OK ch=1 v=0.2433
    OK ch=3 v=0.2481
    OK ch=5 v=0.2650
    OK ch=7 v=0.2456
    OK ch=1 v=0.2422
    OK ch=3 v=0.2465
    OK ch=7 v=0.2473
    OK ch=1 v=0.2251
    OK ch=3 v=0.2410
    OK ch=7 v=0.2466
    OK ch=1 v=0.2278
    OK ch=3 v=0.2419
    OK ch=5 v=0.2635
    OK ch=7 v=0.2492
    OK ch=1 v=0.2554
    OK ch=3 v=0.2521
    OK ch=5 v=0.2608
    OK ch=1 v=0.2644
    OK ch=3 v=0.2546
    OK ch=5 v=0.2613
    OK ch=1 v=0.2557
    OK ch=3 v=0.2527
    OK ch=5 v=0.2605
    OK ch=7 v=0.2508
    OK ch=1 v=0.2638
    OK ch=3 v=0.2464
    OK ch=5 v=0.2625
    OK ch=1 v=0.2456
    OK ch=3 v=0.2496
    OK ch=5 v=0.2610
    OK ch=7 v=0.2490
    OK ch=1 v=0.2263
    OK ch=3 v=0.2456
    OK ch=5 v=0.2601
    OK ch=1 v=0.2371
    OK ch=3 v=0.2471
    OK ch=7 v=0.2484
    OK ch=1 v=0.2709
    OK ch=3 v=0.2434
    OK ch=7 v=0.2478
    OK ch=1 v=0.2449
    OK ch=3 v=0.2466
    OK ch=5 v=0.2592
    OK ch=1 v=0.2058
    OK ch=3 v=0.2412
    OK ch=7 v=0.2496
    OK ch=1 v=0.2199
    OK ch=3 v=0.2459
    OK ch=5 v=0.2614
    OK ch=7 v=0.2518
    OK ch=1 v=0.2484
    OK ch=3 v=0.2557
    OK ch=5 v=0.2607
    OK ch=7 v=0.2506
    OK ch=1 v=0.2417
    OK ch=3 v=0.2531
    OK ch=7 v=0.2489
    OK ch=3 v=0.2480
    OK ch=5 v=0.2616
    OK ch=7 v=0.2479
    OK ch=1 v=0.2378
    OK ch=3 v=0.2497
    OK ch=5 v=0.2628
    OK ch=7 v=0.2449
    OK ch=1 v=0.2811
    OK ch=3 v=0.2594
    OK ch=5 v=0.2636
    OK ch=1 v=0.2408
    OK ch=3 v=0.2526
    OK ch=5 v=0.2653
    OK ch=7 v=0.2466
    OK ch=1 v=0.2647
    OK ch=3 v=0.2518
    OK ch=5 v=0.2670
    OK ch=7 v=0.2472
    OK ch=1 v=0.2351
    OK ch=3 v=0.2459
    OK ch=5 v=0.2684
    OK ch=7 v=0.2450
    OK ch=1 v=0.2714
    OK ch=3 v=0.2552
    OK ch=7 v=0.2465
    OK ch=1 v=0.2520
    OK ch=3 v=0.2505
    OK ch=7 v=0.2483
    OK ch=1 v=0.2242
    OK ch=3 v=0.2452
    OK ch=5 v=0.2699
    OK ch=7 v=0.2473
    OK ch=1 v=0.2337
    OK ch=3 v=0.2486
    OK ch=5 v=0.2680
    OK ch=7 v=0.2447
    OK ch=1 v=0.2464
    OK ch=3 v=0.2459
    OK ch=5 v=0.2667
    OK ch=7 v=0.2441
    OK ch=1 v=0.2391
    OK ch=5 v=0.2655
    OK ch=7 v=0.2464
    OK ch=1 v=0.2370
    OK ch=3 v=0.2476
    OK ch=1 v=0.2724
    OK ch=3 v=0.2521
    OK ch=5 v=0.2644
    OK ch=7 v=0.2439
    OK ch=1 v=0.2399
    OK ch=3 v=0.2503
    OK ch=5 v=0.2656
    OK ch=7 v=0.2457
    OK ch=1 v=0.2690
    OK ch=3 v=0.2566
    OK ch=7 v=0.2469
    OK ch=1 v=0.2390
    OK ch=3 v=0.2485
    OK ch=5 v=0.2642
    OK ch=7 v=0.2474
    OK ch=1 v=0.2437
    OK ch=5 v=0.2649
    OK ch=7 v=0.2454
    OK ch=1 v=0.2388
    OK ch=3 v=0.2466
    OK ch=5 v=0.2640
    OK ch=1 v=0.2331
    OK ch=3 v=0.2479
    OK ch=5 v=0.2650
    OK ch=7 v=0.2476
    OK ch=1 v=0.2393
    OK ch=3 v=0.2545
    OK ch=5 v=0.2623
    OK ch=7 v=0.2482
    OK ch=1 v=0.2613
    OK ch=3 v=0.2503
    OK ch=5 v=0.2607
    OK ch=7 v=0.2517
    OK ch=1 v=0.2572
    OK ch=3 v=0.2513
    OK ch=7 v=0.2497
    OK ch=1 v=0.2418
    OK ch=3 v=0.2495
    OK ch=5 v=0.2613
    OK ch=7 v=0.2510
    OK ch=1 v=0.2518
    OK ch=3 v=0.2512
    OK ch=5 v=0.2622
    OK ch=1 v=0.2431
    OK ch=3 v=0.2496
    OK ch=7 v=0.2476
    OK ch=1 v=0.2363
    OK ch=3 v=0.2453
    OK ch=5 v=0.2607
    OK ch=1 v=0.2356
    OK ch=3 v=0.2512
    OK ch=7 v=0.2487
    OK ch=1 v=0.2164
    OK ch=3 v=0.2425
    OK ch=7 v=0.2461
    OK ch=1 v=0.2256
    OK ch=5 v=0.2622
    OK ch=1 v=0.2358
    OK ch=3 v=0.2434
    OK ch=7 v=0.2470
    OK ch=1 v=0.2390
    OK ch=3 v=0.2444
    OK ch=5 v=0.2632
    OK ch=7 v=0.2451
    OK ch=1 v=0.2684
    OK ch=3 v=0.2525
    OK ch=5 v=0.2622
    OK ch=7 v=0.2478
    OK ch=1 v=0.2486
    OK ch=3 v=0.2472
    OK ch=5 v=0.2642
    OK ch=7 v=0.2458
    OK ch=1 v=0.2404
    OK ch=3 v=0.2506
    OK ch=5 v=0.2652
    OK ch=7 v=0.2506
    OK ch=1 v=0.2442
    OK ch=5 v=0.2662
    OK ch=7 v=0.2469
    OK ch=1 v=0.2227
    OK ch=3 v=0.2470
    OK ch=5 v=0.2670
    OK ch=7 v=0.2498
    OK ch=1 v=0.2376
    OK ch=3 v=0.2481
    OK ch=5 v=0.2651
    OK ch=7 v=0.2461
    OK ch=1 v=0.2670
    OK ch=3 v=0.2535
    OK ch=7 v=0.2481
    OK ch=1 v=0.2581
    OK ch=3 v=0.2473
    OK ch=5 v=0.2642
    OK ch=3 v=0.2465
    OK ch=5 v=0.2651
    OK ch=1 v=0.2349
    OK ch=3 v=0.2410
    OK ch=5 v=0.2663
    OK ch=7 v=0.2466
    OK ch=1 v=0.2506
    OK ch=3 v=0.2491
    OK ch=5 v=0.2655
    OK ch=1 v=0.2350
    OK ch=3 v=0.2449
    OK ch=5 v=0.2646
    OK ch=7 v=0.2454
    OK ch=1 v=0.2424
    OK ch=3 v=0.2482
    OK ch=5 v=0.2627
    OK ch=7 v=0.2459
    OK ch=1 v=0.2470
    OK ch=3 v=0.2540
    OK ch=5 v=0.2633
    OK ch=7 v=0.2478
    OK ch=1 v=0.2379
    OK ch=3 v=0.2512
    OK ch=7 v=0.2468
    OK ch=1 v=0.2395
    OK ch=3 v=0.2525
    OK ch=5 v=0.2644
    OK ch=1 v=0.2608
    OK ch=3 v=0.2507
    OK ch=7 v=0.2458
    OK ch=1 v=0.2617
    OK ch=3 v=0.2534
    OK ch=5 v=0.2629
    OK ch=1 v=0.2452
    OK ch=3 v=0.2445
    OK ch=7 v=0.2490
    OK ch=1 v=0.2299
    OK ch=3 v=0.2483
    OK ch=5 v=0.2651
    OK ch=7 v=0.2481
    OK ch=1 v=0.2535
    OK ch=3 v=0.2577
    OK ch=5 v=0.2633
    OK ch=7 v=0.2488
    OK ch=1 v=0.2663
    OK ch=3 v=0.2562
    OK ch=5 v=0.2639
    OK ch=7 v=0.2473
    OK ch=1 v=0.2315
    OK ch=3 v=0.2531
    OK ch=1 v=0.2307
    OK ch=3 v=0.2540
    OK ch=5 v=0.2647
    OK ch=7 v=0.2494
    OK ch=1 v=0.2551
    OK ch=3 v=0.2464
    OK ch=5 v=0.2659
    OK ch=7 v=0.2472
    OK ch=1 v=0.2454
    OK ch=3 v=0.2445
    OK ch=5 v=0.2634
    OK ch=7 v=0.2457
    OK ch=1 v=0.2305
    OK ch=3 v=0.2456
    OK ch=5 v=0.2644
    OK ch=7 v=0.2437
    OK ch=1 v=0.2423
    OK ch=3 v=0.2494
    OK ch=7 v=0.2459
    OK ch=1 v=0.2610
    OK ch=3 v=0.2536
    OK ch=5 v=0.2629
    OK ch=7 v=0.2469
    OK ch=1 v=0.2402
    OK ch=3 v=0.2460
    OK ch=5 v=0.2642
    OK ch=7 v=0.2497
    OK ch=1 v=0.2323
    OK ch=3 v=0.2422
    OK ch=5 v=0.2650
    OK ch=7 v=0.2472
    OK ch=1 v=0.2519
    OK ch=3 v=0.2499
    OK ch=7 v=0.2480
    OK ch=1 v=0.2504
    OK ch=3 v=0.2465
    OK ch=5 v=0.2644
    OK ch=7 v=0.2492
    OK ch=1 v=0.2493
    OK ch=3 v=0.2526
    OK ch=5 v=0.2654
    OK ch=7 v=0.2466
    OK ch=1 v=0.2568
    OK ch=3 v=0.2514
    OK ch=5 v=0.2637
    OK ch=7 v=0.2475
    OK ch=1 v=0.2305
    OK ch=3 v=0.2469
    OK ch=7 v=0.2465
    OK ch=1 v=0.2126
    OK ch=3 v=0.2455
    OK ch=7 v=0.2502
    OK ch=1 v=0.2233
    OK ch=3 v=0.2462
    OK ch=5 v=0.2628
    OK ch=1 v=0.2160
    OK ch=3 v=0.2437
    OK ch=5 v=0.2604
    OK ch=7 v=0.2472
    OK ch=1 v=0.2550
    OK ch=3 v=0.2511
    OK ch=1 v=0.2694
    OK ch=3 v=0.2499
    OK ch=5 v=0.2610
    OK ch=7 v=0.2464
    OK ch=3 v=0.2517
    OK ch=5 v=0.2633
    OK ch=1 v=0.2199
    OK ch=3 v=0.2422
    OK ch=5 v=0.2646
    OK ch=7 v=0.2500
    OK ch=1 v=0.2432
    OK ch=3 v=0.2463
    OK ch=5 v=0.2637
    OK ch=1 v=0.2754
    OK ch=3 v=0.2517
    OK ch=5 v=0.2630
    OK ch=7 v=0.2482
    OK ch=1 v=0.2429
    OK ch=3 v=0.2511
    OK ch=5 v=0.2646
    OK ch=7 v=0.2473
    OK ch=1 v=0.2410
    OK ch=3 v=0.2481
    OK ch=1 v=0.2494
    OK ch=3 v=0.2501
    OK ch=7 v=0.2482
    OK ch=1 v=0.2550
    OK ch=3 v=0.2495
    OK ch=1 v=0.2450
    OK ch=3 v=0.2482
    OK ch=7 v=0.2469
    OK ch=1 v=0.2558
    OK ch=3 v=0.2505
    OK ch=5 v=0.2633
    OK ch=7 v=0.2453
    OK ch=1 v=0.2624
    OK ch=3 v=0.2541
    OK ch=5 v=0.2625
    OK ch=7 v=0.2479
    OK ch=1 v=0.2185
    OK ch=3 v=0.2484
    OK ch=5 v=0.2642
    OK ch=7 v=0.2458
    OK ch=1 v=0.2475
    OK ch=3 v=0.2545
    OK ch=7 v=0.2471
    OK ch=1 v=0.2452
    OK ch=3 v=0.2493
    OK ch=7 v=0.2463
    OK ch=1 v=0.2529
    OK ch=3 v=0.2467
    OK ch=7 v=0.2476
    OK ch=1 v=0.2237
    OK ch=3 v=0.2421
    OK ch=5 v=0.2651
    OK ch=7 v=0.2455
    OK ch=1 v=0.2444
    OK ch=3 v=0.2497
    OK ch=5 v=0.2658
    OK ch=1 v=0.2436
    OK ch=3 v=0.2509
    OK ch=5 v=0.2652
    OK ch=1 v=0.2251
    OK ch=3 v=0.2483
    OK ch=5 v=0.2645
    OK ch=1 v=0.2808
    OK ch=3 v=0.2540
    OK ch=7 v=0.2489
    OK ch=1 v=0.2358
    OK ch=3 v=0.2456
    OK ch=5 v=0.2638
    OK ch=1 v=0.2375
    OK ch=3 v=0.2494
    OK ch=5 v=0.2644
    OK ch=1 v=0.2594
    OK ch=3 v=0.2515
    OK ch=5 v=0.2662
    OK ch=7 v=0.2460
    OK ch=1 v=0.2720
    OK ch=3 v=0.2569
    OK ch=5 v=0.2650
    OK ch=7 v=0.2470
    OK ch=1 v=0.2537
    OK ch=3 v=0.2527
    OK ch=5 v=0.2662
    OK ch=1 v=0.2292
    OK ch=3 v=0.2507
    OK ch=5 v=0.2636
    OK ch=7 v=0.2487
    OK ch=1 v=0.2353
    OK ch=3 v=0.2483
    OK ch=5 v=0.2624
[   30.1s] DAMPING     ch0:.... g=-0.0300 bp=+0.010V ratio=0.11  ch1:.... g=-0.0300 bp=+0.013V ratio=0.09  ch2:.... g=+0.0100 bp=-0.015V ratio=0.04  ch3:.... g=-0.0300 bp=-0.000V ratio=0.05
    OK ch=1 v=0.2391
    OK ch=3 v=0.2503
    OK ch=5 v=0.2614
    OK ch=7 v=0.2458
    OK ch=1 v=0.2186
    OK ch=3 v=0.2388
    OK ch=5 v=0.2623
    OK ch=7 v=0.2469
    OK ch=1 v=0.2739
    OK ch=3 v=0.2512
    OK ch=5 v=0.2614
    OK ch=7 v=0.2462
    OK ch=1 v=0.2417
    OK ch=3 v=0.2435
    OK ch=7 v=0.2477
    OK ch=1 v=0.2440
    OK ch=3 v=0.2497
    OK ch=5 v=0.2627
    OK ch=7 v=0.2491
    OK ch=1 v=0.2333
    OK ch=5 v=0.2642
    OK ch=1 v=0.2621
    OK ch=3 v=0.2560
    OK ch=5 v=0.2652
    OK ch=7 v=0.2473
    OK ch=1 v=0.2343
    OK ch=3 v=0.2462
    OK ch=5 v=0.2645
    OK ch=7 v=0.2468
    OK ch=1 v=0.2333
    OK ch=3 v=0.2432
    OK ch=5 v=0.2655
    OK ch=1 v=0.2475
    OK ch=3 v=0.2540
    OK ch=5 v=0.2645
    OK ch=7 v=0.2495
    OK ch=1 v=0.2379
    OK ch=3 v=0.2493
    OK ch=7 v=0.2505
    OK ch=1 v=0.2409
    OK ch=5 v=0.2639
    OK ch=7 v=0.2462
    OK ch=1 v=0.2529
    OK ch=3 v=0.2545
    OK ch=5 v=0.2632
    OK ch=7 v=0.2489
    OK ch=1 v=0.2443
    OK ch=3 v=0.2480
    OK ch=7 v=0.2443
    OK ch=1 v=0.2421
    OK ch=3 v=0.2435
    OK ch=7 v=0.2479
    OK ch=1 v=0.2536
    OK ch=3 v=0.2514
    OK ch=7 v=0.2498
    OK ch=1 v=0.2612
    OK ch=3 v=0.2527
    OK ch=5 v=0.2641
    OK ch=7 v=0.2459
    OK ch=1 v=0.2481
    OK ch=3 v=0.2471
    OK ch=5 v=0.2649
    OK ch=7 v=0.2478
    OK ch=1 v=0.2432
    OK ch=3 v=0.2538
    OK ch=7 v=0.2468
    OK ch=1 v=0.2367
    OK ch=3 v=0.2514
    OK ch=1 v=0.2447
    OK ch=3 v=0.2457
    OK ch=5 v=0.2635
    OK ch=7 v=0.2480
    OK ch=1 v=0.2456
    OK ch=1 v=0.2627
    OK ch=3 v=0.2513
    OK ch=7 v=0.2472
    OK ch=1 v=0.2661
    OK ch=3 v=0.2528
    OK ch=7 v=0.2454
    OK ch=1 v=0.2466
    OK ch=3 v=0.2510
    OK ch=5 v=0.2658
    OK ch=7 v=0.2478
    OK ch=1 v=0.2675
    OK ch=3 v=0.2522
    OK ch=5 v=0.2644
    OK ch=1 v=0.2336
    OK ch=3 v=0.2491
    OK ch=7 v=0.2469
    OK ch=1 v=0.2264
    OK ch=3 v=0.2446
    OK ch=1 v=0.2304
    OK ch=3 v=0.2468
    OK ch=7 v=0.2444
    OK ch=1 v=0.2277
    OK ch=3 v=0.2482
    OK ch=7 v=0.2481
    OK ch=1 v=0.2178
    OK ch=3 v=0.2417
    OK ch=5 v=0.2636
    OK ch=7 v=0.2464
    OK ch=1 v=0.2560
    OK ch=3 v=0.2533
    OK ch=5 v=0.2616
    OK ch=1 v=0.2633
    OK ch=3 v=0.2497
    OK ch=7 v=0.2479

*** LOCKED -- 11.3s after gain was applied (t=31.3s total) ***

    OK ch=1 v=0.2699
    OK ch=3 v=0.2547
    OK ch=7 v=0.2458
    OK ch=1 v=0.2754
    OK ch=3 v=0.2556
    OK ch=5 v=0.2623
    OK ch=7 v=0.2469
    OK ch=1 v=0.2699
    OK ch=3 v=0.2464
    OK ch=5 v=0.2658
    OK ch=7 v=0.2474
    OK ch=1 v=0.2343
    OK ch=3 v=0.2456
    OK ch=5 v=0.2645
    OK ch=1 v=0.2155
    OK ch=3 v=0.2465
    OK ch=7 v=0.2488
    OK ch=1 v=0.1972
    OK ch=3 v=0.2475
    OK ch=5 v=0.2653
    OK ch=7 v=0.2463
    OK ch=1 v=0.2562
    OK ch=3 v=0.2531
    OK ch=7 v=0.2484
    OK ch=1 v=0.2619
    OK ch=3 v=0.2520
    OK ch=7 v=0.2462
    OK ch=1 v=0.2553
    OK ch=3 v=0.2533
    OK ch=5 v=0.2639
    OK ch=7 v=0.2484
    OK ch=1 v=0.2441
    OK ch=3 v=0.2463
    OK ch=1 v=0.2259
    OK ch=3 v=0.2454
    OK ch=1 v=0.2688
    OK ch=3 v=0.2470
    OK ch=5 v=0.2621
    OK ch=1 v=0.2350
    OK ch=3 v=0.2494
    OK ch=5 v=0.2659
    OK ch=7 v=0.2490
    OK ch=1 v=0.2138
    OK ch=3 v=0.2432
    OK ch=5 v=0.2646
    OK ch=7 v=0.2451
    OK ch=1 v=0.2389
    OK ch=3 v=0.2469
    OK ch=7 v=0.2476
    OK ch=1 v=0.2496
    OK ch=3 v=0.2508
    OK ch=7 v=0.2456
    OK ch=1 v=0.2814
    OK ch=3 v=0.2515
    OK ch=7 v=0.2480
    OK ch=1 v=0.2475
    OK ch=3 v=0.2523
    OK ch=5 v=0.2640
    OK ch=7 v=0.2473
    OK ch=1 v=0.2289
    OK ch=3 v=0.2457
    OK ch=5 v=0.2645
    OK ch=7 v=0.2460
    OK ch=1 v=0.2628
    OK ch=3 v=0.2563
    OK ch=5 v=0.2637
    OK ch=7 v=0.2486
    OK ch=1 v=0.2534
    OK ch=3 v=0.2522
    OK ch=5 v=0.2630
    OK ch=1 v=0.2621
    OK ch=3 v=0.2528
    OK ch=7 v=0.2495
    OK ch=1 v=0.2471
    OK ch=3 v=0.2483
    OK ch=5 v=0.2622
    OK ch=7 v=0.2479
    OK ch=1 v=0.2374
    OK ch=5 v=0.2615
    OK ch=7 v=0.2484
    OK ch=1 v=0.2326
    OK ch=3 v=0.2439
    OK ch=5 v=0.2622
    OK ch=7 v=0.2493
    OK ch=1 v=0.2337
    OK ch=3 v=0.2424
    OK ch=5 v=0.2632
    OK ch=7 v=0.2453
    OK ch=1 v=0.2197
    OK ch=5 v=0.2626
    OK ch=7 v=0.2464
    OK ch=1 v=0.2533
    OK ch=3 v=0.2541
    OK ch=1 v=0.2499
    OK ch=3 v=0.2515
    OK ch=5 v=0.2621
    OK ch=7 v=0.2483
    OK ch=1 v=0.2651
    OK ch=3 v=0.2547
    OK ch=7 v=0.2496
    OK ch=1 v=0.2614
    OK ch=3 v=0.2562
    OK ch=5 v=0.2640
    OK ch=7 v=0.2468
    OK ch=1 v=0.2475
    OK ch=3 v=0.2459
    OK ch=5 v=0.2645
    OK ch=7 v=0.2462
    OK ch=1 v=0.2182
    OK ch=3 v=0.2486
    OK ch=5 v=0.2651
    OK ch=1 v=0.2493
    OK ch=3 v=0.2576
    OK ch=7 v=0.2468
    OK ch=1 v=0.2676
    OK ch=3 v=0.2488
    OK ch=5 v=0.2657
    OK ch=1 v=0.2741
    OK ch=3 v=0.2527
    OK ch=5 v=0.2640
    OK ch=1 v=0.2428
    OK ch=3 v=0.2465
    OK ch=5 v=0.2654
    OK ch=7 v=0.2485
    OK ch=1 v=0.2312
    OK ch=3 v=0.2460
    OK ch=5 v=0.2662
    OK ch=1 v=0.2146
    OK ch=7 v=0.2457
    OK ch=1 v=0.2248
    OK ch=3 v=0.2485
    OK ch=5 v=0.2656
    OK ch=7 v=0.2465
    OK ch=1 v=0.2537
    OK ch=5 v=0.2632
    OK ch=7 v=0.2449
    OK ch=1 v=0.2565
    OK ch=3 v=0.2573
    OK ch=5 v=0.2642
    OK ch=7 v=0.2478
    OK ch=1 v=0.2507
    OK ch=3 v=0.2538
    OK ch=5 v=0.2636
    OK ch=7 v=0.2495
    OK ch=1 v=0.2464
    OK ch=3 v=0.2501
    OK ch=5 v=0.2641
    OK ch=7 v=0.2467
    OK ch=1 v=0.2602
    OK ch=3 v=0.2489
    OK ch=1 v=0.2360
    OK ch=3 v=0.2428
    OK ch=1 v=0.2445
    OK ch=3 v=0.2464
    OK ch=7 v=0.2480
    OK ch=1 v=0.2680
    OK ch=3 v=0.2533
    OK ch=7 v=0.2448
    OK ch=1 v=0.2171
    OK ch=3 v=0.2443
    OK ch=7 v=0.2471
    OK ch=1 v=0.2272
    OK ch=3 v=0.2434
    OK ch=5 v=0.2655
    OK ch=7 v=0.2502
    OK ch=1 v=0.2409
    OK ch=3 v=0.2499
    OK ch=5 v=0.2626
    OK ch=7 v=0.2489
    OK ch=1 v=0.2257
    OK ch=3 v=0.2487
    OK ch=7 v=0.2481
    OK ch=1 v=0.2398
    OK ch=3 v=0.2475
    OK ch=1 v=0.2589
    OK ch=3 v=0.2500
    OK ch=7 v=0.2475
    OK ch=1 v=0.2442
    OK ch=3 v=0.2507
    OK ch=7 v=0.2462
    OK ch=1 v=0.2471
    OK ch=5 v=0.2620
    OK ch=7 v=0.2474
    OK ch=1 v=0.2333
    OK ch=3 v=0.2430
    OK ch=5 v=0.2632
    OK ch=7 v=0.2465
    OK ch=1 v=0.2510
    OK ch=3 v=0.2527
    OK ch=1 v=0.2700
    OK ch=3 v=0.2503
    OK ch=7 v=0.2480
    OK ch=1 v=0.2734
    OK ch=3 v=0.2469
    OK ch=5 v=0.2651
    OK ch=1 v=0.2520
    OK ch=1 v=0.2746
    OK ch=3 v=0.2459
    OK ch=7 v=0.2470
    OK ch=1 v=0.2428
    OK ch=3 v=0.2500
    OK ch=7 v=0.2476
    OK ch=1 v=0.2551
    OK ch=3 v=0.2509
    OK ch=1 v=0.2528
    OK ch=3 v=0.2556
    OK ch=5 v=0.2661
    OK ch=7 v=0.2488
    OK ch=1 v=0.2289
    OK ch=3 v=0.2465
    OK ch=5 v=0.2654
    OK ch=7 v=0.2474
    OK ch=1 v=0.2408
    OK ch=3 v=0.2471
    OK ch=5 v=0.2645
    OK ch=1 v=0.2429
    OK ch=5 v=0.2634
    OK ch=7 v=0.2483
    OK ch=1 v=0.2356
    OK ch=3 v=0.2499
    OK ch=5 v=0.2620
    OK ch=1 v=0.2332
    OK ch=3 v=0.2517
    OK ch=5 v=0.2629
    OK ch=7 v=0.2468
    OK ch=1 v=0.2442
    OK ch=5 v=0.2622
    OK ch=7 v=0.2478
    OK ch=1 v=0.2540
    OK ch=3 v=0.2447
    OK ch=7 v=0.2466
    OK ch=1 v=0.2650
    OK ch=3 v=0.2490
    OK ch=7 v=0.2477
    OK ch=3 v=0.2539
    OK ch=5 v=0.2632
    OK ch=7 v=0.2467
    OK ch=1 v=0.2349
    OK ch=3 v=0.2514
    OK ch=5 v=0.2650
    OK ch=1 v=0.2334
    OK ch=3 v=0.2502
    OK ch=5 v=0.2645
    OK ch=7 v=0.2480
    OK ch=1 v=0.2440
    OK ch=3 v=0.2460
    OK ch=5 v=0.2636
    OK ch=1 v=0.2463
    OK ch=3 v=0.2485
    OK ch=7 v=0.2491
    OK ch=1 v=0.2477
    OK ch=3 v=0.2517
    OK ch=5 v=0.2630
    OK ch=7 v=0.2477
    OK ch=1 v=0.2772
    OK ch=3 v=0.2505
    OK ch=5 v=0.2639
    OK ch=7 v=0.2471
    OK ch=1 v=0.2449
    OK ch=7 v=0.2482
    OK ch=1 v=0.2290
    OK ch=3 v=0.2542
    OK ch=5 v=0.2654
    OK ch=7 v=0.2471
    OK ch=1 v=0.2266
    OK ch=3 v=0.2499
    OK ch=5 v=0.2639
    OK ch=7 v=0.2479
    OK ch=1 v=0.2350
    OK ch=3 v=0.2464
    OK ch=7 v=0.2466
    OK ch=1 v=0.2503
    OK ch=3 v=0.2452
    OK ch=5 v=0.2629
    OK ch=7 v=0.2442
    OK ch=1 v=0.2444
    OK ch=3 v=0.2510
    OK ch=5 v=0.2642
    OK ch=7 v=0.2459
    OK ch=1 v=0.2390
    OK ch=3 v=0.2526
    OK ch=7 v=0.2468
    OK ch=1 v=0.2423
    OK ch=3 v=0.2507
    OK ch=5 v=0.2648
    OK ch=7 v=0.2460
    OK ch=1 v=0.2606
    OK ch=3 v=0.2484
    OK ch=5 v=0.2658
    OK ch=7 v=0.2452
    OK ch=1 v=0.2388
    OK ch=3 v=0.2447
    OK ch=5 v=0.2664
    OK ch=7 v=0.2471
    OK ch=1 v=0.2405
    OK ch=3 v=0.2468
    OK ch=5 v=0.2673
    OK ch=7 v=0.2465
    OK ch=3 v=0.2505
    OK ch=5 v=0.2659
    OK ch=7 v=0.2480
    OK ch=1 v=0.2442
    OK ch=3 v=0.2521
    OK ch=7 v=0.2494
    OK ch=1 v=0.2409
    OK ch=3 v=0.2505
    OK ch=5 v=0.2634
    OK ch=1 v=0.2343
    OK ch=3 v=0.2485
    OK ch=7 v=0.2463
    OK ch=5 v=0.2622
    OK ch=7 v=0.2495
    OK ch=1 v=0.2497
    OK ch=3 v=0.2506
    OK ch=7 v=0.2476
    OK ch=1 v=0.2451
    OK ch=3 v=0.2464
    OK ch=7 v=0.2456
    OK ch=1 v=0.2432
    OK ch=3 v=0.2485
    OK ch=7 v=0.2468
    OK ch=1 v=0.2783
    OK ch=3 v=0.2528
    OK ch=7 v=0.2461
    OK ch=1 v=0.2711
    OK ch=3 v=0.2506
    OK ch=5 v=0.2631
    OK ch=7 v=0.2487
    OK ch=1 v=0.2421
    OK ch=3 v=0.2460
    OK ch=5 v=0.2637
    OK ch=7 v=0.2477
    OK ch=1 v=0.2408
    OK ch=3 v=0.2487
    OK ch=1 v=0.2270
    OK ch=3 v=0.2422
    OK ch=5 v=0.2629
    OK ch=7 v=0.2462
[   35.1s] DAMPING     ch0:LOCK g=-0.0300 bp=-0.010V ratio=0.11  ch1:LOCK g=-0.0300 bp=-0.011V ratio=0.05  ch2:LOCK g=+0.0100 bp=+0.003V ratio=0.04  ch3:LOCK g=-0.0300 bp=-0.003V ratio=0.05
    OK ch=1 v=0.2405
    OK ch=3 v=0.2520
    OK ch=7 v=0.2509
    OK ch=1 v=0.2266
    OK ch=3 v=0.2483
    OK ch=5 v=0.2624
    OK ch=7 v=0.2495
    OK ch=1 v=0.2178
    OK ch=3 v=0.2456
    OK ch=7 v=0.2460
    OK ch=1 v=0.2459
    OK ch=3 v=0.2474
    OK ch=5 v=0.2629
    OK ch=1 v=0.2669
    OK ch=3 v=0.2532
    OK ch=5 v=0.2622
    OK ch=1 v=0.2597
    OK ch=3 v=0.2502
    OK ch=7 v=0.2477
    OK ch=1 v=0.2625
    OK ch=3 v=0.2492
    OK ch=5 v=0.2633
    OK ch=1 v=0.2644
    OK ch=3 v=0.2562
    OK ch=7 v=0.2503
    OK ch=1 v=0.2414
    OK ch=3 v=0.2548
    OK ch=1 v=0.2396
    OK ch=3 v=0.2462
    OK ch=5 v=0.2644
    OK ch=7 v=0.2494
    OK ch=1 v=0.2371
    OK ch=3 v=0.2442
    OK ch=5 v=0.2652
    OK ch=7 v=0.2472
    OK ch=1 v=0.2417
    OK ch=3 v=0.2479
    OK ch=5 v=0.2642
    OK ch=1 v=0.2352
    OK ch=3 v=0.2442
    OK ch=5 v=0.2652
    OK ch=7 v=0.2443
    OK ch=1 v=0.2606
    OK ch=3 v=0.2522
    OK ch=5 v=0.2642
    OK ch=7 v=0.2483
    OK ch=1 v=0.2504
    OK ch=3 v=0.2515
    OK ch=5 v=0.2657
    OK ch=7 v=0.2475
    OK ch=1 v=0.2395
    OK ch=3 v=0.2471
    OK ch=5 v=0.2651
    OK ch=7 v=0.2438
    OK ch=1 v=0.2220
    OK ch=3 v=0.2505
    OK ch=7 v=0.2479
    OK ch=1 v=0.2437
    OK ch=3 v=0.2496
    OK ch=5 v=0.2658
    OK ch=7 v=0.2450
    OK ch=1 v=0.2649
    OK ch=3 v=0.2505
    OK ch=5 v=0.2651
    OK ch=7 v=0.2464
    OK ch=1 v=0.2528
    OK ch=3 v=0.2490
    OK ch=7 v=0.2471
    OK ch=1 v=0.2711
    OK ch=3 v=0.2536
    OK ch=5 v=0.2638
    OK ch=1 v=0.2563
    OK ch=7 v=0.2487
    OK ch=1 v=0.2122
    OK ch=3 v=0.2434
    OK ch=5 v=0.2647
    OK ch=7 v=0.2477
    OK ch=1 v=0.2348
    OK ch=3 v=0.2486
    OK ch=5 v=0.2639
    OK ch=7 v=0.2484
    OK ch=1 v=0.2160
    OK ch=3 v=0.2474
    OK ch=5 v=0.2650
    OK ch=7 v=0.2470
    OK ch=1 v=0.2475
    OK ch=3 v=0.2501
    OK ch=5 v=0.2641
    OK ch=7 v=0.2481
    OK ch=1 v=0.2779
    OK ch=3 v=0.2515
    OK ch=5 v=0.2626
    OK ch=1 v=0.2508
    OK ch=5 v=0.2621
    OK ch=7 v=0.2466
    OK ch=1 v=0.2517
    OK ch=3 v=0.2492
    OK ch=1 v=0.2309
    OK ch=3 v=0.2521
    OK ch=5 v=0.2630
    OK ch=1 v=0.2301
    OK ch=3 v=0.2488
    OK ch=5 v=0.2635
    OK ch=7 v=0.2481
    OK ch=1 v=0.2713
    OK ch=3 v=0.2526
    OK ch=5 v=0.2646
    OK ch=7 v=0.2471
    OK ch=1 v=0.2436
    OK ch=3 v=0.2450
    OK ch=5 v=0.2627
    OK ch=7 v=0.2458
    OK ch=1 v=0.2596
    OK ch=3 v=0.2520
    OK ch=7 v=0.2485
    OK ch=1 v=0.2512
    OK ch=3 v=0.2525
    OK ch=7 v=0.2476
    OK ch=1 v=0.2432
    OK ch=3 v=0.2505
    OK ch=5 v=0.2647
    OK ch=7 v=0.2485
    OK ch=1 v=0.2145
    OK ch=3 v=0.2447
    OK ch=7 v=0.2472
    OK ch=1 v=0.2341
    OK ch=3 v=0.2436
    OK ch=5 v=0.2655
    OK ch=7 v=0.2458
    OK ch=1 v=0.2258
    OK ch=3 v=0.2453
    OK ch=5 v=0.2639
    OK ch=7 v=0.2495
    OK ch=1 v=0.2482
    OK ch=3 v=0.2495
    OK ch=5 v=0.2617
    OK ch=1 v=0.2581
    OK ch=3 v=0.2515
    OK ch=5 v=0.2634
    OK ch=7 v=0.2476
    OK ch=1 v=0.2459
    OK ch=3 v=0.2478
    OK ch=5 v=0.2646
    OK ch=7 v=0.2482
    OK ch=1 v=0.2401
    OK ch=3 v=0.2442
    OK ch=5 v=0.2640
    OK ch=7 v=0.2468
    OK ch=1 v=0.2226
    OK ch=3 v=0.2467
    OK ch=5 v=0.2632
    OK ch=7 v=0.2478
    OK ch=1 v=0.2642
    OK ch=3 v=0.2529
    OK ch=5 v=0.2646
    OK ch=7 v=0.2466
    OK ch=1 v=0.2400
    OK ch=3 v=0.2483
    OK ch=5 v=0.2652
    OK ch=7 v=0.2455
    OK ch=1 v=0.2760
    OK ch=3 v=0.2548
    OK ch=7 v=0.2483
    OK ch=1 v=0.2419
    OK ch=3 v=0.2522
    OK ch=5 v=0.2630
    OK ch=1 v=0.2375
    OK ch=3 v=0.2483
    OK ch=1 v=0.2472
    OK ch=3 v=0.2474
    OK ch=5 v=0.2637
    OK ch=1 v=0.2319
    OK ch=3 v=0.2428
    OK ch=7 v=0.2465
    OK ch=1 v=0.2328
    OK ch=3 v=0.2470
    OK ch=5 v=0.2651
    OK ch=1 v=0.2379
    OK ch=3 v=0.2416
    OK ch=5 v=0.2657
    OK ch=1 v=0.2596
    OK ch=3 v=0.2535
    OK ch=5 v=0.2632
    OK ch=1 v=0.2416
    OK ch=3 v=0.2611
    OK ch=7 v=0.2471
    OK ch=1 v=0.2444
    OK ch=3 v=0.2513
    OK ch=7 v=0.2460
    OK ch=1 v=0.2491
    OK ch=3 v=0.2481
    OK ch=5 v=0.2645
    OK ch=7 v=0.2450
    OK ch=1 v=0.2549
    OK ch=3 v=0.2488
    OK ch=7 v=0.2479
    OK ch=1 v=0.2283
    OK ch=3 v=0.2442
    OK ch=7 v=0.2496
    OK ch=1 v=0.2298
    OK ch=3 v=0.2492
    OK ch=7 v=0.2471
    OK ch=3 v=0.2445
    OK ch=7 v=0.2489
    OK ch=1 v=0.2569
    OK ch=3 v=0.2549
    OK ch=5 v=0.2640
    OK ch=1 v=0.2925
    OK ch=3 v=0.2485
    OK ch=5 v=0.2630
    OK ch=7 v=0.2462
    OK ch=1 v=0.2303
    OK ch=3 v=0.2497
    OK ch=5 v=0.2638
    OK ch=7 v=0.2483
    OK ch=1 v=0.2719
    OK ch=3 v=0.2555
    OK ch=1 v=0.2488
    OK ch=3 v=0.2517
    OK ch=5 v=0.2647
    OK ch=1 v=0.2440
    OK ch=3 v=0.2483
    OK ch=5 v=0.2640
    OK ch=7 v=0.2442
    OK ch=1 v=0.2565
    OK ch=3 v=0.2582
    OK ch=5 v=0.2632
    OK ch=7 v=0.2456
    OK ch=3 v=0.2507
    OK ch=7 v=0.2477
    OK ch=1 v=0.2487
    OK ch=3 v=0.2464
    OK ch=5 v=0.2623
    OK ch=7 v=0.2504
    OK ch=1 v=0.2126
    OK ch=3 v=0.2399
    OK ch=7 v=0.2491
    OK ch=1 v=0.2166
    OK ch=3 v=0.2376
    OK ch=5 v=0.2635
    OK ch=7 v=0.2471
    OK ch=1 v=0.2212
    OK ch=3 v=0.2460
    OK ch=1 v=0.2392
    OK ch=3 v=0.2495
    OK ch=5 v=0.2629
    OK ch=1 v=0.2669
    OK ch=3 v=0.2533
    OK ch=7 v=0.2457
    OK ch=1 v=0.2650
    OK ch=3 v=0.2545
    OK ch=5 v=0.2641
    OK ch=7 v=0.2483
    OK ch=1 v=0.2470
    OK ch=3 v=0.2471
    OK ch=5 v=0.2662
    OK ch=7 v=0.2463
    OK ch=1 v=0.2642
    OK ch=3 v=0.2571
    OK ch=5 v=0.2650
    OK ch=7 v=0.2487
    OK ch=1 v=0.2222
    OK ch=3 v=0.2493
    OK ch=1 v=0.2613
    OK ch=3 v=0.2524
    OK ch=7 v=0.2461
    OK ch=1 v=0.2502
    OK ch=3 v=0.2478
    OK ch=5 v=0.2636
    OK ch=7 v=0.2479
    OK ch=3 v=0.2517
    OK ch=1 v=0.2298
    OK ch=3 v=0.2481
    OK ch=5 v=0.2646
    OK ch=1 v=0.2371
    OK ch=3 v=0.2437
    OK ch=5 v=0.2660
    OK ch=7 v=0.2466
    OK ch=1 v=0.2614
    OK ch=3 v=0.2516
    OK ch=5 v=0.2648
    OK ch=7 v=0.2477
    OK ch=1 v=0.2289
    OK ch=3 v=0.2441
    OK ch=5 v=0.2635
    OK ch=7 v=0.2454
    OK ch=1 v=0.2496
    OK ch=3 v=0.2516
    OK ch=5 v=0.2627
    OK ch=7 v=0.2480
    OK ch=1 v=0.2716
    OK ch=3 v=0.2498
    OK ch=7 v=0.2460
    OK ch=1 v=0.2383
    OK ch=3 v=0.2421
    OK ch=5 v=0.2634
    OK ch=1 v=0.2204
    OK ch=3 v=0.2446
    OK ch=1 v=0.2243
    OK ch=3 v=0.2521
    OK ch=7 v=0.2468
    OK ch=1 v=0.2291
    OK ch=3 v=0.2540
    OK ch=7 v=0.2459
    OK ch=1 v=0.2363
    OK ch=3 v=0.2473
    OK ch=1 v=0.2308
    OK ch=3 v=0.2448
    OK ch=7 v=0.2477
    OK ch=1 v=0.2453
    OK ch=3 v=0.2476
    OK ch=5 v=0.2644
    OK ch=7 v=0.2494
    OK ch=1 v=0.2693
    OK ch=3 v=0.2594
    OK ch=5 v=0.2638
    OK ch=1 v=0.2444
    OK ch=3 v=0.2491
    OK ch=5 v=0.2644
    OK ch=7 v=0.2486
    OK ch=1 v=0.2449
    OK ch=5 v=0.2637
    OK ch=1 v=0.2463
    OK ch=3 v=0.2466
    OK ch=7 v=0.2476
    OK ch=1 v=0.2584
    OK ch=3 v=0.2489
    OK ch=5 v=0.2651
    OK ch=7 v=0.2470
    OK ch=1 v=0.2575
    OK ch=3 v=0.2472
    OK ch=1 v=0.2287
    OK ch=3 v=0.2508
    OK ch=7 v=0.2458
    OK ch=1 v=0.2268
    OK ch=3 v=0.2492
    OK ch=5 v=0.2640
    OK ch=7 v=0.2482
    OK ch=1 v=0.2678
    OK ch=3 v=0.2477
    OK ch=5 v=0.2617
    OK ch=7 v=0.2450
    OK ch=1 v=0.2450
    OK ch=3 v=0.2491
    OK ch=7 v=0.2476
    OK ch=1 v=0.2261
    OK ch=3 v=0.2471
    OK ch=5 v=0.2642
    OK ch=1 v=0.2276
    OK ch=3 v=0.2448
    OK ch=7 v=0.2444
    OK ch=1 v=0.2390
    OK ch=3 v=0.2467
    OK ch=7 v=0.2455
    OK ch=1 v=0.2560
    OK ch=3 v=0.2492
    OK ch=1 v=0.2406
    OK ch=3 v=0.2500
    OK ch=7 v=0.2480
    OK ch=1 v=0.2286
    OK ch=3 v=0.2525
    OK ch=5 v=0.2651
    OK ch=7 v=0.2500
    OK ch=1 v=0.2659
    OK ch=3 v=0.2509
    OK ch=5 v=0.2637
    OK ch=7 v=0.2485
    OK ch=1 v=0.2458
    OK ch=3 v=0.2454
    OK ch=5 v=0.2660
    OK ch=7 v=0.2466
    OK ch=1 v=0.2627
    OK ch=3 v=0.2539
    OK ch=5 v=0.2649
    OK ch=7 v=0.2489
    OK ch=1 v=0.2384
    OK ch=3 v=0.2515
    OK ch=5 v=0.2643
    OK ch=7 v=0.2511
    OK ch=5 v=0.2633
    OK ch=7 v=0.2478
    OK ch=1 v=0.2395
    OK ch=3 v=0.2532
    OK ch=1 v=0.2423
    OK ch=3 v=0.2483
    OK ch=7 v=0.2458
    OK ch=1 v=0.2405
    OK ch=3 v=0.2456
    OK ch=7 v=0.2489
    OK ch=3 v=0.2423
    OK ch=5 v=0.2624
    OK ch=7 v=0.2444
    OK ch=1 v=0.2383
    OK ch=3 v=0.2471
    OK ch=7 v=0.2453
    OK ch=1 v=0.2521
    OK ch=3 v=0.2549
    OK ch=5 v=0.2614
    OK ch=7 v=0.2497
    OK ch=1 v=0.2403
    OK ch=3 v=0.2513
    OK ch=5 v=0.2621
    OK ch=7 v=0.2488
    OK ch=1 v=0.2446
    OK ch=3 v=0.2498
    OK ch=5 v=0.2631
    OK ch=7 v=0.2469
    OK ch=1 v=0.2645
    OK ch=3 v=0.2516
    OK ch=7 v=0.2478
    OK ch=1 v=0.2498
    OK ch=3 v=0.2476
    OK ch=5 v=0.2648
    OK ch=1 v=0.2314
    OK ch=3 v=0.2446
    OK ch=7 v=0.2465
    OK ch=1 v=0.2376
    OK ch=3 v=0.2379
    OK ch=5 v=0.2654
    OK ch=7 v=0.2452
    OK ch=1 v=0.2512
    OK ch=3 v=0.2473
    OK ch=7 v=0.2479
    OK ch=1 v=0.2272
    OK ch=3 v=0.2523
    OK ch=5 v=0.2666
    OK ch=7 v=0.2471
    OK ch=1 v=0.2674
    OK ch=3 v=0.2573
    OK ch=5 v=0.2658
    OK ch=1 v=0.2607
    OK ch=3 v=0.2609
    OK ch=5 v=0.2643
    OK ch=7 v=0.2483
    OK ch=1 v=0.2449
    OK ch=3 v=0.2527
    OK ch=5 v=0.2649
    OK ch=7 v=0.2471
    OK ch=1 v=0.2568
    OK ch=3 v=0.2509
    OK ch=7 v=0.2482
    OK ch=1 v=0.2544
    OK ch=3 v=0.2462
    OK ch=1 v=0.2350
    OK ch=3 v=0.2443
    OK ch=5 v=0.2633
    OK ch=7 v=0.2456
    OK ch=1 v=0.2150
    OK ch=7 v=0.2465
[   40.1s] DAMPING     ch0:LOCK g=-0.0300 bp=-0.016V ratio=0.10  ch1:LOCK g=-0.0300 bp=+0.001V ratio=0.08  ch2:LOCK g=+0.0100 bp=-0.010V ratio=0.03  ch3:LOCK g=-0.0300 bp=-0.000V ratio=0.04
    OK ch=1 v=0.1910
    OK ch=3 v=0.2508
    OK ch=7 v=0.2481
    OK ch=1 v=0.2185
    OK ch=3 v=0.2420
    OK ch=7 v=0.2472
    OK ch=1 v=0.2673
    OK ch=3 v=0.2516
    OK ch=5 v=0.2612
    OK ch=1 v=0.2744
    OK ch=7 v=0.2459
    OK ch=1 v=0.2584
    OK ch=3 v=0.2436
    OK ch=5 v=0.2628
    OK ch=1 v=0.2702
    OK ch=3 v=0.2455
    OK ch=5 v=0.2637
    OK ch=7 v=0.2476
    OK ch=1 v=0.2348
    OK ch=3 v=0.2498
    OK ch=5 v=0.2654
    OK ch=1 v=0.2572
    OK ch=3 v=0.2529
    OK ch=5 v=0.2659
    OK ch=7 v=0.2491
    OK ch=1 v=0.2466
    OK ch=5 v=0.2652
    OK ch=7 v=0.2464
    OK ch=1 v=0.2547
    OK ch=3 v=0.2545
    OK ch=7 v=0.2474
    OK ch=1 v=0.2390
    OK ch=3 v=0.2471
    OK ch=5 v=0.2641
    OK ch=1 v=0.2463
    OK ch=3 v=0.2483
    OK ch=5 v=0.2651
    OK ch=7 v=0.2488
    OK ch=1 v=0.2310
    OK ch=3 v=0.2499
    OK ch=5 v=0.2616
    OK ch=1 v=0.2403
    OK ch=3 v=0.2488
    OK ch=5 v=0.2630
    OK ch=7 v=0.2481
    OK ch=1 v=0.2572
    OK ch=3 v=0.2439
    OK ch=1 v=0.2605
    OK ch=3 v=0.2520
    OK ch=5 v=0.2620
    OK ch=7 v=0.2452
    OK ch=1 v=0.2316
    OK ch=3 v=0.2494
    OK ch=7 v=0.2462
    OK ch=1 v=0.1998
    OK ch=3 v=0.2489
    OK ch=5 v=0.2632
    OK ch=7 v=0.2455
    OK ch=1 v=0.2517
    OK ch=3 v=0.2419
    OK ch=5 v=0.2626
    OK ch=7 v=0.2460
    OK ch=1 v=0.2585
    OK ch=3 v=0.2469
    OK ch=7 v=0.2467
    OK ch=1 v=0.2444
    OK ch=3 v=0.2439
    OK ch=5 v=0.2644
    OK ch=1 v=0.2364
    OK ch=3 v=0.2496
    OK ch=5 v=0.2661
    OK ch=7 v=0.2473
    OK ch=1 v=0.2494
    OK ch=3 v=0.2535
    OK ch=5 v=0.2644
    OK ch=7 v=0.2498
    OK ch=1 v=0.2506
    OK ch=3 v=0.2517
    OK ch=5 v=0.2652
    OK ch=7 v=0.2482
    OK ch=1 v=0.2617
    OK ch=3 v=0.2552
    OK ch=7 v=0.2511
    OK ch=1 v=0.2531
    OK ch=3 v=0.2566
    OK ch=5 v=0.2642
    OK ch=7 v=0.2470
    OK ch=1 v=0.2303
    OK ch=3 v=0.2483
    OK ch=1 v=0.2205
    OK ch=3 v=0.2457
    OK ch=5 v=0.2649
    OK ch=7 v=0.2460
    OK ch=1 v=0.2328
    OK ch=3 v=0.2493
    OK ch=5 v=0.2633
    OK ch=1 v=0.2317
    OK ch=3 v=0.2451
    OK ch=5 v=0.2625
    OK ch=1 v=0.2575
    OK ch=3 v=0.2476
    OK ch=7 v=0.2480
    OK ch=1 v=0.2667
    OK ch=3 v=0.2534
    OK ch=5 v=0.2638
    OK ch=7 v=0.2458
    OK ch=1 v=0.2591
    OK ch=3 v=0.2464
    OK ch=1 v=0.2193
    OK ch=3 v=0.2550
    OK ch=5 v=0.2654
    OK ch=7 v=0.2450
    OK ch=1 v=0.2432
    OK ch=3 v=0.2465
    OK ch=5 v=0.2640
    OK ch=7 v=0.2468
    OK ch=1 v=0.2578
    OK ch=3 v=0.2470
    OK ch=7 v=0.2521
    OK ch=1 v=0.2307
    OK ch=3 v=0.2430
    OK ch=5 v=0.2649
    OK ch=7 v=0.2470
    OK ch=1 v=0.2431
    OK ch=3 v=0.2525
    OK ch=1 v=0.2331
    OK ch=3 v=0.2456
    OK ch=5 v=0.2657
    OK ch=7 v=0.2448
    OK ch=1 v=0.2606
    OK ch=3 v=0.2514
    OK ch=5 v=0.2647
    OK ch=7 v=0.2472
    OK ch=1 v=0.2451
    OK ch=5 v=0.2654
    OK ch=7 v=0.2454
    OK ch=1 v=0.2135
    OK ch=3 v=0.2547
    OK ch=7 v=0.2481
    OK ch=1 v=0.2706
    OK ch=3 v=0.2536
    OK ch=1 v=0.2623
    OK ch=5 v=0.2635
    OK ch=7 v=0.2496
    OK ch=1 v=0.2631
    OK ch=3 v=0.2450
    OK ch=5 v=0.2621
    OK ch=7 v=0.2482
    OK ch=1 v=0.2402
    OK ch=3 v=0.2465
    OK ch=1 v=0.2389
    OK ch=7 v=0.2474
    OK ch=1 v=0.2394
    OK ch=3 v=0.2453
    OK ch=5 v=0.2628
    OK ch=7 v=0.2480
    OK ch=1 v=0.2187
    OK ch=3 v=0.2443
    OK ch=5 v=0.2635
    OK ch=7 v=0.2468
    OK ch=1 v=0.2324
    OK ch=3 v=0.2427
    OK ch=5 v=0.2627
    OK ch=1 v=0.2679
    OK ch=3 v=0.2541
    OK ch=5 v=0.2604
    OK ch=7 v=0.2481
    OK ch=1 v=0.2822
    OK ch=3 v=0.2563
    OK ch=5 v=0.2628
    OK ch=7 v=0.2470
    OK ch=1 v=0.2421
    OK ch=3 v=0.2542
    OK ch=5 v=0.2651
    OK ch=1 v=0.2444
    OK ch=3 v=0.2512
    OK ch=7 v=0.2482
    OK ch=1 v=0.2101
    OK ch=3 v=0.2402
    OK ch=5 v=0.2643
    OK ch=7 v=0.2495
    OK ch=1 v=0.2212
    OK ch=3 v=0.2430
    OK ch=7 v=0.2467
    OK ch=1 v=0.2400
    OK ch=3 v=0.2465
    OK ch=5 v=0.2634
    OK ch=7 v=0.2451
    OK ch=1 v=0.2694
    OK ch=3 v=0.2579
    OK ch=5 v=0.2641
    OK ch=7 v=0.2467
    OK ch=3 v=0.2567
    OK ch=5 v=0.2647
    OK ch=7 v=0.2484
    OK ch=1 v=0.2529
    OK ch=3 v=0.2507
    OK ch=7 v=0.2472
    OK ch=1 v=0.2366
    OK ch=3 v=0.2474
    OK ch=7 v=0.2494
    OK ch=1 v=0.2487
    OK ch=3 v=0.2469
    OK ch=5 v=0.2638
    OK ch=7 v=0.2482
    OK ch=1 v=0.2431
    OK ch=3 v=0.2486
    OK ch=5 v=0.2643
    OK ch=7 v=0.2441
    OK ch=1 v=0.2715
    OK ch=3 v=0.2479
    OK ch=7 v=0.2457
    OK ch=1 v=0.2232
    OK ch=3 v=0.2410
    OK ch=7 v=0.2465
    OK ch=1 v=0.2393
    OK ch=3 v=0.2514
    OK ch=7 v=0.2482
    OK ch=1 v=0.2589
    OK ch=3 v=0.2485
    OK ch=5 v=0.2638
    OK ch=7 v=0.2473
    OK ch=1 v=0.2268
    OK ch=3 v=0.2459
    OK ch=5 v=0.2632
    OK ch=1 v=0.2292
    OK ch=3 v=0.2476
    OK ch=5 v=0.2639
    OK ch=7 v=0.2484
    OK ch=1 v=0.2242
    OK ch=3 v=0.2453
    OK ch=7 v=0.2461
    OK ch=1 v=0.2462
    OK ch=3 v=0.2485
    OK ch=5 v=0.2647
    OK ch=7 v=0.2472
    OK ch=1 v=0.2579
    OK ch=3 v=0.2579
    OK ch=5 v=0.2639
    OK ch=7 v=0.2488
    OK ch=1 v=0.2778
    OK ch=5 v=0.2631
    OK ch=7 v=0.2463
    OK ch=1 v=0.2497
    OK ch=3 v=0.2505
    OK ch=7 v=0.2509
    OK ch=1 v=0.2336
    OK ch=3 v=0.2457
    OK ch=5 v=0.2655
    OK ch=7 v=0.2499
    OK ch=1 v=0.2275
    OK ch=3 v=0.2491
    OK ch=7 v=0.2487
    OK ch=1 v=0.2240
    OK ch=3 v=0.2485
    OK ch=5 v=0.2629
    OK ch=7 v=0.2469
    OK ch=1 v=0.2521
    OK ch=3 v=0.2532
    OK ch=7 v=0.2500
    OK ch=1 v=0.2212
    OK ch=3 v=0.2457
    OK ch=7 v=0.2474
    OK ch=1 v=0.2615
    OK ch=3 v=0.2507
    OK ch=1 v=0.2632
    OK ch=3 v=0.2491
    OK ch=7 v=0.2454
    OK ch=1 v=0.2387
    OK ch=3 v=0.2462
    OK ch=5 v=0.2641
    OK ch=7 v=0.2438
    OK ch=1 v=0.2466
    OK ch=3 v=0.2511
    OK ch=5 v=0.2656
    OK ch=7 v=0.2470
    OK ch=1 v=0.2500
    OK ch=3 v=0.2455
    OK ch=5 v=0.2646
    OK ch=7 v=0.2454
    OK ch=1 v=0.2547
    OK ch=3 v=0.2481
    OK ch=5 v=0.2635
    OK ch=7 v=0.2447
    OK ch=1 v=0.2624
    OK ch=3 v=0.2525
    OK ch=5 v=0.2647
    OK ch=7 v=0.2480
    OK ch=1 v=0.2536
    OK ch=3 v=0.2556
    OK ch=5 v=0.2658
    OK ch=7 v=0.2496
    OK ch=1 v=0.2262
    OK ch=3 v=0.2433
    OK ch=7 v=0.2468
    OK ch=1 v=0.2186
    OK ch=3 v=0.2389
    OK ch=5 v=0.2652
    OK ch=7 v=0.2477
    OK ch=1 v=0.2311
    OK ch=3 v=0.2474
    OK ch=5 v=0.2632
    OK ch=1 v=0.2441
    OK ch=3 v=0.2509
    OK ch=1 v=0.2216
    OK ch=3 v=0.2396
    OK ch=7 v=0.2464
    OK ch=1 v=0.2570
    OK ch=3 v=0.2546
    OK ch=1 v=0.2727
    OK ch=3 v=0.2525
    OK ch=5 v=0.2617
    OK ch=7 v=0.2477
    OK ch=1 v=0.2780
    OK ch=3 v=0.2575
    OK ch=5 v=0.2636
    OK ch=1 v=0.2445
    OK ch=3 v=0.2501
    OK ch=5 v=0.2627
    OK ch=7 v=0.2492
    OK ch=1 v=0.2438
    OK ch=3 v=0.2478
    OK ch=7 v=0.2465
    OK ch=1 v=0.2532
    OK ch=5 v=0.2635
    OK ch=7 v=0.2486
    OK ch=1 v=0.2362
    OK ch=3 v=0.2528
    OK ch=7 v=0.2500
    OK ch=1 v=0.2375
    OK ch=3 v=0.2459
    OK ch=7 v=0.2472
    OK ch=1 v=0.2409
    OK ch=3 v=0.2474
    OK ch=5 v=0.2623
    OK ch=7 v=0.2465
    OK ch=3 v=0.2484
    OK ch=5 v=0.2634
    OK ch=7 v=0.2489
    OK ch=1 v=0.2492
    OK ch=7 v=0.2465
    OK ch=1 v=0.2209
    OK ch=3 v=0.2432
    OK ch=5 v=0.2640
    OK ch=7 v=0.2437
    OK ch=1 v=0.2598
    OK ch=3 v=0.2516
    OK ch=5 v=0.2628
    OK ch=7 v=0.2464
    OK ch=1 v=0.2710
    OK ch=3 v=0.2570
    OK ch=7 v=0.2496
    OK ch=1 v=0.2345
    OK ch=3 v=0.2487
    OK ch=5 v=0.2641
    OK ch=7 v=0.2472
    OK ch=1 v=0.2334
    OK ch=3 v=0.2501
    OK ch=5 v=0.2655
    OK ch=7 v=0.2467
    OK ch=1 v=0.2325
    OK ch=3 v=0.2465
    OK ch=1 v=0.2538
    OK ch=3 v=0.2475
    OK ch=5 v=0.2647
    OK ch=1 v=0.2648
    OK ch=3 v=0.2566
    OK ch=7 v=0.2459
    OK ch=1 v=0.2202
    OK ch=3 v=0.2437
    OK ch=5 v=0.2640
    OK ch=7 v=0.2449
    OK ch=1 v=0.2587
    OK ch=3 v=0.2505
    OK ch=5 v=0.2657
    OK ch=7 v=0.2479
    OK ch=1 v=0.2690
    OK ch=3 v=0.2524
    OK ch=7 v=0.2495
    OK ch=1 v=0.2281
    OK ch=3 v=0.2434
    OK ch=5 v=0.2651
    OK ch=7 v=0.2505
    OK ch=1 v=0.2201
    OK ch=3 v=0.2409
    OK ch=7 v=0.2461
    OK ch=1 v=0.2399
    OK ch=3 v=0.2500
    OK ch=5 v=0.2658
    OK ch=7 v=0.2468
    OK ch=1 v=0.2517
    OK ch=3 v=0.2475
    OK ch=5 v=0.2639
    OK ch=7 v=0.2448
    OK ch=1 v=0.2390
    OK ch=3 v=0.2467
    OK ch=7 v=0.2477
    OK ch=1 v=0.2445
    OK ch=3 v=0.2498
    OK ch=7 v=0.2470
    OK ch=1 v=0.2534
    OK ch=3 v=0.2578
    OK ch=5 v=0.2655
    OK ch=1 v=0.2357
    OK ch=3 v=0.2515
    OK ch=5 v=0.2635
    OK ch=1 v=0.2195
    OK ch=3 v=0.2457
    OK ch=1 v=0.2397
    OK ch=3 v=0.2438
    OK ch=5 v=0.2626
    OK ch=7 v=0.2485
    OK ch=1 v=0.2514
    OK ch=3 v=0.2462
    OK ch=7 v=0.2474
    OK ch=1 v=0.2454
    OK ch=3 v=0.2477
    OK ch=1 v=0.2512
    OK ch=3 v=0.2496
    OK ch=7 v=0.2484
    OK ch=1 v=0.2435
    OK ch=3 v=0.2503
    OK ch=5 v=0.2635
    OK ch=1 v=0.2626
    OK ch=3 v=0.2539
    OK ch=5 v=0.2625
    OK ch=7 v=0.2494
    OK ch=1 v=0.2492
    OK ch=3 v=0.2566
    OK ch=7 v=0.2488
    OK ch=1 v=0.2622
    OK ch=3 v=0.2550
    OK ch=7 v=0.2483
    OK ch=1 v=0.2343
    OK ch=3 v=0.2457
    OK ch=5 v=0.2645
    OK ch=1 v=0.2563
    OK ch=5 v=0.2635
    OK ch=7 v=0.2475
    OK ch=1 v=0.2443
    OK ch=3 v=0.2486
    OK ch=5 v=0.2641
    OK ch=7 v=0.2485
    OK ch=1 v=0.2448
    OK ch=3 v=0.2473
    OK ch=5 v=0.2624
    OK ch=7 v=0.2471
[   45.1s] DAMPING     ch0:LOCK g=-0.0300 bp=+0.011V ratio=0.11  ch1:LOCK g=-0.0300 bp=-0.001V ratio=0.08  ch2:LOCK g=+0.0100 bp=+0.013V ratio=0.03  ch3:LOCK g=-0.0300 bp=+0.005V ratio=0.04
    OK ch=1 v=0.2193
    OK ch=3 v=0.2431
    OK ch=5 v=0.2634
    OK ch=1 v=0.2001
    OK ch=3 v=0.2512
    OK ch=5 v=0.2644
    OK ch=1 v=0.2610
    OK ch=3 v=0.2505
    OK ch=5 v=0.2632
    OK ch=7 v=0.2458
    OK ch=1 v=0.2737
    OK ch=3 v=0.2499
    OK ch=5 v=0.2620
    OK ch=1 v=0.2278
    OK ch=3 v=0.2437
    OK ch=5 v=0.2637
    OK ch=7 v=0.2453
    OK ch=1 v=0.2496
    OK ch=3 v=0.2524
    OK ch=5 v=0.2642
    OK ch=7 v=0.2482
    OK ch=1 v=0.2512
    OK ch=3 v=0.2483
    OK ch=5 v=0.2661
    OK ch=7 v=0.2473
    OK ch=1 v=0.2343
    OK ch=3 v=0.2456
    OK ch=1 v=0.2429
    OK ch=3 v=0.2471
    OK ch=5 v=0.2656
    OK ch=7 v=0.2484
    OK ch=1 v=0.2703
    OK ch=3 v=0.2555
    OK ch=5 v=0.2646
    OK ch=7 v=0.2473
    OK ch=1 v=0.2561
    OK ch=3 v=0.2515
    OK ch=5 v=0.2640
    OK ch=7 v=0.2483
    OK ch=1 v=0.2433
    OK ch=3 v=0.2453
    OK ch=7 v=0.2458
    OK ch=1 v=0.2101
    OK ch=3 v=0.2477
    OK ch=7 v=0.2470
    OK ch=1 v=0.2227
    OK ch=3 v=0.2499
    OK ch=5 v=0.2653
    OK ch=7 v=0.2462
    OK ch=1 v=0.2775
    OK ch=3 v=0.2550
    OK ch=5 v=0.2630
    OK ch=1 v=0.2644
    OK ch=3 v=0.2497
    OK ch=5 v=0.2641
    OK ch=7 v=0.2480
    OK ch=1 v=0.2238
    OK ch=3 v=0.2458
    OK ch=5 v=0.2636
    OK ch=7 v=0.2471
    OK ch=1 v=0.2437
    OK ch=3 v=0.2486
    OK ch=7 v=0.2494
    OK ch=1 v=0.2421
    OK ch=3 v=0.2470
    OK ch=5 v=0.2617
    OK ch=7 v=0.2481
    OK ch=1 v=0.2593
    OK ch=3 v=0.2497
    OK ch=5 v=0.2641
    OK ch=7 v=0.2475
    OK ch=1 v=0.2623
    OK ch=3 v=0.2513
    OK ch=5 v=0.2658
    OK ch=7 v=0.2427
    OK ch=1 v=0.2366
    OK ch=3 v=0.2439
    OK ch=5 v=0.2647
    OK ch=7 v=0.2482
    OK ch=3 v=0.2526
    OK ch=7 v=0.2490
    OK ch=1 v=0.2584
    OK ch=3 v=0.2514
    OK ch=1 v=0.2447
    OK ch=5 v=0.2640
    OK ch=7 v=0.2497
    OK ch=1 v=0.2155
    OK ch=3 v=0.2476
    OK ch=7 v=0.2470
    OK ch=1 v=0.2534
    OK ch=3 v=0.2542
    OK ch=5 v=0.2631
    OK ch=7 v=0.2464
    OK ch=1 v=0.2428
    OK ch=3 v=0.2505
    OK ch=7 v=0.2489
    OK ch=1 v=0.2476
    OK ch=3 v=0.2518
    OK ch=5 v=0.2617
    OK ch=1 v=0.2543
    OK ch=3 v=0.2501
    OK ch=5 v=0.2628
    OK ch=7 v=0.2473
    OK ch=1 v=0.2237
    OK ch=3 v=0.2457
    OK ch=5 v=0.2637
    OK ch=1 v=0.2612
    OK ch=3 v=0.2446
    OK ch=7 v=0.2457
    OK ch=1 v=0.2630
    OK ch=3 v=0.2504
    OK ch=7 v=0.2482
    OK ch=1 v=0.2538
    OK ch=3 v=0.2528
    OK ch=5 v=0.2643
    OK ch=7 v=0.2475
    OK ch=1 v=0.2620
    OK ch=3 v=0.2544
    OK ch=5 v=0.2649
    OK ch=1 v=0.2549
    OK ch=3 v=0.2496
    OK ch=5 v=0.2641
    OK ch=7 v=0.2484
    OK ch=1 v=0.2222
    OK ch=3 v=0.2400
    OK ch=1 v=0.2322
    OK ch=3 v=0.2436
    OK ch=7 v=0.2469
    OK ch=1 v=0.2559
    OK ch=3 v=0.2536
    OK ch=5 v=0.2635
    OK ch=1 v=0.2338
    OK ch=3 v=0.2527
    OK ch=5 v=0.2628
    OK ch=1 v=0.2289
    OK ch=3 v=0.2467
    OK ch=5 v=0.2642
    OK ch=7 v=0.2481
    OK ch=1 v=0.2604
    OK ch=3 v=0.2508
    OK ch=5 v=0.2625
    OK ch=1 v=0.2644
    OK ch=3 v=0.2523
    OK ch=5 v=0.2634
    OK ch=7 v=0.2491
    OK ch=1 v=0.2221
    OK ch=3 v=0.2445
    OK ch=7 v=0.2475
    OK ch=1 v=0.2066
    OK ch=3 v=0.2418
    OK ch=5 v=0.2640
    OK ch=7 v=0.2459
    OK ch=1 v=0.2639
    OK ch=3 v=0.2521
    OK ch=5 v=0.2630
    OK ch=1 v=0.2483
    OK ch=3 v=0.2531
    OK ch=7 v=0.2465
    OK ch=1 v=0.2465
    OK ch=3 v=0.2498
    OK ch=5 v=0.2641
    OK ch=7 v=0.2481
    OK ch=1 v=0.2515
    OK ch=3 v=0.2523
    OK ch=1 v=0.2721
    OK ch=3 v=0.2544
    OK ch=7 v=0.2469
    OK ch=1 v=0.2592
    OK ch=3 v=0.2514
    OK ch=5 v=0.2634
    OK ch=7 v=0.2489
    OK ch=1 v=0.2456
    OK ch=3 v=0.2496
    OK ch=5 v=0.2659
    OK ch=1 v=0.2378
    OK ch=3 v=0.2383
    OK ch=7 v=0.2483
    OK ch=1 v=0.2207
    OK ch=3 v=0.2443
    OK ch=7 v=0.2467
    OK ch=1 v=0.2158
    OK ch=3 v=0.2449
    OK ch=7 v=0.2440
    OK ch=1 v=0.2475
    OK ch=3 v=0.2549
    OK ch=5 v=0.2649
    OK ch=7 v=0.2455
    OK ch=5 v=0.2634
    OK ch=7 v=0.2466
    OK ch=1 v=0.2628
    OK ch=1 v=0.2555
    OK ch=3 v=0.2527
    OK ch=7 v=0.2451
    OK ch=1 v=0.2504
    OK ch=3 v=0.2475
    OK ch=5 v=0.2640
    OK ch=7 v=0.2460
    OK ch=1 v=0.2311
    OK ch=3 v=0.2445
    OK ch=5 v=0.2653
    OK ch=1 v=0.2228
    OK ch=3 v=0.2427
    OK ch=5 v=0.2637
    OK ch=7 v=0.2473
    OK ch=1 v=0.2653
    OK ch=3 v=0.2505
    OK ch=7 v=0.2479
    OK ch=1 v=0.2741
    OK ch=3 v=0.2577
    OK ch=7 v=0.2491
    OK ch=1 v=0.2324
    OK ch=3 v=0.2524
    OK ch=5 v=0.2643
    OK ch=7 v=0.2466
    OK ch=1 v=0.2519
    OK ch=3 v=0.2498
    OK ch=7 v=0.2487
    OK ch=1 v=0.2546
    OK ch=3 v=0.2466
    OK ch=5 v=0.2636
    OK ch=7 v=0.2499
    OK ch=1 v=0.2155
    OK ch=3 v=0.2444
    OK ch=7 v=0.2493
    OK ch=1 v=0.2198
    OK ch=3 v=0.2429
    OK ch=7 v=0.2486
    OK ch=1 v=0.2555
    OK ch=3 v=0.2506
    OK ch=5 v=0.2619
    OK ch=7 v=0.2468
    OK ch=1 v=0.2380
    OK ch=3 v=0.2472
    OK ch=7 v=0.2477
    OK ch=1 v=0.2304
    OK ch=3 v=0.2485
    OK ch=5 v=0.2633
    OK ch=1 v=0.2777
    OK ch=3 v=0.2575
    OK ch=1 v=0.2719
    OK ch=3 v=0.2545
    OK ch=1 v=0.2763
    OK ch=3 v=0.2559
    OK ch=1 v=0.2512
    OK ch=3 v=0.2458
    OK ch=5 v=0.2638
    OK ch=7 v=0.2485
    OK ch=1 v=0.2286
    OK ch=5 v=0.2630
    OK ch=1 v=0.2325
    OK ch=3 v=0.2415
    OK ch=5 v=0.2638
    OK ch=7 v=0.2458
    OK ch=1 v=0.2532
    OK ch=3 v=0.2512
    OK ch=5 v=0.2647
    OK ch=1 v=0.2596
    OK ch=3 v=0.2526
    OK ch=5 v=0.2640
    OK ch=7 v=0.2495
    OK ch=1 v=0.2209
    OK ch=3 v=0.2436
    OK ch=7 v=0.2474
    OK ch=3 v=0.2484
    OK ch=7 v=0.2458
    OK ch=1 v=0.2471
    OK ch=3 v=0.2521
    OK ch=5 v=0.2635
    OK ch=1 v=0.2453
    OK ch=3 v=0.2538
    OK ch=7 v=0.2473
    OK ch=1 v=0.2417
    OK ch=3 v=0.2459
    OK ch=5 v=0.2641
    OK ch=7 v=0.2454
    OK ch=1 v=0.2739
    OK ch=3 v=0.2532
    OK ch=7 v=0.2468
    OK ch=1 v=0.2477
    OK ch=3 v=0.2475
    OK ch=1 v=0.2313
    OK ch=3 v=0.2465
    OK ch=5 v=0.2659
    OK ch=7 v=0.2511
    OK ch=1 v=0.2351
    OK ch=3 v=0.2427
    OK ch=7 v=0.2474
    OK ch=1 v=0.2521
    OK ch=3 v=0.2524
    OK ch=5 v=0.2629
    OK ch=7 v=0.2467
    OK ch=1 v=0.2703
    OK ch=3 v=0.2569
    OK ch=5 v=0.2639
    OK ch=1 v=0.2379
    OK ch=3 v=0.2488
    OK ch=5 v=0.2646
    OK ch=7 v=0.2482
    OK ch=1 v=0.2534
    OK ch=3 v=0.2510
    OK ch=7 v=0.2447
    OK ch=1 v=0.2593
    OK ch=3 v=0.2544
    OK ch=7 v=0.2473
    OK ch=1 v=0.2417
    OK ch=3 v=0.2451
    OK ch=7 v=0.2480
    OK ch=1 v=0.2297
    OK ch=3 v=0.2441
    OK ch=5 v=0.2653
    OK ch=7 v=0.2492
    OK ch=1 v=0.2577
    OK ch=3 v=0.2480
    OK ch=5 v=0.2643
    OK ch=7 v=0.2465
    OK ch=1 v=0.2159
    OK ch=3 v=0.2469
    OK ch=5 v=0.2633
    OK ch=7 v=0.2475
    OK ch=1 v=0.2308
    OK ch=3 v=0.2442
    OK ch=5 v=0.2627
    OK ch=7 v=0.2465
    OK ch=1 v=0.2612
    OK ch=3 v=0.2538
    OK ch=5 v=0.2612
    OK ch=7 v=0.2432
    OK ch=1 v=0.2574
    OK ch=3 v=0.2528
    OK ch=5 v=0.2628
    OK ch=7 v=0.2489
    OK ch=1 v=0.2383
    OK ch=3 v=0.2513
    OK ch=5 v=0.2643
    OK ch=7 v=0.2506
    OK ch=1 v=0.2559
    OK ch=3 v=0.2502
    OK ch=1 v=0.2596
    OK ch=3 v=0.2545
    OK ch=7 v=0.2479
    OK ch=1 v=0.2697
    OK ch=3 v=0.2508
    OK ch=7 v=0.2491
    OK ch=1 v=0.2435
    OK ch=3 v=0.2517
    OK ch=5 v=0.2633
    OK ch=1 v=0.2295
    OK ch=3 v=0.2463
    OK ch=5 v=0.2652
    OK ch=7 v=0.2470
    OK ch=1 v=0.2361
    OK ch=3 v=0.2471
    OK ch=5 v=0.2645
    OK ch=1 v=0.2217
    OK ch=3 v=0.2466
    OK ch=7 v=0.2479
    OK ch=1 v=0.2402
    OK ch=3 v=0.2555
    OK ch=7 v=0.2444
    OK ch=1 v=0.2490
    OK ch=3 v=0.2500
    OK ch=5 v=0.2626
    OK ch=1 v=0.2601
    OK ch=3 v=0.2495
    OK ch=7 v=0.2475
    OK ch=1 v=0.2469
    OK ch=7 v=0.2460
    OK ch=1 v=0.2397
    OK ch=3 v=0.2455
    OK ch=5 v=0.2634
    OK ch=1 v=0.2496
    OK ch=3 v=0.2477
    OK ch=5 v=0.2639
    OK ch=7 v=0.2487
    OK ch=1 v=0.2237
    OK ch=3 v=0.2419
    OK ch=5 v=0.2659
    OK ch=7 v=0.2477
    OK ch=1 v=0.2483
    OK ch=3 v=0.2461
    OK ch=5 v=0.2642
    OK ch=1 v=0.2450
    OK ch=3 v=0.2503
    OK ch=7 v=0.2486
    OK ch=1 v=0.2422
    OK ch=3 v=0.2536
    OK ch=5 v=0.2629
    OK ch=7 v=0.2461
    OK ch=1 v=0.2693
    OK ch=3 v=0.2516
    OK ch=5 v=0.2636
    OK ch=1 v=0.2204
    OK ch=3 v=0.2446
    OK ch=7 v=0.2477
    OK ch=1 v=0.2641
    OK ch=3 v=0.2563
    OK ch=5 v=0.2646
    OK ch=7 v=0.2492
    OK ch=1 v=0.2446
    OK ch=3 v=0.2481
    OK ch=5 v=0.2652
    OK ch=7 v=0.2500
    OK ch=1 v=0.2279
    OK ch=3 v=0.2438
    OK ch=5 v=0.2659
    OK ch=7 v=0.2467
    OK ch=1 v=0.2400
    OK ch=3 v=0.2521
    OK ch=5 v=0.2626
    OK ch=1 v=0.2572
    OK ch=3 v=0.2492
    OK ch=5 v=0.2612
    OK ch=7 v=0.2490
    OK ch=1 v=0.2474
    OK ch=3 v=0.2463
    OK ch=5 v=0.2639
    OK ch=7 v=0.2466
    OK ch=1 v=0.2670
    OK ch=3 v=0.2562
    OK ch=5 v=0.2625
    OK ch=7 v=0.2453
    OK ch=1 v=0.2439
    OK ch=3 v=0.2509
    OK ch=5 v=0.2635
    OK ch=7 v=0.2493
    OK ch=1 v=0.2397
    OK ch=3 v=0.2492
    OK ch=5 v=0.2645
    OK ch=7 v=0.2482
    OK ch=1 v=0.2302
    OK ch=3 v=0.2442
    OK ch=5 v=0.2639
    OK ch=7 v=0.2465
    OK ch=1 v=0.2339
    OK ch=3 v=0.2462
    OK ch=5 v=0.2644
    OK ch=1 v=0.2404
    OK ch=3 v=0.2523
    OK ch=7 v=0.2443
[   50.1s] DAMPING     ch0:LOCK g=-0.0300 bp=-0.026V ratio=0.09  ch1:LOCK g=-0.0300 bp=-0.001V ratio=0.07  ch2:LOCK g=+0.0100 bp=+0.002V ratio=0.01  ch3:LOCK g=-0.0300 bp=-0.005V ratio=0.03
    OK ch=1 v=0.2665
    OK ch=3 v=0.2531
    OK ch=7 v=0.2459
    OK ch=1 v=0.2699
    OK ch=3 v=0.2546
    OK ch=7 v=0.2503
    OK ch=1 v=0.2562
    OK ch=3 v=0.2510
    OK ch=7 v=0.2494
    OK ch=1 v=0.2374
    OK ch=3 v=0.2459
    OK ch=7 v=0.2475
    OK ch=1 v=0.2440
    OK ch=3 v=0.2478
    OK ch=5 v=0.2659
    OK ch=7 v=0.2481
    OK ch=1 v=0.2538
    OK ch=3 v=0.2511
    OK ch=5 v=0.2642
    OK ch=7 v=0.2468
    OK ch=1 v=0.2474
    OK ch=3 v=0.2475
    OK ch=5 v=0.2631
    OK ch=7 v=0.2456
    OK ch=1 v=0.2426
    OK ch=3 v=0.2439
    OK ch=5 v=0.2638
    OK ch=7 v=0.2484
    OK ch=1 v=0.2388
    OK ch=3 v=0.2487
    OK ch=5 v=0.2627
    OK ch=7 v=0.2462
    OK ch=1 v=0.2100
    OK ch=3 v=0.2476
    OK ch=1 v=0.2366
    OK ch=3 v=0.2442
    OK ch=7 v=0.2453
    OK ch=1 v=0.2402
    OK ch=3 v=0.2530
    OK ch=5 v=0.2643
    OK ch=7 v=0.2492
    OK ch=1 v=0.2646
    OK ch=3 v=0.2504
    OK ch=5 v=0.2633
    OK ch=7 v=0.2473
    OK ch=1 v=0.2486
    OK ch=3 v=0.2519
    OK ch=7 v=0.2505
    OK ch=1 v=0.2376
    OK ch=3 v=0.2467
    OK ch=7 v=0.2478
    OK ch=1 v=0.2610
    OK ch=3 v=0.2533
    OK ch=5 v=0.2645
    OK ch=7 v=0.2458
    OK ch=1 v=0.2259
    OK ch=3 v=0.2464
    OK ch=5 v=0.2657
    OK ch=7 v=0.2482
    OK ch=1 v=0.2555
    OK ch=3 v=0.2507
    OK ch=5 v=0.2640
    OK ch=1 v=0.2500
    OK ch=5 v=0.2649
    OK ch=7 v=0.2468
    OK ch=1 v=0.2437
    OK ch=3 v=0.2494
    OK ch=5 v=0.2634
    OK ch=1 v=0.2522
    OK ch=3 v=0.2489
    OK ch=7 v=0.2480
    OK ch=3 v=0.2513
    OK ch=5 v=0.2640
    OK ch=7 v=0.2469
    OK ch=1 v=0.2425
    OK ch=3 v=0.2488
    OK ch=5 v=0.2633
    OK ch=7 v=0.2480
    OK ch=1 v=0.2363
    OK ch=3 v=0.2483
    OK ch=1 v=0.2145
    OK ch=3 v=0.2507
    OK ch=7 v=0.2467
    OK ch=1 v=0.2541
    OK ch=3 v=0.2487
    OK ch=5 v=0.2644
    OK ch=7 v=0.2440
    OK ch=1 v=0.2448
    OK ch=3 v=0.2472
    OK ch=7 v=0.2458
    OK ch=1 v=0.2506
    OK ch=3 v=0.2452
    OK ch=5 v=0.2629
    OK ch=7 v=0.2478
    OK ch=1 v=0.2525
    OK ch=3 v=0.2532
    OK ch=5 v=0.2636
    OK ch=1 v=0.2413
    OK ch=3 v=0.2513
    OK ch=5 v=0.2645
    OK ch=7 v=0.2469
    OK ch=1 v=0.2550
    OK ch=3 v=0.2500
    OK ch=5 v=0.2639
    OK ch=7 v=0.2479
    OK ch=1 v=0.2794
    OK ch=3 v=0.2518
    OK ch=7 v=0.2456
    OK ch=1 v=0.2648
    OK ch=3 v=0.2525
    OK ch=5 v=0.2651
    OK ch=7 v=0.2481
    OK ch=1 v=0.2439
    OK ch=7 v=0.2508
    OK ch=1 v=0.2207
    OK ch=3 v=0.2482
    OK ch=7 v=0.2483
    OK ch=1 v=0.2097
    OK ch=3 v=0.2397
    OK ch=7 v=0.2471
    OK ch=1 v=0.2127
    OK ch=3 v=0.2428
    OK ch=5 v=0.2624
    OK ch=7 v=0.2492
    OK ch=1 v=0.2325
    OK ch=3 v=0.2462
    OK ch=5 v=0.2636
    OK ch=7 v=0.2466
    OK ch=1 v=0.2461
    OK ch=3 v=0.2515
    OK ch=5 v=0.2614
    OK ch=1 v=0.2562
    OK ch=3 v=0.2400
    OK ch=5 v=0.2619
    OK ch=7 v=0.2479
    OK ch=1 v=0.2644
    OK ch=3 v=0.2502
    OK ch=5 v=0.2629
    OK ch=7 v=0.2468
    OK ch=1 v=0.2595
    OK ch=3 v=0.2599
    OK ch=5 v=0.2636
    OK ch=7 v=0.2480
    OK ch=1 v=0.2486
    OK ch=3 v=0.2576
    OK ch=5 v=0.2646
    OK ch=7 v=0.2468
    OK ch=1 v=0.2519
    OK ch=3 v=0.2470
    OK ch=5 v=0.2658
    OK ch=1 v=0.2227
    OK ch=3 v=0.2384
    OK ch=1 v=0.2203
    OK ch=3 v=0.2477
    OK ch=1 v=0.2480
    OK ch=3 v=0.2539
    OK ch=5 v=0.2650
    OK ch=1 v=0.2330
    OK ch=3 v=0.2487
    OK ch=5 v=0.2644
    OK ch=7 v=0.2473
    OK ch=1 v=0.2411
    OK ch=3 v=0.2501
    OK ch=1 v=0.2639
    OK ch=3 v=0.2525
    OK ch=7 v=0.2498
    OK ch=1 v=0.2593
    OK ch=3 v=0.2512
    OK ch=7 v=0.2475
    OK ch=1 v=0.2158
    OK ch=3 v=0.2395
    OK ch=5 v=0.2633
    OK ch=7 v=0.2469
    OK ch=1 v=0.2347
    OK ch=3 v=0.2467
    OK ch=5 v=0.2621
    OK ch=1 v=0.2452
    OK ch=5 v=0.2632
    OK ch=7 v=0.2435
    OK ch=1 v=0.2352
    OK ch=3 v=0.2438
    OK ch=5 v=0.2644
    OK ch=7 v=0.2475
    OK ch=1 v=0.2559
    OK ch=3 v=0.2513
    OK ch=5 v=0.2632
    OK ch=1 v=0.2418
    OK ch=3 v=0.2487
    OK ch=5 v=0.2646
    OK ch=7 v=0.2461
    OK ch=1 v=0.2888
    OK ch=3 v=0.2590
    OK ch=5 v=0.2634
    OK ch=7 v=0.2487
    OK ch=1 v=0.2630
    OK ch=3 v=0.2539
    OK ch=5 v=0.2653
    OK ch=7 v=0.2464
    OK ch=1 v=0.2405
    OK ch=7 v=0.2476
    OK ch=1 v=0.2332
    OK ch=3 v=0.2513
    OK ch=5 v=0.2647
    OK ch=7 v=0.2490
    OK ch=1 v=0.2298
    OK ch=3 v=0.2484
    OK ch=5 v=0.2640
    OK ch=7 v=0.2500
    OK ch=1 v=0.2485
    OK ch=3 v=0.2503
    OK ch=5 v=0.2619
    OK ch=1 v=0.2655
    OK ch=7 v=0.2472
    OK ch=1 v=0.2211
    OK ch=3 v=0.2383
    OK ch=7 v=0.2452
    OK ch=1 v=0.2458
    OK ch=3 v=0.2439
    OK ch=5 v=0.2625
    OK ch=1 v=0.2388
    OK ch=3 v=0.2492
    OK ch=5 v=0.2632
    OK ch=1 v=0.2376
    OK ch=3 v=0.2446
    OK ch=1 v=0.2577
    OK ch=3 v=0.2468
    OK ch=5 v=0.2606
    OK ch=7 v=0.2489
    OK ch=1 v=0.2739
    OK ch=3 v=0.2590
    OK ch=5 v=0.2625
    OK ch=7 v=0.2474
    OK ch=1 v=0.2626
    OK ch=3 v=0.2496
    OK ch=5 v=0.2648
    OK ch=7 v=0.2483
    OK ch=1 v=0.2161
    OK ch=3 v=0.2407
    OK ch=5 v=0.2662
    OK ch=7 v=0.2493
    OK ch=1 v=0.2060
    OK ch=3 v=0.2445
    OK ch=5 v=0.2655
    OK ch=7 v=0.2465
    OK ch=1 v=0.2477
    OK ch=3 v=0.2541
    OK ch=5 v=0.2635
    OK ch=7 v=0.2486
    OK ch=1 v=0.2448
    OK ch=3 v=0.2530
    OK ch=7 v=0.2473
    OK ch=1 v=0.2461
    OK ch=3 v=0.2505
    OK ch=7 v=0.2483
    OK ch=1 v=0.2358
    OK ch=3 v=0.2447
    OK ch=5 v=0.2642
    OK ch=1 v=0.2559
    OK ch=3 v=0.2507
    OK ch=5 v=0.2649
    OK ch=7 v=0.2455
    OK ch=1 v=0.2584
    OK ch=3 v=0.2525
    OK ch=7 v=0.2468
    OK ch=1 v=0.2251
    OK ch=3 v=0.2494
    OK ch=5 v=0.2655
    OK ch=7 v=0.2460
    OK ch=1 v=0.2527
    OK ch=5 v=0.2669
    OK ch=1 v=0.2483
    OK ch=5 v=0.2651
    OK ch=7 v=0.2490
    OK ch=1 v=0.2436
    OK ch=3 v=0.2482
    OK ch=5 v=0.2640
    OK ch=7 v=0.2459
    OK ch=1 v=0.2084
    OK ch=3 v=0.2436
    OK ch=5 v=0.2655
    OK ch=7 v=0.2504
    OK ch=1 v=0.2367
    OK ch=3 v=0.2460
    OK ch=5 v=0.2644
    OK ch=7 v=0.2478
    OK ch=1 v=0.2867
    OK ch=3 v=0.2547
    OK ch=5 v=0.2626
    OK ch=7 v=0.2448
    OK ch=1 v=0.2929
    OK ch=3 v=0.2579
    OK ch=5 v=0.2634
    OK ch=7 v=0.2475
    OK ch=1 v=0.2250
    OK ch=3 v=0.2448
    OK ch=5 v=0.2644
    OK ch=7 v=0.2468
    OK ch=1 v=0.2374
    OK ch=3 v=0.2485
    OK ch=5 v=0.2638
    OK ch=7 v=0.2481
    OK ch=3 v=0.2471
    OK ch=5 v=0.2644
    OK ch=1 v=0.2440
    OK ch=3 v=0.2509
    OK ch=5 v=0.2637
    OK ch=1 v=0.2629
    OK ch=3 v=0.2527
    OK ch=5 v=0.2630
    OK ch=7 v=0.2465
    OK ch=1 v=0.2485
    OK ch=3 v=0.2494
    OK ch=5 v=0.2621
    OK ch=1 v=0.2292
    OK ch=3 v=0.2416
    OK ch=5 v=0.2626
    OK ch=7 v=0.2492
    OK ch=1 v=0.2616
    OK ch=3 v=0.2496
    OK ch=5 v=0.2616
    OK ch=1 v=0.2638
    OK ch=3 v=0.2534
    OK ch=7 v=0.2462
    OK ch=1 v=0.2404
    OK ch=3 v=0.2484
    OK ch=5 v=0.2625
    OK ch=7 v=0.2482
    OK ch=1 v=0.2163
    OK ch=3 v=0.2475
    OK ch=1 v=0.2308
    OK ch=3 v=0.2442
    OK ch=5 v=0.2632
    OK ch=7 v=0.2470
    OK ch=1 v=0.2531
    OK ch=3 v=0.2483
    OK ch=5 v=0.2621
    OK ch=7 v=0.2489
    OK ch=1 v=0.2604
    OK ch=3 v=0.2565
    OK ch=5 v=0.2628
    OK ch=7 v=0.2463
    OK ch=1 v=0.2271
    OK ch=3 v=0.2473
    OK ch=5 v=0.2654
    OK ch=7 v=0.2473
    OK ch=1 v=0.2508
    OK ch=3 v=0.2520
    OK ch=5 v=0.2640
    OK ch=7 v=0.2498
    OK ch=1 v=0.2449
    OK ch=5 v=0.2650
    OK ch=7 v=0.2469
    OK ch=1 v=0.2319
    OK ch=3 v=0.2461
    OK ch=5 v=0.2641
    OK ch=7 v=0.2453
    OK ch=1 v=0.2259
    OK ch=3 v=0.2447
    OK ch=5 v=0.2657
    OK ch=1 v=0.2460
    OK ch=3 v=0.2517
    OK ch=5 v=0.2666
    OK ch=7 v=0.2474
    OK ch=1 v=0.2630
    OK ch=7 v=0.2467
    OK ch=1 v=0.2620
    OK ch=3 v=0.2498
    OK ch=5 v=0.2649
    OK ch=1 v=0.2547
    OK ch=3 v=0.2466
    OK ch=5 v=0.2637
    OK ch=7 v=0.2457
    OK ch=1 v=0.2643
    OK ch=3 v=0.2548
    OK ch=5 v=0.2652
    OK ch=1 v=0.2421
    OK ch=3 v=0.2487
    OK ch=7 v=0.2466
    OK ch=1 v=0.2504
    OK ch=1 v=0.2395
    OK ch=3 v=0.2445
    OK ch=5 v=0.2671
    OK ch=7 v=0.2472
    OK ch=1 v=0.2402
    OK ch=3 v=0.2437
    OK ch=5 v=0.2658
    OK ch=7 v=0.2463
    OK ch=1 v=0.2116
    OK ch=3 v=0.2479
    OK ch=5 v=0.2647
    OK ch=7 v=0.2478
    OK ch=1 v=0.2603
    OK ch=3 v=0.2539
    OK ch=5 v=0.2634
    OK ch=7 v=0.2468
    OK ch=1 v=0.2757
    OK ch=3 v=0.2557
    OK ch=5 v=0.2627
    OK ch=1 v=0.2340
    OK ch=3 v=0.2505
    OK ch=7 v=0.2484
    OK ch=1 v=0.2248
    OK ch=3 v=0.2439
    OK ch=7 v=0.2497
    OK ch=1 v=0.2354
    OK ch=3 v=0.2452
    OK ch=5 v=0.2619
    OK ch=7 v=0.2481
    OK ch=1 v=0.2379
    OK ch=3 v=0.2516
    OK ch=7 v=0.2464
    OK ch=1 v=0.2479
    OK ch=3 v=0.2460
    OK ch=7 v=0.2500
    OK ch=1 v=0.2462
    OK ch=3 v=0.2468
    OK ch=7 v=0.2489
    OK ch=1 v=0.2386
    OK ch=3 v=0.2453
    OK ch=5 v=0.2636
    OK ch=1 v=0.2710
    OK ch=3 v=0.2534
    OK ch=1 v=0.2463
    OK ch=3 v=0.2521
    OK ch=7 v=0.2484
    OK ch=1 v=0.2660
    OK ch=3 v=0.2496
    OK ch=7 v=0.2478
    OK ch=1 v=0.2545
    OK ch=3 v=0.2525
    OK ch=7 v=0.2463
    OK ch=1 v=0.2495
    OK ch=3 v=0.2510
    OK ch=7 v=0.2474
    OK ch=1 v=0.2441
    OK ch=3 v=0.2548
    OK ch=5 v=0.2644
    OK ch=7 v=0.2488
[   55.2s] DAMPING     ch0:LOCK g=-0.0300 bp=+0.038V ratio=0.13  ch1:LOCK g=-0.0300 bp=+0.013V ratio=0.06  ch2:LOCK g=+0.0100 bp=+0.010V ratio=0.05  ch3:LOCK g=-0.0300 bp=+0.006V ratio=0.05
    OK ch=1 v=0.2402
    OK ch=3 v=0.2500
    OK ch=5 v=0.2632
    OK ch=1 v=0.2356
    OK ch=3 v=0.2439
    OK ch=7 v=0.2481
    OK ch=1 v=0.2464
    OK ch=3 v=0.2485
    OK ch=7 v=0.2465
    OK ch=1 v=0.2199
    OK ch=3 v=0.2426
    OK ch=7 v=0.2474
    OK ch=1 v=0.2213
    OK ch=3 v=0.2382
    OK ch=5 v=0.2641
    OK ch=7 v=0.2440
    OK ch=1 v=0.2389
    OK ch=3 v=0.2459
    OK ch=5 v=0.2630
    OK ch=1 v=0.2410
    OK ch=3 v=0.2437
    OK ch=5 v=0.2644
    OK ch=7 v=0.2477
    OK ch=1 v=0.2681
    OK ch=3 v=0.2618
    OK ch=5 v=0.2652
    OK ch=1 v=0.2254
    OK ch=3 v=0.2512
    OK ch=1 v=0.2247
    OK ch=3 v=0.2410
    OK ch=5 v=0.2672
    OK ch=1 v=0.2330
    OK ch=3 v=0.2471
    OK ch=5 v=0.2666
    OK ch=7 v=0.2462
    OK ch=1 v=0.2704
    OK ch=3 v=0.2553
    OK ch=5 v=0.2652
    OK ch=7 v=0.2476
    OK ch=1 v=0.2415
    OK ch=3 v=0.2510
    OK ch=5 v=0.2642
    OK ch=1 v=0.2463
    OK ch=3 v=0.2473
    OK ch=7 v=0.2501
    OK ch=3 v=0.2518
    OK ch=7 v=0.2487
    OK ch=3 v=0.2499
    OK ch=5 v=0.2649
    OK ch=7 v=0.2480
    OK ch=1 v=0.2482
    OK ch=3 v=0.2478
    OK ch=7 v=0.2464
    OK ch=1 v=0.2409
    OK ch=3 v=0.2465
    OK ch=5 v=0.2643
    OK ch=1 v=0.2571
    OK ch=3 v=0.2576
    OK ch=5 v=0.2634
    OK ch=1 v=0.2508
    OK ch=3 v=0.2486
    OK ch=7 v=0.2480
    OK ch=1 v=0.2380
    OK ch=3 v=0.2475
    OK ch=5 v=0.2628
    OK ch=7 v=0.2470
    OK ch=1 v=0.2559
    OK ch=7 v=0.2446
    OK ch=1 v=0.2370
    OK ch=3 v=0.2434
    OK ch=5 v=0.2614
    OK ch=7 v=0.2459
    OK ch=1 v=0.2335
    OK ch=3 v=0.2464
    OK ch=5 v=0.2626
    OK ch=7 v=0.2481
    OK ch=1 v=0.2361
    OK ch=3 v=0.2446
    OK ch=5 v=0.2641
    OK ch=7 v=0.2448
    OK ch=1 v=0.2436
    OK ch=3 v=0.2485
    OK ch=5 v=0.2650
    OK ch=7 v=0.2487
    OK ch=1 v=0.2831
    OK ch=3 v=0.2532
    OK ch=5 v=0.2636
    OK ch=7 v=0.2479
    OK ch=1 v=0.2312
    OK ch=3 v=0.2516
    OK ch=7 v=0.2488
    OK ch=1 v=0.2453
    OK ch=3 v=0.2543
    OK ch=5 v=0.2656
    OK ch=1 v=0.2583
    OK ch=3 v=0.2512
    OK ch=5 v=0.2643
    OK ch=7 v=0.2494
    OK ch=1 v=0.2310
    OK ch=3 v=0.2484
    OK ch=5 v=0.2658
    OK ch=7 v=0.2477
    OK ch=1 v=0.2370
    OK ch=3 v=0.2470
    OK ch=5 v=0.2633
    OK ch=7 v=0.2483
    OK ch=1 v=0.2540
    OK ch=3 v=0.2510
    OK ch=1 v=0.2331
    OK ch=3 v=0.2420
    OK ch=7 v=0.2490
    OK ch=1 v=0.2654
    OK ch=3 v=0.2506
    OK ch=7 v=0.2452
    OK ch=1 v=0.2276
    OK ch=3 v=0.2403
    OK ch=1 v=0.2463
    OK ch=3 v=0.2500
    OK ch=5 v=0.2645
    OK ch=1 v=0.2472
    OK ch=3 v=0.2525
    OK ch=5 v=0.2626
    OK ch=7 v=0.2460
    OK ch=1 v=0.2456
    OK ch=3 v=0.2532
    OK ch=5 v=0.2634
    OK ch=7 v=0.2467
    OK ch=1 v=0.2394
    OK ch=3 v=0.2509
    OK ch=7 v=0.2483
    OK ch=1 v=0.2314
    OK ch=3 v=0.2415
    OK ch=5 v=0.2640
    OK ch=1 v=0.2347
    OK ch=3 v=0.2461
    OK ch=7 v=0.2458
    OK ch=1 v=0.2603
    OK ch=3 v=0.2518
    OK ch=7 v=0.2492
    OK ch=3 v=0.2551
    OK ch=5 v=0.2650
    OK ch=7 v=0.2472
    OK ch=1 v=0.2578
    OK ch=7 v=0.2479
    OK ch=1 v=0.2651
    OK ch=7 v=0.2492
    OK ch=1 v=0.2522
    OK ch=3 v=0.2497
    OK ch=5 v=0.2657
    OK ch=7 v=0.2481
    OK ch=1 v=0.2385
    OK ch=3 v=0.2448
    OK ch=5 v=0.2651
    OK ch=7 v=0.2498
    OK ch=1 v=0.2426
    OK ch=3 v=0.2512
    OK ch=5 v=0.2632
    OK ch=7 v=0.2480
    OK ch=1 v=0.2591
    OK ch=7 v=0.2473
    OK ch=1 v=0.2340
    OK ch=3 v=0.2454
    OK ch=5 v=0.2638
    OK ch=7 v=0.2460
    OK ch=1 v=0.2283
    OK ch=3 v=0.2443
    OK ch=7 v=0.2471
    OK ch=1 v=0.2150
    OK ch=3 v=0.2455
    OK ch=5 v=0.2629
    OK ch=7 v=0.2462
    OK ch=1 v=0.2555
    OK ch=3 v=0.2484
    OK ch=5 v=0.2613
    OK ch=7 v=0.2440
    OK ch=1 v=0.2388
    OK ch=5 v=0.2621
    OK ch=7 v=0.2460
    OK ch=1 v=0.2258
    OK ch=3 v=0.2461
    OK ch=5 v=0.2629
    OK ch=7 v=0.2481
    OK ch=1 v=0.2696
    OK ch=3 v=0.2550
    OK ch=5 v=0.2649
    OK ch=1 v=0.2823
    OK ch=3 v=0.2576
    OK ch=5 v=0.2637
    OK ch=7 v=0.2494
    OK ch=1 v=0.2589
    OK ch=3 v=0.2505
    OK ch=5 v=0.2648
    OK ch=7 v=0.2466
    OK ch=1 v=0.2256
    OK ch=3 v=0.2520
    OK ch=5 v=0.2665
    OK ch=1 v=0.2398
    OK ch=3 v=0.2502
    OK ch=7 v=0.2502
    OK ch=1 v=0.1992
    OK ch=3 v=0.2493
    OK ch=5 v=0.2658
    OK ch=7 v=0.2492
    OK ch=1 v=0.2258
    OK ch=5 v=0.2647
    OK ch=7 v=0.2483
    OK ch=1 v=0.2383
    OK ch=3 v=0.2392
    OK ch=5 v=0.2635
    OK ch=7 v=0.2442
    OK ch=1 v=0.2775
    OK ch=3 v=0.2473
    OK ch=5 v=0.2620
    OK ch=7 v=0.2455
    OK ch=1 v=0.2654
    OK ch=5 v=0.2650
    OK ch=7 v=0.2476
    OK ch=1 v=0.2575
    OK ch=3 v=0.2551
    OK ch=1 v=0.2634
    OK ch=3 v=0.2524
    OK ch=5 v=0.2642
    OK ch=7 v=0.2491
    OK ch=1 v=0.2517
    OK ch=3 v=0.2559
    OK ch=7 v=0.2477
    OK ch=1 v=0.2471
    OK ch=3 v=0.2472

>>> KICK 1/3 REQUESTED at t=60.0s <<<

    OK ch=7 v=0.2485
    OK ch=1 v=0.2138
    OK ch=3 v=0.2396
    OK ch=5 v=0.2656
    OK ch=7 v=0.2472
    OK ch=1 v=0.2300
    OK ch=3 v=0.2425
    OK ch=5 v=0.2646
    OK ch=7 v=0.2446
    OK ch=1 v=0.2306
    OK ch=3 v=0.2456
    OK ch=5 v=0.2622
    OK ch=7 v=0.2463
    OK ch=1 v=0.2400
    OK ch=3 v=0.2501
    OK ch=7 v=0.2482
    OK ch=1 v=0.2523
    OK ch=3 v=0.2509
    OK ch=7 v=0.2496
    OK ch=1 v=0.2571
    OK ch=3 v=0.2567
    OK ch=7 v=0.2480
    OK ch=3 v=0.2511
    OK ch=5 v=0.2631
    OK ch=7 v=0.2463
    OK ch=1 v=0.2565
    OK ch=3 v=0.2517
    OK ch=5 v=0.2637
    OK ch=7 v=0.2474
    OK ch=1 v=0.2452
    OK ch=3 v=0.2497
    OK ch=7 v=0.2488
    OK ch=1 v=0.2319
    OK ch=3 v=0.2443
    OK ch=5 v=0.2628
    OK ch=7 v=0.2499
    OK ch=1 v=0.2403
    OK ch=3 v=0.2482
    OK ch=7 v=0.2492
    OK ch=1 v=0.2385
    OK ch=7 v=0.2461
    OK ch=1 v=0.2827
    OK ch=3 v=0.2587
    OK ch=5 v=0.2643
    OK ch=7 v=0.2443
    OK ch=1 v=0.2759
    OK ch=3 v=0.2569
    OK ch=5 v=0.2622
    OK ch=7 v=0.2470
    OK ch=1 v=0.2256
    OK ch=3 v=0.2443
    OK ch=5 v=0.2651
    OK ch=7 v=0.2476
    OK ch=1 v=0.2421
    OK ch=3 v=0.2482
    OK ch=5 v=0.2646
    OK ch=7 v=0.2453
    OK ch=1 v=0.2288
    OK ch=3 v=0.2458
    OK ch=1 v=0.2303
    OK ch=3 v=0.2494
    OK ch=5 v=0.2634
    OK ch=7 v=0.2483
    OK ch=1 v=0.2388
    OK ch=5 v=0.2627
    OK ch=1 v=0.2521
    OK ch=3 v=0.2484
    OK ch=5 v=0.2647
    OK ch=7 v=0.2489
    OK ch=1 v=0.2526
    OK ch=3 v=0.2460
    OK ch=5 v=0.2638
    OK ch=7 v=0.2476
    OK ch=1 v=0.2490
    OK ch=3 v=0.2468
    OK ch=5 v=0.2649
    OK ch=7 v=0.2461
    OK ch=1 v=0.2470
    OK ch=3 v=0.2479
    OK ch=5 v=0.2659
    OK ch=7 v=0.2475
    OK ch=1 v=0.2560
    OK ch=3 v=0.2567
    OK ch=1 v=0.2382
    OK ch=3 v=0.2523
    OK ch=5 v=0.2652
    OK ch=7 v=0.2466
    OK ch=1 v=0.2325
    OK ch=3 v=0.2494
    OK ch=5 v=0.2663
    OK ch=7 v=0.2487
    OK ch=1 v=0.2534
    OK ch=3 v=0.2522
    OK ch=5 v=0.2654
    OK ch=7 v=0.2475
    OK ch=1 v=0.2416
    OK ch=3 v=0.2469
    OK ch=5 v=0.2638
    OK ch=7 v=0.2496
    OK ch=1 v=0.2498
    OK ch=3 v=0.2524
    OK ch=7 v=0.2480
    OK ch=1 v=0.2656
    OK ch=3 v=0.2501
    OK ch=7 v=0.2439
    OK ch=1 v=0.2315
    OK ch=3 v=0.2443
    OK ch=7 v=0.2461
    OK ch=1 v=0.2478
    OK ch=3 v=0.2466
    OK ch=5 v=0.2630
    OK ch=7 v=0.2471
    OK ch=1 v=0.2344
    OK ch=5 v=0.2624
    OK ch=1 v=0.2352
    OK ch=3 v=0.2522
    OK ch=7 v=0.2463
    OK ch=1 v=0.2383
    OK ch=3 v=0.2508
    OK ch=5 v=0.2619
    OK ch=7 v=0.2439
    OK ch=1 v=0.2581
    OK ch=3 v=0.2487
    OK ch=5 v=0.2633
    OK ch=7 v=0.2469
    OK ch=1 v=0.2375
    OK ch=3 v=0.2450
    OK ch=5 v=0.2626
    OK ch=7 v=0.2478
    OK ch=1 v=0.2191
    OK ch=3 v=0.2541
    OK ch=5 v=0.2632
    OK ch=7 v=0.2502
    OK ch=1 v=0.2593
    OK ch=3 v=0.2505
    OK ch=7 v=0.2485
    OK ch=1 v=0.2668
    OK ch=3 v=0.2494
    OK ch=7 v=0.2466
    OK ch=1 v=0.2574
    OK ch=3 v=0.2526
    OK ch=5 v=0.2651
    OK ch=7 v=0.2476
    OK ch=1 v=0.2447
    OK ch=3 v=0.2462
    OK ch=5 v=0.2657
    OK ch=7 v=0.2466
    OK ch=1 v=0.2353
    OK ch=3 v=0.2496
    OK ch=5 v=0.2651
    OK ch=7 v=0.2478
    OK ch=1 v=0.2509
    OK ch=3 v=0.2512
    OK ch=5 v=0.2645
    OK ch=1 v=0.2461
    OK ch=3 v=0.2485
    OK ch=5 v=0.2661
    OK ch=7 v=0.2466
    OK ch=1 v=0.2293
    OK ch=3 v=0.2433
    OK ch=5 v=0.2649
    OK ch=7 v=0.2489
    OK ch=1 v=0.2353
    OK ch=5 v=0.2617
    OK ch=7 v=0.2465
    OK ch=1 v=0.2457
    OK ch=3 v=0.2476
    OK ch=5 v=0.2624
    OK ch=1 v=0.2651
    OK ch=3 v=0.2493
    OK ch=5 v=0.2644
    OK ch=1 v=0.2492
    OK ch=3 v=0.2475
    OK ch=5 v=0.2627
    OK ch=7 v=0.2492
    OK ch=1 v=0.2449
    OK ch=3 v=0.2502
    OK ch=5 v=0.2641
    OK ch=7 v=0.2469
    OK ch=1 v=0.2256
    OK ch=3 v=0.2529
    OK ch=7 v=0.2502
    OK ch=1 v=0.2287
    OK ch=3 v=0.2489
    OK ch=7 v=0.2476
    OK ch=1 v=0.2297
    OK ch=7 v=0.2468
    OK ch=1 v=0.2488
    OK ch=3 v=0.2470
    OK ch=7 v=0.2455
    OK ch=1 v=0.2324
    OK ch=3 v=0.2457
    OK ch=5 v=0.2652
    OK ch=7 v=0.2444
    OK ch=1 v=0.2687
    OK ch=3 v=0.2537
    OK ch=5 v=0.2638
    OK ch=7 v=0.2475
    OK ch=1 v=0.2668
    OK ch=3 v=0.2491
    OK ch=7 v=0.2481
    OK ch=1 v=0.2449
    OK ch=3 v=0.2483
    OK ch=7 v=0.2492
    OK ch=1 v=0.2333
    OK ch=3 v=0.2460
    OK ch=5 v=0.2647
    OK ch=7 v=0.2478
    OK ch=1 v=0.2300
    OK ch=3 v=0.2559
    OK ch=5 v=0.2639
    OK ch=7 v=0.2496
    OK ch=1 v=0.2712
    OK ch=3 v=0.2532
    OK ch=7 v=0.2479
    OK ch=1 v=0.2545
    OK ch=3 v=0.2514
    OK ch=5 v=0.2623
    OK ch=7 v=0.2450
    OK ch=3 v=0.2489
    OK ch=5 v=0.2631
    OK ch=7 v=0.2439
[   60.2s] DAMPING     ch0:LOCK g=-0.0300 bp=+0.026V ratio=0.13  ch1:LOCK g=-0.0300 bp=+0.006V ratio=0.08  ch2:LOCK g=+0.0100 bp=+0.002V ratio=0.01  ch3:LOCK g=-0.0300 bp=-0.004V ratio=0.03
    OK ch=1 v=0.2746
    OK ch=3 v=0.2555
    OK ch=1 v=0.2554
    OK ch=3 v=0.2490
    OK ch=5 v=0.2637
    OK ch=7 v=0.2464
    OK ch=1 v=0.2145
    OK ch=3 v=0.2395
    OK ch=7 v=0.2480
    OK ch=1 v=0.2243
    OK ch=3 v=0.2451
    OK ch=1 v=0.2688
    OK ch=3 v=0.2530
    OK ch=7 v=0.2493
    OK ch=1 v=0.2459
    OK ch=3 v=0.2491
    OK ch=7 v=0.2505
    OK ch=1 v=0.2470
    OK ch=3 v=0.2470
    OK ch=7 v=0.2499
    OK ch=1 v=0.2538
    OK ch=3 v=0.2483
    OK ch=7 v=0.2478
    OK ch=1 v=0.2373
    OK ch=3 v=0.2514
    OK ch=7 v=0.2471
    OK ch=1 v=0.2231
    OK ch=3 v=0.2468
    OK ch=5 v=0.2654
    OK ch=7 v=0.2446
    OK ch=1 v=0.2113
    OK ch=3 v=0.2513
    OK ch=7 v=0.2472
    OK ch=1 v=0.2466
    OK ch=3 v=0.2468
    OK ch=5 v=0.2645
    OK ch=7 v=0.2466
    OK ch=1 v=0.2558
    OK ch=3 v=0.2559
    OK ch=5 v=0.2627
    OK ch=1 v=0.2552
    OK ch=3 v=0.2510
    OK ch=5 v=0.2633
    OK ch=7 v=0.2482
    OK ch=1 v=0.2518
    OK ch=3 v=0.2467
    OK ch=5 v=0.2656
    OK ch=1 v=0.2471
    OK ch=3 v=0.2441
    OK ch=5 v=0.2648
    OK ch=7 v=0.2492
    OK ch=1 v=0.2593
    OK ch=3 v=0.2546
    OK ch=1 v=0.2405
    OK ch=3 v=0.2464
    OK ch=7 v=0.2484
    OK ch=1 v=0.2583
    OK ch=3 v=0.2535
    OK ch=5 v=0.2603
    OK ch=1 v=0.2781
    OK ch=3 v=0.2601
    OK ch=5 v=0.2538
    OK ch=7 v=0.2512
    OK ch=1 v=0.2472
    OK ch=3 v=0.2494
    OK ch=5 v=0.2602
    OK ch=7 v=0.2493
    OK ch=1 v=0.2003
    OK ch=3 v=0.2320
    OK ch=5 v=0.2789
    OK ch=7 v=0.2377
    OK ch=1 v=0.2494
    OK ch=3 v=0.2385
    OK ch=5 v=0.2780
    OK ch=7 v=0.2390
    OK ch=1 v=0.2259
    OK ch=3 v=0.2416
    OK ch=5 v=0.2662
    OK ch=7 v=0.2425
    OK ch=1 v=0.2788
    OK ch=3 v=0.2652
    OK ch=5 v=0.2477
    OK ch=7 v=0.2557
    OK ch=1 v=0.2339
    OK ch=3 v=0.2562
    OK ch=5 v=0.2434
    OK ch=7 v=0.2590
    OK ch=1 v=0.2615
    OK ch=3 v=0.2530
    OK ch=5 v=0.2600
    OK ch=7 v=0.2519
    OK ch=1 v=0.2431
    OK ch=3 v=0.2486
    OK ch=5 v=0.2670
    OK ch=7 v=0.2487
    OK ch=1 v=0.2493
    OK ch=3 v=0.2514
    OK ch=5 v=0.2649
    OK ch=7 v=0.2462
    OK ch=1 v=0.2545
    OK ch=3 v=0.2521
    OK ch=5 v=0.2606
    OK ch=7 v=0.2494
    OK ch=1 v=0.2516
    OK ch=3 v=0.2383
    OK ch=5 v=0.2677
    OK ch=7 v=0.2456
    OK ch=1 v=0.2319
    OK ch=3 v=0.2443
    OK ch=5 v=0.2663
    OK ch=7 v=0.2430
    OK ch=3 v=0.2520
    OK ch=5 v=0.2619
    OK ch=7 v=0.2452
    OK ch=1 v=0.2364
    OK ch=3 v=0.2552
    OK ch=5 v=0.2458
    OK ch=7 v=0.2534
    OK ch=1 v=0.3242
    OK ch=3 v=0.3430
    OK ch=5 v=0.1580
    OK ch=7 v=0.3412
    OK ch=1 v=0.4125
    OK ch=3 v=0.4227
    OK ch=5 v=0.1127
    OK ch=7 v=0.3518
    OK ch=1 v=0.4184
    OK ch=3 v=0.3345
    OK ch=5 v=0.2009
    OK ch=7 v=0.2635
    OK ch=1 v=0.3253
    OK ch=3 v=0.2413
    OK ch=5 v=0.2941
    OK ch=7 v=0.1704
    OK ch=1 v=0.2315
    OK ch=3 v=0.1475
    OK ch=5 v=0.3879
    OK ch=7 v=0.0766
    OK ch=1 v=0.3197
    OK ch=3 v=0.2358
    OK ch=5 v=0.2996
    OK ch=7 v=0.1648
    OK ch=1 v=0.4080
    OK ch=3 v=0.3240
    OK ch=5 v=0.2114
    OK ch=7 v=0.2531
    OK ch=1 v=0.3141
    OK ch=3 v=0.2561
    OK ch=5 v=0.1176
    OK ch=7 v=0.3469
    OK ch=1 v=0.2316
    OK ch=3 v=0.3386
    OK ch=5 v=0.0351
    OK ch=7 v=0.4294
    OK ch=1 v=0.1434
    OK ch=3 v=0.2504
    OK ch=5 v=0.1233
    OK ch=7 v=0.3411
    OK ch=1 v=0.2317
    OK ch=3 v=0.2847
    OK ch=5 v=0.1799
    OK ch=7 v=0.4294
    OK ch=1 v=0.3251
    OK ch=3 v=0.2940
    OK ch=5 v=0.0865
    OK ch=7 v=0.5000
    OK ch=1 v=0.4129
    OK ch=3 v=0.2423
    OK ch=5 v=0.0044
    OK ch=7 v=0.4122
    OK ch=1 v=0.3245
    OK ch=3 v=0.1590
    OK ch=5 v=0.0928
    OK ch=7 v=0.3237
    OK ch=1 v=0.2311
    OK ch=3 v=0.0656
    OK ch=5 v=0.1862
    OK ch=7 v=0.2304
    OK ch=1 v=0.3196
    OK ch=3 v=0.1541
    OK ch=5 v=0.2747
    OK ch=7 v=0.1419
    OK ch=1 v=0.4077
    OK ch=3 v=0.2422
    OK ch=5 v=0.3628
    OK ch=7 v=0.0538
    OK ch=1 v=0.3648
    OK ch=3 v=0.3354
    OK ch=5 v=0.4482
    OK ch=7 v=0.0000
    OK ch=1 v=0.2756
    OK ch=3 v=0.3530
    OK ch=5 v=0.5000
    OK ch=7 v=0.0493
    OK ch=1 v=0.1884
    OK ch=3 v=0.3296
    OK ch=5 v=0.4990
    OK ch=7 v=0.1365
    OK ch=1 v=0.0944
    OK ch=3 v=0.2790
    OK ch=5 v=0.4050
    OK ch=7 v=0.1762
    OK ch=1 v=0.0063
    OK ch=3 v=0.1909
    OK ch=5 v=0.3169
    OK ch=7 v=0.2643
    OK ch=1 v=0.0000
    OK ch=3 v=0.1031
    OK ch=5 v=0.2291
    OK ch=7 v=0.3521
    OK ch=1 v=0.0885
    OK ch=3 v=0.1140
    OK ch=5 v=0.1353
    OK ch=7 v=0.4460
    OK ch=1 v=0.1769
    OK ch=3 v=0.0256
    OK ch=5 v=0.1583
    OK ch=7 v=0.3575
    OK ch=1 v=0.2649
    OK ch=3 v=0.0652
    OK ch=5 v=0.1912
    OK ch=7 v=0.2851
    OK ch=1 v=0.3528
    OK ch=3 v=0.1531
    OK ch=5 v=0.1740
    OK ch=7 v=0.3730
    OK ch=1 v=0.4469
    OK ch=3 v=0.0590
    OK ch=5 v=0.0799
    OK ch=7 v=0.2789
    OK ch=1 v=0.4294
    OK ch=3 v=0.1468
    OK ch=5 v=0.0000
    OK ch=7 v=0.2851
    OK ch=1 v=0.3829
    OK ch=3 v=0.2403
    OK ch=5 v=0.0476
    OK ch=7 v=0.3227
    OK ch=1 v=0.4015
    OK ch=3 v=0.3286
    OK ch=5 v=0.1359
    OK ch=7 v=0.2344
    OK ch=1 v=0.5000
    OK ch=3 v=0.4274
    OK ch=5 v=0.2348
    OK ch=7 v=0.1472
    OK ch=3 v=0.5000
    OK ch=5 v=0.2454
    OK ch=7 v=0.2138
    OK ch=5 v=0.3169
    OK ch=7 v=0.2174
    OK ch=3 v=0.4670
    OK ch=5 v=0.3590
    OK ch=7 v=0.2131
    OK ch=1 v=0.4540
    OK ch=3 v=0.4008
    OK ch=5 v=0.3948
    OK ch=7 v=0.2009
    OK ch=1 v=0.3659
    OK ch=3 v=0.3131
    OK ch=5 v=0.3341
    OK ch=7 v=0.2290
    OK ch=1 v=0.2727
    OK ch=3 v=0.2195
    OK ch=5 v=0.2663
    OK ch=7 v=0.2372
    OK ch=1 v=0.2062
    OK ch=3 v=0.1654
    OK ch=5 v=0.2831
    OK ch=7 v=0.2102
    OK ch=1 v=0.1177
    OK ch=3 v=0.1582
    OK ch=5 v=0.2915
    OK ch=7 v=0.1217
    OK ch=1 v=0.0330
    OK ch=3 v=0.1660
    OK ch=5 v=0.2648
    OK ch=7 v=0.0820
    OK ch=1 v=0.0857
    OK ch=5 v=0.2349
    OK ch=7 v=0.0796
    OK ch=1 v=0.0803
    OK ch=3 v=0.1732
    OK ch=5 v=0.1966
    OK ch=7 v=0.1459
    OK ch=1 v=0.0903
    OK ch=3 v=0.1749
    OK ch=5 v=0.1862
    OK ch=7 v=0.0579
    OK ch=1 v=0.0511
    OK ch=3 v=0.1398
    OK ch=5 v=0.1833
    OK ch=7 v=0.1450
    OK ch=1 v=0.0000
    OK ch=3 v=0.1211
    OK ch=5 v=0.2295
    OK ch=7 v=0.2332
    OK ch=3 v=0.1544
    OK ch=5 v=0.2214
    OK ch=7 v=0.3214
    OK ch=3 v=0.1974
    OK ch=5 v=0.1991
    OK ch=7 v=0.3240
    OK ch=1 v=0.0664
    OK ch=3 v=0.2408
    OK ch=5 v=0.1914
    OK ch=7 v=0.3770
    OK ch=1 v=0.1545
    OK ch=3 v=0.2712
    OK ch=5 v=0.1989
    OK ch=7 v=0.4119
    OK ch=1 v=0.2423
    OK ch=3 v=0.2936
    OK ch=5 v=0.1934
    OK ch=7 v=0.4997
    OK ch=1 v=0.2500
    OK ch=3 v=0.2500
    OK ch=5 v=0.2500
    OK ch=7 v=0.4165

!! ch3 runaway/saturation -- freezing all channels, entering FAULT.

    OK ch=7 v=0.3236
    OK ch=7 v=0.2956
    OK ch=7 v=0.2682
    OK ch=7 v=0.2500
[   65.2s] FAULT       ch0:.... g=+0.0000 bp=+0.544V ratio=4.44  ch1:.... g=+0.0000 bp=+0.089V ratio=4.68  ch2:.... g=+0.0000 bp=-0.909V ratio=2.19  ch3:.... g=+0.0000 bp=-0.362V ratio=4.24
    OK ch=3 v=0.2491
    OK ch=5 v=0.2492

[recovered] re-engaging on the baseline already in hand -- the previous engagement was healthy, so this baseline is known good and the fault was a transient -- measuring a new floor now would measure the ringdown (1/4 before a forced re-calibration). Gain ramps from zero.

    OK ch=1 v=0.2262
    OK ch=3 v=0.2410
    OK ch=5 v=0.2880
    OK ch=1 v=0.1993
    OK ch=3 v=0.2504
    OK ch=5 v=0.3088
    OK ch=7 v=0.2564
    OK ch=1 v=0.2556
    OK ch=3 v=0.2958
    OK ch=5 v=0.3132
    OK ch=7 v=0.2357
    OK ch=1 v=0.2150
    OK ch=3 v=0.3142
    OK ch=5 v=0.3878
    OK ch=7 v=0.2069
    OK ch=1 v=0.2181
    OK ch=3 v=0.3121
    OK ch=5 v=0.4585
    OK ch=7 v=0.2229
    OK ch=1 v=0.2395
    OK ch=3 v=0.3154
    OK ch=5 v=0.5000
    OK ch=7 v=0.2393
    OK ch=1 v=0.2545
    OK ch=3 v=0.3090
    OK ch=7 v=0.2512
    OK ch=1 v=0.2728
    OK ch=3 v=0.3006
    OK ch=5 v=0.4339
    OK ch=7 v=0.2601
    OK ch=1 v=0.2822
    OK ch=3 v=0.2920
    OK ch=5 v=0.3460
    OK ch=7 v=0.2658
    OK ch=1 v=0.2813
    OK ch=3 v=0.2735
    OK ch=5 v=0.2577
    OK ch=7 v=0.2277
    OK ch=1 v=0.2741
    OK ch=3 v=0.2521
    OK ch=5 v=0.1696
    OK ch=7 v=0.2267
    OK ch=1 v=0.2836
    OK ch=3 v=0.2407
    OK ch=5 v=0.1875
    OK ch=7 v=0.2357
    OK ch=1 v=0.2866
    OK ch=3 v=0.2117
    OK ch=5 v=0.2096
    OK ch=7 v=0.1757
    OK ch=1 v=0.3744
    OK ch=3 v=0.2270
    OK ch=5 v=0.2044
    OK ch=7 v=0.1336
    OK ch=1 v=0.4544
    OK ch=3 v=0.2321
    OK ch=5 v=0.2111
    OK ch=7 v=0.2073
    OK ch=1 v=0.4579
    OK ch=3 v=0.2439
    OK ch=5 v=0.1869
    OK ch=7 v=0.2532
    OK ch=1 v=0.3706
    OK ch=3 v=0.2737
    OK ch=5 v=0.1639
    OK ch=7 v=0.2909
    OK ch=1 v=0.2824
    OK ch=3 v=0.2832
    OK ch=5 v=0.1634
    OK ch=7 v=0.3271
    OK ch=1 v=0.1943
    OK ch=3 v=0.3134
    OK ch=5 v=0.2515
    OK ch=7 v=0.3418
    OK ch=1 v=0.1060
    OK ch=3 v=0.3184
    OK ch=5 v=0.3398
    OK ch=7 v=0.3394
    OK ch=1 v=0.0521
    OK ch=3 v=0.2937
    OK ch=5 v=0.3608
    OK ch=7 v=0.3194
    OK ch=1 v=0.0965
    OK ch=3 v=0.2768
    OK ch=5 v=0.3618
    OK ch=7 v=0.2848
    OK ch=1 v=0.0735
    OK ch=3 v=0.2374
    OK ch=5 v=0.3392
    OK ch=7 v=0.2198
    OK ch=1 v=0.0952
    OK ch=3 v=0.2115
    OK ch=5 v=0.3122
    OK ch=7 v=0.1898
    OK ch=1 v=0.1683
    OK ch=3 v=0.1925
    OK ch=5 v=0.2743
    OK ch=7 v=0.1904
    OK ch=1 v=0.2311
    OK ch=3 v=0.1568
    OK ch=5 v=0.2599
    OK ch=7 v=0.1935
    OK ch=1 v=0.2553
    OK ch=3 v=0.1257
    OK ch=5 v=0.2814
    OK ch=7 v=0.1883
    OK ch=1 v=0.2828
    OK ch=3 v=0.1386
    OK ch=5 v=0.2767
    OK ch=7 v=0.1681
    OK ch=1 v=0.2865
    OK ch=3 v=0.1691
    OK ch=5 v=0.2949
    OK ch=7 v=0.1639
    OK ch=1 v=0.2848
    OK ch=3 v=0.2340
    OK ch=5 v=0.3470
    OK ch=7 v=0.1799
    OK ch=1 v=0.2978
    OK ch=3 v=0.2698
    OK ch=5 v=0.3681
    OK ch=7 v=0.2184
    OK ch=1 v=0.2768
    OK ch=3 v=0.3062
    OK ch=5 v=0.3947
    OK ch=7 v=0.2477
    OK ch=1 v=0.2914
    OK ch=3 v=0.3260
    OK ch=5 v=0.3850
    OK ch=7 v=0.2807
[   70.2s] DAMPING     ch0:.... g=-0.0284 bp=-0.322V ratio=3.24  ch1:.... g=-0.0284 bp=-0.325V ratio=3.03  ch2:.... g=+0.0120 bp=-0.465V ratio=1.87  ch3:.... g=-0.0284 bp=-0.073V ratio=3.70
    OK ch=1 v=0.2788
    OK ch=3 v=0.3431
    OK ch=5 v=0.3795
    OK ch=7 v=0.2896
    OK ch=3 v=0.3489
    OK ch=5 v=0.3429
    OK ch=7 v=0.2955
    OK ch=1 v=0.2679
    OK ch=3 v=0.3363
    OK ch=5 v=0.2861
    OK ch=7 v=0.2874
    OK ch=1 v=0.2575
    OK ch=3 v=0.3294
    OK ch=5 v=0.2513
    OK ch=7 v=0.2742
    OK ch=1 v=0.2956
    OK ch=3 v=0.3245
    OK ch=5 v=0.2412
    OK ch=7 v=0.2435
    OK ch=1 v=0.3073
    OK ch=3 v=0.2895
    OK ch=5 v=0.2034
    OK ch=7 v=0.2310
    OK ch=1 v=0.3785
    OK ch=3 v=0.2837
    OK ch=5 v=0.1822
    OK ch=7 v=0.1951
    OK ch=1 v=0.4243
    OK ch=3 v=0.2553
    OK ch=5 v=0.1856
    OK ch=7 v=0.1834
    OK ch=1 v=0.5000
    OK ch=3 v=0.2458
    OK ch=5 v=0.2324
    OK ch=7 v=0.1794
    OK ch=3 v=0.2635
    OK ch=5 v=0.2869
    OK ch=7 v=0.1900
    OK ch=1 v=0.4884
    OK ch=3 v=0.2663
    OK ch=5 v=0.3112
    OK ch=7 v=0.2130
    OK ch=1 v=0.3951
    OK ch=3 v=0.2726
    OK ch=5 v=0.3538
    OK ch=7 v=0.2277
    OK ch=1 v=0.3069
    OK ch=3 v=0.2763
    OK ch=5 v=0.3755
    OK ch=7 v=0.2491
    OK ch=1 v=0.2128
    OK ch=3 v=0.2747
    OK ch=5 v=0.3844
    OK ch=7 v=0.2710
    OK ch=1 v=0.1250
    OK ch=3 v=0.2798
    OK ch=5 v=0.4017
    OK ch=7 v=0.2677
    OK ch=1 v=0.0370
    OK ch=3 v=0.2427
    OK ch=5 v=0.3991
    OK ch=7 v=0.2589
    OK ch=1 v=0.0000
    OK ch=3 v=0.2220
    OK ch=5 v=0.3893
    OK ch=7 v=0.2485
    OK ch=1 v=0.0879
    OK ch=3 v=0.2140
    OK ch=5 v=0.3261
    OK ch=7 v=0.2185
    OK ch=1 v=0.1760
    OK ch=3 v=0.1940
    OK ch=5 v=0.2752
    OK ch=7 v=0.2086
    OK ch=1 v=0.2207
    OK ch=3 v=0.1719
    OK ch=5 v=0.2695
    OK ch=7 v=0.1984
    OK ch=1 v=0.2828
    OK ch=3 v=0.1728
    OK ch=5 v=0.2490
    OK ch=7 v=0.1996
    OK ch=1 v=0.2896
    OK ch=3 v=0.1862
    OK ch=5 v=0.2470
    OK ch=7 v=0.2034
    OK ch=1 v=0.3121
    OK ch=3 v=0.2166
    OK ch=5 v=0.2597
    OK ch=7 v=0.2264
    OK ch=1 v=0.2826
    OK ch=3 v=0.2296
    OK ch=5 v=0.2663
    OK ch=7 v=0.2604
    OK ch=1 v=0.2599
    OK ch=3 v=0.2645
    OK ch=5 v=0.2707
    OK ch=7 v=0.2679
    OK ch=1 v=0.3048
    OK ch=3 v=0.2881
    OK ch=5 v=0.2557
    OK ch=7 v=0.2968
    OK ch=1 v=0.2535
    OK ch=3 v=0.3078
    OK ch=5 v=0.2735
    OK ch=7 v=0.3026
    OK ch=1 v=0.2715
    OK ch=3 v=0.3105
    OK ch=5 v=0.2722
    OK ch=7 v=0.2991
    OK ch=1 v=0.2919
    OK ch=3 v=0.3011
    OK ch=5 v=0.2480
    OK ch=7 v=0.2912
    OK ch=1 v=0.2912
    OK ch=3 v=0.3068
    OK ch=5 v=0.2609
    OK ch=7 v=0.2739
    OK ch=1 v=0.2746
    OK ch=3 v=0.2855
    OK ch=5 v=0.2678
    OK ch=7 v=0.2575
    OK ch=1 v=0.2514
    OK ch=3 v=0.2608
    OK ch=5 v=0.2718
    OK ch=7 v=0.2395
    OK ch=1 v=0.2842
    OK ch=3 v=0.2584
    OK ch=5 v=0.2809
    OK ch=7 v=0.2201
    OK ch=1 v=0.3154
    OK ch=3 v=0.2470
    OK ch=5 v=0.2735
    OK ch=7 v=0.2119
    OK ch=1 v=0.3109
    OK ch=3 v=0.2435
    OK ch=5 v=0.3019
    OK ch=7 v=0.1993
    OK ch=1 v=0.2960
    OK ch=3 v=0.2442
    OK ch=5 v=0.3138
    OK ch=1 v=0.2578
    OK ch=3 v=0.2384
    OK ch=5 v=0.3168
    OK ch=7 v=0.2050
    OK ch=1 v=0.2303
    OK ch=3 v=0.2527
    OK ch=5 v=0.3494
    OK ch=7 v=0.1964
    OK ch=1 v=0.2296
    OK ch=3 v=0.2497
    OK ch=5 v=0.3588
    OK ch=7 v=0.2002
    OK ch=1 v=0.2194
    OK ch=3 v=0.2716
    OK ch=5 v=0.3673
    OK ch=7 v=0.2099
    OK ch=1 v=0.2178
    OK ch=3 v=0.2857
    OK ch=5 v=0.3749
    OK ch=7 v=0.2173
    OK ch=1 v=0.1888
    OK ch=3 v=0.2705
    OK ch=5 v=0.3754
    OK ch=7 v=0.2241
    OK ch=1 v=0.2198
    OK ch=3 v=0.2751
    OK ch=5 v=0.3817
    OK ch=7 v=0.2229
    OK ch=1 v=0.2413
    OK ch=3 v=0.2682
    OK ch=5 v=0.3351
    OK ch=7 v=0.2286
    OK ch=1 v=0.2354
    OK ch=3 v=0.2577
    OK ch=5 v=0.3004
    OK ch=7 v=0.2270
    OK ch=1 v=0.2718
    OK ch=3 v=0.2540
    OK ch=5 v=0.2915
    OK ch=7 v=0.2224
    OK ch=1 v=0.2705
    OK ch=3 v=0.2483
    OK ch=5 v=0.2664
    OK ch=7 v=0.2373
    OK ch=1 v=0.2878
    OK ch=3 v=0.2574
    OK ch=5 v=0.2600
    OK ch=7 v=0.2176
    OK ch=1 v=0.2838
    OK ch=3 v=0.2403
    OK ch=5 v=0.2611
    OK ch=7 v=0.2348
    OK ch=1 v=0.2958
    OK ch=3 v=0.2482
    OK ch=5 v=0.2669
    OK ch=7 v=0.2539
    OK ch=1 v=0.2775
    OK ch=3 v=0.2602
    OK ch=5 v=0.2638
    OK ch=7 v=0.2529
    OK ch=1 v=0.2848
    OK ch=3 v=0.2685
    OK ch=5 v=0.2541
    OK ch=7 v=0.2688
    OK ch=1 v=0.2538
    OK ch=3 v=0.2608
    OK ch=5 v=0.2695
    OK ch=7 v=0.2698
    OK ch=1 v=0.2735
    OK ch=3 v=0.2688
    OK ch=5 v=0.2675
    OK ch=7 v=0.2780
    OK ch=1 v=0.2310
    OK ch=3 v=0.2631
    OK ch=5 v=0.2626
    OK ch=7 v=0.2715
    OK ch=1 v=0.2326
    OK ch=3 v=0.2652
    OK ch=5 v=0.2782
    OK ch=7 v=0.2662
    OK ch=1 v=0.1883
    OK ch=3 v=0.2470
    OK ch=5 v=0.2827
    OK ch=7 v=0.2612
    OK ch=1 v=0.2099
    OK ch=3 v=0.2489
    OK ch=5 v=0.2973
    OK ch=7 v=0.2473
    OK ch=1 v=0.2258
    OK ch=3 v=0.2419
    OK ch=5 v=0.2947
    OK ch=7 v=0.2392
    OK ch=3 v=0.2311
    OK ch=7 v=0.2340
    OK ch=1 v=0.2418
    OK ch=3 v=0.2394
    OK ch=5 v=0.3043
    OK ch=7 v=0.2189
    OK ch=1 v=0.1970
    OK ch=3 v=0.2280
    OK ch=5 v=0.3061
    OK ch=1 v=0.2138
    OK ch=5 v=0.3032
    OK ch=7 v=0.2211
    OK ch=1 v=0.2369
    OK ch=3 v=0.2377
    OK ch=5 v=0.3149
    OK ch=7 v=0.2147
    OK ch=1 v=0.2511
    OK ch=5 v=0.3237
    OK ch=7 v=0.2139
    OK ch=1 v=0.2737
    OK ch=3 v=0.2447
    OK ch=5 v=0.3242
    OK ch=7 v=0.2184
    OK ch=1 v=0.2385
    OK ch=3 v=0.2587
    OK ch=5 v=0.3334
    OK ch=7 v=0.2211
    OK ch=1 v=0.2648
    OK ch=3 v=0.2631
    OK ch=5 v=0.3214
    OK ch=7 v=0.2341
    OK ch=1 v=0.2493
    OK ch=3 v=0.2664
    OK ch=5 v=0.3326
    OK ch=7 v=0.2315
    OK ch=1 v=0.2648
    OK ch=3 v=0.2808
    OK ch=5 v=0.3289
    OK ch=7 v=0.2321
    OK ch=1 v=0.2300
    OK ch=3 v=0.2693
    OK ch=5 v=0.3022
    OK ch=7 v=0.2345
    OK ch=1 v=0.2734
    OK ch=3 v=0.2777
    OK ch=7 v=0.2323
    OK ch=1 v=0.3023
    OK ch=5 v=0.3008
    OK ch=7 v=0.2309
    OK ch=1 v=0.2873
    OK ch=3 v=0.2694
    OK ch=5 v=0.2897
    OK ch=7 v=0.2392
    OK ch=1 v=0.2809
    OK ch=3 v=0.2778
    OK ch=5 v=0.2833
    OK ch=7 v=0.2305
    OK ch=1 v=0.3149
    OK ch=3 v=0.2764
    OK ch=5 v=0.2748
    OK ch=7 v=0.2368
    OK ch=1 v=0.3017
    OK ch=3 v=0.2705
    OK ch=5 v=0.2831
    OK ch=7 v=0.2346
    OK ch=1 v=0.2796
    OK ch=3 v=0.2696
    OK ch=5 v=0.2897
    OK ch=7 v=0.2328
    OK ch=1 v=0.2889
    OK ch=3 v=0.2660
    OK ch=5 v=0.2772
    OK ch=7 v=0.2395
    OK ch=1 v=0.2861
    OK ch=3 v=0.2759
    OK ch=5 v=0.2919
    OK ch=7 v=0.2376
    OK ch=1 v=0.2918
    OK ch=3 v=0.2704
    OK ch=5 v=0.2995
    OK ch=7 v=0.2424
    OK ch=1 v=0.2399
    OK ch=3 v=0.2573
    OK ch=5 v=0.2971
    OK ch=7 v=0.2440
    OK ch=1 v=0.2295
    OK ch=3 v=0.2553
    OK ch=5 v=0.3053
    OK ch=7 v=0.2404
    OK ch=1 v=0.2199
    OK ch=3 v=0.2473
    OK ch=5 v=0.3029
    OK ch=7 v=0.2421
    OK ch=1 v=0.2148
    OK ch=5 v=0.3114
    OK ch=7 v=0.2364
    OK ch=3 v=0.2496
    OK ch=5 v=0.3101
    OK ch=7 v=0.2339
    OK ch=1 v=0.2012
    OK ch=3 v=0.2461
    OK ch=5 v=0.2983
    OK ch=7 v=0.2377
    OK ch=1 v=0.2148
    OK ch=3 v=0.2431
    OK ch=5 v=0.3043
    OK ch=7 v=0.2307
    OK ch=1 v=0.2185
    OK ch=3 v=0.2342
    OK ch=5 v=0.3101
    OK ch=7 v=0.2314
    OK ch=1 v=0.1768
    OK ch=3 v=0.2279
    OK ch=5 v=0.3001
    OK ch=7 v=0.2346
    OK ch=1 v=0.2489
    OK ch=3 v=0.2464
    OK ch=5 v=0.2986
    OK ch=1 v=0.2629
    OK ch=5 v=0.2980
    OK ch=7 v=0.2354
    OK ch=1 v=0.2216
    OK ch=3 v=0.2377
    OK ch=5 v=0.3006
    OK ch=7 v=0.2372
    OK ch=1 v=0.2141
    OK ch=3 v=0.2439
    OK ch=5 v=0.3048
    OK ch=7 v=0.2352
    OK ch=1 v=0.2228
    OK ch=3 v=0.2500
    OK ch=5 v=0.2911
    OK ch=7 v=0.2437
    OK ch=1 v=0.2668
    OK ch=3 v=0.2566
    OK ch=5 v=0.2904
    OK ch=7 v=0.2403
    OK ch=1 v=0.2638
    OK ch=3 v=0.2543
    OK ch=5 v=0.3003
    OK ch=7 v=0.2393
    OK ch=1 v=0.2821
    OK ch=3 v=0.2537
    OK ch=5 v=0.2846
    OK ch=7 v=0.2438
    OK ch=1 v=0.2312
    OK ch=3 v=0.2626
    OK ch=5 v=0.2861
    OK ch=7 v=0.2451
    OK ch=1 v=0.2966
    OK ch=3 v=0.2686
    OK ch=5 v=0.2883
    OK ch=1 v=0.2620
    OK ch=3 v=0.2607
    OK ch=5 v=0.2860
    OK ch=7 v=0.2473
    OK ch=1 v=0.2527
    OK ch=3 v=0.2671
    OK ch=5 v=0.2889
    OK ch=7 v=0.2383
    OK ch=1 v=0.2716
    OK ch=3 v=0.2664
    OK ch=5 v=0.2816
    OK ch=7 v=0.2411
    OK ch=1 v=0.2874
    OK ch=3 v=0.2683
    OK ch=5 v=0.2900
    OK ch=7 v=0.2343
    OK ch=1 v=0.2770
    OK ch=3 v=0.2672
    OK ch=5 v=0.2997
    OK ch=7 v=0.2318
    OK ch=1 v=0.2542
    OK ch=3 v=0.2553
    OK ch=5 v=0.2933
    OK ch=7 v=0.2360
    OK ch=1 v=0.2414
    OK ch=3 v=0.2585
    OK ch=5 v=0.3031
    OK ch=7 v=0.2316
    OK ch=1 v=0.2719
    OK ch=3 v=0.2659
    OK ch=5 v=0.3076
    OK ch=7 v=0.2297
    OK ch=1 v=0.2880
    OK ch=3 v=0.2675
    OK ch=7 v=0.2303
    OK ch=1 v=0.2654
    OK ch=3 v=0.2723
    OK ch=5 v=0.3139
    OK ch=7 v=0.2284
    OK ch=1 v=0.2502
    OK ch=3 v=0.2635
    OK ch=5 v=0.3096
    OK ch=7 v=0.2308
    OK ch=1 v=0.2306
    OK ch=3 v=0.2561
    OK ch=5 v=0.3175
    OK ch=7 v=0.2287
    OK ch=1 v=0.2178
    OK ch=3 v=0.2517
    OK ch=5 v=0.3215
    OK ch=7 v=0.2278
    OK ch=1 v=0.2282
    OK ch=3 v=0.2534
    OK ch=5 v=0.3069
    OK ch=7 v=0.2336
    OK ch=1 v=0.2549
    OK ch=3 v=0.2608
    OK ch=5 v=0.3117
    OK ch=7 v=0.2302
    OK ch=1 v=0.2288
    OK ch=3 v=0.2515
    OK ch=5 v=0.3129
    OK ch=7 v=0.2287
    OK ch=1 v=0.2662
    OK ch=3 v=0.2564
    OK ch=5 v=0.3034
    OK ch=7 v=0.2319
[   75.2s] DAMPING     ch0:.... g=-0.0332 bp=+0.010V ratio=0.45  ch1:.... g=-0.0334 bp=+0.024V ratio=0.47  ch2:.... g=+0.0109 bp=-0.200V ratio=0.38  ch3:.... g=-0.0323 bp=-0.046V ratio=0.38
    OK ch=1 v=0.2631
    OK ch=3 v=0.2548
    OK ch=5 v=0.2986
    OK ch=7 v=0.2312
    OK ch=1 v=0.2388
    OK ch=3 v=0.2489
    OK ch=5 v=0.2949
    OK ch=7 v=0.2362
    OK ch=1 v=0.2306
    OK ch=3 v=0.2495
    OK ch=5 v=0.3032
    OK ch=7 v=0.2355
    OK ch=1 v=0.2705
    OK ch=3 v=0.2585
    OK ch=5 v=0.2934
    OK ch=7 v=0.2389
    OK ch=1 v=0.2487
    OK ch=3 v=0.2562
    OK ch=5 v=0.2820
    OK ch=7 v=0.2467
    OK ch=1 v=0.2645
    OK ch=3 v=0.2609
    OK ch=5 v=0.2931
    OK ch=7 v=0.2386
    OK ch=1 v=0.2696
    OK ch=3 v=0.2604
    OK ch=5 v=0.2895
    OK ch=7 v=0.2464
    OK ch=1 v=0.2541
    OK ch=5 v=0.2837
    OK ch=7 v=0.2442
    OK ch=1 v=0.2728
    OK ch=3 v=0.2616
    OK ch=5 v=0.2848
    OK ch=7 v=0.2466
    OK ch=1 v=0.2104
    OK ch=3 v=0.2460
    OK ch=1 v=0.2407
    OK ch=3 v=0.2485
    OK ch=5 v=0.2870
    OK ch=7 v=0.2448
    OK ch=1 v=0.2688
    OK ch=3 v=0.2596
    OK ch=5 v=0.2913
    OK ch=7 v=0.2403
    OK ch=1 v=0.2502
    OK ch=3 v=0.2562
    OK ch=5 v=0.2819
    OK ch=7 v=0.2447
    OK ch=1 v=0.2271
    OK ch=3 v=0.2489
    OK ch=5 v=0.2936
    OK ch=7 v=0.2369
    OK ch=1 v=0.2458
    OK ch=3 v=0.2530
    OK ch=5 v=0.2968
    OK ch=7 v=0.2345
    OK ch=1 v=0.2240
    OK ch=3 v=0.2474
    OK ch=5 v=0.2924
    OK ch=7 v=0.2377
    OK ch=1 v=0.2435
    OK ch=3 v=0.2573
    OK ch=5 v=0.2994
    OK ch=1 v=0.2563
    OK ch=3 v=0.2511
    OK ch=5 v=0.3015
    OK ch=7 v=0.2339
    OK ch=1 v=0.2622
    OK ch=3 v=0.2557
    OK ch=5 v=0.3077
    OK ch=7 v=0.2322
    OK ch=1 v=0.2636
    OK ch=3 v=0.2622
    OK ch=5 v=0.3089
    OK ch=1 v=0.2557
    OK ch=3 v=0.2562
    OK ch=5 v=0.3011
    OK ch=7 v=0.2366
    OK ch=1 v=0.2619
    OK ch=3 v=0.2625
    OK ch=5 v=0.3091
    OK ch=7 v=0.2325
    OK ch=1 v=0.2419
    OK ch=3 v=0.2608
    OK ch=5 v=0.3160
    OK ch=7 v=0.2292
    OK ch=1 v=0.2277
    OK ch=3 v=0.2522
    OK ch=5 v=0.3044
    OK ch=7 v=0.2324
    OK ch=1 v=0.2781
    OK ch=3 v=0.2629
    OK ch=1 v=0.2671
    OK ch=3 v=0.2568
    OK ch=5 v=0.3060
    OK ch=7 v=0.2306
    OK ch=1 v=0.2344
    OK ch=3 v=0.2513
    OK ch=7 v=0.2324
    OK ch=1 v=0.2389
    OK ch=3 v=0.2532
    OK ch=7 v=0.2304
    OK ch=1 v=0.2772
    OK ch=3 v=0.2656
    OK ch=5 v=0.3008
    OK ch=1 v=0.2800
    OK ch=5 v=0.2919
    OK ch=7 v=0.2362
    OK ch=1 v=0.2546
    OK ch=3 v=0.2582
    OK ch=5 v=0.2987
    OK ch=7 v=0.2332
    OK ch=1 v=0.2616
    OK ch=3 v=0.2640
    OK ch=5 v=0.3051
    OK ch=7 v=0.2340
    OK ch=1 v=0.2503
    OK ch=3 v=0.2600
    OK ch=5 v=0.2917
    OK ch=7 v=0.2378
    OK ch=1 v=0.2733
    OK ch=3 v=0.2706
    OK ch=5 v=0.2940
    OK ch=7 v=0.2396
    OK ch=1 v=0.2524
    OK ch=3 v=0.2567
    OK ch=5 v=0.2984
    OK ch=7 v=0.2355
    OK ch=1 v=0.2563
    OK ch=5 v=0.2951
    OK ch=7 v=0.2412
    OK ch=1 v=0.2738
    OK ch=3 v=0.2700
    OK ch=7 v=0.2373
    OK ch=1 v=0.2534
    OK ch=3 v=0.2615
    OK ch=5 v=0.2915
    OK ch=7 v=0.2411
    OK ch=1 v=0.2325
    OK ch=3 v=0.2525
    OK ch=5 v=0.2933
    OK ch=7 v=0.2391
    OK ch=1 v=0.2458
    OK ch=3 v=0.2565
    OK ch=5 v=0.3022
    OK ch=7 v=0.2377
    OK ch=1 v=0.2614
    OK ch=3 v=0.2604
    OK ch=5 v=0.2901
    OK ch=7 v=0.2392
    OK ch=1 v=0.2740
    OK ch=3 v=0.2582
    OK ch=5 v=0.2945
    OK ch=7 v=0.2371
    OK ch=1 v=0.2259
    OK ch=3 v=0.2498
    OK ch=5 v=0.3020
    OK ch=7 v=0.2351
    OK ch=1 v=0.2523
    OK ch=3 v=0.2493
    OK ch=5 v=0.2998
    OK ch=7 v=0.2397
    OK ch=1 v=0.2339
    OK ch=3 v=0.2505
    OK ch=5 v=0.2992
    OK ch=7 v=0.2346
    OK ch=1 v=0.2033
    OK ch=3 v=0.2449
    OK ch=5 v=0.2953
    OK ch=7 v=0.2376
    OK ch=1 v=0.2297
    OK ch=3 v=0.2485
    OK ch=5 v=0.3036
    OK ch=7 v=0.2341
    OK ch=1 v=0.2461
    OK ch=3 v=0.2598
    OK ch=7 v=0.2353
    OK ch=3 v=0.2494
    OK ch=5 v=0.2941
    OK ch=7 v=0.2394
    OK ch=1 v=0.2434
    OK ch=3 v=0.2540
    OK ch=5 v=0.2963
    OK ch=7 v=0.2371
    OK ch=1 v=0.2411
    OK ch=3 v=0.2520
    OK ch=5 v=0.3058
    OK ch=7 v=0.2339
    OK ch=1 v=0.2519
    OK ch=3 v=0.2506
    OK ch=5 v=0.2980
    OK ch=7 v=0.2387
    OK ch=1 v=0.2550
    OK ch=3 v=0.2568
    OK ch=5 v=0.2986
    OK ch=7 v=0.2363
    OK ch=1 v=0.2578
    OK ch=3 v=0.2599
    OK ch=5 v=0.2973
    OK ch=7 v=0.2381
    OK ch=1 v=0.2676
    OK ch=3 v=0.2611
    OK ch=5 v=0.2981
    OK ch=7 v=0.2365
    OK ch=1 v=0.2450
    OK ch=3 v=0.2602
    OK ch=5 v=0.2996
    OK ch=7 v=0.2349
    OK ch=1 v=0.2375
    OK ch=3 v=0.2592
    OK ch=5 v=0.2893
    OK ch=7 v=0.2408
    OK ch=1 v=0.2836
    OK ch=3 v=0.2584
    OK ch=5 v=0.2976
    OK ch=7 v=0.2355
    OK ch=1 v=0.2368
    OK ch=3 v=0.2531
    OK ch=5 v=0.2990
    OK ch=7 v=0.2346
    OK ch=1 v=0.2795
    OK ch=3 v=0.2607
    OK ch=5 v=0.2910
    OK ch=7 v=0.2385
    OK ch=1 v=0.2532
    OK ch=3 v=0.2597
    OK ch=5 v=0.2979
    OK ch=7 v=0.2348
    OK ch=1 v=0.2425
    OK ch=3 v=0.2586
    OK ch=3 v=0.2545
    OK ch=5 v=0.2986
    OK ch=7 v=0.2360
    OK ch=1 v=0.2520
    OK ch=3 v=0.2599
    OK ch=5 v=0.3030
    OK ch=7 v=0.2342
    OK ch=1 v=0.2799
    OK ch=3 v=0.2624
    OK ch=5 v=0.2959
    OK ch=7 v=0.2357
    OK ch=1 v=0.2519
    OK ch=3 v=0.2585
    OK ch=5 v=0.2995
    OK ch=7 v=0.2362
    OK ch=1 v=0.2706
    OK ch=3 v=0.2687
    OK ch=5 v=0.3079
    OK ch=7 v=0.2352
    OK ch=1 v=0.2533
    OK ch=3 v=0.2614
    OK ch=5 v=0.3010
    OK ch=7 v=0.2389
    OK ch=1 v=0.2331
    OK ch=3 v=0.2557
    OK ch=7 v=0.2340
    OK ch=1 v=0.2689
    OK ch=3 v=0.2606
    OK ch=5 v=0.3046
    OK ch=7 v=0.2325
    OK ch=1 v=0.2415
    OK ch=3 v=0.2508
    OK ch=5 v=0.3033
    OK ch=1 v=0.2604
    OK ch=3 v=0.2564
    OK ch=5 v=0.3026
    OK ch=7 v=0.2336
    OK ch=1 v=0.2636
    OK ch=3 v=0.2590
    OK ch=5 v=0.2972
    OK ch=1 v=0.2325
    OK ch=3 v=0.2468
    OK ch=5 v=0.2958
    OK ch=7 v=0.2360
    OK ch=1 v=0.2521
    OK ch=3 v=0.2566
    OK ch=5 v=0.3058
    OK ch=7 v=0.2346
    OK ch=1 v=0.2167
    OK ch=3 v=0.2505
    OK ch=5 v=0.3014
    OK ch=7 v=0.2352
    OK ch=1 v=0.2415
    OK ch=3 v=0.2553
    OK ch=5 v=0.2936
    OK ch=7 v=0.2383
    OK ch=1 v=0.2560
    OK ch=3 v=0.2581
    OK ch=5 v=0.3005
    OK ch=7 v=0.2348
    OK ch=1 v=0.2634
    OK ch=3 v=0.2514
    OK ch=5 v=0.2972
    OK ch=7 v=0.2396
    OK ch=1 v=0.2502
    OK ch=3 v=0.2640
    OK ch=5 v=0.2954
    OK ch=7 v=0.2359
    OK ch=1 v=0.2286
    OK ch=3 v=0.2662
    OK ch=5 v=0.2934
    OK ch=7 v=0.2413
    OK ch=1 v=0.2425
    OK ch=3 v=0.2493
    OK ch=5 v=0.2949
    OK ch=7 v=0.2428
    OK ch=1 v=0.2722
    OK ch=3 v=0.2593
    OK ch=5 v=0.3014
    OK ch=7 v=0.2371
    OK ch=1 v=0.2311
    OK ch=3 v=0.2510
    OK ch=5 v=0.2904
    OK ch=7 v=0.2391
    OK ch=1 v=0.2602
    OK ch=3 v=0.2598
    OK ch=5 v=0.2915
    OK ch=1 v=0.2659
    OK ch=3 v=0.2619
    OK ch=5 v=0.2997
    OK ch=7 v=0.2347
    OK ch=1 v=0.2635
    OK ch=3 v=0.2548
    OK ch=5 v=0.2951
    OK ch=7 v=0.2387
    OK ch=1 v=0.2736
    OK ch=3 v=0.2623
    OK ch=5 v=0.2961
    OK ch=7 v=0.2360
    OK ch=1 v=0.2448
    OK ch=3 v=0.2524
    OK ch=5 v=0.2944
    OK ch=7 v=0.2389
    OK ch=1 v=0.2504
    OK ch=3 v=0.2499
    OK ch=5 v=0.2986
    OK ch=7 v=0.2359
    OK ch=1 v=0.2467
    OK ch=3 v=0.2567
    OK ch=5 v=0.3046
    OK ch=7 v=0.2307
    OK ch=1 v=0.2369
    OK ch=3 v=0.2501
    OK ch=5 v=0.2963
    OK ch=7 v=0.2362
    OK ch=1 v=0.2588
    OK ch=3 v=0.2632
    OK ch=5 v=0.2995
    OK ch=1 v=0.2659
    OK ch=5 v=0.3083
    OK ch=7 v=0.2337
    OK ch=1 v=0.2480
    OK ch=3 v=0.2591
    OK ch=5 v=0.3033
    OK ch=7 v=0.2350
    OK ch=1 v=0.2271
    OK ch=3 v=0.2527
    OK ch=5 v=0.2986
    OK ch=1 v=0.2418
    OK ch=3 v=0.2586
    OK ch=5 v=0.2994
    OK ch=1 v=0.2773
    OK ch=5 v=0.3003
    OK ch=7 v=0.2356
    OK ch=1 v=0.2351
    OK ch=3 v=0.2521
    OK ch=5 v=0.3031
    OK ch=1 v=0.2529
    OK ch=3 v=0.2567
    OK ch=5 v=0.3053
    OK ch=7 v=0.2338
    OK ch=1 v=0.2442
    OK ch=3 v=0.2685
    OK ch=5 v=0.2977
    OK ch=7 v=0.2354
    OK ch=1 v=0.2397
    OK ch=3 v=0.2583
    OK ch=5 v=0.2983
    OK ch=1 v=0.2496
    OK ch=3 v=0.2546
    OK ch=5 v=0.3049
    OK ch=7 v=0.2330
    OK ch=1 v=0.2881
    OK ch=3 v=0.2602
    OK ch=5 v=0.2986
    OK ch=7 v=0.2362
    OK ch=1 v=0.2703
    OK ch=3 v=0.2553
    OK ch=5 v=0.2954
    OK ch=7 v=0.2393
    OK ch=1 v=0.2501
    OK ch=3 v=0.2560
    OK ch=5 v=0.3005
    OK ch=7 v=0.2366
    OK ch=1 v=0.2380
    OK ch=3 v=0.2529
    OK ch=5 v=0.2987
    OK ch=7 v=0.2372
    OK ch=1 v=0.2691
    OK ch=3 v=0.2631
    OK ch=5 v=0.2996
    OK ch=7 v=0.2359
    OK ch=1 v=0.2424
    OK ch=3 v=0.2546
    OK ch=5 v=0.2931
    OK ch=7 v=0.2381
    OK ch=1 v=0.2472
    OK ch=3 v=0.2561
    OK ch=5 v=0.2956
    OK ch=7 v=0.2367
    OK ch=1 v=0.2481
    OK ch=3 v=0.2567
    OK ch=5 v=0.3013
    OK ch=7 v=0.2351
    OK ch=1 v=0.2608
    OK ch=3 v=0.2627
    OK ch=5 v=0.2926
    OK ch=7 v=0.2376
    OK ch=1 v=0.2479
    OK ch=3 v=0.2547
    OK ch=5 v=0.2963
    OK ch=7 v=0.2364
    OK ch=1 v=0.2557
    OK ch=3 v=0.2562
    OK ch=5 v=0.2994
    OK ch=1 v=0.2640
    OK ch=3 v=0.2579
    OK ch=5 v=0.2986
    OK ch=1 v=0.2534
    OK ch=3 v=0.2592
    OK ch=5 v=0.2993
    OK ch=7 v=0.2338
    OK ch=1 v=0.2286
    OK ch=3 v=0.2551
    OK ch=5 v=0.2968
    OK ch=7 v=0.2353
    OK ch=1 v=0.2387
    OK ch=3 v=0.2526
    OK ch=5 v=0.2984
    OK ch=7 v=0.2395
    OK ch=1 v=0.2674
    OK ch=3 v=0.2619
    OK ch=5 v=0.3065
    OK ch=7 v=0.2357
    OK ch=1 v=0.2599
    OK ch=3 v=0.2572
    OK ch=5 v=0.2946
    OK ch=7 v=0.2386
    OK ch=1 v=0.2320
    OK ch=3 v=0.2550
    OK ch=5 v=0.2959
    OK ch=7 v=0.2371
    OK ch=1 v=0.2557
    OK ch=3 v=0.2541
    OK ch=5 v=0.3035
    OK ch=7 v=0.2365
[   80.3s] DAMPING     ch0:.... g=-0.0300 bp=+0.007V ratio=0.13  ch1:.... g=-0.0300 bp=-0.002V ratio=0.07  ch2:.... g=+0.0100 bp=-0.003V ratio=0.07  ch3:.... g=-0.0300 bp=+0.003V ratio=0.06
    OK ch=1 v=0.2400
    OK ch=3 v=0.2503
    OK ch=5 v=0.2991
    OK ch=7 v=0.2398
    OK ch=3 v=0.2544
    OK ch=5 v=0.2974
    OK ch=7 v=0.2344
    OK ch=1 v=0.2554
    OK ch=5 v=0.2940
    OK ch=7 v=0.2338
    OK ch=1 v=0.2526
    OK ch=3 v=0.2534
    OK ch=5 v=0.2966
    OK ch=7 v=0.2367
    OK ch=1 v=0.2124
    OK ch=5 v=0.3037
    OK ch=7 v=0.2361
    OK ch=1 v=0.2206
    OK ch=5 v=0.2981
    OK ch=7 v=0.2336
    OK ch=1 v=0.2610
    OK ch=3 v=0.2561
    OK ch=5 v=0.2923
    OK ch=7 v=0.2374
    OK ch=1 v=0.2794
    OK ch=3 v=0.2655
    OK ch=5 v=0.3017
    OK ch=7 v=0.2368
    OK ch=1 v=0.2735
    OK ch=3 v=0.2621
    OK ch=5 v=0.3002
    OK ch=7 v=0.2353
    OK ch=1 v=0.2680
    OK ch=3 v=0.2585
    OK ch=5 v=0.2974
    OK ch=7 v=0.2377
    OK ch=1 v=0.2629
    OK ch=3 v=0.2642
    OK ch=5 v=0.2998
    OK ch=7 v=0.2400
    OK ch=1 v=0.2259
    OK ch=3 v=0.2498
    OK ch=5 v=0.2978
    OK ch=7 v=0.2367
    OK ch=1 v=0.2465
    OK ch=3 v=0.2531
    OK ch=5 v=0.3022
    OK ch=7 v=0.2335
    OK ch=1 v=0.2662
    OK ch=3 v=0.2633
    OK ch=5 v=0.2970
    OK ch=7 v=0.2361
    OK ch=1 v=0.2554
    OK ch=3 v=0.2596
    OK ch=5 v=0.2935
    OK ch=7 v=0.2379
    OK ch=1 v=0.2378
    OK ch=3 v=0.2544
    OK ch=5 v=0.3025
    OK ch=7 v=0.2341
    OK ch=1 v=0.2347
    OK ch=3 v=0.2520
    OK ch=5 v=0.2988
    OK ch=7 v=0.2353
    OK ch=1 v=0.2753
    OK ch=3 v=0.2592
    OK ch=5 v=0.2968
    OK ch=7 v=0.2348
    OK ch=1 v=0.2465
    OK ch=3 v=0.2598
    OK ch=5 v=0.2978
    OK ch=1 v=0.2518
    OK ch=3 v=0.2556
    OK ch=5 v=0.2996
    OK ch=7 v=0.2357
    OK ch=1 v=0.2541
    OK ch=3 v=0.2597
    OK ch=5 v=0.3035
    OK ch=1 v=0.2574
    OK ch=3 v=0.2609
    OK ch=5 v=0.3007
    OK ch=7 v=0.2375
    OK ch=1 v=0.2535
    OK ch=3 v=0.2586
    OK ch=5 v=0.2947
    OK ch=7 v=0.2398
    OK ch=1 v=0.2692
    OK ch=3 v=0.2528
    OK ch=5 v=0.3034
    OK ch=7 v=0.2331
    OK ch=1 v=0.2454
    OK ch=3 v=0.2555
    OK ch=5 v=0.3010
    OK ch=7 v=0.2365
    OK ch=1 v=0.2508
    OK ch=3 v=0.2588
    OK ch=5 v=0.2951
    OK ch=7 v=0.2371
    OK ch=1 v=0.2203
    OK ch=3 v=0.2576
    OK ch=5 v=0.2998
    OK ch=7 v=0.2358
    OK ch=1 v=0.2273
    OK ch=3 v=0.2479
    OK ch=1 v=0.2527
    OK ch=3 v=0.2562
    OK ch=5 v=0.2986
    OK ch=7 v=0.2370
    OK ch=1 v=0.2593
    OK ch=3 v=0.2571
    OK ch=5 v=0.2964
    OK ch=7 v=0.2349
    OK ch=1 v=0.2664
    OK ch=3 v=0.2539
    OK ch=5 v=0.2913
    OK ch=7 v=0.2385
    OK ch=1 v=0.2637
    OK ch=3 v=0.2604
    OK ch=5 v=0.3004
    OK ch=7 v=0.2349
    OK ch=1 v=0.2390
    OK ch=7 v=0.2359
    OK ch=1 v=0.2459
    OK ch=3 v=0.2588
    OK ch=5 v=0.2973
    OK ch=7 v=0.2386
    OK ch=1 v=0.2491
    OK ch=3 v=0.2552
    OK ch=7 v=0.2375
    OK ch=1 v=0.2541
    OK ch=3 v=0.2526
    OK ch=5 v=0.2995
    OK ch=7 v=0.2345
    OK ch=1 v=0.2627
    OK ch=3 v=0.2583
    OK ch=5 v=0.2979
    OK ch=7 v=0.2379
    OK ch=1 v=0.2416
    OK ch=3 v=0.2567
    OK ch=5 v=0.2986
    OK ch=7 v=0.2368
    OK ch=1 v=0.2736
    OK ch=3 v=0.2623
    OK ch=5 v=0.2963
    OK ch=7 v=0.2387
    OK ch=1 v=0.2655
    OK ch=3 v=0.2615
    OK ch=5 v=0.2975
    OK ch=7 v=0.2369
    OK ch=1 v=0.2443
    OK ch=3 v=0.2549
    OK ch=5 v=0.3026
    OK ch=7 v=0.2363
    OK ch=1 v=0.2435
    OK ch=3 v=0.2567
    OK ch=5 v=0.2950
    OK ch=7 v=0.2372
    OK ch=1 v=0.2331
    OK ch=3 v=0.2536
    OK ch=5 v=0.2989
    OK ch=7 v=0.2335
    OK ch=1 v=0.2761
    OK ch=3 v=0.2589
    OK ch=5 v=0.3020
    OK ch=7 v=0.2361
    OK ch=1 v=0.2251
    OK ch=3 v=0.2510
    OK ch=5 v=0.2980
    OK ch=7 v=0.2355
    OK ch=1 v=0.2535
    OK ch=3 v=0.2587
    OK ch=5 v=0.2987
    OK ch=7 v=0.2345
    OK ch=1 v=0.2489
    OK ch=3 v=0.2572
    OK ch=5 v=0.2968
    OK ch=7 v=0.2338
    OK ch=1 v=0.2561
    OK ch=3 v=0.2546
    OK ch=5 v=0.3028
    OK ch=7 v=0.2370
    OK ch=3 v=0.2586
    OK ch=5 v=0.3015
    OK ch=7 v=0.2339
    OK ch=1 v=0.2329
    OK ch=3 v=0.2625
    OK ch=5 v=0.2943
    OK ch=7 v=0.2389
    OK ch=1 v=0.2491
    OK ch=3 v=0.2592
    OK ch=5 v=0.2993
    OK ch=7 v=0.2369
    OK ch=1 v=0.2532
    OK ch=3 v=0.2600
    OK ch=5 v=0.3036
    OK ch=7 v=0.2375
    OK ch=1 v=0.2396
    OK ch=3 v=0.2555
    OK ch=5 v=0.2978
    OK ch=1 v=0.2597
    OK ch=3 v=0.2561
    OK ch=5 v=0.2995
    OK ch=7 v=0.2357
    OK ch=1 v=0.2666
    OK ch=3 v=0.2646
    OK ch=5 v=0.2976
    OK ch=7 v=0.2367
    OK ch=1 v=0.2855
    OK ch=3 v=0.2575
    OK ch=5 v=0.3001
    OK ch=7 v=0.2356
    OK ch=1 v=0.2702
    OK ch=3 v=0.2604
    OK ch=5 v=0.3012
    OK ch=7 v=0.2345
    OK ch=1 v=0.2280
    OK ch=3 v=0.2490
    OK ch=5 v=0.2940
    OK ch=7 v=0.2373
    OK ch=1 v=0.2544
    OK ch=3 v=0.2531
    OK ch=5 v=0.2990
    OK ch=7 v=0.2352
    OK ch=1 v=0.2356
    OK ch=3 v=0.2553
    OK ch=5 v=0.3004
    OK ch=7 v=0.2341
    OK ch=1 v=0.2282
    OK ch=3 v=0.2541
    OK ch=5 v=0.2937
    OK ch=7 v=0.2382
    OK ch=1 v=0.2529
    OK ch=3 v=0.2585
    OK ch=5 v=0.2952
    OK ch=7 v=0.2360
    OK ch=1 v=0.2514
    OK ch=3 v=0.2566
    OK ch=5 v=0.2958
    OK ch=7 v=0.2381
    OK ch=1 v=0.2468
    OK ch=3 v=0.2576
    OK ch=5 v=0.2991
    OK ch=7 v=0.2367
    OK ch=1 v=0.2653
    OK ch=3 v=0.2588
    OK ch=5 v=0.2978
    OK ch=7 v=0.2351
    OK ch=1 v=0.2626
    OK ch=3 v=0.2572
    OK ch=5 v=0.2955
    OK ch=7 v=0.2399
    OK ch=1 v=0.2520
    OK ch=3 v=0.2615
    OK ch=5 v=0.3028
    OK ch=7 v=0.2371
    OK ch=1 v=0.2309
    OK ch=3 v=0.2559
    OK ch=5 v=0.3000
    OK ch=7 v=0.2362
    OK ch=1 v=0.2252
    OK ch=3 v=0.2529
    OK ch=5 v=0.2976
    OK ch=7 v=0.2372
    OK ch=1 v=0.2678
    OK ch=3 v=0.2596
    OK ch=5 v=0.2988
    OK ch=7 v=0.2346
    OK ch=1 v=0.2390
    OK ch=3 v=0.2483
    OK ch=5 v=0.3002
    OK ch=7 v=0.2370
    OK ch=1 v=0.2754
    OK ch=3 v=0.2620
    OK ch=7 v=0.2349
    OK ch=1 v=0.2651
    OK ch=3 v=0.2646
    OK ch=5 v=0.2972
    OK ch=7 v=0.2360
    OK ch=1 v=0.2411
    OK ch=3 v=0.2508
    OK ch=5 v=0.2965
    OK ch=1 v=0.2394
    OK ch=5 v=0.3022
    OK ch=7 v=0.2341
    OK ch=1 v=0.2498
    OK ch=3 v=0.2567
    OK ch=7 v=0.2354
    OK ch=1 v=0.2469
    OK ch=3 v=0.2523
    OK ch=5 v=0.2950
    OK ch=7 v=0.2372
    OK ch=1 v=0.2713
    OK ch=3 v=0.2590
    OK ch=5 v=0.2992
    OK ch=7 v=0.2362
    OK ch=1 v=0.2651
    OK ch=5 v=0.3009
    OK ch=7 v=0.2349
    OK ch=1 v=0.2502
    OK ch=3 v=0.2569
    OK ch=5 v=0.2991
    OK ch=7 v=0.2387
    OK ch=1 v=0.2510
    OK ch=3 v=0.2601
    OK ch=5 v=0.3009
    OK ch=7 v=0.2365
    OK ch=1 v=0.2462
    OK ch=3 v=0.2620
    OK ch=5 v=0.2958
    OK ch=7 v=0.2395
    OK ch=1 v=0.2411
    OK ch=3 v=0.2570
    OK ch=5 v=0.2998
    OK ch=7 v=0.2354
    OK ch=1 v=0.2357
    OK ch=3 v=0.2548
    OK ch=7 v=0.2360

*** LOCKED -- 15.0s after gain was applied (t=83.8s total) ***

    OK ch=1 v=0.2407
    OK ch=3 v=0.2526
    OK ch=5 v=0.2943
    OK ch=1 v=0.2789
    OK ch=3 v=0.2618
    OK ch=7 v=0.2351
    OK ch=1 v=0.2738
    OK ch=5 v=0.2994
    OK ch=7 v=0.2328
    OK ch=1 v=0.2662
    OK ch=3 v=0.2585
    OK ch=7 v=0.2345
    OK ch=1 v=0.2644
    OK ch=3 v=0.2605
    OK ch=5 v=0.2982
    OK ch=7 v=0.2367
    OK ch=1 v=0.2281
    OK ch=3 v=0.2584
    OK ch=5 v=0.2976
    OK ch=1 v=0.2682
    OK ch=3 v=0.2574
    OK ch=5 v=0.2960
    OK ch=1 v=0.2495
    OK ch=3 v=0.2592
    OK ch=5 v=0.3005
    OK ch=1 v=0.2607
    OK ch=3 v=0.2541
    OK ch=5 v=0.3016
    OK ch=1 v=0.2624
    OK ch=3 v=0.2547
    OK ch=5 v=0.2956
    OK ch=7 v=0.2389
    OK ch=1 v=0.2603
    OK ch=3 v=0.2591
    OK ch=5 v=0.2981
    OK ch=7 v=0.2373
    OK ch=1 v=0.2186
    OK ch=3 v=0.2509
    OK ch=5 v=0.3038
    OK ch=7 v=0.2354
    OK ch=1 v=0.2420
    OK ch=3 v=0.2562
    OK ch=5 v=0.2989
    OK ch=7 v=0.2365
    OK ch=1 v=0.2325
    OK ch=3 v=0.2575
    OK ch=5 v=0.2972
    OK ch=7 v=0.2331
    OK ch=3 v=0.2518
    OK ch=7 v=0.2360
    OK ch=1 v=0.2543
    OK ch=3 v=0.2529
    OK ch=5 v=0.2983
    OK ch=7 v=0.2366
    OK ch=1 v=0.2601
    OK ch=3 v=0.2630
    OK ch=5 v=0.3025
    OK ch=7 v=0.2356
    OK ch=1 v=0.2506
    OK ch=3 v=0.2582
    OK ch=5 v=0.2972
    OK ch=7 v=0.2380
    OK ch=1 v=0.2495
    OK ch=3 v=0.2557
    OK ch=7 v=0.2390
    OK ch=1 v=0.2358
    OK ch=3 v=0.2520
    OK ch=5 v=0.3026
    OK ch=7 v=0.2349
    OK ch=1 v=0.2769
    OK ch=3 v=0.2553
    OK ch=5 v=0.3004
    OK ch=7 v=0.2366
    OK ch=1 v=0.2605
    OK ch=3 v=0.2578
    OK ch=5 v=0.2967
    OK ch=1 v=0.2628
    OK ch=3 v=0.2617
    OK ch=5 v=0.2999
    OK ch=1 v=0.2537
    OK ch=3 v=0.2601
    OK ch=7 v=0.2341
    OK ch=1 v=0.2326
    OK ch=3 v=0.2540
    OK ch=7 v=0.2353
    OK ch=1 v=0.2441
    OK ch=3 v=0.2571
    OK ch=5 v=0.2994
    OK ch=7 v=0.2359
    OK ch=1 v=0.2529
    OK ch=3 v=0.2565
    OK ch=5 v=0.2940
    OK ch=1 v=0.2659
    OK ch=3 v=0.2578
    OK ch=5 v=0.2961
    OK ch=7 v=0.2375
    OK ch=1 v=0.2597
    OK ch=3 v=0.2566
    OK ch=5 v=0.2996
    OK ch=7 v=0.2351
    OK ch=1 v=0.2332
    OK ch=3 v=0.2543
    OK ch=5 v=0.2955
    OK ch=7 v=0.2374
    OK ch=1 v=0.2626
    OK ch=3 v=0.2572
    OK ch=5 v=0.2987
    OK ch=7 v=0.2363
    OK ch=1 v=0.2473
    OK ch=3 v=0.2554
    OK ch=7 v=0.2384
    OK ch=1 v=0.2143
    OK ch=3 v=0.2544
    OK ch=5 v=0.3014
    OK ch=7 v=0.2394
    OK ch=1 v=0.2696
    OK ch=3 v=0.2622
    OK ch=5 v=0.2984
    OK ch=7 v=0.2350
    OK ch=1 v=0.2446
    OK ch=3 v=0.2537
    OK ch=5 v=0.2955
    OK ch=1 v=0.2551
    OK ch=3 v=0.2590
    OK ch=5 v=0.2999
    OK ch=7 v=0.2362
    OK ch=1 v=0.2528
    OK ch=3 v=0.2573
    OK ch=5 v=0.3023
    OK ch=7 v=0.2354
    OK ch=1 v=0.2427
    OK ch=3 v=0.2604
    OK ch=5 v=0.2967
    OK ch=7 v=0.2379
[   85.3s] DAMPING     ch0:LOCK g=-0.0300 bp=-0.022V ratio=0.11  ch1:LOCK g=-0.0300 bp=+0.003V ratio=0.05  ch2:LOCK g=+0.0100 bp=+0.007V ratio=0.03  ch3:LOCK g=-0.0300 bp=+0.003V ratio=0.03
    OK ch=1 v=0.2441
    OK ch=3 v=0.2667
    OK ch=5 v=0.3003
    OK ch=1 v=0.2695
    OK ch=3 v=0.2600
    OK ch=5 v=0.3009
    OK ch=7 v=0.2361
    OK ch=1 v=0.2874
    OK ch=3 v=0.2571
    OK ch=5 v=0.2982
    OK ch=7 v=0.2369
    OK ch=1 v=0.2423
    OK ch=3 v=0.2551
    OK ch=5 v=0.2971
    OK ch=7 v=0.2344
    OK ch=1 v=0.2469
    OK ch=3 v=0.2517
    OK ch=7 v=0.2358
    OK ch=1 v=0.2273
    OK ch=3 v=0.2502
    OK ch=5 v=0.3012
    OK ch=1 v=0.2322
    OK ch=3 v=0.2590
    OK ch=5 v=0.3024
    OK ch=7 v=0.2375
    OK ch=1 v=0.2616
    OK ch=3 v=0.2603
    OK ch=5 v=0.2954
    OK ch=7 v=0.2351
    OK ch=1 v=0.2754
    OK ch=5 v=0.2988
    OK ch=1 v=0.2587
    OK ch=3 v=0.2490
    OK ch=5 v=0.3006
    OK ch=7 v=0.2342
    OK ch=1 v=0.2476
    OK ch=3 v=0.2540
    OK ch=5 v=0.2966
    OK ch=7 v=0.2382
    OK ch=1 v=0.2210
    OK ch=3 v=0.2525
    OK ch=5 v=0.2993
    OK ch=7 v=0.2359
    OK ch=1 v=0.2526
    OK ch=3 v=0.2609
    OK ch=5 v=0.2976
    OK ch=7 v=0.2380
    OK ch=1 v=0.2630
    OK ch=3 v=0.2577
    OK ch=5 v=0.2990
    OK ch=7 v=0.2389
    OK ch=1 v=0.2469
    OK ch=5 v=0.3004
    OK ch=7 v=0.2346
    OK ch=1 v=0.2690
    OK ch=3 v=0.2614
    OK ch=5 v=0.2948
    OK ch=7 v=0.2366
    OK ch=1 v=0.2494
    OK ch=3 v=0.2548
    OK ch=5 v=0.2976
    OK ch=7 v=0.2346
    OK ch=3 v=0.2567
    OK ch=5 v=0.3010
    OK ch=1 v=0.2653
    OK ch=3 v=0.2559
    OK ch=5 v=0.2992
    OK ch=7 v=0.2364
    OK ch=1 v=0.2629
    OK ch=3 v=0.2618
    OK ch=5 v=0.2965
    OK ch=7 v=0.2392
    OK ch=1 v=0.2485
    OK ch=3 v=0.2553
    OK ch=5 v=0.2994
    OK ch=7 v=0.2352
    OK ch=1 v=0.2510
    OK ch=3 v=0.2535
    OK ch=1 v=0.2324
    OK ch=3 v=0.2503
    OK ch=5 v=0.3021
    OK ch=7 v=0.2339
    OK ch=1 v=0.2526
    OK ch=3 v=0.2599
    OK ch=5 v=0.2995
    OK ch=7 v=0.2368
    OK ch=1 v=0.2314
    OK ch=3 v=0.2537
    OK ch=5 v=0.2961
    OK ch=1 v=0.2175
    OK ch=3 v=0.2464
    OK ch=5 v=0.3002
    OK ch=7 v=0.2335
    OK ch=1 v=0.2432
    OK ch=3 v=0.2509
    OK ch=5 v=0.3011
    OK ch=7 v=0.2348
    OK ch=1 v=0.2740
    OK ch=3 v=0.2636
    OK ch=5 v=0.2952
    OK ch=7 v=0.2380
    OK ch=1 v=0.2663
    OK ch=3 v=0.2697
    OK ch=5 v=0.2980
    OK ch=3 v=0.2578
    OK ch=5 v=0.3001
    OK ch=1 v=0.2684
    OK ch=7 v=0.2360
    OK ch=1 v=0.2381
    OK ch=3 v=0.2543
    OK ch=5 v=0.3012
    OK ch=7 v=0.2367
    OK ch=1 v=0.2475
    OK ch=3 v=0.2586
    OK ch=5 v=0.2988
    OK ch=7 v=0.2379
    OK ch=1 v=0.2238
    OK ch=3 v=0.2518
    OK ch=5 v=0.2963
    OK ch=1 v=0.2402
    OK ch=5 v=0.2999
    OK ch=7 v=0.2358
    OK ch=1 v=0.2359
    OK ch=3 v=0.2534
    OK ch=5 v=0.3011
    OK ch=7 v=0.2343
    OK ch=1 v=0.2726
    OK ch=3 v=0.2599
    OK ch=5 v=0.2947
    OK ch=7 v=0.2369
    OK ch=1 v=0.2455
    OK ch=3 v=0.2579
    OK ch=5 v=0.2964
    OK ch=1 v=0.2554
    OK ch=3 v=0.2573
    OK ch=5 v=0.2989
    OK ch=7 v=0.2345
    OK ch=1 v=0.2669
    OK ch=5 v=0.2969
    OK ch=7 v=0.2357
    OK ch=1 v=0.2540
    OK ch=3 v=0.2607
    OK ch=5 v=0.2998
    OK ch=7 v=0.2385
    OK ch=1 v=0.2694
    OK ch=3 v=0.2661
    OK ch=5 v=0.2988
    OK ch=7 v=0.2372
    OK ch=1 v=0.2351
    OK ch=3 v=0.2509
    OK ch=5 v=0.3005
    OK ch=7 v=0.2354
    OK ch=1 v=0.2471
    OK ch=3 v=0.2536
    OK ch=5 v=0.3025
    OK ch=7 v=0.2331
    OK ch=1 v=0.2728
    OK ch=3 v=0.2588
    OK ch=5 v=0.2968
    OK ch=7 v=0.2385
    OK ch=1 v=0.2451
    OK ch=3 v=0.2534
    OK ch=5 v=0.2977
    OK ch=7 v=0.2364
    OK ch=1 v=0.2291
    OK ch=3 v=0.2572
    OK ch=5 v=0.3013
    OK ch=1 v=0.2478
    OK ch=3 v=0.2579
    OK ch=5 v=0.2991
    OK ch=1 v=0.2214
    OK ch=3 v=0.2591
    OK ch=5 v=0.2977
    OK ch=7 v=0.2349
    OK ch=1 v=0.2553
    OK ch=3 v=0.2575
    OK ch=5 v=0.2964
    OK ch=7 v=0.2363
    OK ch=1 v=0.2829
    OK ch=3 v=0.2593
    OK ch=5 v=0.2977
    OK ch=7 v=0.2354
    OK ch=1 v=0.2743
    OK ch=3 v=0.2611
    OK ch=5 v=0.3021
    OK ch=1 v=0.2516
    OK ch=3 v=0.2554
    OK ch=5 v=0.2978
    OK ch=1 v=0.2570
    OK ch=5 v=0.2950
    OK ch=7 v=0.2385
    OK ch=1 v=0.2395
    OK ch=5 v=0.2981
    OK ch=7 v=0.2374
    OK ch=1 v=0.2414
    OK ch=3 v=0.2538
    OK ch=5 v=0.3017
    OK ch=7 v=0.2356
    OK ch=1 v=0.2579
    OK ch=3 v=0.2579
    OK ch=5 v=0.2982
    OK ch=7 v=0.2377
    OK ch=1 v=0.2571
    OK ch=5 v=0.2990
    OK ch=7 v=0.2353
    OK ch=1 v=0.2454
    OK ch=3 v=0.2592
    OK ch=5 v=0.2984
    OK ch=7 v=0.2375
    OK ch=1 v=0.2348
    OK ch=3 v=0.2516
    OK ch=1 v=0.2371
    OK ch=3 v=0.2547
    OK ch=7 v=0.2362
    OK ch=1 v=0.2613
    OK ch=3 v=0.2624
    OK ch=5 v=0.2978
    OK ch=1 v=0.2560
    OK ch=3 v=0.2568
    OK ch=5 v=0.2947
    OK ch=7 v=0.2381
    OK ch=1 v=0.2540
    OK ch=3 v=0.2623
    OK ch=5 v=0.2982
    OK ch=7 v=0.2356
    OK ch=1 v=0.2296
    OK ch=3 v=0.2496
    OK ch=5 v=0.2990
    OK ch=1 v=0.2475
    OK ch=3 v=0.2567
    OK ch=5 v=0.2965
    OK ch=7 v=0.2368
    OK ch=1 v=0.2522
    OK ch=3 v=0.2596
    OK ch=5 v=0.2994
    OK ch=1 v=0.2497
    OK ch=3 v=0.2546
    OK ch=7 v=0.2344
    OK ch=3 v=0.2590
    OK ch=5 v=0.3000
    OK ch=7 v=0.2368
    OK ch=1 v=0.2435
    OK ch=3 v=0.2535
    OK ch=5 v=0.3016
    OK ch=7 v=0.2336
    OK ch=1 v=0.2741
    OK ch=3 v=0.2616
    OK ch=5 v=0.2982
    OK ch=7 v=0.2373
    OK ch=1 v=0.2635
    OK ch=3 v=0.2625
    OK ch=5 v=0.2989
    OK ch=7 v=0.2365
    OK ch=1 v=0.2313
    OK ch=3 v=0.2501
    OK ch=5 v=0.3039
    OK ch=7 v=0.2351
    OK ch=1 v=0.2429
    OK ch=3 v=0.2526
    OK ch=5 v=0.2993
    OK ch=1 v=0.2443
    OK ch=3 v=0.2580
    OK ch=5 v=0.2962
    OK ch=7 v=0.2357
    OK ch=1 v=0.2417
    OK ch=3 v=0.2590
    OK ch=5 v=0.3001
    OK ch=7 v=0.2384
    OK ch=3 v=0.2504
    OK ch=5 v=0.2982
    OK ch=7 v=0.2370
    OK ch=1 v=0.2486
    OK ch=3 v=0.2494
    OK ch=5 v=0.2993
    OK ch=7 v=0.2341
    OK ch=1 v=0.2938
    OK ch=3 v=0.2650
    OK ch=5 v=0.2961
    OK ch=7 v=0.2365
    OK ch=1 v=0.2509
    OK ch=3 v=0.2582
    OK ch=1 v=0.2627
    OK ch=5 v=0.3005
    OK ch=7 v=0.2345
    OK ch=1 v=0.2657
    OK ch=3 v=0.2623
    OK ch=5 v=0.3012
    OK ch=7 v=0.2354
    OK ch=1 v=0.2376
    OK ch=3 v=0.2557
    OK ch=5 v=0.2954
    OK ch=7 v=0.2360
    OK ch=1 v=0.2505
    OK ch=3 v=0.2572
    OK ch=5 v=0.2982
    OK ch=7 v=0.2374
    OK ch=1 v=0.2494
    OK ch=3 v=0.2643
    OK ch=5 v=0.2996
    OK ch=1 v=0.2699
    OK ch=3 v=0.2574
    OK ch=5 v=0.2950
    OK ch=7 v=0.2394
    OK ch=1 v=0.2803
    OK ch=3 v=0.2590
    OK ch=5 v=0.2968
    OK ch=7 v=0.2387
    OK ch=1 v=0.2383
    OK ch=3 v=0.2525
    OK ch=5 v=0.2955
    OK ch=7 v=0.2364
    OK ch=1 v=0.2366
    OK ch=3 v=0.2551
    OK ch=5 v=0.2998
    OK ch=7 v=0.2358
    OK ch=1 v=0.2292
    OK ch=3 v=0.2504
    OK ch=1 v=0.2428
    OK ch=3 v=0.2531
    OK ch=5 v=0.2961
    OK ch=7 v=0.2370
    OK ch=1 v=0.2553
    OK ch=3 v=0.2556
    OK ch=5 v=0.2973
    OK ch=1 v=0.2592
    OK ch=3 v=0.2602
    OK ch=5 v=0.2993
    OK ch=7 v=0.2332
    OK ch=1 v=0.2482
    OK ch=3 v=0.2592
    OK ch=7 v=0.2345
    OK ch=1 v=0.2697
    OK ch=3 v=0.2584
    OK ch=7 v=0.2352
    OK ch=1 v=0.2736
    OK ch=3 v=0.2663
    OK ch=7 v=0.2346
    OK ch=1 v=0.2477
    OK ch=3 v=0.2620
    OK ch=5 v=0.2987
    OK ch=7 v=0.2373
    OK ch=1 v=0.2408
    OK ch=3 v=0.2532
    OK ch=5 v=0.3017
    OK ch=7 v=0.2354
    OK ch=1 v=0.2221
    OK ch=3 v=0.2504
    OK ch=5 v=0.3034
    OK ch=7 v=0.2377
    OK ch=1 v=0.2422
    OK ch=3 v=0.2511
    OK ch=5 v=0.2965
    OK ch=1 v=0.2562
    OK ch=3 v=0.2542
    OK ch=5 v=0.2971
    OK ch=7 v=0.2349
    OK ch=1 v=0.2527
    OK ch=3 v=0.2574
    OK ch=5 v=0.3021
    OK ch=3 v=0.2592
    OK ch=5 v=0.2998
    OK ch=1 v=0.2626
    OK ch=5 v=0.2982
    OK ch=7 v=0.2344
    OK ch=3 v=0.2636
    OK ch=5 v=0.2997
    OK ch=7 v=0.2335
    OK ch=1 v=0.2585
    OK ch=3 v=0.2569
    OK ch=7 v=0.2365
    OK ch=1 v=0.2469
    OK ch=3 v=0.2552
    OK ch=7 v=0.2349
    OK ch=1 v=0.2606
    OK ch=3 v=0.2588
    OK ch=7 v=0.2362
    OK ch=1 v=0.2530
    OK ch=3 v=0.2604
    OK ch=5 v=0.3005
    OK ch=7 v=0.2379
    OK ch=1 v=0.2513
    OK ch=3 v=0.2572
    OK ch=5 v=0.2954
    OK ch=7 v=0.2390
    OK ch=1 v=0.2296
    OK ch=3 v=0.2565
    OK ch=5 v=0.2982
    OK ch=7 v=0.2383
    OK ch=1 v=0.2553
    OK ch=3 v=0.2553
    OK ch=7 v=0.2397
    OK ch=1 v=0.2425
    OK ch=3 v=0.2483
    OK ch=5 v=0.2952
    OK ch=7 v=0.2366
    OK ch=1 v=0.2636
    OK ch=3 v=0.2637
    OK ch=5 v=0.2960
    OK ch=7 v=0.2356
    OK ch=1 v=0.2494
    OK ch=3 v=0.2550
    OK ch=5 v=0.2973
    OK ch=7 v=0.2344
    OK ch=1 v=0.2704
    OK ch=3 v=0.2644
    OK ch=7 v=0.2360
    OK ch=1 v=0.2463
    OK ch=3 v=0.2582
    OK ch=5 v=0.2988
    OK ch=7 v=0.2351
    OK ch=1 v=0.2324
    OK ch=3 v=0.2549
    OK ch=5 v=0.2960
    OK ch=7 v=0.2388
    OK ch=1 v=0.2552
    OK ch=3 v=0.2537
    OK ch=5 v=0.2986
    OK ch=7 v=0.2363
    OK ch=1 v=0.2465
    OK ch=3 v=0.2524
    OK ch=5 v=0.2992
    OK ch=7 v=0.2357
    OK ch=1 v=0.2758
    OK ch=3 v=0.2550
    OK ch=5 v=0.2960
    OK ch=7 v=0.2393
    OK ch=1 v=0.2668
    OK ch=3 v=0.2598
    OK ch=5 v=0.2978
    OK ch=7 v=0.2377
    OK ch=1 v=0.2298
    OK ch=3 v=0.2552
    OK ch=5 v=0.3010
    OK ch=7 v=0.2356
    OK ch=1 v=0.2442
    OK ch=3 v=0.2574
    OK ch=5 v=0.3000
    OK ch=7 v=0.2307
    OK ch=1 v=0.2321
    OK ch=3 v=0.2554
    OK ch=7 v=0.2342
    OK ch=3 v=0.2532
    OK ch=5 v=0.2960
    OK ch=7 v=0.2367
    OK ch=1 v=0.2579
    OK ch=3 v=0.2526
    OK ch=5 v=0.2991
    OK ch=7 v=0.2361
    OK ch=1 v=0.2894
    OK ch=3 v=0.2658
    OK ch=5 v=0.3021
    OK ch=7 v=0.2349
[   90.3s] DAMPING     ch0:LOCK g=-0.0300 bp=+0.036V ratio=0.10  ch1:LOCK g=-0.0300 bp=+0.003V ratio=0.07  ch2:LOCK g=+0.0100 bp=-0.004V ratio=0.05  ch3:LOCK g=-0.0300 bp=-0.006V ratio=0.06
    OK ch=1 v=0.2547
    OK ch=3 v=0.2571
    OK ch=5 v=0.2986
    OK ch=7 v=0.2365
    OK ch=1 v=0.2443
    OK ch=3 v=0.2601
    OK ch=5 v=0.2991
    OK ch=7 v=0.2333
    OK ch=1 v=0.2550
    OK ch=3 v=0.2548
    OK ch=5 v=0.3020
    OK ch=7 v=0.2374
    OK ch=1 v=0.2519
    OK ch=3 v=0.2500
    OK ch=5 v=0.2997
    OK ch=1 v=0.2295
    OK ch=3 v=0.2536
    OK ch=7 v=0.2340
    OK ch=1 v=0.2498
    OK ch=3 v=0.2616
    OK ch=5 v=0.2982
    OK ch=7 v=0.2398
    OK ch=1 v=0.2528
    OK ch=3 v=0.2596
    OK ch=7 v=0.2387
    OK ch=1 v=0.2400
    OK ch=3 v=0.2586
    OK ch=5 v=0.2993
    OK ch=7 v=0.2355
    OK ch=1 v=0.2481
    OK ch=3 v=0.2601
    OK ch=5 v=0.2974
    OK ch=7 v=0.2372
    OK ch=1 v=0.2697
    OK ch=5 v=0.2957
    OK ch=7 v=0.2349
    OK ch=1 v=0.2743
    OK ch=3 v=0.2641
    OK ch=5 v=0.2977
    OK ch=7 v=0.2360
    OK ch=1 v=0.2273
    OK ch=3 v=0.2494
    OK ch=7 v=0.2376
    OK ch=1 v=0.2373
    OK ch=3 v=0.2532
    OK ch=5 v=0.2970
    OK ch=1 v=0.2271
    OK ch=1 v=0.2323
    OK ch=3 v=0.2561
    OK ch=7 v=0.2370
    OK ch=1 v=0.2628
    OK ch=3 v=0.2609
    OK ch=5 v=0.2962
    OK ch=1 v=0.2895
    OK ch=3 v=0.2647
    OK ch=5 v=0.2982
    OK ch=7 v=0.2352
    OK ch=1 v=0.2732
    OK ch=3 v=0.2605
    OK ch=5 v=0.3015
    OK ch=7 v=0.2364
    OK ch=1 v=0.2539
    OK ch=5 v=0.2972
    OK ch=1 v=0.2656
    OK ch=3 v=0.2645
    OK ch=5 v=0.2981
    OK ch=7 v=0.2353
    OK ch=1 v=0.2263
    OK ch=3 v=0.2501
    OK ch=5 v=0.3031
    OK ch=7 v=0.2364
    OK ch=1 v=0.2144
    OK ch=3 v=0.2518
    OK ch=5 v=0.3003
    OK ch=7 v=0.2377
    OK ch=1 v=0.2642
    OK ch=3 v=0.2563
    OK ch=5 v=0.2978
    OK ch=7 v=0.2362
    OK ch=1 v=0.2681
    OK ch=3 v=0.2597
    OK ch=1 v=0.2408
    OK ch=3 v=0.2562
    OK ch=7 v=0.2336
    OK ch=1 v=0.2534
    OK ch=3 v=0.2516
    OK ch=5 v=0.2997
    OK ch=1 v=0.2585
    OK ch=3 v=0.2531
    OK ch=5 v=0.2992
    OK ch=7 v=0.2355
    OK ch=1 v=0.2545
    OK ch=3 v=0.2563
    OK ch=5 v=0.2957
    OK ch=7 v=0.2364
    OK ch=1 v=0.2455
    OK ch=3 v=0.2549
    OK ch=5 v=0.2995
    OK ch=7 v=0.2388
    OK ch=1 v=0.2415
    OK ch=3 v=0.2556
    OK ch=5 v=0.3004
    OK ch=7 v=0.2372
    OK ch=1 v=0.2630
    OK ch=3 v=0.2611
    OK ch=5 v=0.2966
    OK ch=7 v=0.2377
    OK ch=1 v=0.2662
    OK ch=3 v=0.2642
    OK ch=5 v=0.2987
    OK ch=1 v=0.2433
    OK ch=3 v=0.2603
    OK ch=5 v=0.2997
    OK ch=7 v=0.2356
    OK ch=1 v=0.2541
    OK ch=3 v=0.2568
    OK ch=5 v=0.2982
    OK ch=1 v=0.2299
    OK ch=3 v=0.2525
    OK ch=5 v=0.2994
    OK ch=1 v=0.2241
    OK ch=3 v=0.2491
    OK ch=5 v=0.2968
    OK ch=7 v=0.2382
    OK ch=1 v=0.2503
    OK ch=3 v=0.2558
    OK ch=5 v=0.2975
    OK ch=7 v=0.2358
    OK ch=1 v=0.2643
    OK ch=3 v=0.2588
    OK ch=5 v=0.2994
    OK ch=1 v=0.2517
    OK ch=3 v=0.2565
    OK ch=5 v=0.2962
    OK ch=1 v=0.2317
    OK ch=3 v=0.2585
    OK ch=7 v=0.2371
    OK ch=1 v=0.2623
    OK ch=3 v=0.2611
    OK ch=5 v=0.2983
    OK ch=7 v=0.2360
    OK ch=1 v=0.2720
    OK ch=3 v=0.2625
    OK ch=7 v=0.2347
    OK ch=1 v=0.2765
    OK ch=3 v=0.2588
    OK ch=5 v=0.2998
    OK ch=7 v=0.2361
    OK ch=1 v=0.2436
    OK ch=3 v=0.2512
    OK ch=5 v=0.3004
    OK ch=7 v=0.2331
    OK ch=1 v=0.2559
    OK ch=3 v=0.2564
    OK ch=5 v=0.2998
    OK ch=7 v=0.2384
    OK ch=1 v=0.2365
    OK ch=3 v=0.2576
    OK ch=5 v=0.3017
    OK ch=7 v=0.2364
    OK ch=1 v=0.2426
    OK ch=3 v=0.2553
    OK ch=1 v=0.2468
    OK ch=5 v=0.2992
    OK ch=7 v=0.2372
    OK ch=1 v=0.2771
    OK ch=3 v=0.2521
    OK ch=5 v=0.2962
    OK ch=7 v=0.2362
    OK ch=1 v=0.2508
    OK ch=3 v=0.2578
    OK ch=5 v=0.2995
    OK ch=7 v=0.2337
    OK ch=1 v=0.2354
    OK ch=3 v=0.2541
    OK ch=5 v=0.3009
    OK ch=7 v=0.2354
    OK ch=1 v=0.2186
    OK ch=5 v=0.2982
    OK ch=7 v=0.2373
    OK ch=1 v=0.2619
    OK ch=3 v=0.2603
    OK ch=5 v=0.2958
    OK ch=1 v=0.2526
    OK ch=3 v=0.2597
    OK ch=5 v=0.2948
    OK ch=7 v=0.2384
    OK ch=1 v=0.2598
    OK ch=3 v=0.2575
    OK ch=5 v=0.3000
    OK ch=7 v=0.2367
    OK ch=1 v=0.2548
    OK ch=3 v=0.2570
    OK ch=5 v=0.2979
    OK ch=7 v=0.2374
    OK ch=1 v=0.2807
    OK ch=3 v=0.2627
    OK ch=5 v=0.2966
    OK ch=1 v=0.2593
    OK ch=3 v=0.2622
    OK ch=5 v=0.2998
    OK ch=7 v=0.2356
    OK ch=1 v=0.2435
    OK ch=3 v=0.2531
    OK ch=7 v=0.2377
    OK ch=1 v=0.2640
    OK ch=3 v=0.2585
    OK ch=5 v=0.2985
    OK ch=7 v=0.2352
    OK ch=1 v=0.2473
    OK ch=3 v=0.2568
    OK ch=5 v=0.2978
    OK ch=7 v=0.2385
    OK ch=1 v=0.2347
    OK ch=3 v=0.2495
    OK ch=5 v=0.2968
    OK ch=7 v=0.2406
    OK ch=1 v=0.2567
    OK ch=3 v=0.2567
    OK ch=5 v=0.2993
    OK ch=7 v=0.2346
    OK ch=1 v=0.2588
    OK ch=3 v=0.2606
    OK ch=5 v=0.2970
    OK ch=7 v=0.2351
    OK ch=1 v=0.2284
    OK ch=3 v=0.2531
    OK ch=5 v=0.2954
    OK ch=1 v=0.2528
    OK ch=3 v=0.2612
    OK ch=5 v=0.2975
    OK ch=7 v=0.2334
    OK ch=1 v=0.2608
    OK ch=3 v=0.2582
    OK ch=7 v=0.2351
    OK ch=1 v=0.2497
    OK ch=3 v=0.2514
    OK ch=1 v=0.2572
    OK ch=3 v=0.2583
    OK ch=5 v=0.2987
    OK ch=1 v=0.2457
    OK ch=3 v=0.2566
    OK ch=5 v=0.3005
    OK ch=7 v=0.2379
    OK ch=1 v=0.2544
    OK ch=3 v=0.2634
    OK ch=5 v=0.3014
    OK ch=1 v=0.2468
    OK ch=3 v=0.2569
    OK ch=5 v=0.3026
    OK ch=7 v=0.2352
    OK ch=1 v=0.2558
    OK ch=3 v=0.2588
    OK ch=5 v=0.2993
    OK ch=7 v=0.2337
    OK ch=1 v=0.2774
    OK ch=3 v=0.2618
    OK ch=5 v=0.3007
    OK ch=7 v=0.2379
    OK ch=1 v=0.2445
    OK ch=3 v=0.2534
    OK ch=5 v=0.3024
    OK ch=7 v=0.2358
    OK ch=1 v=0.2370
    OK ch=3 v=0.2543
    OK ch=5 v=0.2984
    OK ch=1 v=0.2302
    OK ch=3 v=0.2552
    OK ch=1 v=0.2400
    OK ch=3 v=0.2546
    OK ch=1 v=0.2500
    OK ch=3 v=0.2537
    OK ch=5 v=0.2989
    OK ch=7 v=0.2350
    OK ch=1 v=0.2490
    OK ch=7 v=0.2374
    OK ch=1 v=0.2518
    OK ch=3 v=0.2577
    OK ch=5 v=0.2980
    OK ch=7 v=0.2331
    OK ch=1 v=0.2566
    OK ch=3 v=0.2626
    OK ch=7 v=0.2361
    OK ch=1 v=0.2431
    OK ch=3 v=0.2549
    OK ch=5 v=0.2968
    OK ch=7 v=0.2392
    OK ch=1 v=0.2512
    OK ch=3 v=0.2596
    OK ch=5 v=0.2986
    OK ch=7 v=0.2343
    OK ch=1 v=0.2658
    OK ch=3 v=0.2525
    OK ch=5 v=0.2977
    OK ch=7 v=0.2376
    OK ch=1 v=0.2413
    OK ch=3 v=0.2599
    OK ch=5 v=0.2961
    OK ch=1 v=0.2203
    OK ch=3 v=0.2533
    OK ch=5 v=0.2994
    OK ch=7 v=0.2362
    OK ch=1 v=0.2650
    OK ch=3 v=0.2612
    OK ch=5 v=0.2981
    OK ch=7 v=0.2370
    OK ch=1 v=0.2689
    OK ch=3 v=0.2646
    OK ch=5 v=0.2988
    OK ch=7 v=0.2380
    OK ch=1 v=0.2447
    OK ch=3 v=0.2589
    OK ch=7 v=0.2352
    OK ch=1 v=0.2586
    OK ch=3 v=0.2547
    OK ch=5 v=0.2971
    OK ch=7 v=0.2361
    OK ch=1 v=0.2548
    OK ch=5 v=0.2994
    OK ch=7 v=0.2375
    OK ch=1 v=0.2791
    OK ch=3 v=0.2525
    OK ch=7 v=0.2350
    OK ch=1 v=0.2707
    OK ch=3 v=0.2618
    OK ch=5 v=0.2975
    OK ch=7 v=0.2360
    OK ch=1 v=0.2640
    OK ch=3 v=0.2630
    OK ch=5 v=0.3002
    OK ch=1 v=0.2413
    OK ch=3 v=0.2530
    OK ch=1 v=0.2162
    OK ch=3 v=0.2466
    OK ch=5 v=0.2984
    OK ch=7 v=0.2375
    OK ch=1 v=0.2268
    OK ch=3 v=0.2528
    OK ch=5 v=0.2967
    OK ch=7 v=0.2363
    OK ch=1 v=0.2474
    OK ch=3 v=0.2500
    OK ch=5 v=0.2959
    OK ch=1 v=0.2428
    OK ch=3 v=0.2564
    OK ch=5 v=0.2980
    OK ch=1 v=0.2742
    OK ch=3 v=0.2620
    OK ch=5 v=0.3007
    OK ch=1 v=0.2558
    OK ch=3 v=0.2598
    OK ch=5 v=0.2994
    OK ch=7 v=0.2326
    OK ch=1 v=0.2681
    OK ch=3 v=0.2607
    OK ch=5 v=0.2969
    OK ch=7 v=0.2366
    OK ch=1 v=0.2349
    OK ch=3 v=0.2596
    OK ch=5 v=0.3016
    OK ch=1 v=0.2559
    OK ch=3 v=0.2538
    OK ch=5 v=0.3027
    OK ch=7 v=0.2349
    OK ch=1 v=0.2485
    OK ch=3 v=0.2559
    OK ch=5 v=0.2993
    OK ch=7 v=0.2410
    OK ch=1 v=0.2445
    OK ch=3 v=0.2579
    OK ch=5 v=0.2983
    OK ch=7 v=0.2358
    OK ch=1 v=0.2544
    OK ch=3 v=0.2591
    OK ch=7 v=0.2373
    OK ch=1 v=0.2613
    OK ch=3 v=0.2599
    OK ch=1 v=0.2384
    OK ch=3 v=0.2559
    OK ch=5 v=0.2999
    OK ch=1 v=0.2533
    OK ch=3 v=0.2608
    OK ch=5 v=0.2979
    OK ch=7 v=0.2355
    OK ch=1 v=0.2388
    OK ch=3 v=0.2535
    OK ch=5 v=0.2958
    OK ch=1 v=0.2470
    OK ch=3 v=0.2543
    OK ch=5 v=0.2983
    OK ch=1 v=0.2576
    OK ch=3 v=0.2553
    OK ch=7 v=0.2346
    OK ch=1 v=0.2488
    OK ch=3 v=0.2597
    OK ch=5 v=0.2972
    OK ch=7 v=0.2361
    OK ch=1 v=0.2641
    OK ch=3 v=0.2607
    OK ch=7 v=0.2354
    OK ch=1 v=0.2368
    OK ch=3 v=0.2538
    OK ch=7 v=0.2344
    OK ch=1 v=0.2502
    OK ch=3 v=0.2566
    OK ch=5 v=0.3001
    OK ch=7 v=0.2360
    OK ch=1 v=0.2619
    OK ch=3 v=0.2586
    OK ch=5 v=0.3008
    OK ch=7 v=0.2354
    OK ch=1 v=0.2428
    OK ch=3 v=0.2560
    OK ch=5 v=0.2981
    OK ch=7 v=0.2368
    OK ch=1 v=0.2700
    OK ch=3 v=0.2616
    OK ch=5 v=0.2997
    OK ch=7 v=0.2381
    OK ch=1 v=0.2573
    OK ch=3 v=0.2596
    OK ch=5 v=0.3008
    OK ch=1 v=0.2349
    OK ch=3 v=0.2548
    OK ch=5 v=0.2989
    OK ch=7 v=0.2396
    OK ch=1 v=0.2326
    OK ch=3 v=0.2519
    OK ch=5 v=0.3008
    OK ch=7 v=0.2354
    OK ch=1 v=0.2229
    OK ch=3 v=0.2497
    OK ch=5 v=0.2989
    OK ch=7 v=0.2337
    OK ch=1 v=0.2634
    OK ch=3 v=0.2567
    OK ch=5 v=0.2977
    OK ch=7 v=0.2343
    OK ch=1 v=0.2499
    OK ch=5 v=0.2965
    OK ch=7 v=0.2352
    OK ch=1 v=0.2541
    OK ch=3 v=0.2561
    OK ch=5 v=0.2950
    OK ch=7 v=0.2381
[   95.3s] DAMPING     ch0:LOCK g=-0.0300 bp=-0.027V ratio=0.10  ch1:LOCK g=-0.0300 bp=-0.008V ratio=0.06  ch2:LOCK g=+0.0100 bp=+0.005V ratio=0.02  ch3:LOCK g=-0.0300 bp=-0.002V ratio=0.04
    OK ch=1 v=0.2488
    OK ch=3 v=0.2505
    OK ch=5 v=0.2999
    OK ch=7 v=0.2359
    OK ch=1 v=0.2584
    OK ch=3 v=0.2556
    OK ch=7 v=0.2346
    OK ch=1 v=0.2430
    OK ch=3 v=0.2548
    OK ch=5 v=0.2974
    OK ch=7 v=0.2372
    OK ch=1 v=0.2795
    OK ch=3 v=0.2684
    OK ch=1 v=0.2559
    OK ch=3 v=0.2609
    OK ch=5 v=0.2990
    OK ch=3 v=0.2594
    OK ch=5 v=0.2995
    OK ch=7 v=0.2383
    OK ch=1 v=0.2353
    OK ch=3 v=0.2570
    OK ch=7 v=0.2368
    OK ch=1 v=0.2533
    OK ch=3 v=0.2576
    OK ch=7 v=0.2386
    OK ch=1 v=0.2106
    OK ch=5 v=0.2989
    OK ch=1 v=0.2234
    OK ch=3 v=0.2526
    OK ch=5 v=0.2966
    OK ch=7 v=0.2379
    OK ch=1 v=0.2572
    OK ch=5 v=0.2980
    OK ch=7 v=0.2358
    OK ch=1 v=0.2459
    OK ch=3 v=0.2514
    OK ch=1 v=0.2822
    OK ch=3 v=0.2641
    OK ch=5 v=0.2960
    OK ch=7 v=0.2367
    OK ch=1 v=0.2681
    OK ch=3 v=0.2626
    OK ch=1 v=0.2573
    OK ch=3 v=0.2577
    OK ch=5 v=0.2975
    OK ch=7 v=0.2344
    OK ch=1 v=0.2641
    OK ch=3 v=0.2557
    OK ch=5 v=0.2991
    OK ch=7 v=0.2365
    OK ch=1 v=0.2522
    OK ch=3 v=0.2535
    OK ch=7 v=0.2356
    OK ch=1 v=0.2792
    OK ch=3 v=0.2612
    OK ch=5 v=0.2986
    OK ch=1 v=0.2636
    OK ch=3 v=0.2657
    OK ch=5 v=0.2993
    OK ch=7 v=0.2346
    OK ch=1 v=0.2078
    OK ch=3 v=0.2508
    OK ch=5 v=0.3004
    OK ch=7 v=0.2361
    OK ch=1 v=0.2431
    OK ch=3 v=0.2572
    OK ch=5 v=0.2999
    OK ch=1 v=0.2511
    OK ch=3 v=0.2548
    OK ch=5 v=0.2973
    OK ch=1 v=0.2570
    OK ch=3 v=0.2536
    OK ch=5 v=0.2964
    OK ch=7 v=0.2353
    OK ch=1 v=0.2613
    OK ch=3 v=0.2592
    OK ch=5 v=0.2995
    OK ch=7 v=0.2342
    OK ch=1 v=0.2491
    OK ch=3 v=0.2584
    OK ch=7 v=0.2371
    OK ch=1 v=0.2307
    OK ch=3 v=0.2566
    OK ch=5 v=0.2980
    OK ch=1 v=0.2768
    OK ch=3 v=0.2635
    OK ch=1 v=0.2658
    OK ch=3 v=0.2602
    OK ch=5 v=0.2999
    OK ch=1 v=0.2292
    OK ch=3 v=0.2485
    OK ch=7 v=0.2355
    OK ch=1 v=0.2413
    OK ch=3 v=0.2514
    OK ch=5 v=0.3021
    OK ch=7 v=0.2341
    OK ch=1 v=0.2376
    OK ch=3 v=0.2577
    OK ch=5 v=0.2980
    OK ch=7 v=0.2358
    OK ch=1 v=0.2596
    OK ch=3 v=0.2599
    OK ch=5 v=0.2968
    OK ch=7 v=0.2363
    OK ch=1 v=0.2509
    OK ch=3 v=0.2489
    OK ch=5 v=0.2991
    OK ch=1 v=0.2759
    OK ch=3 v=0.2599
    OK ch=7 v=0.2389
    OK ch=1 v=0.2647
    OK ch=3 v=0.2692
    OK ch=5 v=0.2972
    OK ch=1 v=0.2675
    OK ch=3 v=0.2659
    OK ch=5 v=0.2984
    OK ch=7 v=0.2380
    OK ch=1 v=0.2455
    OK ch=3 v=0.2489
    OK ch=5 v=0.2994
    OK ch=7 v=0.2348
    OK ch=1 v=0.2417
    OK ch=3 v=0.2532
    OK ch=5 v=0.2987
    OK ch=7 v=0.2393
    OK ch=3 v=0.2600
    OK ch=7 v=0.2355
    OK ch=1 v=0.2505
    OK ch=3 v=0.2608
    OK ch=5 v=0.2972
    OK ch=7 v=0.2337
    OK ch=1 v=0.2552
    OK ch=3 v=0.2562
    OK ch=5 v=0.2961
    OK ch=7 v=0.2328
    OK ch=1 v=0.2303
    OK ch=3 v=0.2660
    OK ch=5 v=0.2989
    OK ch=7 v=0.2350
    OK ch=1 v=0.2544
    OK ch=3 v=0.2563
    OK ch=5 v=0.2981
    OK ch=7 v=0.2360
    OK ch=1 v=0.2488
    OK ch=3 v=0.2522
    OK ch=1 v=0.2676
    OK ch=1 v=0.2481
    OK ch=5 v=0.2993
    OK ch=1 v=0.2512
    OK ch=3 v=0.2514
    OK ch=7 v=0.2353
    OK ch=1 v=0.2595
    OK ch=3 v=0.2554
    OK ch=1 v=0.2562
    OK ch=3 v=0.2579
    OK ch=5 v=0.3012
    OK ch=7 v=0.2367
    OK ch=1 v=0.2497
    OK ch=3 v=0.2632
    OK ch=5 v=0.2982
    OK ch=1 v=0.2536
    OK ch=3 v=0.2612
    OK ch=5 v=0.2990
    OK ch=7 v=0.2393
    OK ch=1 v=0.2698
    OK ch=5 v=0.3003
    OK ch=7 v=0.2353
    OK ch=1 v=0.2351
    OK ch=3 v=0.2541
    OK ch=7 v=0.2372
    OK ch=1 v=0.2304
    OK ch=3 v=0.2529
    OK ch=5 v=0.2967
    OK ch=7 v=0.2398
    OK ch=1 v=0.2322
    OK ch=3 v=0.2540
    OK ch=7 v=0.2345
    OK ch=1 v=0.2430
    OK ch=3 v=0.2514
    OK ch=5 v=0.2992
    OK ch=7 v=0.2339
    OK ch=1 v=0.2783
    OK ch=3 v=0.2575
    OK ch=5 v=0.2983
    OK ch=7 v=0.2381
    OK ch=1 v=0.2626
    OK ch=3 v=0.2621
    OK ch=5 v=0.2970
    OK ch=7 v=0.2371
    OK ch=1 v=0.2403
    OK ch=3 v=0.2506
    OK ch=5 v=0.2987
    OK ch=7 v=0.2354
    OK ch=1 v=0.2389
    OK ch=3 v=0.2532
    OK ch=5 v=0.3003
    OK ch=7 v=0.2366
    OK ch=1 v=0.2677
    OK ch=3 v=0.2622
    OK ch=7 v=0.2355
    OK ch=5 v=0.2987
    OK ch=1 v=0.2529
    OK ch=3 v=0.2601
    OK ch=5 v=0.2968
    OK ch=7 v=0.2386
    OK ch=1 v=0.2664
    OK ch=3 v=0.2610
    OK ch=5 v=0.3001
    OK ch=7 v=0.2361
    OK ch=1 v=0.2674
    OK ch=3 v=0.2595
    OK ch=5 v=0.2988
    OK ch=7 v=0.2392
    OK ch=1 v=0.2307
    OK ch=3 v=0.2547
    OK ch=7 v=0.2364
    OK ch=1 v=0.2216
    OK ch=3 v=0.2519
    OK ch=5 v=0.2997
    OK ch=7 v=0.2345
    OK ch=1 v=0.2323
    OK ch=3 v=0.2564
    OK ch=5 v=0.2970
    OK ch=7 v=0.2358
    OK ch=1 v=0.2567
    OK ch=3 v=0.2598
    OK ch=7 v=0.2351
    OK ch=1 v=0.2675
    OK ch=3 v=0.2549
    OK ch=5 v=0.2977
    OK ch=7 v=0.2341
    OK ch=1 v=0.2610
    OK ch=3 v=0.2555
    OK ch=5 v=0.2963
    OK ch=7 v=0.2347
    OK ch=1 v=0.2353
    OK ch=3 v=0.2515
    OK ch=5 v=0.2990
    OK ch=7 v=0.2366
    OK ch=1 v=0.2480
    OK ch=3 v=0.2552
    OK ch=1 v=0.2629
    OK ch=3 v=0.2563
    OK ch=7 v=0.2381
    OK ch=1 v=0.2818
    OK ch=3 v=0.2654
    OK ch=5 v=0.2998
    OK ch=1 v=0.2433
    OK ch=3 v=0.2595
    OK ch=7 v=0.2399
    OK ch=1 v=0.2341
    OK ch=3 v=0.2525
    OK ch=5 v=0.3005
    OK ch=7 v=0.2382
    OK ch=1 v=0.2531
    OK ch=3 v=0.2547
    OK ch=7 v=0.2358
    OK ch=1 v=0.2550
    OK ch=3 v=0.2654
    OK ch=5 v=0.2999
    OK ch=7 v=0.2342
    OK ch=1 v=0.2633
    OK ch=3 v=0.2569
    OK ch=5 v=0.2972
    OK ch=7 v=0.2357
    OK ch=1 v=0.2208
    OK ch=3 v=0.2507
    OK ch=5 v=0.2985
    OK ch=7 v=0.2338
    OK ch=1 v=0.2288
    OK ch=3 v=0.2484
    OK ch=5 v=0.3000
    OK ch=7 v=0.2356
    OK ch=1 v=0.2797
    OK ch=3 v=0.2583
    OK ch=5 v=0.2965
    OK ch=7 v=0.2350
    OK ch=1 v=0.2631
    OK ch=3 v=0.2599
    OK ch=5 v=0.2980
    OK ch=7 v=0.2366
    OK ch=1 v=0.2533
    OK ch=3 v=0.2593
    OK ch=5 v=0.2992
    OK ch=7 v=0.2380
    OK ch=1 v=0.2552
    OK ch=5 v=0.2979
    OK ch=1 v=0.2640
    OK ch=3 v=0.2558
    OK ch=7 v=0.2385
    OK ch=1 v=0.2468
    OK ch=3 v=0.2582
    OK ch=7 v=0.2358
    OK ch=1 v=0.2458
    OK ch=7 v=0.2364
    OK ch=1 v=0.2370
    OK ch=3 v=0.2547
    OK ch=5 v=0.2985
    OK ch=1 v=0.2391
    OK ch=3 v=0.2493
    OK ch=5 v=0.3002
    OK ch=7 v=0.2353
    OK ch=1 v=0.2639
    OK ch=3 v=0.2612
    OK ch=5 v=0.2955
    OK ch=7 v=0.2388
    OK ch=1 v=0.2446
    OK ch=3 v=0.2598
    OK ch=7 v=0.2351
    OK ch=1 v=0.2523
    OK ch=3 v=0.2576
    OK ch=5 v=0.2989
    OK ch=7 v=0.2358
    OK ch=1 v=0.2493
    OK ch=5 v=0.3002
    OK ch=7 v=0.2373
    OK ch=1 v=0.2196
    OK ch=3 v=0.2553
    OK ch=5 v=0.2980
    OK ch=7 v=0.2349
    OK ch=1 v=0.2677
    OK ch=3 v=0.2599
    OK ch=7 v=0.2360
    OK ch=1 v=0.2799
    OK ch=3 v=0.2588
    OK ch=5 v=0.2972
    OK ch=1 v=0.2775
    OK ch=3 v=0.2639
    OK ch=5 v=0.2994
    OK ch=1 v=0.2596
    OK ch=3 v=0.2620
    OK ch=5 v=0.3016
    OK ch=7 v=0.2352
    OK ch=1 v=0.2386
    OK ch=3 v=0.2571
    OK ch=5 v=0.2990
    OK ch=1 v=0.2436
    OK ch=3 v=0.2523
    OK ch=1 v=0.2494
    OK ch=3 v=0.2542
    OK ch=5 v=0.3008
    OK ch=7 v=0.2393
    OK ch=1 v=0.2508
    OK ch=3 v=0.2592
    OK ch=5 v=0.2992
    OK ch=7 v=0.2350
    OK ch=1 v=0.2348
    OK ch=3 v=0.2488
    OK ch=7 v=0.2370
    OK ch=1 v=0.2435
    OK ch=3 v=0.2550
    OK ch=5 v=0.3003
    OK ch=7 v=0.2360
    OK ch=1 v=0.2358
    OK ch=5 v=0.2972
    OK ch=7 v=0.2371
    OK ch=1 v=0.2066
    OK ch=3 v=0.2556
    OK ch=5 v=0.2996
    OK ch=7 v=0.2383
    OK ch=1 v=0.2445
    OK ch=5 v=0.2991
    OK ch=7 v=0.2343
    OK ch=1 v=0.2668
    OK ch=5 v=0.2981
    OK ch=1 v=0.2899
    OK ch=3 v=0.2620
    OK ch=5 v=0.2960
    OK ch=1 v=0.2923
    OK ch=3 v=0.2655
    OK ch=5 v=0.2980
    OK ch=7 v=0.2376
    OK ch=1 v=0.2433
    OK ch=3 v=0.2540
    OK ch=5 v=0.3000
    OK ch=1 v=0.2526
    OK ch=3 v=0.2550
    OK ch=3 v=0.2579
    OK ch=5 v=0.3010
    OK ch=1 v=0.2449
    OK ch=3 v=0.2589
    OK ch=5 v=0.3001
    OK ch=7 v=0.2369
    OK ch=1 v=0.2515
    OK ch=3 v=0.2539
    OK ch=5 v=0.2992
    OK ch=1 v=0.2384
    OK ch=3 v=0.2514
    OK ch=5 v=0.2982
    OK ch=7 v=0.2376
    OK ch=1 v=0.2713
    OK ch=3 v=0.2622
    OK ch=7 v=0.2350
    OK ch=1 v=0.2804
    OK ch=3 v=0.2689
    OK ch=5 v=0.2962
    OK ch=7 v=0.2384
    OK ch=1 v=0.2461
    OK ch=3 v=0.2557
    OK ch=5 v=0.2968
    OK ch=1 v=0.2596
    OK ch=3 v=0.2535
    OK ch=5 v=0.2976
    OK ch=7 v=0.2354
    OK ch=1 v=0.2393
    OK ch=3 v=0.2518
    OK ch=5 v=0.2964
    OK ch=7 v=0.2361
    OK ch=1 v=0.2476
    OK ch=3 v=0.2534
    OK ch=5 v=0.2979
    OK ch=1 v=0.2488
    OK ch=3 v=0.2572
    OK ch=5 v=0.2965
    OK ch=7 v=0.2350
    OK ch=1 v=0.2522
    OK ch=3 v=0.2513
    OK ch=5 v=0.2972
    OK ch=7 v=0.2340
    OK ch=1 v=0.2234
    OK ch=3 v=0.2583
    OK ch=5 v=0.2999
    OK ch=7 v=0.2358
    OK ch=1 v=0.2667
    OK ch=3 v=0.2640
    OK ch=5 v=0.2981
    OK ch=7 v=0.2387
    OK ch=1 v=0.2301
    OK ch=3 v=0.2533
    OK ch=5 v=0.2987
    OK ch=7 v=0.2360
    OK ch=1 v=0.2754
    OK ch=3 v=0.2644
    OK ch=5 v=0.3000
    OK ch=3 v=0.2658
    OK ch=7 v=0.2381
    OK ch=1 v=0.2567
    OK ch=3 v=0.2608
    OK ch=5 v=0.2988
    OK ch=7 v=0.2372
    OK ch=1 v=0.2676
    OK ch=7 v=0.2354
    OK ch=1 v=0.2765
    OK ch=3 v=0.2553
    OK ch=7 v=0.2340
    OK ch=1 v=0.2419
    OK ch=3 v=0.2536
    OK ch=5 v=0.3009
    OK ch=7 v=0.2354
    OK ch=1 v=0.2195
    OK ch=3 v=0.2507
    OK ch=5 v=0.3004
    OK ch=7 v=0.2337
[  100.4s] DAMPING     ch0:LOCK g=-0.0300 bp=-0.007V ratio=0.16  ch1:LOCK g=-0.0300 bp=+0.000V ratio=0.09  ch2:LOCK g=+0.0100 bp=-0.006V ratio=0.03  ch3:LOCK g=-0.0300 bp=-0.005V ratio=0.04
    OK ch=1 v=0.2648
    OK ch=3 v=0.2582
    OK ch=5 v=0.2988
    OK ch=7 v=0.2379
    OK ch=1 v=0.2449
    OK ch=3 v=0.2533
    OK ch=5 v=0.2977
    OK ch=7 v=0.2358
    OK ch=1 v=0.2352
    OK ch=3 v=0.2549
    OK ch=5 v=0.2997
    OK ch=1 v=0.2462
    OK ch=3 v=0.2571
    OK ch=5 v=0.2990
    OK ch=7 v=0.2347
    OK ch=3 v=0.2530
    OK ch=5 v=0.2980
    OK ch=1 v=0.2556
    OK ch=3 v=0.2600
    OK ch=5 v=0.2972
    OK ch=7 v=0.2389
    OK ch=1 v=0.2601
    OK ch=3 v=0.2593
    OK ch=5 v=0.2988
    OK ch=7 v=0.2383
    OK ch=1 v=0.2463
    OK ch=3 v=0.2538
    OK ch=7 v=0.2363
    OK ch=1 v=0.2262
    OK ch=3 v=0.2562
    OK ch=5 v=0.3003
    OK ch=7 v=0.2348
    OK ch=1 v=0.2762
    OK ch=3 v=0.2641
    OK ch=5 v=0.2988
    OK ch=7 v=0.2373
    OK ch=1 v=0.2518
    OK ch=3 v=0.2574
    OK ch=5 v=0.2997
    OK ch=7 v=0.2351
    OK ch=1 v=0.2702
    OK ch=3 v=0.2605
    OK ch=7 v=0.2375
    OK ch=1 v=0.2595
    OK ch=3 v=0.2612
    OK ch=5 v=0.2976
    OK ch=1 v=0.2609
    OK ch=3 v=0.2599
    OK ch=7 v=0.2360
    OK ch=1 v=0.2208
    OK ch=3 v=0.2478
    OK ch=5 v=0.2996
    OK ch=1 v=0.2416
    OK ch=3 v=0.2571
    OK ch=5 v=0.2990
    OK ch=7 v=0.2370
    OK ch=1 v=0.2523
    OK ch=5 v=0.2956
    OK ch=7 v=0.2347
    OK ch=1 v=0.2410
    OK ch=3 v=0.2533
    OK ch=7 v=0.2300
    OK ch=1 v=0.2332
    OK ch=3 v=0.2524
    OK ch=5 v=0.2966
    OK ch=7 v=0.2357
    OK ch=1 v=0.2559
    OK ch=3 v=0.2597
    OK ch=5 v=0.2990
    OK ch=7 v=0.2362
    OK ch=1 v=0.2717
    OK ch=3 v=0.2648
    OK ch=5 v=0.2976
    OK ch=7 v=0.2388
    OK ch=1 v=0.2604
    OK ch=3 v=0.2571
    OK ch=1 v=0.2421
    OK ch=3 v=0.2532
    OK ch=5 v=0.3002
    OK ch=7 v=0.2380
    OK ch=1 v=0.2600
    OK ch=3 v=0.2543
    OK ch=5 v=0.3012
    OK ch=7 v=0.2372
    OK ch=1 v=0.2251
    OK ch=3 v=0.2497
    OK ch=5 v=0.2997
    OK ch=7 v=0.2390
    OK ch=1 v=0.2676
    OK ch=3 v=0.2597
    OK ch=5 v=0.3002
    OK ch=7 v=0.2383
    OK ch=1 v=0.2210
    OK ch=3 v=0.2503
    OK ch=5 v=0.2990
    OK ch=7 v=0.2373
    OK ch=1 v=0.2250
    OK ch=3 v=0.2570
    OK ch=5 v=0.2997
    OK ch=7 v=0.2366
    OK ch=1 v=0.2524
    OK ch=3 v=0.2608
    OK ch=5 v=0.2987
    OK ch=7 v=0.2374
    OK ch=1 v=0.2850
    OK ch=3 v=0.2661
    OK ch=5 v=0.2965
    OK ch=7 v=0.2347
    OK ch=1 v=0.2637
    OK ch=3 v=0.2590
    OK ch=5 v=0.2988
    OK ch=7 v=0.2324
    OK ch=1 v=0.2774
    OK ch=7 v=0.2357
    OK ch=1 v=0.2392
    OK ch=3 v=0.2472
    OK ch=7 v=0.2364
    OK ch=1 v=0.2308
    OK ch=3 v=0.2511
    OK ch=1 v=0.2550
    OK ch=3 v=0.2569
    OK ch=7 v=0.2379
    OK ch=1 v=0.2703
    OK ch=3 v=0.2601
    OK ch=7 v=0.2366
    OK ch=1 v=0.2709
    OK ch=3 v=0.2575
    OK ch=7 v=0.2350
    OK ch=1 v=0.2216
    OK ch=3 v=0.2485
    OK ch=1 v=0.2408
    OK ch=3 v=0.2595
    OK ch=7 v=0.2376
    OK ch=1 v=0.2617
    OK ch=3 v=0.2643
    OK ch=5 v=0.2964
    OK ch=7 v=0.2382
    OK ch=1 v=0.2567
    OK ch=3 v=0.2604
    OK ch=5 v=0.2994
    OK ch=7 v=0.2353
    OK ch=1 v=0.2407
    OK ch=3 v=0.2584
    OK ch=5 v=0.2983
    OK ch=1 v=0.2383
    OK ch=3 v=0.2563
    OK ch=5 v=0.2976
    OK ch=7 v=0.2378
    OK ch=1 v=0.2390
    OK ch=3 v=0.2571
    OK ch=7 v=0.2344
    OK ch=1 v=0.2368
    OK ch=3 v=0.2524
    OK ch=5 v=0.2989
    OK ch=7 v=0.2367
    OK ch=1 v=0.2688
    OK ch=3 v=0.2575
    OK ch=1 v=0.2637
    OK ch=3 v=0.2549
    OK ch=7 v=0.2359
    OK ch=1 v=0.2513
    OK ch=3 v=0.2568
    OK ch=7 v=0.2344
    OK ch=1 v=0.2337
    OK ch=3 v=0.2526
    OK ch=1 v=0.2576
    OK ch=3 v=0.2572
    OK ch=5 v=0.2999
    OK ch=7 v=0.2361
    OK ch=5 v=0.3009
    OK ch=7 v=0.2368
    OK ch=1 v=0.2742
    OK ch=3 v=0.2646
    OK ch=5 v=0.2992
    OK ch=7 v=0.2392
    OK ch=1 v=0.2736
    OK ch=3 v=0.2631
    OK ch=5 v=0.2983
    OK ch=7 v=0.2378
    OK ch=1 v=0.2195
    OK ch=3 v=0.2558
    OK ch=5 v=0.2995
    OK ch=7 v=0.2370
    OK ch=1 v=0.2451
    OK ch=5 v=0.2986
    OK ch=1 v=0.2654
    OK ch=3 v=0.2537
    OK ch=7 v=0.2340
    OK ch=1 v=0.2542
    OK ch=3 v=0.2574
    OK ch=7 v=0.2350
    OK ch=1 v=0.2589
    OK ch=3 v=0.2474
    OK ch=5 v=0.2971
    OK ch=7 v=0.2344
    OK ch=1 v=0.2455
    OK ch=3 v=0.2554
    OK ch=5 v=0.2993
    OK ch=7 v=0.2350
    OK ch=1 v=0.2497
    OK ch=3 v=0.2600
    OK ch=5 v=0.3000
    OK ch=7 v=0.2379
    OK ch=1 v=0.2487
    OK ch=3 v=0.2529
    OK ch=5 v=0.2983
    OK ch=7 v=0.2368
    OK ch=1 v=0.2576
    OK ch=3 v=0.2567
    OK ch=7 v=0.2376
    OK ch=1 v=0.2657
    OK ch=3 v=0.2588
    OK ch=7 v=0.2361
    OK ch=1 v=0.2467
    OK ch=3 v=0.2565
    OK ch=1 v=0.2357
    OK ch=3 v=0.2596
    OK ch=5 v=0.2974
    OK ch=7 v=0.2347
    OK ch=1 v=0.1988
    OK ch=5 v=0.2983
    OK ch=7 v=0.2395
    OK ch=1 v=0.2343
    OK ch=3 v=0.2531
    OK ch=5 v=0.2966
    OK ch=7 v=0.2346
    OK ch=1 v=0.2789
    OK ch=3 v=0.2611
    OK ch=7 v=0.2364
    OK ch=1 v=0.2955
    OK ch=3 v=0.2628
    OK ch=5 v=0.2977
    OK ch=1 v=0.2662
    OK ch=3 v=0.2544
    OK ch=5 v=0.2969
    OK ch=7 v=0.2379
    OK ch=1 v=0.2427
    OK ch=3 v=0.2566
    OK ch=5 v=0.2982
    OK ch=7 v=0.2352
    OK ch=1 v=0.2504
    OK ch=3 v=0.2583
    OK ch=5 v=0.3005
    OK ch=7 v=0.2374
    OK ch=1 v=0.2543
    OK ch=3 v=0.2546
    OK ch=5 v=0.3016
    OK ch=7 v=0.2350
    OK ch=1 v=0.2410
    OK ch=3 v=0.2535
    OK ch=5 v=0.2980
    OK ch=7 v=0.2362
    OK ch=1 v=0.2712
    OK ch=3 v=0.2616
    OK ch=1 v=0.2539
    OK ch=3 v=0.2587
    OK ch=5 v=0.2990
    OK ch=1 v=0.2494
    OK ch=3 v=0.2608
    OK ch=7 v=0.2376
    OK ch=1 v=0.2652
    OK ch=3 v=0.2590
    OK ch=1 v=0.2316
    OK ch=3 v=0.2523
    OK ch=7 v=0.2349
    OK ch=1 v=0.2286
    OK ch=3 v=0.2498
    OK ch=5 v=0.2977
    OK ch=7 v=0.2343
    OK ch=1 v=0.2430
    OK ch=3 v=0.2564
    OK ch=5 v=0.2983
    OK ch=7 v=0.2348
    OK ch=1 v=0.2512
    OK ch=3 v=0.2533
    OK ch=5 v=0.3004
    OK ch=7 v=0.2332
    OK ch=1 v=0.2682
    OK ch=3 v=0.2623
    OK ch=5 v=0.2981
    OK ch=7 v=0.2364
    OK ch=1 v=0.2501
    OK ch=3 v=0.2598
    OK ch=7 v=0.2371
    OK ch=1 v=0.2648
    OK ch=3 v=0.2573
    OK ch=1 v=0.2451
    OK ch=3 v=0.2543
    OK ch=5 v=0.2999
    OK ch=7 v=0.2358
    OK ch=1 v=0.2305
    OK ch=3 v=0.2495
    OK ch=5 v=0.3017
    OK ch=7 v=0.2367
    OK ch=1 v=0.2608
    OK ch=3 v=0.2607
    OK ch=5 v=0.2976
    OK ch=7 v=0.2391
    OK ch=1 v=0.2539
    OK ch=3 v=0.2592
    OK ch=5 v=0.2991
    OK ch=7 v=0.2385
    OK ch=1 v=0.2342
    OK ch=3 v=0.2500
    OK ch=5 v=0.2978
    OK ch=7 v=0.2375
    OK ch=1 v=0.2543
    OK ch=3 v=0.2614
    OK ch=7 v=0.2356
    OK ch=1 v=0.2444
    OK ch=3 v=0.2588
    OK ch=5 v=0.2962
    OK ch=7 v=0.2342
    OK ch=1 v=0.2541
    OK ch=3 v=0.2599
    OK ch=5 v=0.2974
    OK ch=7 v=0.2357
    OK ch=1 v=0.2402
    OK ch=3 v=0.2463
    OK ch=1 v=0.2537
    OK ch=3 v=0.2595
    OK ch=5 v=0.2966
    OK ch=7 v=0.2352
    OK ch=1 v=0.2768
    OK ch=3 v=0.2695
    OK ch=5 v=0.2971
    OK ch=1 v=0.2730
    OK ch=3 v=0.2632
    OK ch=5 v=0.2985
    OK ch=1 v=0.2549
    OK ch=3 v=0.2597
    OK ch=5 v=0.2996
    OK ch=7 v=0.2370
    OK ch=1 v=0.2357
    OK ch=3 v=0.2552
    OK ch=5 v=0.3021
    OK ch=7 v=0.2349
    OK ch=1 v=0.2374
    OK ch=3 v=0.2513
    OK ch=5 v=0.2998
    OK ch=7 v=0.2362
    OK ch=1 v=0.2521
    OK ch=7 v=0.2388
    OK ch=1 v=0.2629
    OK ch=3 v=0.2594
    OK ch=5 v=0.3005
    OK ch=7 v=0.2377
    OK ch=1 v=0.2175
    OK ch=3 v=0.2523
    OK ch=5 v=0.2991
    OK ch=1 v=0.2580
    OK ch=3 v=0.2559
    OK ch=5 v=0.2986
    OK ch=7 v=0.2351
    OK ch=1 v=0.2721
    OK ch=3 v=0.2620
    OK ch=1 v=0.2422
    OK ch=3 v=0.2577
    OK ch=5 v=0.2970
    OK ch=7 v=0.2373
    OK ch=1 v=0.2775
    OK ch=3 v=0.2605
    OK ch=5 v=0.2965
    OK ch=7 v=0.2367
    OK ch=1 v=0.2386
    OK ch=3 v=0.2528
    OK ch=5 v=0.2992
    OK ch=7 v=0.2341
    OK ch=1 v=0.2422
    OK ch=3 v=0.2574
    OK ch=5 v=0.2963
    OK ch=7 v=0.2379
    OK ch=1 v=0.2403
    OK ch=3 v=0.2558
    OK ch=5 v=0.2981
    OK ch=7 v=0.2368
    OK ch=1 v=0.2628
    OK ch=3 v=0.2583
    OK ch=5 v=0.2987
    OK ch=7 v=0.2353
    OK ch=1 v=0.2525
    OK ch=3 v=0.2560
    OK ch=5 v=0.2969
    OK ch=7 v=0.2365
    OK ch=1 v=0.2466
    OK ch=3 v=0.2571
    OK ch=5 v=0.2986
    OK ch=7 v=0.2355
    OK ch=1 v=0.2207
    OK ch=3 v=0.2527
    OK ch=5 v=0.2996
    OK ch=7 v=0.2403
    OK ch=1 v=0.2426
    OK ch=3 v=0.2593
    OK ch=5 v=0.2988
    OK ch=7 v=0.2362
    OK ch=1 v=0.2879
    OK ch=3 v=0.2633
    OK ch=5 v=0.2979
    OK ch=7 v=0.2354
    OK ch=1 v=0.2764
    OK ch=3 v=0.2640
    OK ch=5 v=0.2968
    OK ch=1 v=0.2597
    OK ch=3 v=0.2561
    OK ch=5 v=0.2998
    OK ch=1 v=0.2502
    OK ch=3 v=0.2541
    OK ch=5 v=0.3015
    OK ch=7 v=0.2347
    OK ch=1 v=0.2626
    OK ch=3 v=0.2580
    OK ch=5 v=0.3001
    OK ch=7 v=0.2362
    OK ch=1 v=0.2542
    OK ch=3 v=0.2559
    OK ch=5 v=0.3011
    OK ch=7 v=0.2354
    OK ch=1 v=0.2415
    OK ch=3 v=0.2546
    OK ch=5 v=0.3001
    OK ch=1 v=0.2353
    OK ch=5 v=0.2987
    OK ch=1 v=0.2521
    OK ch=3 v=0.2602
    OK ch=7 v=0.2384
    OK ch=1 v=0.2623
    OK ch=3 v=0.2575
    OK ch=5 v=0.2981
    OK ch=7 v=0.2351
    OK ch=1 v=0.2408
    OK ch=3 v=0.2520
    OK ch=5 v=0.2987
    OK ch=7 v=0.2359
    OK ch=1 v=0.2417
    OK ch=3 v=0.2563
    OK ch=7 v=0.2351
    OK ch=1 v=0.2625
    OK ch=3 v=0.2622
    OK ch=7 v=0.2341
    OK ch=1 v=0.2420
    OK ch=3 v=0.2551
    OK ch=5 v=0.2960
    OK ch=7 v=0.2369
    OK ch=1 v=0.2485
    OK ch=3 v=0.2529
    OK ch=5 v=0.2971
    OK ch=7 v=0.2375
    OK ch=1 v=0.2473
    OK ch=3 v=0.2564
    OK ch=5 v=0.2986
    OK ch=7 v=0.2349
[  105.4s] DAMPING     ch0:LOCK g=-0.0300 bp=-0.009V ratio=0.13  ch1:LOCK g=-0.0300 bp=-0.006V ratio=0.06  ch2:LOCK g=+0.0100 bp=-0.001V ratio=0.03  ch3:LOCK g=-0.0300 bp=-0.006V ratio=0.04
    OK ch=1 v=0.2801
    OK ch=3 v=0.2585
    OK ch=5 v=0.2996
    OK ch=7 v=0.2373
    OK ch=1 v=0.2326
    OK ch=5 v=0.2982
    OK ch=7 v=0.2363
    OK ch=1 v=0.2189
    OK ch=3 v=0.2521
    OK ch=7 v=0.2385
    OK ch=1 v=0.2581
    OK ch=3 v=0.2567
    OK ch=5 v=0.2976
    OK ch=1 v=0.2547
    OK ch=3 v=0.2628
    OK ch=5 v=0.2985
    OK ch=7 v=0.2367
    OK ch=1 v=0.2671
    OK ch=3 v=0.2601
    OK ch=5 v=0.2976
    OK ch=7 v=0.2407
    OK ch=1 v=0.2534
    OK ch=3 v=0.2560
    OK ch=7 v=0.2363
    OK ch=1 v=0.2705
    OK ch=3 v=0.2627
    OK ch=7 v=0.2354
    OK ch=1 v=0.2621
    OK ch=3 v=0.2615
    OK ch=7 v=0.2365
    OK ch=1 v=0.2362
    OK ch=3 v=0.2503
    OK ch=5 v=0.2989
    OK ch=7 v=0.2354
    OK ch=1 v=0.2510
    OK ch=3 v=0.2568
    OK ch=7 v=0.2343
    OK ch=1 v=0.2585
    OK ch=3 v=0.2592
    OK ch=5 v=0.2973
    OK ch=7 v=0.2358
    OK ch=1 v=0.2711
    OK ch=5 v=0.2988
    OK ch=7 v=0.2363
    OK ch=1 v=0.2376
    OK ch=3 v=0.2510
    OK ch=5 v=0.3004
    OK ch=1 v=0.2538
    OK ch=3 v=0.2566
    OK ch=7 v=0.2352
    OK ch=1 v=0.2329
    OK ch=3 v=0.2546
    OK ch=5 v=0.2983
    OK ch=7 v=0.2376
    OK ch=1 v=0.2527
    OK ch=3 v=0.2561
    OK ch=7 v=0.2366
    OK ch=1 v=0.2356
    OK ch=3 v=0.2531
    OK ch=5 v=0.2999
    OK ch=7 v=0.2351
    OK ch=1 v=0.2394
    OK ch=3 v=0.2620
    OK ch=7 v=0.2363
    OK ch=1 v=0.2353
    OK ch=3 v=0.2612
    OK ch=5 v=0.3017
    OK ch=7 v=0.2389
    OK ch=1 v=0.2314
    OK ch=3 v=0.2513
    OK ch=5 v=0.2981
    OK ch=7 v=0.2351
    OK ch=1 v=0.2805
    OK ch=3 v=0.2597
    OK ch=1 v=0.2558
    OK ch=3 v=0.2515
    OK ch=5 v=0.2996
    OK ch=7 v=0.2339
    OK ch=1 v=0.2685
    OK ch=3 v=0.2563
    OK ch=7 v=0.2356
    OK ch=1 v=0.2589
    OK ch=3 v=0.2575
    OK ch=5 v=0.2979
    OK ch=7 v=0.2362
    OK ch=1 v=0.2557
    OK ch=3 v=0.2588
    OK ch=5 v=0.2990
    OK ch=1 v=0.2451
    OK ch=5 v=0.2997
    OK ch=7 v=0.2353
    OK ch=1 v=0.2631
    OK ch=3 v=0.2688
    OK ch=5 v=0.2982
    OK ch=1 v=0.2390
    OK ch=3 v=0.2549
    OK ch=7 v=0.2369
    OK ch=1 v=0.2589
    OK ch=3 v=0.2566
    OK ch=7 v=0.2383
    OK ch=1 v=0.2445
    OK ch=3 v=0.2522
    OK ch=5 v=0.2974
    OK ch=1 v=0.2628
    OK ch=3 v=0.2535
    OK ch=7 v=0.2364
    OK ch=1 v=0.2434
    OK ch=7 v=0.2347
    OK ch=1 v=0.2598
    OK ch=3 v=0.2594
    OK ch=7 v=0.2383
    OK ch=1 v=0.2263
    OK ch=3 v=0.2557
    OK ch=7 v=0.2376
    OK ch=1 v=0.2349
    OK ch=5 v=0.2995
    OK ch=7 v=0.2358
    OK ch=1 v=0.2239
    OK ch=3 v=0.2497
    OK ch=1 v=0.2388
    OK ch=3 v=0.2534
    OK ch=5 v=0.2983
    OK ch=1 v=0.2688
    OK ch=3 v=0.2595
    OK ch=5 v=0.2969
    OK ch=7 v=0.2370
    OK ch=1 v=0.2747
    OK ch=3 v=0.2556
    OK ch=7 v=0.2347
    OK ch=1 v=0.2839
    OK ch=3 v=0.2614
    OK ch=5 v=0.2985
    OK ch=7 v=0.2383
    OK ch=1 v=0.2485
    OK ch=3 v=0.2625
    OK ch=5 v=0.3002
    OK ch=7 v=0.2362
    OK ch=3 v=0.2608
    OK ch=5 v=0.2992
    OK ch=7 v=0.2381
    OK ch=1 v=0.2355
    OK ch=3 v=0.2568
    OK ch=5 v=0.2969
    OK ch=7 v=0.2367
    OK ch=1 v=0.2308
    OK ch=3 v=0.2500
    OK ch=5 v=0.2989
    OK ch=7 v=0.2362
    OK ch=1 v=0.2457
    OK ch=3 v=0.2524
    OK ch=5 v=0.2979
    OK ch=7 v=0.2372
    OK ch=1 v=0.2487
    OK ch=3 v=0.2604
    OK ch=5 v=0.2974
    OK ch=1 v=0.2636
    OK ch=3 v=0.2598
    OK ch=5 v=0.2984
    OK ch=7 v=0.2343
    OK ch=1 v=0.2710
    OK ch=3 v=0.2610
    OK ch=5 v=0.2999
    OK ch=7 v=0.2355
    OK ch=1 v=0.2431
    OK ch=3 v=0.2551
    OK ch=5 v=0.2990
    OK ch=7 v=0.2325
    OK ch=1 v=0.2547
    OK ch=5 v=0.2999
    OK ch=7 v=0.2345
    OK ch=1 v=0.2498
    OK ch=3 v=0.2600
    OK ch=5 v=0.2989
    OK ch=7 v=0.2367
    OK ch=1 v=0.2376
    OK ch=3 v=0.2544
    OK ch=5 v=0.3017
    OK ch=1 v=0.2642
    OK ch=5 v=0.3005
    OK ch=1 v=0.2426
    OK ch=3 v=0.2534
    OK ch=5 v=0.3010
    OK ch=7 v=0.2381
    OK ch=1 v=0.2595
    OK ch=3 v=0.2616
    OK ch=5 v=0.2982
    OK ch=1 v=0.2583
    OK ch=3 v=0.2644
    OK ch=7 v=0.2374
    OK ch=1 v=0.2356
    OK ch=3 v=0.2595
    OK ch=1 v=0.2554
    OK ch=3 v=0.2577
    OK ch=7 v=0.2331
    OK ch=1 v=0.2575
    OK ch=3 v=0.2543
    OK ch=7 v=0.2363
    OK ch=1 v=0.2836
    OK ch=3 v=0.2578
    OK ch=7 v=0.2371
    OK ch=1 v=0.2209
    OK ch=3 v=0.2488
    OK ch=1 v=0.2169
    OK ch=3 v=0.2520
    OK ch=5 v=0.2973
    OK ch=1 v=0.2450
    OK ch=3 v=0.2559
    OK ch=5 v=0.2983
    OK ch=7 v=0.2378
    OK ch=1 v=0.2635
    OK ch=3 v=0.2643
    OK ch=5 v=0.2962
    OK ch=7 v=0.2351
    OK ch=1 v=0.2315
    OK ch=3 v=0.2561
    OK ch=5 v=0.2970
    OK ch=1 v=0.2583
    OK ch=3 v=0.2573
    OK ch=5 v=0.2978
    OK ch=7 v=0.2390
    OK ch=1 v=0.2624
    OK ch=3 v=0.2597
    OK ch=7 v=0.2377
    OK ch=1 v=0.2556
    OK ch=3 v=0.2546
    OK ch=7 v=0.2347
    OK ch=1 v=0.2479
    OK ch=3 v=0.2527
    OK ch=5 v=0.2999
    OK ch=7 v=0.2367
    OK ch=1 v=0.2439
    OK ch=3 v=0.2550
    OK ch=5 v=0.3013
    OK ch=1 v=0.2644
    OK ch=3 v=0.2584
    OK ch=5 v=0.3020
    OK ch=7 v=0.2356
    OK ch=1 v=0.2429
    OK ch=3 v=0.2600
    OK ch=5 v=0.3008
    OK ch=1 v=0.2521
    OK ch=3 v=0.2630
    OK ch=5 v=0.2990
    OK ch=7 v=0.2369
    OK ch=1 v=0.2715
    OK ch=3 v=0.2579
    OK ch=7 v=0.2346
    OK ch=1 v=0.2695
    OK ch=3 v=0.2590
    OK ch=7 v=0.2359
    OK ch=1 v=0.2373
    OK ch=3 v=0.2514
    OK ch=5 v=0.3005
    OK ch=1 v=0.2241
    OK ch=5 v=0.2988
    OK ch=7 v=0.2364
    OK ch=1 v=0.2462
    OK ch=3 v=0.2573
    OK ch=5 v=0.2962
    OK ch=7 v=0.2353
    OK ch=1 v=0.2445
    OK ch=3 v=0.2507
    OK ch=1 v=0.2560
    OK ch=3 v=0.2611
    OK ch=5 v=0.2983
    OK ch=7 v=0.2390
    OK ch=1 v=0.2740
    OK ch=3 v=0.2602
    OK ch=7 v=0.2348
    OK ch=1 v=0.2653
    OK ch=3 v=0.2580
    OK ch=5 v=0.2974
    OK ch=7 v=0.2368
    OK ch=1 v=0.2275
    OK ch=3 v=0.2490
    OK ch=5 v=0.2985
    OK ch=7 v=0.2349
    OK ch=1 v=0.2267
    OK ch=3 v=0.2562
    OK ch=7 v=0.2385
    OK ch=1 v=0.2613
    OK ch=3 v=0.2604
    OK ch=5 v=0.2970
    OK ch=1 v=0.2750
    OK ch=3 v=0.2594
    OK ch=5 v=0.2986
    OK ch=7 v=0.2356
    OK ch=1 v=0.2701
    OK ch=3 v=0.2608
    OK ch=5 v=0.2997
    OK ch=7 v=0.2362
    OK ch=1 v=0.2435
    OK ch=3 v=0.2585
    OK ch=7 v=0.2387
    OK ch=1 v=0.2322
    OK ch=3 v=0.2516
    OK ch=5 v=0.2984
    OK ch=7 v=0.2372
    OK ch=1 v=0.2238
    OK ch=3 v=0.2555
    OK ch=5 v=0.2968
    OK ch=7 v=0.2364
    OK ch=1 v=0.2528
    OK ch=1 v=0.2802
    OK ch=3 v=0.2619
    OK ch=5 v=0.2980
    OK ch=1 v=0.2741
    OK ch=1 v=0.2616
    OK ch=3 v=0.2604
    OK ch=1 v=0.2543
    OK ch=3 v=0.2554
    OK ch=5 v=0.2985
    OK ch=7 v=0.2349
    OK ch=1 v=0.2552
    OK ch=3 v=0.2612
    OK ch=7 v=0.2362
    OK ch=1 v=0.2671
    OK ch=3 v=0.2621
    OK ch=7 v=0.2340
    OK ch=1 v=0.2517
    OK ch=3 v=0.2559
    OK ch=5 v=0.3004
    OK ch=7 v=0.2318
    OK ch=1 v=0.2661
    OK ch=3 v=0.2616
    OK ch=7 v=0.2353
    OK ch=1 v=0.2558
    OK ch=3 v=0.2589
    OK ch=7 v=0.2364
    OK ch=1 v=0.2681
    OK ch=5 v=0.2996
    OK ch=7 v=0.2391
    OK ch=1 v=0.2335
    OK ch=3 v=0.2519
    OK ch=5 v=0.2989
    OK ch=3 v=0.2538
    OK ch=5 v=0.3005
    OK ch=7 v=0.2359
    OK ch=1 v=0.2407
    OK ch=7 v=0.2352
    OK ch=1 v=0.2315
    OK ch=3 v=0.2498
    OK ch=5 v=0.2990
    OK ch=1 v=0.2392
    OK ch=3 v=0.2565
    OK ch=5 v=0.2984
    OK ch=1 v=0.2652
    OK ch=3 v=0.2619
    OK ch=5 v=0.2995
    OK ch=7 v=0.2359
    OK ch=1 v=0.2629
    OK ch=3 v=0.2567
    OK ch=5 v=0.2981
    OK ch=7 v=0.2350
    OK ch=1 v=0.2385
    OK ch=3 v=0.2524
    OK ch=5 v=0.2992
    OK ch=1 v=0.2577
    OK ch=3 v=0.2600
    OK ch=5 v=0.2986
    OK ch=7 v=0.2394
    OK ch=1 v=0.2451
    OK ch=3 v=0.2539
    OK ch=7 v=0.2358
    OK ch=1 v=0.2363
    OK ch=3 v=0.2514
    OK ch=5 v=0.2978
    OK ch=7 v=0.2365
    OK ch=1 v=0.2631
    OK ch=3 v=0.2681
    OK ch=5 v=0.2986
    OK ch=1 v=0.2500
    OK ch=3 v=0.2577
    OK ch=5 v=0.2975
    OK ch=7 v=0.2402
    OK ch=1 v=0.2612
    OK ch=3 v=0.2606
    OK ch=7 v=0.2385
    OK ch=1 v=0.2798
    OK ch=3 v=0.2577
    OK ch=5 v=0.2982
    OK ch=7 v=0.2363
    OK ch=1 v=0.2504
    OK ch=3 v=0.2519
    OK ch=7 v=0.2322
    OK ch=1 v=0.2458
    OK ch=3 v=0.2535
    OK ch=5 v=0.2970
    OK ch=7 v=0.2374
    OK ch=1 v=0.2496
    OK ch=5 v=0.2982
    OK ch=1 v=0.2505
    OK ch=3 v=0.2570
    OK ch=5 v=0.2992
    OK ch=7 v=0.2356
    OK ch=1 v=0.2241
    OK ch=3 v=0.2605
    OK ch=7 v=0.2366
    OK ch=1 v=0.2315
    OK ch=3 v=0.2554
    OK ch=5 v=0.2980
    OK ch=1 v=0.2322
    OK ch=3 v=0.2498
    OK ch=5 v=0.2968
    OK ch=1 v=0.2527
    OK ch=3 v=0.2552
    OK ch=5 v=0.2977
    OK ch=7 v=0.2353
    OK ch=1 v=0.2664
    OK ch=3 v=0.2632
    OK ch=5 v=0.2984
    OK ch=7 v=0.2365
    OK ch=1 v=0.2594
    OK ch=3 v=0.2602
    OK ch=5 v=0.2999
    OK ch=7 v=0.2355
    OK ch=1 v=0.2615
    OK ch=3 v=0.2550
    OK ch=5 v=0.2991
    OK ch=7 v=0.2367
    OK ch=1 v=0.2489
    OK ch=5 v=0.3000
    OK ch=1 v=0.2528
    OK ch=3 v=0.2620
    OK ch=7 v=0.2333
    OK ch=1 v=0.2359
    OK ch=3 v=0.2539
    OK ch=5 v=0.3013
    OK ch=7 v=0.2363
    OK ch=1 v=0.2316
    OK ch=3 v=0.2588
    OK ch=5 v=0.2998
    OK ch=7 v=0.2383
    OK ch=1 v=0.2698
    OK ch=3 v=0.2556
    OK ch=5 v=0.2977
    OK ch=7 v=0.2367
    OK ch=1 v=0.2590
    OK ch=3 v=0.2579
    OK ch=5 v=0.2988
    OK ch=7 v=0.2351
    OK ch=1 v=0.2740
    OK ch=5 v=0.2976
    OK ch=7 v=0.2364
    OK ch=1 v=0.2691
    OK ch=5 v=0.2990
    OK ch=7 v=0.2354
[  110.4s] DAMPING     ch0:LOCK g=-0.0300 bp=+0.043V ratio=0.13  ch1:LOCK g=-0.0300 bp=+0.001V ratio=0.06  ch2:LOCK g=+0.0100 bp=-0.005V ratio=0.02  ch3:LOCK g=-0.0300 bp=-0.001V ratio=0.03
    OK ch=1 v=0.2600
    OK ch=3 v=0.2611
    OK ch=5 v=0.2979
    OK ch=7 v=0.2366
    OK ch=1 v=0.2340
    OK ch=3 v=0.2545
    OK ch=5 v=0.2992
    OK ch=7 v=0.2380
    OK ch=1 v=0.2395
    OK ch=5 v=0.2985
    OK ch=7 v=0.2353
    OK ch=1 v=0.2616
    OK ch=3 v=0.2597
    OK ch=1 v=0.2485
    OK ch=5 v=0.2971
    OK ch=1 v=0.2295
    OK ch=3 v=0.2542
    OK ch=7 v=0.2378
    OK ch=1 v=0.2413
    OK ch=3 v=0.2554
    OK ch=5 v=0.2982
    OK ch=7 v=0.2396
    OK ch=1 v=0.2353
    OK ch=3 v=0.2516
    OK ch=7 v=0.2353
    OK ch=1 v=0.2668
    OK ch=3 v=0.2610
    OK ch=5 v=0.2976
    OK ch=7 v=0.2372
    OK ch=1 v=0.2703
    OK ch=3 v=0.2627
    OK ch=7 v=0.2349
    OK ch=1 v=0.2532
    OK ch=3 v=0.2589
    OK ch=5 v=0.2985
    OK ch=7 v=0.2361
    OK ch=1 v=0.2586
    OK ch=3 v=0.2629
    OK ch=7 v=0.2376
    OK ch=1 v=0.2692
    OK ch=3 v=0.2594
    OK ch=1 v=0.2538
    OK ch=3 v=0.2544
    OK ch=7 v=0.2349
    OK ch=1 v=0.2471
    OK ch=3 v=0.2520
    OK ch=5 v=0.2996
    OK ch=7 v=0.2355
    OK ch=1 v=0.2731
    OK ch=3 v=0.2543
    OK ch=5 v=0.3007
    OK ch=7 v=0.2336
    OK ch=1 v=0.2425
    OK ch=3 v=0.2603
    OK ch=5 v=0.3000
    OK ch=7 v=0.2366
    OK ch=1 v=0.2066
    OK ch=3 v=0.2497
    OK ch=5 v=0.2980
    OK ch=7 v=0.2382
    OK ch=1 v=0.2290
    OK ch=3 v=0.2504
    OK ch=5 v=0.2997
    OK ch=7 v=0.2344
    OK ch=1 v=0.2559
    OK ch=3 v=0.2566
    OK ch=5 v=0.2982
    OK ch=7 v=0.2355
    OK ch=1 v=0.2472
    OK ch=3 v=0.2581
    OK ch=7 v=0.2349
    OK ch=1 v=0.2629
    OK ch=3 v=0.2606
    OK ch=7 v=0.2365
    OK ch=1 v=0.2385
    OK ch=3 v=0.2590
    OK ch=1 v=0.2747
    OK ch=3 v=0.2606
    OK ch=7 v=0.2357
    OK ch=1 v=0.2808
    OK ch=3 v=0.2638
    OK ch=5 v=0.3005
    OK ch=1 v=0.2575
    OK ch=3 v=0.2555
    OK ch=1 v=0.2342
    OK ch=3 v=0.2536
    OK ch=5 v=0.2994
    OK ch=7 v=0.2371
    OK ch=1 v=0.2430
    OK ch=3 v=0.2529
    OK ch=5 v=0.2999
    OK ch=7 v=0.2385
    OK ch=1 v=0.2638
    OK ch=3 v=0.2601
    OK ch=5 v=0.3007
    OK ch=7 v=0.2368
    OK ch=1 v=0.2525
    OK ch=3 v=0.2556
    OK ch=5 v=0.2986
    OK ch=7 v=0.2386
    OK ch=1 v=0.2613
    OK ch=3 v=0.2681
    OK ch=7 v=0.2369
    OK ch=1 v=0.2324
    OK ch=3 v=0.2565
    OK ch=7 v=0.2375
    OK ch=1 v=0.2145
    OK ch=3 v=0.2451
    OK ch=7 v=0.2349
    OK ch=1 v=0.2382
    OK ch=3 v=0.2502
    OK ch=5 v=0.2965
    OK ch=1 v=0.2353
    OK ch=3 v=0.2486
    OK ch=5 v=0.2954
    OK ch=7 v=0.2325
    OK ch=1 v=0.2599
    OK ch=3 v=0.2550
    OK ch=5 v=0.2946
    OK ch=7 v=0.2369
    OK ch=1 v=0.2656
    OK ch=3 v=0.2584
    OK ch=5 v=0.2963
    OK ch=7 v=0.2375
    OK ch=1 v=0.2735
    OK ch=3 v=0.2599
    OK ch=5 v=0.2971
    OK ch=7 v=0.2349
    OK ch=1 v=0.2572
    OK ch=3 v=0.2662
    OK ch=5 v=0.2987
    OK ch=7 v=0.2373
    OK ch=1 v=0.2671
    OK ch=3 v=0.2618
    OK ch=7 v=0.2385
    OK ch=1 v=0.2451
    OK ch=3 v=0.2582
    OK ch=5 v=0.2999
    OK ch=7 v=0.2370
    OK ch=1 v=0.2529
    OK ch=3 v=0.2555
    OK ch=5 v=0.3004
    OK ch=7 v=0.2340
    OK ch=1 v=0.2347
    OK ch=3 v=0.2496
    OK ch=7 v=0.2377
    OK ch=1 v=0.2491
    OK ch=3 v=0.2554
    OK ch=5 v=0.2984
    OK ch=3 v=0.2597
    OK ch=7 v=0.2364
    OK ch=3 v=0.2591
    OK ch=5 v=0.2999
    OK ch=1 v=0.2304
    OK ch=3 v=0.2516
    OK ch=7 v=0.2358
    OK ch=1 v=0.2425
    OK ch=3 v=0.2539
    OK ch=5 v=0.2989
    OK ch=1 v=0.2615
    OK ch=3 v=0.2590
    OK ch=5 v=0.2971
    OK ch=1 v=0.2746
    OK ch=3 v=0.2562
    OK ch=5 v=0.2977
    OK ch=1 v=0.2488
    OK ch=3 v=0.2582
    OK ch=7 v=0.2337
    OK ch=1 v=0.2272
    OK ch=3 v=0.2548
    OK ch=5 v=0.3003
    OK ch=1 v=0.2308
    OK ch=7 v=0.2346
    OK ch=1 v=0.2572
    OK ch=3 v=0.2586
    OK ch=5 v=0.2992
    OK ch=7 v=0.2375
    OK ch=1 v=0.2720
    OK ch=3 v=0.2628
    OK ch=7 v=0.2381
    OK ch=1 v=0.2529
    OK ch=3 v=0.2570
    OK ch=1 v=0.2328
    OK ch=3 v=0.2533
    OK ch=5 v=0.3007
    OK ch=7 v=0.2361
    OK ch=1 v=0.2355
    OK ch=3 v=0.2546
    OK ch=5 v=0.2982
    OK ch=1 v=0.2471
    OK ch=5 v=0.2992
    OK ch=1 v=0.2792
    OK ch=3 v=0.2584
    OK ch=5 v=0.2999
    OK ch=7 v=0.2371
    OK ch=1 v=0.2523
    OK ch=5 v=0.2989
    OK ch=1 v=0.2754
    OK ch=3 v=0.2627
    OK ch=1 v=0.2347
    OK ch=3 v=0.2539
    OK ch=7 v=0.2380
    OK ch=1 v=0.2536
    OK ch=3 v=0.2586
    OK ch=7 v=0.2367
    OK ch=1 v=0.2290
    OK ch=3 v=0.2569
    OK ch=5 v=0.2979
    OK ch=7 v=0.2374
    OK ch=1 v=0.2404
    OK ch=3 v=0.2542
    OK ch=5 v=0.2968
    OK ch=7 v=0.2360
    OK ch=1 v=0.2852
    OK ch=3 v=0.2629
    OK ch=5 v=0.2961
    OK ch=1 v=0.2718
    OK ch=3 v=0.2591
    OK ch=1 v=0.2418
    OK ch=3 v=0.2554
    OK ch=5 v=0.2970
    OK ch=3 v=0.2533
    OK ch=5 v=0.2981
    OK ch=7 v=0.2349
    OK ch=1 v=0.2504
    OK ch=3 v=0.2525
    OK ch=5 v=0.2986
    OK ch=7 v=0.2338
    OK ch=1 v=0.2595
    OK ch=3 v=0.2586
    OK ch=5 v=0.2995
    OK ch=7 v=0.2368
    OK ch=1 v=0.2346
    OK ch=3 v=0.2546
    OK ch=5 v=0.2988
    OK ch=7 v=0.2361
    OK ch=1 v=0.2518
    OK ch=3 v=0.2582
    OK ch=5 v=0.2999
    OK ch=7 v=0.2384
    OK ch=1 v=0.2769
    OK ch=3 v=0.2620
    OK ch=7 v=0.2357
    OK ch=1 v=0.2444
    OK ch=3 v=0.2565
    OK ch=5 v=0.3005
    OK ch=7 v=0.2378
    OK ch=1 v=0.2140
    OK ch=3 v=0.2634
    OK ch=7 v=0.2366
    OK ch=1 v=0.2461
    OK ch=3 v=0.2568
    OK ch=5 v=0.2985
    OK ch=1 v=0.2802
    OK ch=3 v=0.2538
    OK ch=5 v=0.2980
    OK ch=1 v=0.2704
    OK ch=3 v=0.2562
    OK ch=5 v=0.2973
    OK ch=7 v=0.2349
    OK ch=1 v=0.2295
    OK ch=3 v=0.2465
    OK ch=5 v=0.2989
    OK ch=1 v=0.2504
    OK ch=3 v=0.2560
    OK ch=5 v=0.3004
    OK ch=7 v=0.2355
    OK ch=1 v=0.2642
    OK ch=3 v=0.2554
    OK ch=5 v=0.2993
    OK ch=7 v=0.2371
    OK ch=1 v=0.2389
    OK ch=3 v=0.2595
    OK ch=5 v=0.2982
    OK ch=7 v=0.2336
    OK ch=1 v=0.2442
    OK ch=3 v=0.2607
    OK ch=7 v=0.2374
    OK ch=1 v=0.2366
    OK ch=3 v=0.2516
    OK ch=5 v=0.2976
    OK ch=7 v=0.2367
    OK ch=1 v=0.2729
    OK ch=3 v=0.2595
    OK ch=7 v=0.2376
    OK ch=1 v=0.2592
    OK ch=3 v=0.2579
    OK ch=7 v=0.2362
    OK ch=1 v=0.2738
    OK ch=3 v=0.2632
    OK ch=7 v=0.2383
    OK ch=1 v=0.2551
    OK ch=3 v=0.2615
    OK ch=5 v=0.2983
    OK ch=7 v=0.2370
    OK ch=1 v=0.2110
    OK ch=3 v=0.2489
    OK ch=5 v=0.2994
    OK ch=7 v=0.2376
    OK ch=1 v=0.2597
    OK ch=3 v=0.2574
    OK ch=5 v=0.2987
    OK ch=1 v=0.2705
    OK ch=3 v=0.2625
    OK ch=5 v=0.2979
    OK ch=7 v=0.2368
    OK ch=1 v=0.2662
    OK ch=3 v=0.2594
    OK ch=5 v=0.2987
    OK ch=7 v=0.2353
    OK ch=1 v=0.2432
    OK ch=3 v=0.2555
    OK ch=5 v=0.2975
    OK ch=1 v=0.2216
    OK ch=3 v=0.2575
    OK ch=5 v=0.2990
    OK ch=7 v=0.2367
    OK ch=1 v=0.2490
    OK ch=3 v=0.2542
    OK ch=5 v=0.2980
    OK ch=7 v=0.2346
    OK ch=1 v=0.2703
    OK ch=3 v=0.2569
    OK ch=7 v=0.2360
    OK ch=3 v=0.2622
    OK ch=5 v=0.2989
    OK ch=1 v=0.2309
    OK ch=3 v=0.2557
    OK ch=5 v=0.3004
    OK ch=7 v=0.2353
    OK ch=1 v=0.2452
    OK ch=3 v=0.2594
    OK ch=5 v=0.2995
    OK ch=1 v=0.2543
    OK ch=3 v=0.2570
    OK ch=1 v=0.2429
    OK ch=3 v=0.2504
    OK ch=5 v=0.3001
    OK ch=7 v=0.2370
    OK ch=1 v=0.2525
    OK ch=3 v=0.2540
    OK ch=5 v=0.2992
    OK ch=1 v=0.2457
    OK ch=3 v=0.2580
    OK ch=5 v=0.2981
    OK ch=7 v=0.2383
    OK ch=1 v=0.2553
    OK ch=3 v=0.2563
    OK ch=5 v=0.3011
    OK ch=7 v=0.2343
    OK ch=1 v=0.2301
    OK ch=3 v=0.2470
    OK ch=5 v=0.2993
    OK ch=7 v=0.2355
    OK ch=1 v=0.2577
    OK ch=3 v=0.2630
    OK ch=7 v=0.2372
    OK ch=1 v=0.2459
    OK ch=3 v=0.2620
    OK ch=7 v=0.2361
    OK ch=1 v=0.2484
    OK ch=3 v=0.2581
    OK ch=5 v=0.2980
    OK ch=7 v=0.2371
    OK ch=1 v=0.2632
    OK ch=3 v=0.2590
    OK ch=1 v=0.2592
    OK ch=3 v=0.2553
    OK ch=5 v=0.2975
    OK ch=7 v=0.2346
    OK ch=1 v=0.2423
    OK ch=3 v=0.2510
    OK ch=5 v=0.2990
    OK ch=7 v=0.2366
    OK ch=1 v=0.2399
    OK ch=3 v=0.2617
    OK ch=5 v=0.2998
    OK ch=7 v=0.2346
    OK ch=1 v=0.2636
    OK ch=3 v=0.2562
    OK ch=5 v=0.2982
    OK ch=7 v=0.2372
    OK ch=1 v=0.2568
    OK ch=3 v=0.2555
    OK ch=5 v=0.2975
    OK ch=7 v=0.2385
    OK ch=1 v=0.2697
    OK ch=3 v=0.2594
    OK ch=5 v=0.2966
    OK ch=7 v=0.2356
    OK ch=1 v=0.2315
    OK ch=3 v=0.2511
    OK ch=5 v=0.2986
    OK ch=7 v=0.2365
    OK ch=1 v=0.2719
    OK ch=3 v=0.2575
    OK ch=5 v=0.2978
    OK ch=7 v=0.2354
    OK ch=1 v=0.2443
    OK ch=1 v=0.2266
    OK ch=7 v=0.2366
    OK ch=1 v=0.2201
    OK ch=3 v=0.2540
    OK ch=5 v=0.2963
    OK ch=7 v=0.2384
    OK ch=1 v=0.2673
    OK ch=3 v=0.2620
    OK ch=1 v=0.2530
    OK ch=3 v=0.2578
    OK ch=5 v=0.2969
    OK ch=7 v=0.2355
    OK ch=1 v=0.2523
    OK ch=3 v=0.2630
    OK ch=7 v=0.2383
    OK ch=1 v=0.2303
    OK ch=3 v=0.2515
    OK ch=5 v=0.2980
    OK ch=7 v=0.2346
    OK ch=1 v=0.2672
    OK ch=3 v=0.2610
    OK ch=5 v=0.2993
    OK ch=7 v=0.2354
    OK ch=1 v=0.2317
    OK ch=3 v=0.2520
    OK ch=5 v=0.3006
    OK ch=1 v=0.2556
    OK ch=3 v=0.2528
    OK ch=7 v=0.2337
    OK ch=1 v=0.2452
    OK ch=3 v=0.2566
    OK ch=7 v=0.2374
    OK ch=1 v=0.2577
    OK ch=7 v=0.2345
    OK ch=1 v=0.2598
    OK ch=3 v=0.2578
    OK ch=5 v=0.2999
    OK ch=7 v=0.2364
    OK ch=1 v=0.2461
    OK ch=7 v=0.2383
    OK ch=1 v=0.2480
    OK ch=3 v=0.2568
    OK ch=5 v=0.2994
    OK ch=7 v=0.2360
    OK ch=1 v=0.2176
    OK ch=3 v=0.2611
    OK ch=5 v=0.3004
    OK ch=1 v=0.2492
    OK ch=3 v=0.2536
    OK ch=5 v=0.2999
    OK ch=7 v=0.2352
[  115.4s] DAMPING     ch0:LOCK g=-0.0300 bp=-0.055V ratio=0.12  ch1:LOCK g=-0.0300 bp=-0.002V ratio=0.05  ch2:LOCK g=+0.0100 bp=-0.015V ratio=0.04  ch3:LOCK g=-0.0300 bp=-0.001V ratio=0.02
    OK ch=1 v=0.2599
    OK ch=3 v=0.2576
    OK ch=5 v=0.2991
    OK ch=1 v=0.2710
    OK ch=3 v=0.2522
    OK ch=5 v=0.2973
    OK ch=1 v=0.2695
    OK ch=3 v=0.2583
    OK ch=5 v=0.2979
    OK ch=7 v=0.2371
    OK ch=1 v=0.2664
    OK ch=3 v=0.2534
    OK ch=5 v=0.2995
    OK ch=7 v=0.2361
    OK ch=1 v=0.2495
    OK ch=3 v=0.2608
    OK ch=5 v=0.2988
    OK ch=1 v=0.2524
    OK ch=7 v=0.2372
    OK ch=1 v=0.2632
    OK ch=3 v=0.2583
    OK ch=7 v=0.2363
    OK ch=1 v=0.2649
    OK ch=3 v=0.2603
    OK ch=7 v=0.2383
    OK ch=1 v=0.2288
    OK ch=3 v=0.2527
    OK ch=5 v=0.2998
    OK ch=7 v=0.2371
    OK ch=1 v=0.2566
    OK ch=5 v=0.2983
    OK ch=7 v=0.2376
    OK ch=1 v=0.2626
    OK ch=3 v=0.2595
    OK ch=5 v=0.2968
    OK ch=7 v=0.2385
    OK ch=1 v=0.2608
    OK ch=3 v=0.2616
    OK ch=7 v=0.2355
    OK ch=1 v=0.2273
    OK ch=3 v=0.2511
    OK ch=1 v=0.2198
    OK ch=7 v=0.2341
    OK ch=1 v=0.2322
    OK ch=3 v=0.2583
    OK ch=5 v=0.2963
    OK ch=1 v=0.2306
    OK ch=3 v=0.2557
    OK ch=7 v=0.2372
    OK ch=1 v=0.2765
    OK ch=3 v=0.2651
    OK ch=5 v=0.2954
    OK ch=7 v=0.2365
    OK ch=1 v=0.2796
    OK ch=3 v=0.2632
    OK ch=5 v=0.2967
    OK ch=7 v=0.2374
    OK ch=1 v=0.2721
    OK ch=3 v=0.2558
    OK ch=5 v=0.2985
    OK ch=7 v=0.2360
    OK ch=1 v=0.2475
    OK ch=3 v=0.2535
    OK ch=5 v=0.2997
    OK ch=7 v=0.2370
    OK ch=1 v=0.2308
    OK ch=3 v=0.2508
    OK ch=5 v=0.3014
    OK ch=1 v=0.2522
    OK ch=3 v=0.2592
    OK ch=5 v=0.3002
    OK ch=7 v=0.2355
    OK ch=1 v=0.2629
    OK ch=3 v=0.2606
    OK ch=7 v=0.2331
    OK ch=1 v=0.2543
    OK ch=7 v=0.2371
    OK ch=1 v=0.2353
    OK ch=3 v=0.2547
    OK ch=7 v=0.2380
    OK ch=1 v=0.2286
    OK ch=3 v=0.2480
    OK ch=5 v=0.2995
    OK ch=7 v=0.2355
    OK ch=1 v=0.2526
    OK ch=3 v=0.2543
    OK ch=5 v=0.2989
    OK ch=7 v=0.2375
    OK ch=1 v=0.2545
    OK ch=3 v=0.2566
    OK ch=7 v=0.2340
    OK ch=1 v=0.2433
    OK ch=3 v=0.2537
    OK ch=5 v=0.2977
    OK ch=7 v=0.2352
    OK ch=1 v=0.2635
    OK ch=3 v=0.2602
    OK ch=5 v=0.2984
    OK ch=7 v=0.2359
    OK ch=1 v=0.2455
    OK ch=3 v=0.2581
    OK ch=5 v=0.3005
    OK ch=7 v=0.2351
    OK ch=1 v=0.2477
    OK ch=7 v=0.2343
    OK ch=1 v=0.2548
    OK ch=3 v=0.2548
    OK ch=5 v=0.2989
    OK ch=7 v=0.2370
    OK ch=1 v=0.2583
    OK ch=3 v=0.2602
    OK ch=7 v=0.2377
    OK ch=1 v=0.2545
    OK ch=3 v=0.2579
    OK ch=5 v=0.2995
    OK ch=7 v=0.2351
    OK ch=1 v=0.2615
    OK ch=3 v=0.2628
    OK ch=7 v=0.2397
    OK ch=1 v=0.2455
    OK ch=3 v=0.2584
    OK ch=5 v=0.2983
    OK ch=7 v=0.2372
    OK ch=1 v=0.2502
    OK ch=3 v=0.2567
    OK ch=5 v=0.2975
    OK ch=7 v=0.2363
    OK ch=1 v=0.2455
    OK ch=3 v=0.2540
    OK ch=1 v=0.2563
    OK ch=3 v=0.2587
    OK ch=5 v=0.2969
    OK ch=1 v=0.2358
    OK ch=3 v=0.2574
    OK ch=5 v=0.2980
    OK ch=7 v=0.2385
    OK ch=1 v=0.2329
    OK ch=3 v=0.2534
    OK ch=5 v=0.2967
    OK ch=7 v=0.2360
    OK ch=1 v=0.2754
    OK ch=3 v=0.2574
    OK ch=5 v=0.2961
    OK ch=7 v=0.2344
    OK ch=1 v=0.2388
    OK ch=3 v=0.2534
    OK ch=5 v=0.2978
    OK ch=7 v=0.2371
    OK ch=1 v=0.2517
    OK ch=3 v=0.2552
    OK ch=5 v=0.2992
    OK ch=7 v=0.2362
    OK ch=1 v=0.2718
    OK ch=3 v=0.2574
    OK ch=1 v=0.2528
    OK ch=3 v=0.2614
    OK ch=5 v=0.2986
    OK ch=7 v=0.2384
    OK ch=1 v=0.2688
    OK ch=3 v=0.2635
    OK ch=5 v=0.2997
    OK ch=7 v=0.2373
    OK ch=1 v=0.2092
    OK ch=3 v=0.2533
    OK ch=7 v=0.2378
    OK ch=1 v=0.2499
    OK ch=3 v=0.2571
    OK ch=5 v=0.2990
    OK ch=7 v=0.2363
    OK ch=1 v=0.2784
    OK ch=1 v=0.2804
    OK ch=3 v=0.2608
    OK ch=5 v=0.2984
    OK ch=7 v=0.2348
    OK ch=1 v=0.2568
    OK ch=5 v=0.2997
    OK ch=7 v=0.2358
    OK ch=1 v=0.2479
    OK ch=3 v=0.2559
    OK ch=5 v=0.3008
    OK ch=7 v=0.2349
    OK ch=1 v=0.2092
    OK ch=3 v=0.2539
    OK ch=5 v=0.3001
    OK ch=7 v=0.2375
    OK ch=1 v=0.2743
    OK ch=3 v=0.2581
    OK ch=5 v=0.2974
    OK ch=7 v=0.2364
    OK ch=1 v=0.2341
    OK ch=3 v=0.2538
    OK ch=5 v=0.2986
    OK ch=7 v=0.2350
    OK ch=1 v=0.2644
    OK ch=3 v=0.2588
    OK ch=5 v=0.2969
    OK ch=1 v=0.2521
    OK ch=3 v=0.2521
    OK ch=5 v=0.2978
    OK ch=7 v=0.2368
    OK ch=1 v=0.2490

>>> KICK 2/3 REQUESTED at t=120.0s <<<

    OK ch=3 v=0.2594
    OK ch=7 v=0.2347
    OK ch=1 v=0.2421
    OK ch=3 v=0.2516
    OK ch=5 v=0.2994
    OK ch=7 v=0.2361
    OK ch=1 v=0.2534
    OK ch=3 v=0.2566
    OK ch=5 v=0.2988
    OK ch=7 v=0.2377
    OK ch=1 v=0.2619
    OK ch=3 v=0.2648
    OK ch=5 v=0.2980
    OK ch=7 v=0.2387
    OK ch=1 v=0.2689
    OK ch=3 v=0.2565
    OK ch=7 v=0.2368
    OK ch=1 v=0.2503
    OK ch=3 v=0.2610
    OK ch=5 v=0.2990
    OK ch=7 v=0.2351
    OK ch=1 v=0.2448
    OK ch=3 v=0.2674
    OK ch=7 v=0.2339
    OK ch=1 v=0.2428
    OK ch=3 v=0.2560
    OK ch=5 v=0.2983
    OK ch=7 v=0.2380
    OK ch=1 v=0.2626
    OK ch=3 v=0.2532
    OK ch=5 v=0.2976
    OK ch=7 v=0.2395
    OK ch=1 v=0.2272
    OK ch=3 v=0.2469
    OK ch=5 v=0.2985
    OK ch=7 v=0.2363
    OK ch=1 v=0.2456
    OK ch=3 v=0.2563
    OK ch=7 v=0.2356
    OK ch=1 v=0.2500
    OK ch=3 v=0.2501
    OK ch=7 v=0.2345
    OK ch=1 v=0.2720
    OK ch=3 v=0.2590
    OK ch=5 v=0.2977
    OK ch=1 v=0.2625
    OK ch=3 v=0.2597
    OK ch=5 v=0.2999
    OK ch=7 v=0.2352
    OK ch=1 v=0.2443
    OK ch=3 v=0.2544
    OK ch=5 v=0.2993
    OK ch=7 v=0.2369
    OK ch=1 v=0.2352
    OK ch=3 v=0.2556
    OK ch=5 v=0.3001
    OK ch=7 v=0.2359
    OK ch=1 v=0.2497
    OK ch=3 v=0.2541
    OK ch=7 v=0.2347
    OK ch=1 v=0.2522
    OK ch=3 v=0.2596
    OK ch=7 v=0.2361
    OK ch=1 v=0.2743
    OK ch=3 v=0.2652
    OK ch=7 v=0.2354
    OK ch=1 v=0.2689
    OK ch=3 v=0.2644
    OK ch=7 v=0.2367
    OK ch=1 v=0.2624
    OK ch=3 v=0.2633
    OK ch=5 v=0.2995
    OK ch=7 v=0.2382
    OK ch=1 v=0.2636
    OK ch=3 v=0.2591
    OK ch=5 v=0.2989
    OK ch=7 v=0.2367
    OK ch=1 v=0.2156
    OK ch=3 v=0.2458
    OK ch=5 v=0.2980
    OK ch=1 v=0.2124
    OK ch=3 v=0.2427
    OK ch=5 v=0.2993
    OK ch=1 v=0.2430
    OK ch=3 v=0.2531
    OK ch=5 v=0.2974
    OK ch=1 v=0.2334
    OK ch=1 v=0.2528
    OK ch=3 v=0.2557
    OK ch=5 v=0.2969
    OK ch=1 v=0.2885
    OK ch=3 v=0.2653
    OK ch=5 v=0.2958
    OK ch=7 v=0.2375
    OK ch=1 v=0.2799
    OK ch=3 v=0.2637
    OK ch=5 v=0.2968
    OK ch=1 v=0.2666
    OK ch=3 v=0.2569
    OK ch=1 v=0.2221
    OK ch=3 v=0.2505
    OK ch=5 v=0.2988
    OK ch=7 v=0.2391
    OK ch=1 v=0.2342
    OK ch=3 v=0.2575
    OK ch=5 v=0.2982
    OK ch=7 v=0.2376
    OK ch=1 v=0.2790
    OK ch=3 v=0.2657
    OK ch=7 v=0.2356
    OK ch=1 v=0.2614
    OK ch=3 v=0.2574
    OK ch=5 v=0.2974
    OK ch=1 v=0.2409
    OK ch=3 v=0.2553
    OK ch=1 v=0.2506
    OK ch=3 v=0.2609
    OK ch=5 v=0.2968
    OK ch=1 v=0.2443
    OK ch=3 v=0.2581
    OK ch=5 v=0.2980
    OK ch=7 v=0.2347
    OK ch=1 v=0.2649
    OK ch=3 v=0.2522
    OK ch=5 v=0.2993
    OK ch=7 v=0.2373
    OK ch=1 v=0.2755
    OK ch=5 v=0.2987
    OK ch=1 v=0.2429
    OK ch=3 v=0.2537
    OK ch=5 v=0.2999
    OK ch=7 v=0.2384
    OK ch=1 v=0.2376
    OK ch=3 v=0.2599
    OK ch=5 v=0.3004
    OK ch=7 v=0.2356
    OK ch=1 v=0.2270
    OK ch=3 v=0.2556
    OK ch=5 v=0.2997
    OK ch=1 v=0.2210
    OK ch=5 v=0.3005
    OK ch=7 v=0.2331
    OK ch=1 v=0.2570
    OK ch=3 v=0.2581
    OK ch=5 v=0.2993
    OK ch=1 v=0.2688
    OK ch=3 v=0.2598
    OK ch=5 v=0.2974
    OK ch=7 v=0.2343
    OK ch=1 v=0.2612
    OK ch=3 v=0.2592
    OK ch=5 v=0.2992
    OK ch=1 v=0.2640
    OK ch=3 v=0.2608
    OK ch=5 v=0.2979
    OK ch=7 v=0.2373
    OK ch=1 v=0.2175
    OK ch=3 v=0.2517
    OK ch=5 v=0.3003
    OK ch=1 v=0.2570
    OK ch=3 v=0.2612
    OK ch=7 v=0.2387
    OK ch=1 v=0.2555
    OK ch=3 v=0.2598
    OK ch=7 v=0.2358
    OK ch=1 v=0.2638
    OK ch=3 v=0.2586
    OK ch=7 v=0.2365
    OK ch=1 v=0.2550
    OK ch=3 v=0.2506
    OK ch=5 v=0.2991
    OK ch=1 v=0.2363
    OK ch=3 v=0.2518
    OK ch=5 v=0.3007
    OK ch=7 v=0.2377
    OK ch=1 v=0.2527
    OK ch=3 v=0.2587
    OK ch=5 v=0.2988
    OK ch=7 v=0.2351
    OK ch=1 v=0.2671
    OK ch=3 v=0.2641
    OK ch=7 v=0.2374
    OK ch=1 v=0.2331
    OK ch=3 v=0.2536
    OK ch=5 v=0.2976
    OK ch=1 v=0.2415
    OK ch=3 v=0.2506
    OK ch=5 v=0.2971
    OK ch=7 v=0.2360
    OK ch=1 v=0.2750
    OK ch=3 v=0.2558
    OK ch=5 v=0.2945
    OK ch=7 v=0.2369
    OK ch=1 v=0.2479
    OK ch=3 v=0.2538
    OK ch=5 v=0.2959
    OK ch=7 v=0.2356
    OK ch=1 v=0.2682
    OK ch=3 v=0.2640
    OK ch=5 v=0.2968
    OK ch=7 v=0.2379
    OK ch=1 v=0.2109
    OK ch=3 v=0.2542
    OK ch=5 v=0.2985
    OK ch=1 v=0.2633
    OK ch=3 v=0.2627
    OK ch=5 v=0.2971
    OK ch=7 v=0.2372
    OK ch=1 v=0.2529
    OK ch=3 v=0.2592
    OK ch=5 v=0.2988
    OK ch=7 v=0.2379
    OK ch=1 v=0.2446
    OK ch=3 v=0.2530
    OK ch=5 v=0.2979
    OK ch=7 v=0.2338
    OK ch=1 v=0.2480
    OK ch=3 v=0.2579
    OK ch=5 v=0.2994
    OK ch=7 v=0.2351
    OK ch=1 v=0.2316
    OK ch=3 v=0.2620
    OK ch=7 v=0.2357
    OK ch=1 v=0.2559
    OK ch=3 v=0.2553
    OK ch=1 v=0.2498
    OK ch=3 v=0.2527
    OK ch=7 v=0.2338
    OK ch=1 v=0.2689
    OK ch=3 v=0.2567
    OK ch=7 v=0.2350
    OK ch=1 v=0.2940
    OK ch=3 v=0.2613
    OK ch=7 v=0.2369
    OK ch=1 v=0.2633
    OK ch=3 v=0.2600
    OK ch=5 v=0.3002
    OK ch=7 v=0.2360
    OK ch=1 v=0.2495
    OK ch=3 v=0.2574
    OK ch=5 v=0.2995
    OK ch=7 v=0.2383
    OK ch=1 v=0.2318
    OK ch=3 v=0.2566
    OK ch=5 v=0.2964
    OK ch=7 v=0.2403
[  120.5s] DAMPING     ch0:LOCK g=-0.0300 bp=-0.007V ratio=0.13  ch1:LOCK g=-0.0300 bp=+0.007V ratio=0.06  ch2:LOCK g=+0.0100 bp=+0.004V ratio=0.04  ch3:LOCK g=-0.0300 bp=+0.007V ratio=0.04
    OK ch=1 v=0.2271
    OK ch=3 v=0.2519
    OK ch=5 v=0.2929
    OK ch=1 v=0.2718
    OK ch=3 v=0.2560
    OK ch=5 v=0.2981
    OK ch=7 v=0.2342
    OK ch=1 v=0.2414
    OK ch=3 v=0.2445
    OK ch=5 v=0.3129
    OK ch=7 v=0.2263
    OK ch=1 v=0.2624
    OK ch=3 v=0.2563
    OK ch=5 v=0.3067
    OK ch=7 v=0.2296
    OK ch=1 v=0.2693
    OK ch=3 v=0.2648
    OK ch=5 v=0.2900
    OK ch=7 v=0.2398
    OK ch=1 v=0.2653
    OK ch=5 v=0.2895
    OK ch=7 v=0.2407
    OK ch=1 v=0.2565
    OK ch=3 v=0.2641
    OK ch=5 v=0.2942
    OK ch=7 v=0.2421
    OK ch=1 v=0.3332
    OK ch=3 v=0.3076
    OK ch=5 v=0.2189
    OK ch=7 v=0.2810
    OK ch=1 v=0.4210
    OK ch=3 v=0.3954
    OK ch=5 v=0.1311
    OK ch=7 v=0.3688
    OK ch=1 v=0.5000
    OK ch=3 v=0.3854
    OK ch=5 v=0.1767
    OK ch=7 v=0.2830
    OK ch=1 v=0.4115
    OK ch=3 v=0.2969
    OK ch=5 v=0.2652
    OK ch=7 v=0.1945
    OK ch=1 v=0.3239
    OK ch=3 v=0.2094
    OK ch=5 v=0.3527
    OK ch=7 v=0.1069
    OK ch=1 v=0.2301
    OK ch=3 v=0.1155
    OK ch=5 v=0.4466
    OK ch=7 v=0.0131
    OK ch=1 v=0.3237
    OK ch=3 v=0.2091
    OK ch=5 v=0.3530
    OK ch=7 v=0.1067
    OK ch=1 v=0.4116
    OK ch=3 v=0.2971
    OK ch=5 v=0.2650
    OK ch=7 v=0.1946
    OK ch=1 v=0.3731
    OK ch=3 v=0.3852
    OK ch=5 v=0.2084
    OK ch=7 v=0.2828
    OK ch=1 v=0.4614
    OK ch=3 v=0.4735
    OK ch=5 v=0.1243
    OK ch=7 v=0.3711
    OK ch=1 v=0.3733
    OK ch=3 v=0.3854
    OK ch=5 v=0.1406
    OK ch=7 v=0.2830
    OK ch=1 v=0.4617
    OK ch=3 v=0.4738
    OK ch=5 v=0.0522
    OK ch=7 v=0.3714
    OK ch=1 v=0.5000
    OK ch=3 v=0.5000
    OK ch=5 v=0.0297
    OK ch=7 v=0.2831
    OK ch=3 v=0.4119
    OK ch=5 v=0.1179
    OK ch=7 v=0.1950
    OK ch=3 v=0.3406
    OK ch=5 v=0.1891
    OK ch=7 v=0.1520
    OK ch=1 v=0.4282
    OK ch=3 v=0.2688
    OK ch=5 v=0.2609
    OK ch=7 v=0.0802
    OK ch=1 v=0.3344
    OK ch=3 v=0.1750
    OK ch=5 v=0.3548
    OK ch=7 v=0.0000
    OK ch=1 v=0.2466
    OK ch=3 v=0.1447
    OK ch=5 v=0.4371
    OK ch=1 v=0.1936
    OK ch=3 v=0.2059
    OK ch=5 v=0.3707
    OK ch=7 v=0.0061
    OK ch=1 v=0.1066
    OK ch=3 v=0.1676
    OK ch=5 v=0.2825
    OK ch=7 v=0.0942
    OK ch=1 v=0.0186
    OK ch=3 v=0.1011
    OK ch=5 v=0.3705
    OK ch=7 v=0.1822
    OK ch=1 v=0.0000
    OK ch=3 v=0.1310
    OK ch=5 v=0.2820
    OK ch=7 v=0.2707
    OK ch=3 v=0.1999
    OK ch=5 v=0.1882
    OK ch=7 v=0.3645
    OK ch=3 v=0.2055
    OK ch=5 v=0.1835
    OK ch=7 v=0.4073
    OK ch=1 v=0.0675
    OK ch=3 v=0.1619
    OK ch=5 v=0.2510
    OK ch=7 v=0.3397
    OK ch=1 v=0.1495
    OK ch=3 v=0.2439
    OK ch=5 v=0.1902
    OK ch=7 v=0.2577
    OK ch=1 v=0.2373
    OK ch=3 v=0.1560
    OK ch=5 v=0.1916
    OK ch=7 v=0.1699
    OK ch=1 v=0.3312
    OK ch=3 v=0.1253
    OK ch=5 v=0.1179
    OK ch=7 v=0.1423
    OK ch=1 v=0.4244
    OK ch=3 v=0.2185
    OK ch=5 v=0.2110
    OK ch=7 v=0.0585
    OK ch=1 v=0.3811
    OK ch=3 v=0.1828
    OK ch=5 v=0.3045
    OK ch=7 v=0.0000
    OK ch=1 v=0.4062
    OK ch=3 v=0.2710
    OK ch=5 v=0.2163
    OK ch=7 v=0.0883
    OK ch=1 v=0.3181
    OK ch=3 v=0.3592
    OK ch=5 v=0.2197
    OK ch=7 v=0.1764
    OK ch=1 v=0.4007
    OK ch=3 v=0.4418
    OK ch=5 v=0.2018
    OK ch=7 v=0.2591
    OK ch=1 v=0.4890
    OK ch=5 v=0.2075
    OK ch=7 v=0.3051
    OK ch=1 v=0.5000
    OK ch=3 v=0.4567
    OK ch=5 v=0.2283
    OK ch=7 v=0.3480
    OK ch=1 v=0.4115
    OK ch=3 v=0.4493
    OK ch=5 v=0.3168
    OK ch=7 v=0.3381
    OK ch=1 v=0.3432
    OK ch=3 v=0.3912
    OK ch=5 v=0.3754
    OK ch=7 v=0.4181
    OK ch=1 v=0.3164
    OK ch=3 v=0.3286
    OK ch=5 v=0.3098
    OK ch=7 v=0.3301
    OK ch=1 v=0.3195
    OK ch=3 v=0.2438
    OK ch=5 v=0.2252
    OK ch=7 v=0.2682
    OK ch=1 v=0.2395
    OK ch=3 v=0.1842
    OK ch=5 v=0.2438
    OK ch=7 v=0.2369
    OK ch=1 v=0.2422
    OK ch=3 v=0.1767
    OK ch=5 v=0.2322
    OK ch=7 v=0.2295
    OK ch=1 v=0.1937
    OK ch=3 v=0.1830
    OK ch=5 v=0.2076
    OK ch=7 v=0.1415
    OK ch=1 v=0.1893
    OK ch=3 v=0.1674
    OK ch=5 v=0.2144
    OK ch=7 v=0.1342
    OK ch=1 v=0.1391
    OK ch=3 v=0.1281
    OK ch=5 v=0.2424
    OK ch=7 v=0.1819
    OK ch=1 v=0.1415
    OK ch=3 v=0.1189
    OK ch=5 v=0.2387
    OK ch=7 v=0.1187
    OK ch=1 v=0.0890
    OK ch=3 v=0.1125
    OK ch=5 v=0.2410
    OK ch=7 v=0.1942
    OK ch=1 v=0.0006
    OK ch=3 v=0.1350
    OK ch=5 v=0.3293
    OK ch=7 v=0.2632
    OK ch=1 v=0.0130
    OK ch=3 v=0.2123
    OK ch=5 v=0.3055
    OK ch=7 v=0.3565
    OK ch=1 v=0.1012
    OK ch=3 v=0.2699
    OK ch=5 v=0.2564
    OK ch=7 v=0.2969
    OK ch=1 v=0.1911
    OK ch=3 v=0.2914
    OK ch=5 v=0.2214
    OK ch=7 v=0.3564
    OK ch=1 v=0.2829
    OK ch=3 v=0.2887
    OK ch=5 v=0.2782
    OK ch=7 v=0.3263
    OK ch=1 v=0.3765
    OK ch=3 v=0.3268
    OK ch=5 v=0.2201
    OK ch=7 v=0.3864
    OK ch=1 v=0.2830
    OK ch=3 v=0.2500
    OK ch=5 v=0.2500
    OK ch=7 v=0.2928

!! ch1, ch3 runaway/saturation -- freezing all channels, entering FAULT.

    OK ch=1 v=0.2500
    OK ch=7 v=0.2500
[  125.5s] FAULT       ch0:.... g=+0.0000 bp=-0.301V ratio=3.39  ch1:.... g=+0.0000 bp=+0.160V ratio=3.87  ch2:.... g=+0.0000 bp=-1.723V ratio=0.76  ch3:.... g=+0.0000 bp=-0.196V ratio=2.90

[recovered] re-engaging on the baseline already in hand -- the previous engagement was healthy, so this baseline is known good and the fault was a transient -- measuring a new floor now would measure the ringdown (1/4 before a forced re-calibration). Gain ramps from zero.

    OK ch=1 v=0.2518
    OK ch=3 v=0.2493
    OK ch=5 v=0.2484
    OK ch=7 v=0.2489
    OK ch=1 v=0.2703
    OK ch=3 v=0.2409
    OK ch=5 v=0.2196
    OK ch=7 v=0.2238
    OK ch=1 v=0.2800
    OK ch=3 v=0.2380
    OK ch=5 v=0.1877
    OK ch=7 v=0.2291
    OK ch=1 v=0.2806
    OK ch=3 v=0.2303
    OK ch=5 v=0.1861
    OK ch=7 v=0.2252
    OK ch=1 v=0.2883
    OK ch=3 v=0.2316
    OK ch=5 v=0.1743
    OK ch=7 v=0.2314
    OK ch=1 v=0.3767
    OK ch=3 v=0.3140
    OK ch=5 v=0.2627
    OK ch=7 v=0.1701
    OK ch=1 v=0.4373
    OK ch=3 v=0.3185
    OK ch=5 v=0.3510
    OK ch=7 v=0.1607
    OK ch=1 v=0.3558
    OK ch=3 v=0.3085
    OK ch=5 v=0.3840
    OK ch=7 v=0.1771
    OK ch=1 v=0.2979
    OK ch=3 v=0.2874
    OK ch=5 v=0.3210
    OK ch=7 v=0.2029
    OK ch=1 v=0.2675
    OK ch=3 v=0.2484
    OK ch=5 v=0.2526
    OK ch=7 v=0.2462
    OK ch=1 v=0.1792
    OK ch=3 v=0.1970
    OK ch=5 v=0.1659
    OK ch=7 v=0.3346
    OK ch=1 v=0.0906
    OK ch=3 v=0.1822
    OK ch=5 v=0.1730
    OK ch=7 v=0.3749
    OK ch=1 v=0.0027
    OK ch=3 v=0.1832
    OK ch=5 v=0.1764
    OK ch=7 v=0.3366
    OK ch=1 v=0.0905
    OK ch=3 v=0.2710
    OK ch=5 v=0.0886
    OK ch=7 v=0.4244
    OK ch=1 v=0.1787
    OK ch=3 v=0.2965
    OK ch=5 v=0.0102
    OK ch=7 v=0.3362
    OK ch=1 v=0.0904
    OK ch=3 v=0.2082
    OK ch=5 v=0.0985
    OK ch=7 v=0.2479
    OK ch=1 v=0.0677
    OK ch=3 v=0.1204
    OK ch=5 v=0.1863
    OK ch=7 v=0.1601
    OK ch=1 v=0.1559
    OK ch=3 v=0.2086
    OK ch=5 v=0.2745
    OK ch=7 v=0.0720
    OK ch=1 v=0.2498
    OK ch=3 v=0.3025
    OK ch=5 v=0.1805
    OK ch=7 v=0.1171
    OK ch=1 v=0.3433
    OK ch=3 v=0.3960
    OK ch=5 v=0.0870
    OK ch=7 v=0.2107
    OK ch=1 v=0.4322
    OK ch=3 v=0.4849
    OK ch=5 v=0.0956
    OK ch=7 v=0.2995
    OK ch=1 v=0.3396
    OK ch=3 v=0.3923
    OK ch=5 v=0.0030
    OK ch=7 v=0.3921
    OK ch=1 v=0.2511
    OK ch=3 v=0.3038
    OK ch=5 v=0.0000
    OK ch=7 v=0.4806
    OK ch=1 v=0.3335
    OK ch=3 v=0.2158
    OK ch=5 v=0.0727
    OK ch=7 v=0.3926
    OK ch=1 v=0.4217
    OK ch=3 v=0.1276
    OK ch=5 v=0.1609
    OK ch=7 v=0.3044
    OK ch=1 v=0.4160
    OK ch=3 v=0.1201
    OK ch=5 v=0.2545
    OK ch=7 v=0.2108
    OK ch=1 v=0.4338
    OK ch=3 v=0.2136
    OK ch=5 v=0.2195
    OK ch=7 v=0.1443
    OK ch=1 v=0.5000
    OK ch=3 v=0.3076
    OK ch=5 v=0.1255
    OK ch=7 v=0.2382
    OK ch=1 v=0.4118
    OK ch=3 v=0.2195
    OK ch=5 v=0.2137
    OK ch=7 v=0.1501
    OK ch=1 v=0.3240
    OK ch=3 v=0.1316
    OK ch=5 v=0.1258
    OK ch=7 v=0.1773
    OK ch=1 v=0.2779
    OK ch=3 v=0.2144
    OK ch=5 v=0.0911
    OK ch=7 v=0.2602
    OK ch=1 v=0.3158
    OK ch=3 v=0.3025
    OK ch=5 v=0.1250
    OK ch=7 v=0.1809
    OK ch=1 v=0.3046
    OK ch=3 v=0.3905
    OK ch=5 v=0.1540
    OK ch=7 v=0.2161
    OK ch=1 v=0.3983
    OK ch=3 v=0.4842
    OK ch=5 v=0.1758
    OK ch=7 v=0.3098
    OK ch=1 v=0.4865
    OK ch=3 v=0.3960
    OK ch=5 v=0.1499
    OK ch=7 v=0.3980
    OK ch=1 v=0.5000
    OK ch=3 v=0.3073
    OK ch=5 v=0.0613
    OK ch=7 v=0.3093
    OK ch=1 v=0.4416
    OK ch=3 v=0.2143
    OK ch=5 v=0.0000
    OK ch=7 v=0.2615
    OK ch=1 v=0.3531
    OK ch=3 v=0.1294
    OK ch=5 v=0.0256
    OK ch=7 v=0.1731
    OK ch=1 v=0.2598
    OK ch=3 v=0.1439
    OK ch=5 v=0.1189
    OK ch=7 v=0.0798
    OK ch=1 v=0.1909
    OK ch=3 v=0.1286
    OK ch=5 v=0.1804
    OK ch=7 v=0.1611
    OK ch=1 v=0.1777
    OK ch=3 v=0.1650
    OK ch=5 v=0.2045
    OK ch=7 v=0.2270
    OK ch=1 v=0.1441
    OK ch=3 v=0.1937
    OK ch=5 v=0.2094
    OK ch=7 v=0.2204
    OK ch=1 v=0.0558
    OK ch=3 v=0.1370
    OK ch=5 v=0.2061
    OK ch=7 v=0.1862
    OK ch=1 v=0.0000
    OK ch=3 v=0.0487
    OK ch=5 v=0.2131
    OK ch=7 v=0.1738
    OK ch=3 v=0.0254
    OK ch=5 v=0.2880
    OK ch=7 v=0.1763
    OK ch=3 v=0.0971
    OK ch=5 v=0.3597
    OK ch=7 v=0.1692
    OK ch=1 v=0.0662
    OK ch=3 v=0.1633
    OK ch=5 v=0.4259
    OK ch=7 v=0.1567
    OK ch=1 v=0.1542
    OK ch=3 v=0.2345
    OK ch=5 v=0.5000
    OK ch=7 v=0.0916
    OK ch=1 v=0.2428
    OK ch=3 v=0.1798
    OK ch=5 v=0.4114
    OK ch=7 v=0.0754
    OK ch=1 v=0.3307
    OK ch=3 v=0.1976
    OK ch=5 v=0.3235
    OK ch=7 v=0.0986
    OK ch=1 v=0.4241
    OK ch=5 v=0.2301
    OK ch=7 v=0.0052
    OK ch=1 v=0.4456
    OK ch=3 v=0.2432
    OK ch=5 v=0.1637
    OK ch=7 v=0.0000
    OK ch=1 v=0.3845
    OK ch=3 v=0.2898
    OK ch=5 v=0.0706
    OK ch=7 v=0.0931
    OK ch=1 v=0.3640
    OK ch=3 v=0.3174
    OK ch=5 v=0.1248
    OK ch=7 v=0.1820
    OK ch=1 v=0.4141
    OK ch=3 v=0.3726
    OK ch=5 v=0.1497
    OK ch=7 v=0.2698
[  130.5s] DAMPING     ch0:.... g=-0.0350 bp=-0.079V ratio=5.61  ch1:.... g=-0.0350 bp=-0.066V ratio=4.90  ch2:.... g=+0.0120 bp=-0.348V ratio=3.70  ch3:.... g=-0.0350 bp=-0.560V ratio=7.10
    OK ch=1 v=0.5000
    OK ch=3 v=0.4304
    OK ch=5 v=0.1706
    OK ch=7 v=0.3578
    OK ch=3 v=0.5000
    OK ch=5 v=0.1424
    OK ch=7 v=0.4459
    OK ch=5 v=0.0889
    OK ch=7 v=0.5000
    OK ch=3 v=0.4576
    OK ch=5 v=0.0775
    OK ch=3 v=0.4074
    OK ch=5 v=0.0436
    OK ch=1 v=0.4507
    OK ch=3 v=0.3581
    OK ch=5 v=0.0060
    OK ch=7 v=0.4507
    OK ch=1 v=0.3626
    OK ch=3 v=0.2700
    OK ch=5 v=0.0000
    OK ch=7 v=0.3626
    OK ch=1 v=0.2690
    OK ch=3 v=0.1764
    OK ch=5 v=0.0554
    OK ch=7 v=0.2690
    OK ch=1 v=0.2051
    OK ch=3 v=0.1231
    OK ch=5 v=0.1325
    OK ch=7 v=0.1747
    OK ch=1 v=0.1404
    OK ch=3 v=0.1570
    OK ch=5 v=0.1733
    OK ch=7 v=0.1015
    OK ch=1 v=0.1296
    OK ch=3 v=0.1618
    OK ch=5 v=0.1882
    OK ch=7 v=0.1266
    OK ch=1 v=0.0786
    OK ch=3 v=0.1251
    OK ch=5 v=0.1900
    OK ch=7 v=0.1466
    OK ch=1 v=0.0000
    OK ch=3 v=0.0370
    OK ch=5 v=0.2126
    OK ch=7 v=0.1453
    OK ch=3 v=0.0000
    OK ch=5 v=0.2611
    OK ch=7 v=0.1017
    OK ch=3 v=0.0067
    OK ch=5 v=0.3102
    OK ch=7 v=0.1099
    OK ch=3 v=0.0727
    OK ch=5 v=0.3724
    OK ch=7 v=0.1538
    OK ch=3 v=0.1388
    OK ch=5 v=0.3992
    OK ch=7 v=0.1999
    OK ch=1 v=0.0719
    OK ch=3 v=0.2107
    OK ch=5 v=0.4503
    OK ch=7 v=0.2323
    OK ch=1 v=0.1599
    OK ch=3 v=0.2894
    OK ch=5 v=0.3808
    OK ch=7 v=0.2485
    OK ch=1 v=0.2478
    OK ch=3 v=0.2973
    OK ch=5 v=0.2929
    OK ch=7 v=0.1992
    OK ch=1 v=0.3415
    OK ch=3 v=0.2960
    OK ch=5 v=0.1992
    OK ch=7 v=0.1419
    OK ch=1 v=0.4299
    OK ch=3 v=0.3061
    OK ch=5 v=0.1109
    OK ch=7 v=0.1624
    OK ch=1 v=0.3981
    OK ch=3 v=0.3202
    OK ch=5 v=0.0881
    OK ch=7 v=0.2506
    OK ch=1 v=0.3965
    OK ch=3 v=0.3186
    OK ch=5 v=0.0892
    OK ch=7 v=0.1673
    OK ch=1 v=0.3993
    OK ch=3 v=0.3255
    OK ch=5 v=0.1017
    OK ch=7 v=0.2437
    OK ch=1 v=0.4651
    OK ch=3 v=0.3508
    OK ch=5 v=0.1193
    OK ch=7 v=0.3039
    OK ch=1 v=0.5000
    OK ch=3 v=0.3617
    OK ch=5 v=0.1111
    OK ch=7 v=0.3333
    OK ch=3 v=0.3421
    OK ch=5 v=0.0796
    OK ch=7 v=0.2772
    OK ch=3 v=0.2994
    OK ch=5 v=0.0525
    OK ch=7 v=0.2863
    OK ch=3 v=0.2466
    OK ch=5 v=0.0515
    OK ch=7 v=0.2727
    OK ch=1 v=0.4285
    OK ch=3 v=0.2074
    OK ch=5 v=0.0916
    OK ch=7 v=0.2673
    OK ch=1 v=0.3402
    OK ch=3 v=0.1800
    OK ch=5 v=0.1335
    OK ch=7 v=0.2477
    OK ch=1 v=0.2466
    OK ch=3 v=0.1766
    OK ch=5 v=0.1938
    OK ch=7 v=0.2278
    OK ch=1 v=0.1579
    OK ch=3 v=0.1662
    OK ch=5 v=0.2209
    OK ch=7 v=0.2006
    OK ch=1 v=0.0700
    OK ch=3 v=0.1688
    OK ch=5 v=0.2374
    OK ch=7 v=0.1848
    OK ch=1 v=0.0151
    OK ch=3 v=0.1618
    OK ch=7 v=0.1740
    OK ch=1 v=0.0000
    OK ch=3 v=0.1367
    OK ch=7 v=0.1716
    OK ch=3 v=0.1096
    OK ch=5 v=0.2510
    OK ch=7 v=0.1593
    OK ch=3 v=0.0941
    OK ch=5 v=0.2647
    OK ch=7 v=0.1631
    OK ch=3 v=0.0968
    OK ch=5 v=0.2675
    OK ch=7 v=0.1749
    OK ch=1 v=0.0662
    OK ch=3 v=0.1630
    OK ch=5 v=0.2500
    OK ch=7 v=0.2410

!! ch0, ch1, ch2, ch3 runaway/saturation -- freezing all channels, entering FAULT.

    OK ch=1 v=0.1544
    OK ch=3 v=0.2500
    OK ch=7 v=0.2500
    OK ch=1 v=0.2206
    OK ch=1 v=0.2478
    OK ch=1 v=0.2500
[  135.5s] FAULT       ch0:.... g=+0.0000 bp=-0.168V ratio=4.79  ch1:.... g=+0.0000 bp=-0.131V ratio=3.91  ch2:.... g=+0.0000 bp=-0.276V ratio=2.48  ch3:.... g=+0.0000 bp=-0.028V ratio=2.20
    OK ch=1 v=0.2494
    OK ch=5 v=0.2523

[recovered] re-engaging on the baseline already in hand -- re-faulted after only 4.0s, so the disturbance is still there and a fresh window would measure it rather than the floor (2/4 before a forced re-calibration). Gain ramps from zero.

    OK ch=1 v=0.2588
    OK ch=3 v=0.2511
    OK ch=5 v=0.2424
    OK ch=7 v=0.2514
    OK ch=1 v=0.2787
    OK ch=3 v=0.2538
    OK ch=5 v=0.2047
    OK ch=7 v=0.2500
    OK ch=3 v=0.2508
    OK ch=5 v=0.1862
    OK ch=7 v=0.2473
    OK ch=1 v=0.2780
    OK ch=5 v=0.1724
    OK ch=7 v=0.2616
    OK ch=1 v=0.2812
    OK ch=3 v=0.2547
    OK ch=5 v=0.1683
    OK ch=7 v=0.2468
    OK ch=1 v=0.2841
    OK ch=3 v=0.2598
    OK ch=5 v=0.1734
    OK ch=7 v=0.2457
    OK ch=1 v=0.2659
    OK ch=3 v=0.2610
    OK ch=5 v=0.1849
    OK ch=7 v=0.2623
    OK ch=1 v=0.2766
    OK ch=3 v=0.2644
    OK ch=5 v=0.1908
    OK ch=7 v=0.2851
    OK ch=1 v=0.2919
    OK ch=3 v=0.2714
    OK ch=5 v=0.1847
    OK ch=7 v=0.2602
    OK ch=1 v=0.3127
    OK ch=3 v=0.2742
    OK ch=5 v=0.1839
    OK ch=7 v=0.2760
    OK ch=1 v=0.3314
    OK ch=3 v=0.2686
    OK ch=5 v=0.1693
    OK ch=7 v=0.2883
    OK ch=1 v=0.3535
    OK ch=3 v=0.2680
    OK ch=5 v=0.1336
    OK ch=7 v=0.2932
    OK ch=1 v=0.3490
    OK ch=3 v=0.2728
    OK ch=5 v=0.0903
    OK ch=7 v=0.2826
    OK ch=1 v=0.2993
    OK ch=3 v=0.2622
    OK ch=5 v=0.0940
    OK ch=7 v=0.2818
    OK ch=1 v=0.2459
    OK ch=3 v=0.2507
    OK ch=5 v=0.1592
    OK ch=7 v=0.2767
    OK ch=1 v=0.2416
    OK ch=3 v=0.2464
    OK ch=5 v=0.2100
    OK ch=7 v=0.2688
    OK ch=1 v=0.1972
    OK ch=3 v=0.2359
    OK ch=5 v=0.2286
    OK ch=7 v=0.2588
    OK ch=1 v=0.1755
    OK ch=3 v=0.2298
    OK ch=5 v=0.2412
    OK ch=7 v=0.2445
    OK ch=1 v=0.1554
    OK ch=3 v=0.2189
    OK ch=5 v=0.2536
    OK ch=7 v=0.2364
    OK ch=1 v=0.1586
    OK ch=3 v=0.2137
    OK ch=5 v=0.2663
    OK ch=7 v=0.2354
    OK ch=1 v=0.1652
    OK ch=3 v=0.2118
    OK ch=5 v=0.2759
    OK ch=7 v=0.2325
    OK ch=1 v=0.1748
    OK ch=3 v=0.2071
    OK ch=5 v=0.2909
    OK ch=7 v=0.2236
    OK ch=1 v=0.2298
    OK ch=3 v=0.2144
    OK ch=5 v=0.3101
    OK ch=7 v=0.2224
    OK ch=1 v=0.2492
    OK ch=3 v=0.2252
    OK ch=5 v=0.3092
    OK ch=7 v=0.2307
    OK ch=1 v=0.2977
    OK ch=3 v=0.2449
    OK ch=5 v=0.2994
    OK ch=7 v=0.2390
    OK ch=1 v=0.3032
    OK ch=3 v=0.2516
    OK ch=5 v=0.2901
    OK ch=7 v=0.2406
    OK ch=1 v=0.3166
    OK ch=3 v=0.2637
    OK ch=5 v=0.2481
    OK ch=7 v=0.2519
    OK ch=1 v=0.3065
    OK ch=3 v=0.2671
    OK ch=5 v=0.2121
    OK ch=7 v=0.2541
    OK ch=1 v=0.2921
    OK ch=3 v=0.2743
    OK ch=5 v=0.1988
    OK ch=7 v=0.2616
    OK ch=1 v=0.3055
    OK ch=3 v=0.2761
    OK ch=5 v=0.1886
    OK ch=7 v=0.2716
    OK ch=1 v=0.2923
    OK ch=3 v=0.2940
    OK ch=5 v=0.1756
    OK ch=7 v=0.2664
    OK ch=1 v=0.2999
    OK ch=3 v=0.2995
    OK ch=5 v=0.1583
    OK ch=7 v=0.2706
    OK ch=1 v=0.3333
    OK ch=3 v=0.3034
    OK ch=5 v=0.1619
    OK ch=7 v=0.2727
    OK ch=1 v=0.3449
    OK ch=3 v=0.3005
    OK ch=5 v=0.1590
    OK ch=7 v=0.2758
    OK ch=1 v=0.3914
    OK ch=5 v=0.1355
    OK ch=7 v=0.2694
    OK ch=1 v=0.4454
    OK ch=3 v=0.2990
    OK ch=5 v=0.1381
    OK ch=7 v=0.2726
    OK ch=1 v=0.4446
    OK ch=3 v=0.2831
    OK ch=5 v=0.1714
    OK ch=7 v=0.2695
    OK ch=1 v=0.4004
    OK ch=3 v=0.2806
    OK ch=5 v=0.2038
    OK ch=7 v=0.2721
    OK ch=1 v=0.3242
    OK ch=3 v=0.2739
    OK ch=5 v=0.2286
    OK ch=7 v=0.2635
    OK ch=1 v=0.2602
    OK ch=3 v=0.2586
    OK ch=5 v=0.2413
    OK ch=7 v=0.2658
    OK ch=1 v=0.1722
    OK ch=3 v=0.2315
    OK ch=5 v=0.2567
    OK ch=7 v=0.2513
    OK ch=1 v=0.0952
    OK ch=3 v=0.2192
    OK ch=5 v=0.2632
    OK ch=7 v=0.2454
    OK ch=1 v=0.0998
    OK ch=3 v=0.2138
    OK ch=5 v=0.2620
    OK ch=7 v=0.2396
    OK ch=1 v=0.1311
    OK ch=5 v=0.2655
    OK ch=7 v=0.2313
    OK ch=1 v=0.1117
    OK ch=3 v=0.2051
    OK ch=5 v=0.2734
    OK ch=7 v=0.2274
    OK ch=1 v=0.1098
    OK ch=3 v=0.1964
    OK ch=5 v=0.2719
    OK ch=7 v=0.2324
    OK ch=1 v=0.1535
    OK ch=3 v=0.2041
    OK ch=5 v=0.2512
    OK ch=1 v=0.1777
    OK ch=3 v=0.2018
    OK ch=5 v=0.2357
    OK ch=7 v=0.2355
    OK ch=1 v=0.2276
    OK ch=3 v=0.2143
    OK ch=5 v=0.2350
    OK ch=7 v=0.2379
    OK ch=1 v=0.2696
    OK ch=3 v=0.2300
    OK ch=5 v=0.2231
    OK ch=7 v=0.2512
    OK ch=1 v=0.2490
    OK ch=3 v=0.2305
    OK ch=5 v=0.2052
    OK ch=7 v=0.2566
    OK ch=1 v=0.3009
    OK ch=3 v=0.2475
    OK ch=5 v=0.2032
    OK ch=7 v=0.2727
    OK ch=1 v=0.3039
    OK ch=3 v=0.2550
    OK ch=5 v=0.2046
    OK ch=7 v=0.2833
    OK ch=1 v=0.3068
    OK ch=3 v=0.2641
    OK ch=5 v=0.1912
    OK ch=7 v=0.2844
    OK ch=1 v=0.3266
    OK ch=3 v=0.2827
    OK ch=5 v=0.1793
    OK ch=7 v=0.2814
    OK ch=1 v=0.3008
    OK ch=3 v=0.2723
    OK ch=5 v=0.1740
    OK ch=7 v=0.2832
    OK ch=1 v=0.3158
    OK ch=3 v=0.2711
    OK ch=5 v=0.1701
    OK ch=7 v=0.2899
    OK ch=1 v=0.2894
    OK ch=3 v=0.2651
    OK ch=5 v=0.1509
    OK ch=7 v=0.2751
    OK ch=1 v=0.3272
    OK ch=3 v=0.2690
    OK ch=5 v=0.1428
    OK ch=1 v=0.3255
    OK ch=3 v=0.2720
    OK ch=5 v=0.1639
    OK ch=7 v=0.2712
    OK ch=1 v=0.3364
    OK ch=3 v=0.2682
    OK ch=5 v=0.1866
    OK ch=7 v=0.2666
    OK ch=1 v=0.3392
    OK ch=3 v=0.2756
    OK ch=5 v=0.2040
    OK ch=7 v=0.2598
    OK ch=1 v=0.2941
    OK ch=3 v=0.2691
    OK ch=5 v=0.2222
    OK ch=7 v=0.2577
    OK ch=1 v=0.2932
    OK ch=3 v=0.2607
    OK ch=5 v=0.2320
    OK ch=7 v=0.2522
    OK ch=1 v=0.2543
    OK ch=3 v=0.2588
    OK ch=5 v=0.2440
    OK ch=7 v=0.2432
    OK ch=1 v=0.2639
    OK ch=3 v=0.2664
    OK ch=5 v=0.2501
    OK ch=1 v=0.2530
    OK ch=3 v=0.2576
    OK ch=5 v=0.2521
    OK ch=7 v=0.2424
    OK ch=1 v=0.1900
    OK ch=3 v=0.2430
    OK ch=5 v=0.2704
    OK ch=7 v=0.2297
    OK ch=1 v=0.2260
    OK ch=3 v=0.2476
    OK ch=5 v=0.2729
    OK ch=7 v=0.2291
    OK ch=1 v=0.2085
    OK ch=3 v=0.2376
    OK ch=5 v=0.2691
    OK ch=1 v=0.2366
    OK ch=3 v=0.2353
    OK ch=5 v=0.2639
    OK ch=7 v=0.2308
    OK ch=1 v=0.2225
    OK ch=3 v=0.2328
    OK ch=5 v=0.2627
    OK ch=7 v=0.2303
    OK ch=1 v=0.2241
    OK ch=3 v=0.2383
    OK ch=5 v=0.2512
    OK ch=7 v=0.2390
    OK ch=1 v=0.2444
    OK ch=3 v=0.2424
    OK ch=5 v=0.2263
    OK ch=7 v=0.2338
    OK ch=1 v=0.3025
    OK ch=3 v=0.2527
    OK ch=5 v=0.2145
    OK ch=7 v=0.2397
    OK ch=1 v=0.2701
    OK ch=3 v=0.2463
    OK ch=5 v=0.2191
    OK ch=7 v=0.2470
    OK ch=1 v=0.2948
    OK ch=3 v=0.2584
    OK ch=5 v=0.2060
    OK ch=7 v=0.2598
    OK ch=1 v=0.2885
    OK ch=3 v=0.2655
    OK ch=5 v=0.1953
    OK ch=7 v=0.2650
[  140.5s] DAMPING     ch0:.... g=-0.0350 bp=-0.048V ratio=0.68  ch1:.... g=-0.0341 bp=-0.004V ratio=0.53  ch2:.... g=+0.0120 bp=-0.354V ratio=1.30  ch3:.... g=-0.0350 bp=-0.122V ratio=1.26
    OK ch=1 v=0.2896
    OK ch=3 v=0.2661
    OK ch=5 v=0.1985
    OK ch=7 v=0.2755
    OK ch=1 v=0.3091
    OK ch=3 v=0.2649
    OK ch=5 v=0.1943
    OK ch=7 v=0.2905
    OK ch=1 v=0.2933
    OK ch=3 v=0.2661
    OK ch=5 v=0.1890
    OK ch=7 v=0.2807
    OK ch=1 v=0.2798
    OK ch=3 v=0.2620
    OK ch=5 v=0.1787
    OK ch=1 v=0.2602
    OK ch=3 v=0.2527
    OK ch=5 v=0.1777
    OK ch=7 v=0.2800
    OK ch=1 v=0.2891
    OK ch=3 v=0.2484
    OK ch=5 v=0.1799
    OK ch=7 v=0.2809
    OK ch=1 v=0.2968
    OK ch=3 v=0.2522
    OK ch=5 v=0.1704
    OK ch=7 v=0.2751
    OK ch=1 v=0.2869
    OK ch=3 v=0.2463
    OK ch=5 v=0.1766
    OK ch=7 v=0.2710
    OK ch=1 v=0.2884
    OK ch=3 v=0.2508
    OK ch=5 v=0.1949
    OK ch=7 v=0.2646
    OK ch=1 v=0.2479
    OK ch=3 v=0.2459
    OK ch=5 v=0.2091
    OK ch=7 v=0.2626
    OK ch=1 v=0.2289
    OK ch=3 v=0.2424
    OK ch=5 v=0.2182
    OK ch=7 v=0.2583
    OK ch=1 v=0.2358
    OK ch=3 v=0.2456
    OK ch=5 v=0.2254
    OK ch=7 v=0.2565
    OK ch=1 v=0.2075
    OK ch=3 v=0.2323
    OK ch=5 v=0.2372
    OK ch=7 v=0.2482
    OK ch=1 v=0.2505
    OK ch=3 v=0.2473
    OK ch=5 v=0.2428
    OK ch=7 v=0.2471
    OK ch=1 v=0.2095
    OK ch=3 v=0.2419
    OK ch=5 v=0.2379
    OK ch=7 v=0.2492
    OK ch=1 v=0.2604
    OK ch=3 v=0.2480
    OK ch=5 v=0.2425
    OK ch=7 v=0.2452
    OK ch=1 v=0.2527
    OK ch=3 v=0.2433
    OK ch=5 v=0.2534
    OK ch=7 v=0.2416
    OK ch=1 v=0.2639
    OK ch=3 v=0.2466
    OK ch=5 v=0.2449
    OK ch=7 v=0.2460
    OK ch=1 v=0.2474
    OK ch=3 v=0.2530
    OK ch=5 v=0.2343
    OK ch=7 v=0.2445
    OK ch=1 v=0.2403
    OK ch=3 v=0.2466
    OK ch=5 v=0.2318
    OK ch=7 v=0.2451
    OK ch=1 v=0.2883
    OK ch=3 v=0.2523
    OK ch=5 v=0.2346
    OK ch=1 v=0.2965
    OK ch=3 v=0.2595
    OK ch=5 v=0.2288
    OK ch=1 v=0.3221
    OK ch=3 v=0.2500
    OK ch=5 v=0.2137
    OK ch=7 v=0.2501
    OK ch=1 v=0.3074
    OK ch=3 v=0.2680
    OK ch=5 v=0.2112
    OK ch=7 v=0.2549
    OK ch=1 v=0.2726
    OK ch=3 v=0.2652
    OK ch=5 v=0.2170
    OK ch=7 v=0.2524
    OK ch=1 v=0.2587
    OK ch=3 v=0.2603
    OK ch=5 v=0.2061
    OK ch=7 v=0.2597
    OK ch=1 v=0.3295
    OK ch=3 v=0.2790
    OK ch=5 v=0.1964
    OK ch=7 v=0.2609
    OK ch=1 v=0.2882
    OK ch=3 v=0.2683
    OK ch=5 v=0.2008
    OK ch=7 v=0.2629
    OK ch=1 v=0.3094
    OK ch=3 v=0.2673
    OK ch=5 v=0.2046
    OK ch=7 v=0.2655
    OK ch=1 v=0.2833
    OK ch=3 v=0.2607
    OK ch=5 v=0.1996
    OK ch=7 v=0.2619
    OK ch=1 v=0.2787
    OK ch=3 v=0.2691
    OK ch=5 v=0.1974
    OK ch=7 v=0.2673
    OK ch=1 v=0.2810
    OK ch=3 v=0.2570
    OK ch=5 v=0.2090
    OK ch=7 v=0.2644
    OK ch=1 v=0.2852
    OK ch=3 v=0.2580
    OK ch=5 v=0.2129
    OK ch=7 v=0.2635
    OK ch=1 v=0.2587
    OK ch=3 v=0.2573
    OK ch=5 v=0.2096
    OK ch=7 v=0.2592
    OK ch=1 v=0.2565
    OK ch=3 v=0.2462
    OK ch=5 v=0.2151
    OK ch=7 v=0.2571
    OK ch=3 v=0.2360
    OK ch=5 v=0.2236
    OK ch=7 v=0.2550
    OK ch=1 v=0.2446
    OK ch=5 v=0.2290
    OK ch=7 v=0.2510
    OK ch=1 v=0.2360
    OK ch=3 v=0.2352
    OK ch=5 v=0.2260
    OK ch=7 v=0.2540
    OK ch=1 v=0.2084
    OK ch=3 v=0.2448
    OK ch=5 v=0.2193
    OK ch=7 v=0.2568
    OK ch=1 v=0.2236
    OK ch=3 v=0.2418
    OK ch=5 v=0.2306
    OK ch=7 v=0.2524
    OK ch=1 v=0.2193
    OK ch=3 v=0.2351
    OK ch=7 v=0.2532
    OK ch=1 v=0.2493
    OK ch=3 v=0.2365
    OK ch=5 v=0.2211
    OK ch=1 v=0.2654
    OK ch=3 v=0.2432
    OK ch=5 v=0.2179
    OK ch=7 v=0.2555
    OK ch=1 v=0.2716
    OK ch=3 v=0.2479
    OK ch=5 v=0.2243
    OK ch=7 v=0.2531
    OK ch=1 v=0.2546
    OK ch=3 v=0.2439
    OK ch=5 v=0.2253
    OK ch=7 v=0.2578
    OK ch=1 v=0.2822
    OK ch=3 v=0.2537
    OK ch=5 v=0.2177
    OK ch=7 v=0.2561
    OK ch=1 v=0.2612
    OK ch=3 v=0.2511
    OK ch=5 v=0.2106
    OK ch=7 v=0.2634
    OK ch=1 v=0.2548
    OK ch=3 v=0.2521
    OK ch=5 v=0.2152
    OK ch=7 v=0.2576
    OK ch=1 v=0.2930
    OK ch=3 v=0.2495
    OK ch=5 v=0.2118
    OK ch=7 v=0.2609
    OK ch=1 v=0.2567
    OK ch=3 v=0.2485
    OK ch=5 v=0.2011
    OK ch=7 v=0.2599
    OK ch=3 v=0.2545
    OK ch=7 v=0.2619
    OK ch=1 v=0.3052
    OK ch=3 v=0.2673
    OK ch=5 v=0.2040
    OK ch=7 v=0.2588
    OK ch=1 v=0.2930
    OK ch=3 v=0.2594
    OK ch=5 v=0.2052
    OK ch=7 v=0.2613
    OK ch=1 v=0.2952
    OK ch=3 v=0.2622
    OK ch=5 v=0.2027
    OK ch=1 v=0.2878
    OK ch=3 v=0.2668
    OK ch=5 v=0.2040
    OK ch=7 v=0.2594
    OK ch=1 v=0.2904
    OK ch=3 v=0.2702
    OK ch=5 v=0.2097
    OK ch=7 v=0.2588
    OK ch=1 v=0.2714
    OK ch=3 v=0.2553
    OK ch=5 v=0.2170
    OK ch=7 v=0.2563
    OK ch=1 v=0.2937
    OK ch=3 v=0.2609
    OK ch=5 v=0.2155
    OK ch=7 v=0.2580
    OK ch=1 v=0.2572
    OK ch=3 v=0.2522
    OK ch=5 v=0.2173
    OK ch=7 v=0.2540
    OK ch=1 v=0.2711
    OK ch=5 v=0.2283
    OK ch=7 v=0.2516
    OK ch=1 v=0.2654
    OK ch=5 v=0.2291
    OK ch=7 v=0.2536
    OK ch=1 v=0.2699
    OK ch=5 v=0.2256
    OK ch=7 v=0.2526
    OK ch=1 v=0.2923
    OK ch=3 v=0.2654
    OK ch=5 v=0.2232
    OK ch=7 v=0.2558
    OK ch=1 v=0.2582
    OK ch=3 v=0.2564
    OK ch=5 v=0.2292
    OK ch=7 v=0.2501
    OK ch=1 v=0.2393
    OK ch=3 v=0.2503
    OK ch=5 v=0.2336
    OK ch=7 v=0.2492
    OK ch=1 v=0.2576
    OK ch=5 v=0.2268
    OK ch=7 v=0.2486
    OK ch=1 v=0.2925
    OK ch=3 v=0.2496
    OK ch=5 v=0.2199
    OK ch=7 v=0.2523
    OK ch=1 v=0.2385
    OK ch=3 v=0.2416
    OK ch=5 v=0.2271
    OK ch=7 v=0.2506
    OK ch=1 v=0.2763
    OK ch=3 v=0.2500
    OK ch=5 v=0.2301
    OK ch=7 v=0.2543
    OK ch=1 v=0.2705
    OK ch=3 v=0.2477
    OK ch=5 v=0.2201
    OK ch=7 v=0.2530
    OK ch=1 v=0.2670
    OK ch=3 v=0.2516
    OK ch=5 v=0.2146
    OK ch=7 v=0.2547
    OK ch=1 v=0.2366
    OK ch=3 v=0.2456
    OK ch=5 v=0.2170
    OK ch=7 v=0.2564
    OK ch=1 v=0.2556
    OK ch=3 v=0.2497
    OK ch=7 v=0.2611
    OK ch=1 v=0.2509
    OK ch=3 v=0.2503
    OK ch=5 v=0.2084
    OK ch=7 v=0.2575
    OK ch=1 v=0.2814
    OK ch=3 v=0.2563
    OK ch=5 v=0.2006
    OK ch=7 v=0.2627
    OK ch=1 v=0.2628
    OK ch=3 v=0.2482
    OK ch=5 v=0.2068
    OK ch=1 v=0.2779
    OK ch=3 v=0.2565
    OK ch=5 v=0.2085
    OK ch=7 v=0.2675
    OK ch=1 v=0.2931
    OK ch=3 v=0.2619
    OK ch=5 v=0.2001
    OK ch=7 v=0.2633
    OK ch=1 v=0.3018
    OK ch=7 v=0.2647
    OK ch=1 v=0.2900
    OK ch=3 v=0.2555
    OK ch=5 v=0.2025
    OK ch=1 v=0.2359
    OK ch=3 v=0.2448
    OK ch=5 v=0.2081
    OK ch=1 v=0.2313
    OK ch=3 v=0.2441
    OK ch=5 v=0.2098
    OK ch=7 v=0.2606
    OK ch=1 v=0.2675
    OK ch=3 v=0.2504
    OK ch=5 v=0.2070
    OK ch=7 v=0.2577
    OK ch=1 v=0.2568
    OK ch=3 v=0.2513
    OK ch=7 v=0.2610
    OK ch=1 v=0.2904
    OK ch=3 v=0.2556
    OK ch=5 v=0.2168
    OK ch=7 v=0.2562
    OK ch=1 v=0.2839
    OK ch=3 v=0.2498
    OK ch=5 v=0.2207
    OK ch=7 v=0.2583
    OK ch=1 v=0.2554
    OK ch=3 v=0.2544
    OK ch=5 v=0.2168
    OK ch=7 v=0.2564
    OK ch=1 v=0.2541
    OK ch=3 v=0.2501
    OK ch=5 v=0.2232
    OK ch=7 v=0.2545
    OK ch=1 v=0.2633
    OK ch=3 v=0.2422
    OK ch=5 v=0.2312
    OK ch=7 v=0.2485
    OK ch=1 v=0.2458
    OK ch=3 v=0.2494
    OK ch=5 v=0.2267
    OK ch=7 v=0.2513
    OK ch=1 v=0.2764
    OK ch=3 v=0.2558
    OK ch=5 v=0.2208
    OK ch=7 v=0.2550
    OK ch=1 v=0.2376
    OK ch=3 v=0.2515
    OK ch=5 v=0.2254
    OK ch=7 v=0.2515
    OK ch=1 v=0.2756
    OK ch=3 v=0.2549
    OK ch=5 v=0.2300
    OK ch=7 v=0.2529
    OK ch=1 v=0.2470
    OK ch=3 v=0.2480
    OK ch=5 v=0.2222
    OK ch=7 v=0.2535
    OK ch=1 v=0.2594
    OK ch=3 v=0.2521
    OK ch=5 v=0.2166
    OK ch=7 v=0.2527
    OK ch=1 v=0.2692
    OK ch=3 v=0.2591
    OK ch=5 v=0.2224
    OK ch=7 v=0.2507
    OK ch=1 v=0.3063
    OK ch=3 v=0.2606
    OK ch=5 v=0.2208
    OK ch=7 v=0.2541
    OK ch=1 v=0.2866
    OK ch=3 v=0.2579
    OK ch=5 v=0.2142
    OK ch=7 v=0.2550
    OK ch=1 v=0.2571
    OK ch=3 v=0.2518
    OK ch=5 v=0.2122
    OK ch=7 v=0.2610
    OK ch=1 v=0.2876
    OK ch=3 v=0.2543
    OK ch=5 v=0.2159
    OK ch=7 v=0.2573
    OK ch=3 v=0.2574
    OK ch=5 v=0.2148
    OK ch=7 v=0.2579
    OK ch=1 v=0.3007
    OK ch=3 v=0.2661
    OK ch=5 v=0.2071
    OK ch=7 v=0.2591
    OK ch=1 v=0.2603
    OK ch=3 v=0.2549
    OK ch=7 v=0.2599
    OK ch=1 v=0.2486
    OK ch=3 v=0.2541
    OK ch=5 v=0.2133
    OK ch=7 v=0.2580
    OK ch=1 v=0.2654
    OK ch=3 v=0.2494
    OK ch=5 v=0.2140
    OK ch=7 v=0.2619
    OK ch=1 v=0.2628
    OK ch=3 v=0.2505
    OK ch=5 v=0.2080
    OK ch=7 v=0.2595
    OK ch=1 v=0.2669
    OK ch=3 v=0.2604
    OK ch=7 v=0.2579
    OK ch=1 v=0.2699
    OK ch=3 v=0.2479
    OK ch=5 v=0.2136
    OK ch=7 v=0.2572
    OK ch=1 v=0.2798
    OK ch=3 v=0.2520
    OK ch=5 v=0.2185
    OK ch=7 v=0.2579
    OK ch=1 v=0.2722
    OK ch=3 v=0.2551
    OK ch=5 v=0.2146
    OK ch=7 v=0.2551
    OK ch=1 v=0.2541
    OK ch=3 v=0.2452
    OK ch=5 v=0.2130
    OK ch=7 v=0.2586
    OK ch=1 v=0.2632
    OK ch=3 v=0.2564
    OK ch=5 v=0.2232
    OK ch=7 v=0.2550
    OK ch=1 v=0.2568
    OK ch=3 v=0.2488
    OK ch=5 v=0.2223
    OK ch=7 v=0.2583
    OK ch=1 v=0.2325
    OK ch=3 v=0.2429
    OK ch=5 v=0.2171
    OK ch=1 v=0.2608
    OK ch=3 v=0.2481
    OK ch=5 v=0.2183
    OK ch=7 v=0.2566
    OK ch=1 v=0.2442
    OK ch=3 v=0.2466
    OK ch=5 v=0.2226
    OK ch=7 v=0.2538
    OK ch=1 v=0.2659
    OK ch=3 v=0.2430
    OK ch=5 v=0.2236
    OK ch=7 v=0.2543
    OK ch=1 v=0.2624
    OK ch=3 v=0.2440
    OK ch=5 v=0.2146
    OK ch=7 v=0.2576
    OK ch=1 v=0.2776
    OK ch=3 v=0.2526
    OK ch=5 v=0.2165
    OK ch=7 v=0.2556
    OK ch=1 v=0.2601
    OK ch=3 v=0.2560
    OK ch=5 v=0.2220
    OK ch=7 v=0.2545
[  145.6s] DAMPING     ch0:.... g=-0.0303 bp=-0.066V ratio=0.22  ch1:.... g=-0.0302 bp=-0.027V ratio=0.22  ch2:.... g=+0.0100 bp=-0.043V ratio=0.16  ch3:.... g=-0.0300 bp=-0.004V ratio=0.13
    OK ch=1 v=0.3036
    OK ch=3 v=0.2583
    OK ch=5 v=0.2153
    OK ch=1 v=0.2721
    OK ch=3 v=0.2598
    OK ch=5 v=0.2109
    OK ch=7 v=0.2572
    OK ch=3 v=0.2520
    OK ch=5 v=0.2150
    OK ch=7 v=0.2580
    OK ch=1 v=0.2618
    OK ch=3 v=0.2484
    OK ch=7 v=0.2590
    OK ch=1 v=0.2297
    OK ch=3 v=0.2573
    OK ch=1 v=0.2466
    OK ch=3 v=0.2501
    OK ch=5 v=0.2125
    OK ch=7 v=0.2581
    OK ch=1 v=0.2649
    OK ch=3 v=0.2514
    OK ch=5 v=0.2081
    OK ch=7 v=0.2574
    OK ch=1 v=0.3126
    OK ch=3 v=0.2603
    OK ch=5 v=0.2130
    OK ch=1 v=0.2946
    OK ch=3 v=0.2584
    OK ch=5 v=0.2166
    OK ch=7 v=0.2580
    OK ch=1 v=0.2718
    OK ch=3 v=0.2593
    OK ch=5 v=0.2119
    OK ch=7 v=0.2589
    OK ch=1 v=0.2849
    OK ch=3 v=0.2614
    OK ch=5 v=0.2126
    OK ch=1 v=0.2915
    OK ch=3 v=0.2579
    OK ch=5 v=0.2187
    OK ch=7 v=0.2562
    OK ch=1 v=0.2502
    OK ch=3 v=0.2477
    OK ch=5 v=0.2201
    OK ch=7 v=0.2578
    OK ch=1 v=0.2581
    OK ch=3 v=0.2530
    OK ch=5 v=0.2176
    OK ch=7 v=0.2564
    OK ch=1 v=0.2436
    OK ch=3 v=0.2477
    OK ch=5 v=0.2147
    OK ch=7 v=0.2573
    OK ch=1 v=0.2621
    OK ch=3 v=0.2495
    OK ch=5 v=0.2205
    OK ch=7 v=0.2548
    OK ch=1 v=0.2980
    OK ch=3 v=0.2555
    OK ch=5 v=0.2215
    OK ch=7 v=0.2515
    OK ch=1 v=0.2710
    OK ch=3 v=0.2543
    OK ch=5 v=0.2143
    OK ch=7 v=0.2551
    OK ch=1 v=0.2733
    OK ch=5 v=0.2199
    OK ch=7 v=0.2519
    OK ch=1 v=0.2425
    OK ch=3 v=0.2431
    OK ch=5 v=0.2260
    OK ch=7 v=0.2529
    OK ch=1 v=0.2465
    OK ch=3 v=0.2451
    OK ch=5 v=0.2218
    OK ch=7 v=0.2547
    OK ch=1 v=0.2596
    OK ch=3 v=0.2529
    OK ch=5 v=0.2172
    OK ch=7 v=0.2584
    OK ch=1 v=0.2757
    OK ch=3 v=0.2522
    OK ch=7 v=0.2564
    OK ch=1 v=0.2587
    OK ch=3 v=0.2618
    OK ch=5 v=0.2228
    OK ch=7 v=0.2551
    OK ch=1 v=0.2791
    OK ch=3 v=0.2573
    OK ch=5 v=0.2178
    OK ch=7 v=0.2568
    OK ch=1 v=0.2729
    OK ch=3 v=0.2546
    OK ch=5 v=0.2104
    OK ch=7 v=0.2608
    OK ch=1 v=0.2384
    OK ch=3 v=0.2451
    OK ch=5 v=0.2146
    OK ch=7 v=0.2567
    OK ch=1 v=0.2567
    OK ch=3 v=0.2414
    OK ch=5 v=0.2180
    OK ch=7 v=0.2583
    OK ch=1 v=0.2739
    OK ch=3 v=0.2519
    OK ch=5 v=0.2105
    OK ch=1 v=0.2831
    OK ch=3 v=0.2592
    OK ch=5 v=0.2091
    OK ch=7 v=0.2601
    OK ch=1 v=0.2939
    OK ch=3 v=0.2599
    OK ch=5 v=0.2101
    OK ch=1 v=0.2783
    OK ch=3 v=0.2520
    OK ch=5 v=0.2141
    OK ch=7 v=0.2594
    OK ch=1 v=0.2655
    OK ch=3 v=0.2550
    OK ch=5 v=0.2157
    OK ch=7 v=0.2603
    OK ch=1 v=0.2713
    OK ch=3 v=0.2534
    OK ch=5 v=0.2091
    OK ch=7 v=0.2578
    OK ch=1 v=0.2379
    OK ch=3 v=0.2481
    OK ch=5 v=0.2138
    OK ch=7 v=0.2567
    OK ch=1 v=0.2609
    OK ch=3 v=0.2487
    OK ch=5 v=0.2173
    OK ch=1 v=0.2505
    OK ch=3 v=0.2500
    OK ch=5 v=0.2126
    OK ch=7 v=0.2574
    OK ch=1 v=0.2626
    OK ch=3 v=0.2537
    OK ch=5 v=0.2120
    OK ch=1 v=0.2608
    OK ch=3 v=0.2506
    OK ch=5 v=0.2167
    OK ch=7 v=0.2558
    OK ch=1 v=0.2634
    OK ch=5 v=0.2222
    OK ch=7 v=0.2579
    OK ch=1 v=0.2764
    OK ch=3 v=0.2562
    OK ch=5 v=0.2214
    OK ch=7 v=0.2555
    OK ch=1 v=0.2862
    OK ch=3 v=0.2529
    OK ch=5 v=0.2165
    OK ch=7 v=0.2541
    OK ch=1 v=0.2523
    OK ch=3 v=0.2465
    OK ch=5 v=0.2178
    OK ch=7 v=0.2559
    OK ch=1 v=0.2807
    OK ch=3 v=0.2558
    OK ch=5 v=0.2260
    OK ch=7 v=0.2542
    OK ch=1 v=0.2719
    OK ch=3 v=0.2588
    OK ch=5 v=0.2206
    OK ch=7 v=0.2560
    OK ch=1 v=0.2709
    OK ch=3 v=0.2491
    OK ch=5 v=0.2161
    OK ch=7 v=0.2567
    OK ch=1 v=0.2658
    OK ch=3 v=0.2532
    OK ch=5 v=0.2200
    OK ch=7 v=0.2557
    OK ch=1 v=0.2537
    OK ch=3 v=0.2468
    OK ch=5 v=0.2219
    OK ch=7 v=0.2537
    OK ch=1 v=0.2599
    OK ch=3 v=0.2630
    OK ch=5 v=0.2152
    OK ch=1 v=0.2611
    OK ch=3 v=0.2572
    OK ch=5 v=0.2134
    OK ch=7 v=0.2556
    OK ch=1 v=0.2803
    OK ch=3 v=0.2505
    OK ch=5 v=0.2152
    OK ch=7 v=0.2579
    OK ch=1 v=0.2667
    OK ch=3 v=0.2465
    OK ch=5 v=0.2184
    OK ch=7 v=0.2535
    OK ch=1 v=0.2900
    OK ch=3 v=0.2561
    OK ch=5 v=0.2112
    OK ch=7 v=0.2575
    OK ch=1 v=0.2755
    OK ch=3 v=0.2520
    OK ch=5 v=0.2133
    OK ch=7 v=0.2582
    OK ch=1 v=0.2403
    OK ch=3 v=0.2503
    OK ch=5 v=0.2170
    OK ch=7 v=0.2591
    OK ch=1 v=0.2539
    OK ch=3 v=0.2532
    OK ch=5 v=0.2157
    OK ch=7 v=0.2620
    OK ch=1 v=0.2906
    OK ch=3 v=0.2675
    OK ch=5 v=0.2115
    OK ch=7 v=0.2571
    OK ch=1 v=0.2798
    OK ch=3 v=0.2587
    OK ch=5 v=0.2124
    OK ch=7 v=0.2595
    OK ch=1 v=0.2903
    OK ch=3 v=0.2464
    OK ch=5 v=0.2163
    OK ch=7 v=0.2554
    OK ch=1 v=0.2762
    OK ch=3 v=0.2507
    OK ch=7 v=0.2573
    OK ch=1 v=0.2354
    OK ch=3 v=0.2483
    OK ch=5 v=0.2117
    OK ch=7 v=0.2598
    OK ch=1 v=0.2867
    OK ch=3 v=0.2562
    OK ch=5 v=0.2140
    OK ch=7 v=0.2581
    OK ch=1 v=0.2556
    OK ch=3 v=0.2506
    OK ch=5 v=0.2200
    OK ch=7 v=0.2548
    OK ch=3 v=0.2467
    OK ch=5 v=0.2172
    OK ch=1 v=0.2794
    OK ch=3 v=0.2542
    OK ch=5 v=0.2125
    OK ch=1 v=0.2743
    OK ch=3 v=0.2516
    OK ch=5 v=0.2135
    OK ch=7 v=0.2569
    OK ch=1 v=0.2680
    OK ch=3 v=0.2444
    OK ch=5 v=0.2200
    OK ch=1 v=0.2435
    OK ch=3 v=0.2478
    OK ch=5 v=0.2239
    OK ch=7 v=0.2560
    OK ch=1 v=0.2739
    OK ch=3 v=0.2554
    OK ch=5 v=0.2185
    OK ch=1 v=0.2814
    OK ch=3 v=0.2574
    OK ch=5 v=0.2146
    OK ch=7 v=0.2574
    OK ch=1 v=0.2629
    OK ch=3 v=0.2529
    OK ch=5 v=0.2192
    OK ch=7 v=0.2540
    OK ch=1 v=0.2574
    OK ch=3 v=0.2520
    OK ch=5 v=0.2218
    OK ch=7 v=0.2568
    OK ch=1 v=0.2553
    OK ch=3 v=0.2568
    OK ch=5 v=0.2153
    OK ch=7 v=0.2573
    OK ch=1 v=0.2746
    OK ch=3 v=0.2550
    OK ch=1 v=0.2423
    OK ch=3 v=0.2473
    OK ch=7 v=0.2584
    OK ch=1 v=0.2777
    OK ch=3 v=0.2506
    OK ch=5 v=0.2160
    OK ch=7 v=0.2547
    OK ch=1 v=0.2703
    OK ch=3 v=0.2498
    OK ch=7 v=0.2558
    OK ch=1 v=0.2610
    OK ch=3 v=0.2553
    OK ch=5 v=0.2137
    OK ch=7 v=0.2575
    OK ch=1 v=0.2518
    OK ch=3 v=0.2511
    OK ch=5 v=0.2116
    OK ch=7 v=0.2565
    OK ch=1 v=0.2573
    OK ch=3 v=0.2521
    OK ch=5 v=0.2164
    OK ch=1 v=0.2737
    OK ch=3 v=0.2501
    OK ch=1 v=0.3087
    OK ch=3 v=0.2596
    OK ch=5 v=0.2129
    OK ch=7 v=0.2579
    OK ch=1 v=0.2709
    OK ch=3 v=0.2534
    OK ch=7 v=0.2591
    OK ch=1 v=0.2745
    OK ch=3 v=0.2592
    OK ch=5 v=0.2151
    OK ch=7 v=0.2575
    OK ch=1 v=0.2529
    OK ch=3 v=0.2535
    OK ch=5 v=0.2183
    OK ch=7 v=0.2568
    OK ch=1 v=0.2958
    OK ch=3 v=0.2613
    OK ch=5 v=0.2163
    OK ch=7 v=0.2531
    OK ch=1 v=0.2316
    OK ch=3 v=0.2454
    OK ch=5 v=0.2148
    OK ch=7 v=0.2584
    OK ch=1 v=0.2768
    OK ch=3 v=0.2519
    OK ch=5 v=0.2183
    OK ch=7 v=0.2554
    OK ch=1 v=0.2495
    OK ch=3 v=0.2463
    OK ch=5 v=0.2213
    OK ch=7 v=0.2577
    OK ch=1 v=0.2766
    OK ch=3 v=0.2557
    OK ch=5 v=0.2147
    OK ch=7 v=0.2601
    OK ch=1 v=0.2871
    OK ch=3 v=0.2565
    OK ch=7 v=0.2559
    OK ch=1 v=0.2644
    OK ch=3 v=0.2483
    OK ch=5 v=0.2197
    OK ch=7 v=0.2553
    OK ch=1 v=0.2666
    OK ch=3 v=0.2525
    OK ch=5 v=0.2220
    OK ch=7 v=0.2568
    OK ch=1 v=0.2451
    OK ch=3 v=0.2475
    OK ch=5 v=0.2180
    OK ch=7 v=0.2559
    OK ch=1 v=0.2679
    OK ch=3 v=0.2508
    OK ch=5 v=0.2152
    OK ch=7 v=0.2572
    OK ch=1 v=0.2851
    OK ch=3 v=0.2500
    OK ch=5 v=0.2181
    OK ch=7 v=0.2562
    OK ch=1 v=0.2587
    OK ch=3 v=0.2521
    OK ch=5 v=0.2196
    OK ch=7 v=0.2539
    OK ch=1 v=0.2813
    OK ch=3 v=0.2587
    OK ch=5 v=0.2121
    OK ch=7 v=0.2581
    OK ch=1 v=0.2398
    OK ch=3 v=0.2497
    OK ch=5 v=0.2149
    OK ch=7 v=0.2573
    OK ch=1 v=0.2573
    OK ch=3 v=0.2550
    OK ch=5 v=0.2166
    OK ch=7 v=0.2593
    OK ch=1 v=0.2775
    OK ch=3 v=0.2540
    OK ch=5 v=0.2137
    OK ch=7 v=0.2587
    OK ch=1 v=0.2955
    OK ch=3 v=0.2603
    OK ch=7 v=0.2579
    OK ch=1 v=0.2784
    OK ch=3 v=0.2543
    OK ch=7 v=0.2573
    OK ch=1 v=0.2874
    OK ch=3 v=0.2558
    OK ch=5 v=0.2152
    OK ch=1 v=0.2681
    OK ch=3 v=0.2526
    OK ch=7 v=0.2567
    OK ch=1 v=0.2784
    OK ch=3 v=0.2541
    OK ch=5 v=0.2127
    OK ch=1 v=0.2600
    OK ch=3 v=0.2514
    OK ch=7 v=0.2601
    OK ch=1 v=0.2548
    OK ch=3 v=0.2522
    OK ch=5 v=0.2169
    OK ch=7 v=0.2563
    OK ch=1 v=0.2228
    OK ch=3 v=0.2419
    OK ch=5 v=0.2183
    OK ch=7 v=0.2555
    OK ch=1 v=0.2368
    OK ch=3 v=0.2451
    OK ch=5 v=0.2141
    OK ch=7 v=0.2569
    OK ch=1 v=0.2829
    OK ch=3 v=0.2579
    OK ch=5 v=0.2124
    OK ch=7 v=0.2559
    OK ch=1 v=0.2892
    OK ch=3 v=0.2516
    OK ch=5 v=0.2182
    OK ch=7 v=0.2548
    OK ch=1 v=0.2863
    OK ch=3 v=0.2568
    OK ch=5 v=0.2210
    OK ch=7 v=0.2565
    OK ch=1 v=0.2799
    OK ch=5 v=0.2170
    OK ch=7 v=0.2592
    OK ch=1 v=0.2724
    OK ch=5 v=0.2159
    OK ch=3 v=0.2580
    OK ch=5 v=0.2196
    OK ch=7 v=0.2540
    OK ch=1 v=0.2578
    OK ch=3 v=0.2462
    OK ch=5 v=0.2250
    OK ch=1 v=0.2801
    OK ch=3 v=0.2533
    OK ch=5 v=0.2228
    OK ch=7 v=0.2547
    OK ch=1 v=0.2387
    OK ch=3 v=0.2443
    OK ch=5 v=0.2155
    OK ch=1 v=0.2691
    OK ch=3 v=0.2523
    OK ch=5 v=0.2161
    OK ch=7 v=0.2564
    OK ch=1 v=0.2732
    OK ch=3 v=0.2544
    OK ch=5 v=0.2192
    OK ch=1 v=0.2758
    OK ch=3 v=0.2520
    OK ch=1 v=0.2581
    OK ch=5 v=0.2158
    OK ch=7 v=0.2540
    OK ch=1 v=0.2449
    OK ch=3 v=0.2506
    OK ch=5 v=0.2127
[  150.6s] DAMPING     ch0:.... g=-0.0300 bp=-0.024V ratio=0.16  ch1:.... g=-0.0300 bp=-0.008V ratio=0.08  ch2:.... g=+0.0100 bp=-0.025V ratio=0.07  ch3:.... g=-0.0300 bp=-0.011V ratio=0.07
    OK ch=1 v=0.2526
    OK ch=3 v=0.2486
    OK ch=7 v=0.2574
    OK ch=1 v=0.2818
    OK ch=3 v=0.2506
    OK ch=5 v=0.2154
    OK ch=7 v=0.2546
    OK ch=1 v=0.2807
    OK ch=3 v=0.2566
    OK ch=7 v=0.2595
    OK ch=1 v=0.2932
    OK ch=3 v=0.2627
    OK ch=5 v=0.2122
    OK ch=1 v=0.2773
    OK ch=3 v=0.2587
    OK ch=5 v=0.2129
    OK ch=7 v=0.2577
    OK ch=1 v=0.2485
    OK ch=3 v=0.2519
    OK ch=5 v=0.2172
    OK ch=7 v=0.2593
    OK ch=1 v=0.2785
    OK ch=3 v=0.2530
    OK ch=7 v=0.2586
    OK ch=1 v=0.2773
    OK ch=3 v=0.2590
    OK ch=5 v=0.2144
    OK ch=7 v=0.2579
    OK ch=1 v=0.2520
    OK ch=3 v=0.2452
    OK ch=5 v=0.2122
    OK ch=7 v=0.2561
    OK ch=1 v=0.2339
    OK ch=5 v=0.2162
    OK ch=1 v=0.2410
    OK ch=3 v=0.2491
    OK ch=5 v=0.2177
    OK ch=1 v=0.2549
    OK ch=3 v=0.2540
    OK ch=5 v=0.2146
    OK ch=7 v=0.2574
    OK ch=1 v=0.2603
    OK ch=3 v=0.2513
    OK ch=5 v=0.2123
    OK ch=7 v=0.2586
    OK ch=1 v=0.2720
    OK ch=3 v=0.2549
    OK ch=5 v=0.2175
    OK ch=7 v=0.2569
    OK ch=1 v=0.2826
    OK ch=3 v=0.2560
    OK ch=7 v=0.2553
    OK ch=1 v=0.2965
    OK ch=3 v=0.2588
    OK ch=5 v=0.2163
    OK ch=1 v=0.3064
    OK ch=3 v=0.2614
    OK ch=5 v=0.2152
    OK ch=1 v=0.2583
    OK ch=3 v=0.2511
    OK ch=5 v=0.2179
    OK ch=7 v=0.2561

*** LOCKED -- 14.1s after gain was applied (t=151.3s total) ***

    OK ch=3 v=0.2465
    OK ch=5 v=0.2229
    OK ch=1 v=0.2385
    OK ch=3 v=0.2433
    OK ch=5 v=0.2241
    OK ch=7 v=0.2555
    OK ch=1 v=0.2620
    OK ch=3 v=0.2525
    OK ch=5 v=0.2180
    OK ch=7 v=0.2568
    OK ch=1 v=0.2789
    OK ch=3 v=0.2497
    OK ch=5 v=0.2159
    OK ch=7 v=0.2582
    OK ch=1 v=0.2617
    OK ch=3 v=0.2504
    OK ch=5 v=0.2205
    OK ch=7 v=0.2545
    OK ch=1 v=0.2548
    OK ch=5 v=0.2174
    OK ch=7 v=0.2570
    OK ch=1 v=0.2634
    OK ch=3 v=0.2524
    OK ch=5 v=0.2137
    OK ch=7 v=0.2550
    OK ch=1 v=0.2742
    OK ch=5 v=0.2144
    OK ch=7 v=0.2530
    OK ch=1 v=0.2997
    OK ch=3 v=0.2582
    OK ch=5 v=0.2164
    OK ch=7 v=0.2561
    OK ch=1 v=0.2687
    OK ch=3 v=0.2544
    OK ch=7 v=0.2573
    OK ch=1 v=0.2764
    OK ch=3 v=0.2520
    OK ch=5 v=0.2135
    OK ch=7 v=0.2563
    OK ch=1 v=0.2734
    OK ch=3 v=0.2563
    OK ch=5 v=0.2107
    OK ch=7 v=0.2610
    OK ch=1 v=0.2712
    OK ch=3 v=0.2569
    OK ch=5 v=0.2171
    OK ch=7 v=0.2581
    OK ch=1 v=0.2722
    OK ch=3 v=0.2554
    OK ch=5 v=0.2156
    OK ch=7 v=0.2605
    OK ch=1 v=0.2642
    OK ch=3 v=0.2527
    OK ch=5 v=0.2114
    OK ch=7 v=0.2584
    OK ch=1 v=0.2297
    OK ch=3 v=0.2543
    OK ch=5 v=0.2141
    OK ch=7 v=0.2596
    OK ch=1 v=0.2822
    OK ch=3 v=0.2527
    OK ch=5 v=0.2157
    OK ch=7 v=0.2575
    OK ch=1 v=0.2602
    OK ch=3 v=0.2452
    OK ch=5 v=0.2171
    OK ch=7 v=0.2532
    OK ch=1 v=0.2472
    OK ch=3 v=0.2465
    OK ch=5 v=0.2134
    OK ch=7 v=0.2559
    OK ch=1 v=0.2920
    OK ch=3 v=0.2572
    OK ch=5 v=0.2147
    OK ch=7 v=0.2567
    OK ch=1 v=0.2696
    OK ch=3 v=0.2530
    OK ch=5 v=0.2188
    OK ch=1 v=0.2706
    OK ch=3 v=0.2557
    OK ch=5 v=0.2194
    OK ch=7 v=0.2556
    OK ch=1 v=0.2834
    OK ch=3 v=0.2494
    OK ch=5 v=0.2164
    OK ch=7 v=0.2581
    OK ch=1 v=0.2552
    OK ch=3 v=0.2552
    OK ch=5 v=0.2207
    OK ch=7 v=0.2545
    OK ch=1 v=0.2297
    OK ch=3 v=0.2472
    OK ch=5 v=0.2221
    OK ch=7 v=0.2570
    OK ch=1 v=0.2541
    OK ch=3 v=0.2501
    OK ch=5 v=0.2191
    OK ch=7 v=0.2551
    OK ch=1 v=0.2840
    OK ch=3 v=0.2540
    OK ch=5 v=0.2146
    OK ch=1 v=0.2917
    OK ch=3 v=0.2581
    OK ch=5 v=0.2160
    OK ch=1 v=0.2740
    OK ch=3 v=0.2541
    OK ch=5 v=0.2203
    OK ch=1 v=0.2771
    OK ch=5 v=0.2192
    OK ch=7 v=0.2558
    OK ch=1 v=0.2522
    OK ch=3 v=0.2498
    OK ch=5 v=0.2159
    OK ch=7 v=0.2563
    OK ch=1 v=0.2606
    OK ch=3 v=0.2591
    OK ch=7 v=0.2556
    OK ch=1 v=0.2691
    OK ch=3 v=0.2529
    OK ch=5 v=0.2177
    OK ch=1 v=0.3005
    OK ch=3 v=0.2548
    OK ch=5 v=0.2168
    OK ch=7 v=0.2588
    OK ch=1 v=0.2656
    OK ch=3 v=0.2462
    OK ch=5 v=0.2151
    OK ch=7 v=0.2565
    OK ch=1 v=0.2589
    OK ch=3 v=0.2537
    OK ch=5 v=0.2127
    OK ch=7 v=0.2609
    OK ch=1 v=0.2580
    OK ch=3 v=0.2524
    OK ch=5 v=0.2151
    OK ch=7 v=0.2579
    OK ch=1 v=0.2763
    OK ch=3 v=0.2534
    OK ch=5 v=0.2162
    OK ch=1 v=0.2832
    OK ch=3 v=0.2569
    OK ch=5 v=0.2113
    OK ch=7 v=0.2589
    OK ch=1 v=0.2649
    OK ch=3 v=0.2562
    OK ch=7 v=0.2582
    OK ch=1 v=0.2725
    OK ch=3 v=0.2525
    OK ch=5 v=0.2136
    OK ch=7 v=0.2588
    OK ch=1 v=0.2385
    OK ch=3 v=0.2469
    OK ch=5 v=0.2162
    OK ch=1 v=0.2550
    OK ch=3 v=0.2463
    OK ch=5 v=0.2144
    OK ch=7 v=0.2549
    OK ch=1 v=0.2788
    OK ch=3 v=0.2555
    OK ch=5 v=0.2125
    OK ch=7 v=0.2556
    OK ch=1 v=0.2933
    OK ch=3 v=0.2574
    OK ch=5 v=0.2146
    OK ch=7 v=0.2572
    OK ch=1 v=0.2597
    OK ch=3 v=0.2490
    OK ch=5 v=0.2203
    OK ch=7 v=0.2561
    OK ch=1 v=0.2639
    OK ch=3 v=0.2510
    OK ch=5 v=0.2173
    OK ch=1 v=0.2620
    OK ch=3 v=0.2519
    OK ch=5 v=0.2158
    OK ch=7 v=0.2586
    OK ch=1 v=0.2680
    OK ch=3 v=0.2559
    OK ch=5 v=0.2200
    OK ch=7 v=0.2573
    OK ch=1 v=0.2329
    OK ch=3 v=0.2508
    OK ch=5 v=0.2216
    OK ch=7 v=0.2545
    OK ch=1 v=0.2608
    OK ch=3 v=0.2482
    OK ch=5 v=0.2165
    OK ch=1 v=0.2714
    OK ch=3 v=0.2489
    OK ch=5 v=0.2158
    OK ch=7 v=0.2577
    OK ch=1 v=0.2791
    OK ch=3 v=0.2541
    OK ch=5 v=0.2188
    OK ch=7 v=0.2558
    OK ch=1 v=0.2895
    OK ch=3 v=0.2581
    OK ch=5 v=0.2206
    OK ch=7 v=0.2547
    OK ch=1 v=0.2510
    OK ch=3 v=0.2535
    OK ch=5 v=0.2177
    OK ch=7 v=0.2541
    OK ch=1 v=0.2980
    OK ch=3 v=0.2557
    OK ch=5 v=0.2151
    OK ch=7 v=0.2562
    OK ch=1 v=0.2663
    OK ch=3 v=0.2468
    OK ch=5 v=0.2193
    OK ch=7 v=0.2569
    OK ch=1 v=0.2730
    OK ch=5 v=0.2174
    OK ch=7 v=0.2548
    OK ch=1 v=0.2543
    OK ch=3 v=0.2513
    OK ch=5 v=0.2146
    OK ch=7 v=0.2574
    OK ch=1 v=0.2691
    OK ch=3 v=0.2553
    OK ch=5 v=0.2133
    OK ch=7 v=0.2580
    OK ch=1 v=0.2721
    OK ch=3 v=0.2564
    OK ch=5 v=0.2143
    OK ch=7 v=0.2589
    OK ch=1 v=0.2601
    OK ch=3 v=0.2495
    OK ch=5 v=0.2160
    OK ch=7 v=0.2572
    OK ch=1 v=0.2533
    OK ch=3 v=0.2552
    OK ch=5 v=0.2115
    OK ch=1 v=0.2619
    OK ch=3 v=0.2532
    OK ch=7 v=0.2578
    OK ch=1 v=0.2478
    OK ch=3 v=0.2514
    OK ch=5 v=0.2147
    OK ch=7 v=0.2554
    OK ch=1 v=0.2890
    OK ch=3 v=0.2560
    OK ch=5 v=0.2170
    OK ch=7 v=0.2588
    OK ch=1 v=0.2774
    OK ch=3 v=0.2579
    OK ch=5 v=0.2123
    OK ch=7 v=0.2598
    OK ch=1 v=0.2529
    OK ch=3 v=0.2481
    OK ch=5 v=0.2146
    OK ch=7 v=0.2565
    OK ch=1 v=0.2512
    OK ch=3 v=0.2536
    OK ch=5 v=0.2172
    OK ch=7 v=0.2559
    OK ch=1 v=0.2826
    OK ch=3 v=0.2542
    OK ch=5 v=0.2181
    OK ch=7 v=0.2584
    OK ch=1 v=0.2669
    OK ch=3 v=0.2502
    OK ch=5 v=0.2157
    OK ch=7 v=0.2593
    OK ch=1 v=0.2851
    OK ch=3 v=0.2642
    OK ch=5 v=0.2168
    OK ch=7 v=0.2573
    OK ch=1 v=0.2494
    OK ch=3 v=0.2485
    OK ch=5 v=0.2218
    OK ch=7 v=0.2554
    OK ch=1 v=0.2817
    OK ch=3 v=0.2527
    OK ch=5 v=0.2197
    OK ch=1 v=0.2611
    OK ch=3 v=0.2521
    OK ch=5 v=0.2154
    OK ch=7 v=0.2546
    OK ch=1 v=0.2557
    OK ch=3 v=0.2497
    OK ch=5 v=0.2164
    OK ch=7 v=0.2563
    OK ch=1 v=0.2579
    OK ch=3 v=0.2456
    OK ch=5 v=0.2208
    OK ch=7 v=0.2545
    OK ch=1 v=0.2806
    OK ch=5 v=0.2176
    OK ch=7 v=0.2538
    OK ch=1 v=0.2659
    OK ch=3 v=0.2521
    OK ch=5 v=0.2164
    OK ch=7 v=0.2546
    OK ch=1 v=0.2872
    OK ch=3 v=0.2485
    OK ch=5 v=0.2146
    OK ch=7 v=0.2569
    OK ch=1 v=0.2408
    OK ch=3 v=0.2508
    OK ch=5 v=0.2187
    OK ch=7 v=0.2574
    OK ch=1 v=0.2487
    OK ch=3 v=0.2557
    OK ch=5 v=0.2164
    OK ch=7 v=0.2562
    OK ch=1 v=0.2981
    OK ch=3 v=0.2616
    OK ch=5 v=0.2128
    OK ch=1 v=0.2746
    OK ch=3 v=0.2601
    OK ch=5 v=0.2133
    OK ch=7 v=0.2577
    OK ch=1 v=0.2502
    OK ch=3 v=0.2488
    OK ch=5 v=0.2160
    OK ch=1 v=0.2754
    OK ch=3 v=0.2548
    OK ch=5 v=0.2147
    OK ch=7 v=0.2588
    OK ch=1 v=0.2533
    OK ch=3 v=0.2543
    OK ch=5 v=0.2133
    OK ch=7 v=0.2606
    OK ch=1 v=0.2603
    OK ch=3 v=0.2512
    OK ch=5 v=0.2151
    OK ch=7 v=0.2584
    OK ch=1 v=0.2935
    OK ch=3 v=0.2580
    OK ch=5 v=0.2161
    OK ch=7 v=0.2549
    OK ch=1 v=0.2659
    OK ch=3 v=0.2479
    OK ch=5 v=0.2146
    OK ch=7 v=0.2584
    OK ch=1 v=0.2866
    OK ch=3 v=0.2558
    OK ch=5 v=0.2120
    OK ch=7 v=0.2595
    OK ch=1 v=0.2761
    OK ch=5 v=0.2166
    OK ch=7 v=0.2563
    OK ch=1 v=0.2675
    OK ch=3 v=0.2490
    OK ch=5 v=0.2201
    OK ch=7 v=0.2557
    OK ch=1 v=0.2611
    OK ch=3 v=0.2496
    OK ch=5 v=0.2170
    OK ch=1 v=0.2767
    OK ch=3 v=0.2553
    OK ch=5 v=0.2155
    OK ch=7 v=0.2573
    OK ch=1 v=0.2720
    OK ch=3 v=0.2546
    OK ch=5 v=0.2174
    OK ch=7 v=0.2539
    OK ch=1 v=0.2352
    OK ch=3 v=0.2467
    OK ch=5 v=0.2210
    OK ch=7 v=0.2555
    OK ch=1 v=0.2596
    OK ch=3 v=0.2508
    OK ch=5 v=0.2183
    OK ch=1 v=0.2858
    OK ch=3 v=0.2570
    OK ch=5 v=0.2150
    OK ch=7 v=0.2567
    OK ch=1 v=0.2533
    OK ch=3 v=0.2465
    OK ch=5 v=0.2165
    OK ch=7 v=0.2561
    OK ch=1 v=0.2607
    OK ch=3 v=0.2481
    OK ch=5 v=0.2215
    OK ch=7 v=0.2540
    OK ch=1 v=0.2880
    OK ch=3 v=0.2537
    OK ch=5 v=0.2182
    OK ch=7 v=0.2570
    OK ch=1 v=0.2741
    OK ch=3 v=0.2557
    OK ch=5 v=0.2148
    OK ch=7 v=0.2576
    OK ch=1 v=0.2816
    OK ch=3 v=0.2563
    OK ch=5 v=0.2171
    OK ch=1 v=0.2715
    OK ch=5 v=0.2185
[  155.6s] DAMPING     ch0:LOCK g=-0.0300 bp=+0.035V ratio=0.13  ch1:LOCK g=-0.0300 bp=+0.004V ratio=0.08  ch2:LOCK g=+0.0100 bp=-0.027V ratio=0.05  ch3:LOCK g=-0.0300 bp=-0.003V ratio=0.06
    OK ch=1 v=0.2583
    OK ch=3 v=0.2535
    OK ch=7 v=0.2596
    OK ch=1 v=0.2498
    OK ch=3 v=0.2521
    OK ch=5 v=0.2142
    OK ch=7 v=0.2572
    OK ch=1 v=0.2515
    OK ch=3 v=0.2484
    OK ch=5 v=0.2122
    OK ch=5 v=0.2144
    OK ch=7 v=0.2550
    OK ch=1 v=0.2750
    OK ch=3 v=0.2510
    OK ch=5 v=0.2161
    OK ch=7 v=0.2571
    OK ch=1 v=0.2760
    OK ch=3 v=0.2547
    OK ch=5 v=0.2137
    OK ch=7 v=0.2565
    OK ch=1 v=0.2873
    OK ch=3 v=0.2606
    OK ch=5 v=0.2113
    OK ch=7 v=0.2600
    OK ch=1 v=0.2866
    OK ch=3 v=0.2576
    OK ch=5 v=0.2151
    OK ch=7 v=0.2571
    OK ch=1 v=0.2580
    OK ch=3 v=0.2469
    OK ch=5 v=0.2165
    OK ch=7 v=0.2587
    OK ch=1 v=0.2694
    OK ch=3 v=0.2538
    OK ch=7 v=0.2570
    OK ch=1 v=0.2623
    OK ch=3 v=0.2512
    OK ch=5 v=0.2143
    OK ch=7 v=0.2578
    OK ch=1 v=0.2805
    OK ch=3 v=0.2521
    OK ch=5 v=0.2159
    OK ch=7 v=0.2552
    OK ch=1 v=0.2589
    OK ch=3 v=0.2548
    OK ch=5 v=0.2183
    OK ch=1 v=0.2747
    OK ch=3 v=0.2558
    OK ch=5 v=0.2175
    OK ch=7 v=0.2592
    OK ch=1 v=0.2396
    OK ch=3 v=0.2502
    OK ch=5 v=0.2149
    OK ch=7 v=0.2570
    OK ch=1 v=0.2594
    OK ch=3 v=0.2534
    OK ch=5 v=0.2175
    OK ch=7 v=0.2541
    OK ch=1 v=0.2486
    OK ch=3 v=0.2467
    OK ch=5 v=0.2194
    OK ch=7 v=0.2556
    OK ch=1 v=0.2713
    OK ch=3 v=0.2510
    OK ch=5 v=0.2177
    OK ch=7 v=0.2564
    OK ch=1 v=0.2852
    OK ch=3 v=0.2571
    OK ch=5 v=0.2148
    OK ch=1 v=0.2792
    OK ch=3 v=0.2510
    OK ch=5 v=0.2173
    OK ch=7 v=0.2544
    OK ch=1 v=0.2549
    OK ch=5 v=0.2217
    OK ch=1 v=0.2846
    OK ch=3 v=0.2564
    OK ch=5 v=0.2205
    OK ch=7 v=0.2577
    OK ch=1 v=0.2570
    OK ch=3 v=0.2510
    OK ch=5 v=0.2163
    OK ch=7 v=0.2596
    OK ch=1 v=0.2615
    OK ch=5 v=0.2179
    OK ch=7 v=0.2566
    OK ch=1 v=0.2677
    OK ch=5 v=0.2189
    OK ch=7 v=0.2561
    OK ch=1 v=0.2802
    OK ch=3 v=0.2577
    OK ch=5 v=0.2168
    OK ch=7 v=0.2574
    OK ch=1 v=0.2648
    OK ch=3 v=0.2506
    OK ch=5 v=0.2135
    OK ch=7 v=0.2552
    OK ch=1 v=0.2733
    OK ch=3 v=0.2535
    OK ch=5 v=0.2127
    OK ch=7 v=0.2577
    OK ch=1 v=0.2762
    OK ch=3 v=0.2503
    OK ch=5 v=0.2154
    OK ch=1 v=0.2801
    OK ch=3 v=0.2563
    OK ch=1 v=0.2578
    OK ch=3 v=0.2491
    OK ch=5 v=0.2159
    OK ch=7 v=0.2562
    OK ch=1 v=0.2803
    OK ch=3 v=0.2558
    OK ch=5 v=0.2119
    OK ch=7 v=0.2594
    OK ch=1 v=0.2572
    OK ch=3 v=0.2548
    OK ch=5 v=0.2157
    OK ch=7 v=0.2566
    OK ch=1 v=0.2504
    OK ch=3 v=0.2526
    OK ch=5 v=0.2162
    OK ch=7 v=0.2561
    OK ch=1 v=0.2402
    OK ch=3 v=0.2475
    OK ch=5 v=0.2127
    OK ch=7 v=0.2574
    OK ch=1 v=0.2660
    OK ch=3 v=0.2519
    OK ch=7 v=0.2550
    OK ch=1 v=0.2684
    OK ch=5 v=0.2151
    OK ch=7 v=0.2563
    OK ch=1 v=0.2859
    OK ch=3 v=0.2569
    OK ch=5 v=0.2181
    OK ch=7 v=0.2579
    OK ch=1 v=0.2699
    OK ch=3 v=0.2508
    OK ch=5 v=0.2176
    OK ch=7 v=0.2567
    OK ch=1 v=0.2740
    OK ch=3 v=0.2584
    OK ch=5 v=0.2158
    OK ch=7 v=0.2588
    OK ch=1 v=0.2619
    OK ch=3 v=0.2542
    OK ch=5 v=0.2194
    OK ch=7 v=0.2573
    OK ch=1 v=0.2557
    OK ch=3 v=0.2527
    OK ch=5 v=0.2207
    OK ch=7 v=0.2567
    OK ch=1 v=0.2658
    OK ch=3 v=0.2511
    OK ch=5 v=0.2178
    OK ch=7 v=0.2531
    OK ch=1 v=0.2744
    OK ch=3 v=0.2536
    OK ch=5 v=0.2164
    OK ch=7 v=0.2561
    OK ch=1 v=0.2563
    OK ch=3 v=0.2455
    OK ch=5 v=0.2203
    OK ch=1 v=0.2764
    OK ch=3 v=0.2496
    OK ch=1 v=0.2693
    OK ch=3 v=0.2489
    OK ch=5 v=0.2172
    OK ch=7 v=0.2551
    OK ch=1 v=0.2791
    OK ch=3 v=0.2560
    OK ch=5 v=0.2143
    OK ch=7 v=0.2566
    OK ch=1 v=0.2534
    OK ch=3 v=0.2493
    OK ch=5 v=0.2170
    OK ch=7 v=0.2548
    OK ch=1 v=0.2723
    OK ch=3 v=0.2540
    OK ch=5 v=0.2189
    OK ch=1 v=0.2698
    OK ch=3 v=0.2475
    OK ch=5 v=0.2163
    OK ch=7 v=0.2571
    OK ch=1 v=0.2496
    OK ch=3 v=0.2514
    OK ch=5 v=0.2125
    OK ch=7 v=0.2587
    OK ch=1 v=0.2791
    OK ch=3 v=0.2597
    OK ch=5 v=0.2159
    OK ch=7 v=0.2572
    OK ch=1 v=0.2593
    OK ch=3 v=0.2564
    OK ch=7 v=0.2592
    OK ch=1 v=0.2674
    OK ch=3 v=0.2546
    OK ch=5 v=0.2144
    OK ch=7 v=0.2613
    OK ch=1 v=0.2849
    OK ch=5 v=0.2118
    OK ch=7 v=0.2567
    OK ch=1 v=0.2513
    OK ch=3 v=0.2444
    OK ch=7 v=0.2593
    OK ch=1 v=0.2650
    OK ch=3 v=0.2488
    OK ch=5 v=0.2151
    OK ch=7 v=0.2568
    OK ch=1 v=0.2798
    OK ch=3 v=0.2594
    OK ch=1 v=0.2769
    OK ch=3 v=0.2533
    OK ch=5 v=0.2144
    OK ch=1 v=0.2560
    OK ch=3 v=0.2519
    OK ch=5 v=0.2137
    OK ch=1 v=0.2547
    OK ch=5 v=0.2166
    OK ch=7 v=0.2579
    OK ch=1 v=0.2559
    OK ch=3 v=0.2484
    OK ch=5 v=0.2186
    OK ch=7 v=0.2542
    OK ch=1 v=0.2735
    OK ch=3 v=0.2561
    OK ch=5 v=0.2163
    OK ch=7 v=0.2565
    OK ch=1 v=0.2711
    OK ch=3 v=0.2492
    OK ch=5 v=0.2153
    OK ch=7 v=0.2581
    OK ch=1 v=0.2857
    OK ch=3 v=0.2562
    OK ch=5 v=0.2181
    OK ch=7 v=0.2567
    OK ch=1 v=0.2758
    OK ch=3 v=0.2528
    OK ch=5 v=0.2203
    OK ch=7 v=0.2541
    OK ch=1 v=0.2565
    OK ch=3 v=0.2520
    OK ch=5 v=0.2177
    OK ch=7 v=0.2557
    OK ch=1 v=0.2902
    OK ch=3 v=0.2567
    OK ch=5 v=0.2171
    OK ch=7 v=0.2576
    OK ch=1 v=0.2668
    OK ch=3 v=0.2514
    OK ch=5 v=0.2209
    OK ch=7 v=0.2553
    OK ch=1 v=0.2469
    OK ch=3 v=0.2473
    OK ch=5 v=0.2201
    OK ch=1 v=0.2306
    OK ch=3 v=0.2456
    OK ch=5 v=0.2172
    OK ch=7 v=0.2547
    OK ch=1 v=0.2799
    OK ch=3 v=0.2560
    OK ch=5 v=0.2159
    OK ch=1 v=0.2806
    OK ch=3 v=0.2522
    OK ch=7 v=0.2574
    OK ch=1 v=0.2852
    OK ch=3 v=0.2551
    OK ch=7 v=0.2581
    OK ch=1 v=0.2664
    OK ch=3 v=0.2539
    OK ch=5 v=0.2149
    OK ch=7 v=0.2567
    OK ch=1 v=0.2401
    OK ch=3 v=0.2485
    OK ch=5 v=0.2126
    OK ch=7 v=0.2588
    OK ch=1 v=0.2579
    OK ch=3 v=0.2468
    OK ch=5 v=0.2163
    OK ch=7 v=0.2574
    OK ch=1 v=0.2860
    OK ch=3 v=0.2569
    OK ch=1 v=0.2758
    OK ch=3 v=0.2592
    OK ch=5 v=0.2133
    OK ch=7 v=0.2579
    OK ch=1 v=0.2752
    OK ch=3 v=0.2577
    OK ch=5 v=0.2126
    OK ch=7 v=0.2590
    OK ch=1 v=0.2557
    OK ch=3 v=0.2508
    OK ch=5 v=0.2148
    OK ch=7 v=0.2584
    OK ch=1 v=0.2678
    OK ch=3 v=0.2583
    OK ch=5 v=0.2154
    OK ch=7 v=0.2564
    OK ch=1 v=0.2825
    OK ch=3 v=0.2596
    OK ch=5 v=0.2142
    OK ch=7 v=0.2584
    OK ch=1 v=0.2515
    OK ch=3 v=0.2488
    OK ch=1 v=0.2766
    OK ch=3 v=0.2512
    OK ch=5 v=0.2172
    OK ch=7 v=0.2564
    OK ch=1 v=0.2730
    OK ch=3 v=0.2500
    OK ch=5 v=0.2186
    OK ch=7 v=0.2548
    OK ch=1 v=0.2678
    OK ch=3 v=0.2519
    OK ch=5 v=0.2166
    OK ch=7 v=0.2575
    OK ch=1 v=0.2596
    OK ch=3 v=0.2397
    OK ch=7 v=0.2565
    OK ch=1 v=0.2840
    OK ch=3 v=0.2518
    OK ch=5 v=0.2180
    OK ch=3 v=0.2613
    OK ch=5 v=0.2190
    OK ch=7 v=0.2552
    OK ch=1 v=0.2758
    OK ch=3 v=0.2567
    OK ch=5 v=0.2196
    OK ch=7 v=0.2577
    OK ch=1 v=0.2375
    OK ch=3 v=0.2460
    OK ch=5 v=0.2170
    OK ch=7 v=0.2557
    OK ch=1 v=0.2503
    OK ch=3 v=0.2488
    OK ch=5 v=0.2186
    OK ch=7 v=0.2534
    OK ch=1 v=0.2664
    OK ch=3 v=0.2522
    OK ch=1 v=0.2500
    OK ch=3 v=0.2495
    OK ch=7 v=0.2550
    OK ch=1 v=0.2512
    OK ch=3 v=0.2531
    OK ch=5 v=0.2140
    OK ch=7 v=0.2563
    OK ch=1 v=0.2802
    OK ch=3 v=0.2540
    OK ch=5 v=0.2155
    OK ch=7 v=0.2570
    OK ch=1 v=0.2641
    OK ch=3 v=0.2516
    OK ch=5 v=0.2185
    OK ch=7 v=0.2584
    OK ch=1 v=0.2535
    OK ch=3 v=0.2563
    OK ch=5 v=0.2162
    OK ch=7 v=0.2570
    OK ch=1 v=0.2758
    OK ch=3 v=0.2594
    OK ch=5 v=0.2139
    OK ch=7 v=0.2579
    OK ch=1 v=0.2856
    OK ch=3 v=0.2575
    OK ch=5 v=0.2157
    OK ch=7 v=0.2566
    OK ch=1 v=0.2763
    OK ch=3 v=0.2540
    OK ch=5 v=0.2170
    OK ch=7 v=0.2576
    OK ch=1 v=0.2596
    OK ch=3 v=0.2492
    OK ch=5 v=0.2151
    OK ch=7 v=0.2610
    OK ch=1 v=0.2882
    OK ch=3 v=0.2563
    OK ch=5 v=0.2135
    OK ch=7 v=0.2589
    OK ch=1 v=0.2636
    OK ch=3 v=0.2550
    OK ch=5 v=0.2157
    OK ch=7 v=0.2565
    OK ch=1 v=0.2623
    OK ch=5 v=0.2165
    OK ch=1 v=0.2547
    OK ch=3 v=0.2460
    OK ch=1 v=0.2769
    OK ch=3 v=0.2513
    OK ch=5 v=0.2134
    OK ch=7 v=0.2573
    OK ch=1 v=0.2752
    OK ch=3 v=0.2487
    OK ch=5 v=0.2125
    OK ch=7 v=0.2540
    OK ch=1 v=0.2846
    OK ch=3 v=0.2565
    OK ch=5 v=0.2153
    OK ch=7 v=0.2578
    OK ch=1 v=0.2668
    OK ch=3 v=0.2530
    OK ch=5 v=0.2182
    OK ch=7 v=0.2570
    OK ch=1 v=0.2584
    OK ch=3 v=0.2498
    OK ch=5 v=0.2156
    OK ch=1 v=0.2553
    OK ch=3 v=0.2511
    OK ch=7 v=0.2591
    OK ch=1 v=0.2781
    OK ch=3 v=0.2471
    OK ch=5 v=0.2176
    OK ch=7 v=0.2566
    OK ch=1 v=0.2518
    OK ch=3 v=0.2482
    OK ch=5 v=0.2193
    OK ch=7 v=0.2560
    OK ch=1 v=0.2804
    OK ch=3 v=0.2606
    OK ch=5 v=0.2171
    OK ch=1 v=0.2652
    OK ch=3 v=0.2499
    OK ch=7 v=0.2551
    OK ch=1 v=0.2501
    OK ch=3 v=0.2529
    OK ch=5 v=0.2186
    OK ch=7 v=0.2578
    OK ch=1 v=0.2581
    OK ch=3 v=0.2513
    OK ch=5 v=0.2199
    OK ch=1 v=0.2757
    OK ch=3 v=0.2537
    OK ch=5 v=0.2162
    OK ch=7 v=0.2566
    OK ch=1 v=0.2773
    OK ch=5 v=0.2146
    OK ch=7 v=0.2539
    OK ch=1 v=0.2844
    OK ch=3 v=0.2573
    OK ch=5 v=0.2154
    OK ch=7 v=0.2554
    OK ch=1 v=0.2426
    OK ch=3 v=0.2494
    OK ch=5 v=0.2203
    OK ch=7 v=0.2563
    OK ch=1 v=0.2693
    OK ch=3 v=0.2514
    OK ch=5 v=0.2157
    OK ch=7 v=0.2579
    OK ch=1 v=0.2725
    OK ch=3 v=0.2545
    OK ch=5 v=0.2144
    OK ch=7 v=0.2567
[  160.6s] DAMPING     ch0:LOCK g=-0.0300 bp=+0.002V ratio=0.09  ch1:LOCK g=-0.0300 bp=+0.002V ratio=0.07  ch2:LOCK g=+0.0100 bp=-0.009V ratio=0.04  ch3:LOCK g=-0.0300 bp=-0.002V ratio=0.04
    OK ch=1 v=0.2597
    OK ch=3 v=0.2463
    OK ch=5 v=0.2149
    OK ch=1 v=0.2751
    OK ch=3 v=0.2562
    OK ch=5 v=0.2168
    OK ch=7 v=0.2578
    OK ch=1 v=0.3037
    OK ch=5 v=0.2158
    OK ch=7 v=0.2566
    OK ch=1 v=0.2736
    OK ch=3 v=0.2516
    OK ch=5 v=0.2139
    OK ch=7 v=0.2576
    OK ch=1 v=0.2652
    OK ch=3 v=0.2554
    OK ch=5 v=0.2151
    OK ch=7 v=0.2599
    OK ch=3 v=0.2516
    OK ch=5 v=0.2165
    OK ch=7 v=0.2591
    OK ch=1 v=0.2529
    OK ch=3 v=0.2475
    OK ch=5 v=0.2155
    OK ch=7 v=0.2534
    OK ch=1 v=0.2701
    OK ch=3 v=0.2589
    OK ch=5 v=0.2138
    OK ch=7 v=0.2567
    OK ch=1 v=0.2360
    OK ch=3 v=0.2448
    OK ch=5 v=0.2153
    OK ch=7 v=0.2573
    OK ch=1 v=0.2586
    OK ch=3 v=0.2543
    OK ch=5 v=0.2167
    OK ch=1 v=0.2851
    OK ch=3 v=0.2557
    OK ch=7 v=0.2546
    OK ch=1 v=0.2800
    OK ch=3 v=0.2503
    OK ch=5 v=0.2143
    OK ch=1 v=0.2465
    OK ch=3 v=0.2510
    OK ch=5 v=0.2166
    OK ch=7 v=0.2565
    OK ch=1 v=0.2608
    OK ch=3 v=0.2542
    OK ch=5 v=0.2189
    OK ch=7 v=0.2559
    OK ch=1 v=0.2429
    OK ch=3 v=0.2507
    OK ch=5 v=0.2163
    OK ch=7 v=0.2585
    OK ch=1 v=0.2631
    OK ch=7 v=0.2549
    OK ch=1 v=0.2972
    OK ch=3 v=0.2593
    OK ch=5 v=0.2170
    OK ch=7 v=0.2581
    OK ch=1 v=0.2893
    OK ch=3 v=0.2555
    OK ch=5 v=0.2207
    OK ch=1 v=0.2909
    OK ch=3 v=0.2527
    OK ch=5 v=0.2191
    OK ch=7 v=0.2573
    OK ch=1 v=0.2534
    OK ch=3 v=0.2520
    OK ch=5 v=0.2168
    OK ch=7 v=0.2559
    OK ch=1 v=0.2454
    OK ch=3 v=0.2509
    OK ch=5 v=0.2179
    OK ch=1 v=0.2441
    OK ch=3 v=0.2452
    OK ch=5 v=0.2194
    OK ch=7 v=0.2538
    OK ch=1 v=0.2969
    OK ch=3 v=0.2570
    OK ch=5 v=0.2184
    OK ch=7 v=0.2556
    OK ch=1 v=0.2744
    OK ch=3 v=0.2554
    OK ch=5 v=0.2146
    OK ch=7 v=0.2576
    OK ch=1 v=0.2838
    OK ch=3 v=0.2541
    OK ch=1 v=0.2773
    OK ch=3 v=0.2488
    OK ch=7 v=0.2588
    OK ch=1 v=0.2764
    OK ch=3 v=0.2541
    OK ch=7 v=0.2574
    OK ch=1 v=0.2586
    OK ch=3 v=0.2501
    OK ch=5 v=0.2134
    OK ch=7 v=0.2569
    OK ch=1 v=0.2374
    OK ch=3 v=0.2443
    OK ch=7 v=0.2579
    OK ch=1 v=0.2691
    OK ch=3 v=0.2540
    OK ch=5 v=0.2128
    OK ch=1 v=0.2925
    OK ch=3 v=0.2622
    OK ch=5 v=0.2145
    OK ch=1 v=0.2712
    OK ch=3 v=0.2546
    OK ch=5 v=0.2150
    OK ch=7 v=0.2559
    OK ch=1 v=0.2816
    OK ch=5 v=0.2134
    OK ch=7 v=0.2581
    OK ch=1 v=0.2673
    OK ch=3 v=0.2513
    OK ch=5 v=0.2148
    OK ch=7 v=0.2593
    OK ch=1 v=0.2724
    OK ch=3 v=0.2533
    OK ch=5 v=0.2166
    OK ch=7 v=0.2586
    OK ch=1 v=0.2616
    OK ch=3 v=0.2557
    OK ch=7 v=0.2577
    OK ch=1 v=0.2787
    OK ch=3 v=0.2588
    OK ch=5 v=0.2156
    OK ch=7 v=0.2572
    OK ch=1 v=0.2435
    OK ch=3 v=0.2479
    OK ch=5 v=0.2162
    OK ch=7 v=0.2556
    OK ch=1 v=0.2511
    OK ch=3 v=0.2509
    OK ch=5 v=0.2177
    OK ch=1 v=0.2572
    OK ch=3 v=0.2531
    OK ch=7 v=0.2547
    OK ch=1 v=0.2811
    OK ch=3 v=0.2511
    OK ch=5 v=0.2170
    OK ch=1 v=0.2646
    OK ch=3 v=0.2486
    OK ch=5 v=0.2157
    OK ch=1 v=0.2637
    OK ch=3 v=0.2575
    OK ch=5 v=0.2175
    OK ch=7 v=0.2561
    OK ch=1 v=0.2663
    OK ch=3 v=0.2568
    OK ch=5 v=0.2198
    OK ch=7 v=0.2545
    OK ch=1 v=0.2825
    OK ch=3 v=0.2527
    OK ch=5 v=0.2186
    OK ch=7 v=0.2563
    OK ch=1 v=0.2476
    OK ch=3 v=0.2472
    OK ch=5 v=0.2173
    OK ch=7 v=0.2569
    OK ch=1 v=0.2462
    OK ch=3 v=0.2446
    OK ch=5 v=0.2202
    OK ch=7 v=0.2536
    OK ch=1 v=0.2856
    OK ch=3 v=0.2565
    OK ch=7 v=0.2578
    OK ch=1 v=0.2826
    OK ch=3 v=0.2602
    OK ch=5 v=0.2174
    OK ch=7 v=0.2572
    OK ch=1 v=0.2880
    OK ch=3 v=0.2550
    OK ch=5 v=0.2148
    OK ch=7 v=0.2558
    OK ch=1 v=0.2638
    OK ch=3 v=0.2496
    OK ch=5 v=0.2167
    OK ch=7 v=0.2572
    OK ch=1 v=0.2671
    OK ch=3 v=0.2508
    OK ch=5 v=0.2174
    OK ch=7 v=0.2586
    OK ch=1 v=0.2362
    OK ch=3 v=0.2401
    OK ch=5 v=0.2145
    OK ch=7 v=0.2605
    OK ch=1 v=0.2952
    OK ch=3 v=0.2591
    OK ch=5 v=0.2110
    OK ch=7 v=0.2572
    OK ch=1 v=0.2578
    OK ch=3 v=0.2547
    OK ch=5 v=0.2139
    OK ch=7 v=0.2552
    OK ch=1 v=0.2865
    OK ch=3 v=0.2602
    OK ch=7 v=0.2577
    OK ch=1 v=0.2765
    OK ch=3 v=0.2541
    OK ch=5 v=0.2148
    OK ch=1 v=0.2747
    OK ch=3 v=0.2534
    OK ch=5 v=0.2138
    OK ch=1 v=0.2574
    OK ch=3 v=0.2505
    OK ch=5 v=0.2132
    OK ch=1 v=0.2387
    OK ch=3 v=0.2431
    OK ch=5 v=0.2170
    OK ch=1 v=0.2726
    OK ch=3 v=0.2586
    OK ch=5 v=0.2152
    OK ch=1 v=0.2848
    OK ch=3 v=0.2591
    OK ch=1 v=0.2619
    OK ch=3 v=0.2541
    OK ch=5 v=0.2145
    OK ch=7 v=0.2547
    OK ch=1 v=0.2487
    OK ch=3 v=0.2496
    OK ch=5 v=0.2172
    OK ch=7 v=0.2580
    OK ch=1 v=0.2681
    OK ch=3 v=0.2521
    OK ch=5 v=0.2187
    OK ch=7 v=0.2570
    OK ch=1 v=0.2890
    OK ch=3 v=0.2585
    OK ch=5 v=0.2161
    OK ch=1 v=0.2713
    OK ch=3 v=0.2532
    OK ch=7 v=0.2577
    OK ch=1 v=0.2546
    OK ch=3 v=0.2444
    OK ch=5 v=0.2190
    OK ch=7 v=0.2553
    OK ch=1 v=0.2493
    OK ch=5 v=0.2198
    OK ch=1 v=0.2724
    OK ch=3 v=0.2526
    OK ch=1 v=0.2578
    OK ch=3 v=0.2559
    OK ch=5 v=0.2169
    OK ch=7 v=0.2546
    OK ch=1 v=0.2521
    OK ch=3 v=0.2583
    OK ch=7 v=0.2586
    OK ch=1 v=0.2569
    OK ch=3 v=0.2512
    OK ch=5 v=0.2184
    OK ch=7 v=0.2553
    OK ch=1 v=0.2846
    OK ch=3 v=0.2523
    OK ch=5 v=0.2190
    OK ch=7 v=0.2539
    OK ch=1 v=0.2515
    OK ch=3 v=0.2445
    OK ch=5 v=0.2165
    OK ch=7 v=0.2547
    OK ch=1 v=0.2760
    OK ch=3 v=0.2554
    OK ch=7 v=0.2569
    OK ch=1 v=0.2750
    OK ch=3 v=0.2545
    OK ch=5 v=0.2176
    OK ch=7 v=0.2550
    OK ch=1 v=0.2618
    OK ch=3 v=0.2502
    OK ch=5 v=0.2185
    OK ch=7 v=0.2576
    OK ch=1 v=0.2639
    OK ch=3 v=0.2527
    OK ch=5 v=0.2151
    OK ch=7 v=0.2590
    OK ch=1 v=0.2705
    OK ch=3 v=0.2544
    OK ch=5 v=0.2137
    OK ch=7 v=0.2585
    OK ch=1 v=0.2755
    OK ch=3 v=0.2565
    OK ch=5 v=0.2158
    OK ch=7 v=0.2566
    OK ch=1 v=0.2968
    OK ch=3 v=0.2590
    OK ch=5 v=0.2152
    OK ch=1 v=0.2583
    OK ch=3 v=0.2467
    OK ch=5 v=0.2142
    OK ch=7 v=0.2576
    OK ch=1 v=0.2708
    OK ch=3 v=0.2494
    OK ch=7 v=0.2564
    OK ch=1 v=0.2563
    OK ch=3 v=0.2508
    OK ch=5 v=0.2152
    OK ch=7 v=0.2575
    OK ch=1 v=0.2668
    OK ch=3 v=0.2554
    OK ch=7 v=0.2586
    OK ch=1 v=0.2545
    OK ch=3 v=0.2519
    OK ch=5 v=0.2140
    OK ch=7 v=0.2571
    OK ch=1 v=0.2444
    OK ch=3 v=0.2548
    OK ch=7 v=0.2566
    OK ch=1 v=0.2557
    OK ch=3 v=0.2475
    OK ch=5 v=0.2147
    OK ch=1 v=0.3042
    OK ch=3 v=0.2593
    OK ch=5 v=0.2163
    OK ch=1 v=0.2794
    OK ch=3 v=0.2530
    OK ch=7 v=0.2578
    OK ch=1 v=0.2756
    OK ch=3 v=0.2537
    OK ch=5 v=0.2156
    OK ch=1 v=0.2685
    OK ch=5 v=0.2171
    OK ch=1 v=0.2582
    OK ch=3 v=0.2509
    OK ch=5 v=0.2199
    OK ch=7 v=0.2561
    OK ch=1 v=0.2435
    OK ch=3 v=0.2459
    OK ch=5 v=0.2214
    OK ch=7 v=0.2569
    OK ch=1 v=0.2774
    OK ch=3 v=0.2509
    OK ch=5 v=0.2188
    OK ch=1 v=0.2800
    OK ch=3 v=0.2536
    OK ch=5 v=0.2161
    OK ch=7 v=0.2581
    OK ch=1 v=0.2679
    OK ch=3 v=0.2552
    OK ch=5 v=0.2185
    OK ch=7 v=0.2567
    OK ch=1 v=0.2595
    OK ch=3 v=0.2477
    OK ch=5 v=0.2197
    OK ch=7 v=0.2529
    OK ch=1 v=0.2341
    OK ch=3 v=0.2494
    OK ch=5 v=0.2170
    OK ch=7 v=0.2548
    OK ch=1 v=0.2826
    OK ch=3 v=0.2522
    OK ch=5 v=0.2148
    OK ch=7 v=0.2571
    OK ch=1 v=0.2577
    OK ch=5 v=0.2167
    OK ch=1 v=0.2860
    OK ch=3 v=0.2616
    OK ch=5 v=0.2156
    OK ch=7 v=0.2562
    OK ch=3 v=0.2559
    OK ch=5 v=0.2148
    OK ch=1 v=0.2822
    OK ch=3 v=0.2519
    OK ch=1 v=0.3107
    OK ch=3 v=0.2483
    OK ch=5 v=0.2127
    OK ch=7 v=0.2541
    OK ch=1 v=0.2852
    OK ch=3 v=0.2554
    OK ch=5 v=0.2160
    OK ch=7 v=0.2578
    OK ch=1 v=0.2311
    OK ch=3 v=0.2465
    OK ch=5 v=0.2180
    OK ch=1 v=0.2373
    OK ch=3 v=0.2513
    OK ch=5 v=0.2160
    OK ch=1 v=0.2849
    OK ch=3 v=0.2590
    OK ch=5 v=0.2137
    OK ch=7 v=0.2599
    OK ch=1 v=0.2638
    OK ch=3 v=0.2548
    OK ch=5 v=0.2157
    OK ch=7 v=0.2579
    OK ch=1 v=0.2583
    OK ch=3 v=0.2521
    OK ch=5 v=0.2151
    OK ch=7 v=0.2559
    OK ch=1 v=0.2794
    OK ch=5 v=0.2132
    OK ch=7 v=0.2570
    OK ch=1 v=0.2680
    OK ch=3 v=0.2532
    OK ch=5 v=0.2126
    OK ch=1 v=0.2648
    OK ch=3 v=0.2522
    OK ch=5 v=0.2144
    OK ch=7 v=0.2546
    OK ch=1 v=0.2510
    OK ch=3 v=0.2532
    OK ch=5 v=0.2183
    OK ch=7 v=0.2559
    OK ch=1 v=0.2708
    OK ch=3 v=0.2544
    OK ch=5 v=0.2164
    OK ch=7 v=0.2576
    OK ch=3 v=0.2504
    OK ch=5 v=0.2149
    OK ch=7 v=0.2588
    OK ch=1 v=0.2859
    OK ch=3 v=0.2539
    OK ch=5 v=0.2164
    OK ch=7 v=0.2536
    OK ch=1 v=0.2642
    OK ch=3 v=0.2508
    OK ch=5 v=0.2205
    OK ch=7 v=0.2570
    OK ch=1 v=0.2577
    OK ch=3 v=0.2555
    OK ch=5 v=0.2188
    OK ch=7 v=0.2563
    OK ch=1 v=0.2739
    OK ch=3 v=0.2600
    OK ch=5 v=0.2180
    OK ch=7 v=0.2587
    OK ch=1 v=0.2653
    OK ch=3 v=0.2545
    OK ch=5 v=0.2195
    OK ch=7 v=0.2550
    OK ch=1 v=0.2816
    OK ch=3 v=0.2503
    OK ch=5 v=0.2200
    OK ch=1 v=0.2541
    OK ch=3 v=0.2416
    OK ch=5 v=0.2174
    OK ch=7 v=0.2543
    OK ch=1 v=0.2739
    OK ch=3 v=0.2400
    OK ch=5 v=0.2161
    OK ch=7 v=0.2574
    OK ch=1 v=0.2715
    OK ch=3 v=0.2561
    OK ch=5 v=0.2170
    OK ch=7 v=0.2555
    OK ch=1 v=0.2623
    OK ch=3 v=0.2593
    OK ch=5 v=0.2161
    OK ch=7 v=0.2569
[  165.6s] DAMPING     ch0:LOCK g=-0.0300 bp=+0.008V ratio=0.11  ch1:LOCK g=-0.0300 bp=+0.001V ratio=0.08  ch2:LOCK g=+0.0100 bp=-0.025V ratio=0.05  ch3:LOCK g=-0.0300 bp=-0.005V ratio=0.04
    OK ch=1 v=0.2924
    OK ch=3 v=0.2588
    OK ch=5 v=0.2147
    OK ch=7 v=0.2560
    OK ch=1 v=0.2605
    OK ch=3 v=0.2494
    OK ch=7 v=0.2574
    OK ch=1 v=0.2524
    OK ch=3 v=0.2521
    OK ch=7 v=0.2587
    OK ch=1 v=0.2583
    OK ch=3 v=0.2553
    OK ch=7 v=0.2573
    OK ch=1 v=0.2647
    OK ch=3 v=0.2588
    OK ch=5 v=0.2128
    OK ch=7 v=0.2556
    OK ch=1 v=0.2544
    OK ch=3 v=0.2538
    OK ch=7 v=0.2580
    OK ch=1 v=0.2491
    OK ch=3 v=0.2499
    OK ch=5 v=0.2140
    OK ch=7 v=0.2569
    OK ch=1 v=0.2723
    OK ch=3 v=0.2487
    OK ch=5 v=0.2149
    OK ch=7 v=0.2589
    OK ch=1 v=0.2673
    OK ch=3 v=0.2579
    OK ch=7 v=0.2562
    OK ch=1 v=0.2846
    OK ch=3 v=0.2557
    OK ch=5 v=0.2140
    OK ch=7 v=0.2594
    OK ch=1 v=0.2766
    OK ch=3 v=0.2446
    OK ch=5 v=0.2169
    OK ch=7 v=0.2579
    OK ch=1 v=0.2589
    OK ch=3 v=0.2489
    OK ch=5 v=0.2186
    OK ch=1 v=0.2805
    OK ch=3 v=0.2532
    OK ch=5 v=0.2176
    OK ch=1 v=0.2835
    OK ch=3 v=0.2591
    OK ch=5 v=0.2169
    OK ch=7 v=0.2562
    OK ch=1 v=0.2501
    OK ch=3 v=0.2501
    OK ch=5 v=0.2184
    OK ch=7 v=0.2570
    OK ch=1 v=0.2465
    OK ch=3 v=0.2436
    OK ch=5 v=0.2189
    OK ch=7 v=0.2546
    OK ch=1 v=0.2722
    OK ch=3 v=0.2562
    OK ch=5 v=0.2165
    OK ch=1 v=0.2953
    OK ch=3 v=0.2590
    OK ch=5 v=0.2139
    OK ch=7 v=0.2567
    OK ch=1 v=0.2747
    OK ch=3 v=0.2563
    OK ch=5 v=0.2173
    OK ch=7 v=0.2560
    OK ch=1 v=0.2468
    OK ch=3 v=0.2510
    OK ch=5 v=0.2199
    OK ch=7 v=0.2538
    OK ch=1 v=0.2568
    OK ch=3 v=0.2458
    OK ch=7 v=0.2568
    OK ch=1 v=0.2666
    OK ch=3 v=0.2515
    OK ch=5 v=0.2161
    OK ch=7 v=0.2563
    OK ch=1 v=0.2987
    OK ch=3 v=0.2477
    OK ch=1 v=0.2570
    OK ch=5 v=0.2189
    OK ch=7 v=0.2554
    OK ch=1 v=0.2430
    OK ch=3 v=0.2557
    OK ch=5 v=0.2195
    OK ch=1 v=0.2521
    OK ch=3 v=0.2522
    OK ch=5 v=0.2165
    OK ch=7 v=0.2571
    OK ch=1 v=0.2660
    OK ch=3 v=0.2587
    OK ch=5 v=0.2131
    OK ch=7 v=0.2598
    OK ch=1 v=0.2834
    OK ch=5 v=0.2144
    OK ch=7 v=0.2581
    OK ch=3 v=0.2620
    OK ch=7 v=0.2574
    OK ch=1 v=0.2709
    OK ch=3 v=0.2584
    OK ch=7 v=0.2582
    OK ch=1 v=0.2724
    OK ch=3 v=0.2564
    OK ch=5 v=0.2125
    OK ch=7 v=0.2569
    OK ch=1 v=0.2703
    OK ch=3 v=0.2540
    OK ch=5 v=0.2146
    OK ch=7 v=0.2587
    OK ch=1 v=0.2809
    OK ch=3 v=0.2527
    OK ch=5 v=0.2153
    OK ch=7 v=0.2559
    OK ch=1 v=0.2597
    OK ch=3 v=0.2452
    OK ch=1 v=0.2432
    OK ch=3 v=0.2555
    OK ch=5 v=0.2144
    OK ch=7 v=0.2547
    OK ch=1 v=0.2767
    OK ch=3 v=0.2536
    OK ch=7 v=0.2573
    OK ch=1 v=0.2720
    OK ch=3 v=0.2552
    OK ch=5 v=0.2164
    OK ch=1 v=0.2477
    OK ch=3 v=0.2452
    OK ch=7 v=0.2563
    OK ch=1 v=0.2448
    OK ch=3 v=0.2400
    OK ch=5 v=0.2158
    OK ch=7 v=0.2549
    OK ch=1 v=0.2629
    OK ch=3 v=0.2492
    OK ch=7 v=0.2575
    OK ch=1 v=0.2669
    OK ch=3 v=0.2510
    OK ch=5 v=0.2175
    OK ch=1 v=0.2577
    OK ch=3 v=0.2581
    OK ch=5 v=0.2183
    OK ch=7 v=0.2588
    OK ch=1 v=0.2608
    OK ch=3 v=0.2533
    OK ch=5 v=0.2195
    OK ch=7 v=0.2559
    OK ch=1 v=0.2876
    OK ch=3 v=0.2593
    OK ch=5 v=0.2183
    OK ch=7 v=0.2568
    OK ch=1 v=0.2751
    OK ch=3 v=0.2556
    OK ch=5 v=0.2196
    OK ch=7 v=0.2546
    OK ch=1 v=0.2641
    OK ch=3 v=0.2503
    OK ch=5 v=0.2208
    OK ch=7 v=0.2561
    OK ch=1 v=0.2505
    OK ch=5 v=0.2183
    OK ch=7 v=0.2555
    OK ch=1 v=0.2826
    OK ch=3 v=0.2531
    OK ch=5 v=0.2163
    OK ch=1 v=0.2856
    OK ch=3 v=0.2502
    OK ch=5 v=0.2169
    OK ch=7 v=0.2562
    OK ch=1 v=0.2820
    OK ch=3 v=0.2422
    OK ch=7 v=0.2554
    OK ch=1 v=0.2407
    OK ch=3 v=0.2464
    OK ch=1 v=0.2553
    OK ch=3 v=0.2571
    OK ch=5 v=0.2146
    OK ch=7 v=0.2573
    OK ch=1 v=0.2865
    OK ch=3 v=0.2617
    OK ch=5 v=0.2139
    OK ch=7 v=0.2589
    OK ch=1 v=0.2552
    OK ch=3 v=0.2572
    OK ch=5 v=0.2147
    OK ch=7 v=0.2573
    OK ch=1 v=0.2591
    OK ch=3 v=0.2489
    OK ch=1 v=0.2717
    OK ch=3 v=0.2503
    OK ch=5 v=0.2121
    OK ch=7 v=0.2556
    OK ch=1 v=0.2809
    OK ch=3 v=0.2517
    OK ch=7 v=0.2579
    OK ch=1 v=0.2333
    OK ch=3 v=0.2559
    OK ch=5 v=0.2133
    OK ch=7 v=0.2568
    OK ch=1 v=0.2712
    OK ch=3 v=0.2546
    OK ch=5 v=0.2145
    OK ch=7 v=0.2577
    OK ch=1 v=0.2853
    OK ch=3 v=0.2514
    OK ch=5 v=0.2151
    OK ch=1 v=0.2926
    OK ch=3 v=0.2571
    OK ch=5 v=0.2145
    OK ch=1 v=0.2800
    OK ch=3 v=0.2609
    OK ch=7 v=0.2594
    OK ch=3 v=0.2583
    OK ch=5 v=0.2172
    OK ch=7 v=0.2580
    OK ch=1 v=0.2589
    OK ch=3 v=0.2522
    OK ch=5 v=0.2177
    OK ch=7 v=0.2572
    OK ch=1 v=0.2385
    OK ch=3 v=0.2436
    OK ch=7 v=0.2591
    OK ch=1 v=0.2663
    OK ch=3 v=0.2551
    OK ch=5 v=0.2163
    OK ch=7 v=0.2575
    OK ch=1 v=0.2516
    OK ch=3 v=0.2478
    OK ch=5 v=0.2173
    OK ch=7 v=0.2555
    OK ch=1 v=0.2734
    OK ch=3 v=0.2505
    OK ch=5 v=0.2183
    OK ch=7 v=0.2567
    OK ch=1 v=0.2814
    OK ch=3 v=0.2588
    OK ch=5 v=0.2169
    OK ch=7 v=0.2510
    OK ch=1 v=0.2673
    OK ch=3 v=0.2535
    OK ch=5 v=0.2175
    OK ch=7 v=0.2544
    OK ch=1 v=0.2507
    OK ch=3 v=0.2463
    OK ch=5 v=0.2189
    OK ch=7 v=0.2560
    OK ch=1 v=0.2816
    OK ch=3 v=0.2589
    OK ch=5 v=0.2198
    OK ch=7 v=0.2544
    OK ch=1 v=0.2694
    OK ch=3 v=0.2543
    OK ch=5 v=0.2183
    OK ch=7 v=0.2574
    OK ch=1 v=0.2862
    OK ch=1 v=0.2663
    OK ch=3 v=0.2508
    OK ch=5 v=0.2192
    OK ch=1 v=0.2574
    OK ch=3 v=0.2468
    OK ch=7 v=0.2563
    OK ch=1 v=0.2444
    OK ch=3 v=0.2474
    OK ch=5 v=0.2181
    OK ch=7 v=0.2552
    OK ch=1 v=0.2784
    OK ch=3 v=0.2553
    OK ch=5 v=0.2150
    OK ch=7 v=0.2579
    OK ch=1 v=0.2528
    OK ch=3 v=0.2535
    OK ch=7 v=0.2569
    OK ch=1 v=0.2520
    OK ch=3 v=0.2470
    OK ch=5 v=0.2139
    OK ch=1 v=0.2910
    OK ch=3 v=0.2589
    OK ch=5 v=0.2144
    OK ch=7 v=0.2579
    OK ch=1 v=0.2575
    OK ch=3 v=0.2526
    OK ch=5 v=0.2135
    OK ch=7 v=0.2567
    OK ch=1 v=0.2979
    OK ch=3 v=0.2584
    OK ch=5 v=0.2128
    OK ch=7 v=0.2588
    OK ch=1 v=0.2777
    OK ch=3 v=0.2550
    OK ch=5 v=0.2149
    OK ch=1 v=0.2586
    OK ch=3 v=0.2511
    OK ch=1 v=0.2633
    OK ch=3 v=0.2539
    OK ch=5 v=0.2138
    OK ch=7 v=0.2599
    OK ch=1 v=0.2600
    OK ch=5 v=0.2133
    OK ch=7 v=0.2567
    OK ch=1 v=0.2563
    OK ch=3 v=0.2489
    OK ch=5 v=0.2150
    OK ch=7 v=0.2547
    OK ch=1 v=0.2662
    OK ch=3 v=0.2430
    OK ch=5 v=0.2155
    OK ch=1 v=0.2601
    OK ch=3 v=0.2494
    OK ch=5 v=0.2167
    OK ch=7 v=0.2578
    OK ch=1 v=0.2265
    OK ch=3 v=0.2511
    OK ch=5 v=0.2157
    OK ch=7 v=0.2593
    OK ch=1 v=0.2701
    OK ch=3 v=0.2557
    OK ch=7 v=0.2575
    OK ch=1 v=0.2934
    OK ch=3 v=0.2619
    OK ch=5 v=0.2181
    OK ch=7 v=0.2568
    OK ch=1 v=0.2776
    OK ch=3 v=0.2485
    OK ch=5 v=0.2191
    OK ch=7 v=0.2554
    OK ch=1 v=0.2757
    OK ch=3 v=0.2579
    OK ch=5 v=0.2162
    OK ch=7 v=0.2567
    OK ch=1 v=0.2943
    OK ch=3 v=0.2542
    OK ch=5 v=0.2188
    OK ch=1 v=0.2612
    OK ch=5 v=0.2216
    OK ch=7 v=0.2557
    OK ch=1 v=0.2371
    OK ch=3 v=0.2465
    OK ch=7 v=0.2545
    OK ch=1 v=0.2571
    OK ch=3 v=0.2509
    OK ch=5 v=0.2193
    OK ch=1 v=0.2614
    OK ch=5 v=0.2170
    OK ch=7 v=0.2554
    OK ch=1 v=0.2393
    OK ch=3 v=0.2554
    OK ch=5 v=0.2159
    OK ch=7 v=0.2560
    OK ch=1 v=0.2932
    OK ch=3 v=0.2508
    OK ch=7 v=0.2554
    OK ch=1 v=0.2908
    OK ch=3 v=0.2552
    OK ch=7 v=0.2569
    OK ch=1 v=0.2871
    OK ch=3 v=0.2533
    OK ch=5 v=0.2135
    OK ch=1 v=0.2636
    OK ch=3 v=0.2550
    OK ch=5 v=0.2145
    OK ch=7 v=0.2598
    OK ch=1 v=0.2584
    OK ch=3 v=0.2522
    OK ch=5 v=0.2161
    OK ch=7 v=0.2570
    OK ch=1 v=0.2487
    OK ch=3 v=0.2483
    OK ch=7 v=0.2564
    OK ch=1 v=0.2461
    OK ch=3 v=0.2452
    OK ch=5 v=0.2154
    OK ch=7 v=0.2552
    OK ch=1 v=0.2651
    OK ch=3 v=0.2519
    OK ch=5 v=0.2132
    OK ch=7 v=0.2567
    OK ch=1 v=0.3025
    OK ch=3 v=0.2559
    OK ch=5 v=0.2142
    OK ch=7 v=0.2582
    OK ch=1 v=0.2630
    OK ch=3 v=0.2533
    OK ch=5 v=0.2167
    OK ch=7 v=0.2603
    OK ch=1 v=0.2593
    OK ch=3 v=0.2550
    OK ch=5 v=0.2152
    OK ch=7 v=0.2570
    OK ch=1 v=0.2788
    OK ch=3 v=0.2614
    OK ch=5 v=0.2137
    OK ch=7 v=0.2586
    OK ch=1 v=0.2851
    OK ch=3 v=0.2558
    OK ch=5 v=0.2159
    OK ch=7 v=0.2558
    OK ch=1 v=0.2479
    OK ch=3 v=0.2499
    OK ch=5 v=0.2166
    OK ch=1 v=0.2339
    OK ch=3 v=0.2422
    OK ch=1 v=0.2537
    OK ch=3 v=0.2478
    OK ch=1 v=0.2878
    OK ch=3 v=0.2557
    OK ch=1 v=0.2784
    OK ch=3 v=0.2566
    OK ch=5 v=0.2172
    OK ch=7 v=0.2564
    OK ch=1 v=0.2689
    OK ch=3 v=0.2463
    OK ch=7 v=0.2554
    OK ch=1 v=0.2500
    OK ch=3 v=0.2438
    OK ch=7 v=0.2568
    OK ch=1 v=0.2553
    OK ch=3 v=0.2507
    OK ch=5 v=0.2184
    OK ch=1 v=0.2388
    OK ch=3 v=0.2484
    OK ch=5 v=0.2194
    OK ch=7 v=0.2560
    OK ch=1 v=0.2540
    OK ch=3 v=0.2555
    OK ch=5 v=0.2189
    OK ch=1 v=0.2843
    OK ch=1 v=0.3074
    OK ch=3 v=0.2608
    OK ch=5 v=0.2175
    OK ch=1 v=0.2851
    OK ch=3 v=0.2551
    OK ch=7 v=0.2578
    OK ch=1 v=0.2747
    OK ch=3 v=0.2530
    OK ch=7 v=0.2567
    OK ch=1 v=0.2808
    OK ch=3 v=0.2560
    OK ch=5 v=0.2185
    OK ch=7 v=0.2541
    OK ch=1 v=0.2645
    OK ch=3 v=0.2521
    OK ch=7 v=0.2579
    OK ch=1 v=0.2883
    OK ch=3 v=0.2574
    OK ch=5 v=0.2166
    OK ch=1 v=0.2675
    OK ch=3 v=0.2538
    OK ch=5 v=0.2132
    OK ch=7 v=0.2592
[  170.6s] DAMPING     ch0:LOCK g=-0.0300 bp=+0.016V ratio=0.14  ch1:LOCK g=-0.0300 bp=+0.002V ratio=0.10  ch2:LOCK g=+0.0100 bp=-0.021V ratio=0.05  ch3:LOCK g=-0.0300 bp=+0.002V ratio=0.03
    OK ch=1 v=0.2629
    OK ch=3 v=0.2547
    OK ch=5 v=0.2154
    OK ch=7 v=0.2562
    OK ch=3 v=0.2540
    OK ch=5 v=0.2149
    OK ch=7 v=0.2570
    OK ch=1 v=0.2642
    OK ch=3 v=0.2486
    OK ch=5 v=0.2133
    OK ch=7 v=0.2558
    OK ch=1 v=0.2782
    OK ch=3 v=0.2498
    OK ch=5 v=0.2111
    OK ch=1 v=0.2822
    OK ch=3 v=0.2401
    OK ch=5 v=0.2127
    OK ch=7 v=0.2597
    OK ch=1 v=0.2611
    OK ch=3 v=0.2494
    OK ch=5 v=0.2140
    OK ch=7 v=0.2584
    OK ch=1 v=0.2459
    OK ch=3 v=0.2573
    OK ch=7 v=0.2575
    OK ch=1 v=0.2525
    OK ch=7 v=0.2583
    OK ch=1 v=0.2835
    OK ch=3 v=0.2616
    OK ch=7 v=0.2570
    OK ch=1 v=0.2851
    OK ch=3 v=0.2630
    OK ch=7 v=0.2563
    OK ch=1 v=0.2914
    OK ch=3 v=0.2592
    OK ch=5 v=0.2172
    OK ch=7 v=0.2586
    OK ch=1 v=0.2514
    OK ch=3 v=0.2509
    OK ch=5 v=0.2165
    OK ch=7 v=0.2573
    OK ch=1 v=0.2772
    OK ch=3 v=0.2567
    OK ch=7 v=0.2579
    OK ch=1 v=0.2649
    OK ch=3 v=0.2492
    OK ch=5 v=0.2177
    OK ch=7 v=0.2552
    OK ch=1 v=0.2693
    OK ch=3 v=0.2506
    OK ch=5 v=0.2194
    OK ch=7 v=0.2538
    OK ch=1 v=0.2564
    OK ch=3 v=0.2526
    OK ch=7 v=0.2569
    OK ch=1 v=0.2676
    OK ch=3 v=0.2493
    OK ch=5 v=0.2185
    OK ch=7 v=0.2550
    OK ch=1 v=0.2760
    OK ch=3 v=0.2438
    OK ch=5 v=0.2177
    OK ch=7 v=0.2564
    OK ch=1 v=0.2511
    OK ch=3 v=0.2541
    OK ch=5 v=0.2205
    OK ch=7 v=0.2556
    OK ch=1 v=0.2408
    OK ch=3 v=0.2533
    OK ch=5 v=0.2184
    OK ch=1 v=0.2442
    OK ch=3 v=0.2495
    OK ch=5 v=0.2178
    OK ch=7 v=0.2527
    OK ch=1 v=0.2845
    OK ch=3 v=0.2567
    OK ch=7 v=0.2546
    OK ch=1 v=0.2870
    OK ch=3 v=0.2558
    OK ch=5 v=0.2186
    OK ch=1 v=0.2809
    OK ch=3 v=0.2510
    OK ch=5 v=0.2178
    OK ch=1 v=0.2968
    OK ch=3 v=0.2527
    OK ch=5 v=0.2163
    OK ch=1 v=0.2610
    OK ch=5 v=0.2171
    OK ch=7 v=0.2583
    OK ch=1 v=0.2339
    OK ch=3 v=0.2483
    OK ch=5 v=0.2176
    OK ch=7 v=0.2613
    OK ch=1 v=0.2609
    OK ch=3 v=0.2522
    OK ch=5 v=0.2159
    OK ch=7 v=0.2581
    OK ch=1 v=0.2646
    OK ch=5 v=0.2139
    OK ch=7 v=0.2594
    OK ch=1 v=0.2807
    OK ch=3 v=0.2510
    OK ch=5 v=0.2131
    OK ch=7 v=0.2600
    OK ch=1 v=0.2890
    OK ch=3 v=0.2549
    OK ch=5 v=0.2138
    OK ch=7 v=0.2566
    OK ch=1 v=0.2476
    OK ch=3 v=0.2456
    OK ch=5 v=0.2145
    OK ch=7 v=0.2560
    OK ch=1 v=0.2620
    OK ch=3 v=0.2489
    OK ch=5 v=0.2131
    OK ch=1 v=0.2580
    OK ch=3 v=0.2555
    OK ch=7 v=0.2575
    OK ch=1 v=0.2537
    OK ch=3 v=0.2530
    OK ch=5 v=0.2140
    OK ch=1 v=0.2735
    OK ch=3 v=0.2572
    OK ch=7 v=0.2586
    OK ch=1 v=0.2938
    OK ch=3 v=0.2582
    OK ch=7 v=0.2571
    OK ch=1 v=0.2603
    OK ch=3 v=0.2533
    OK ch=7 v=0.2578
    OK ch=1 v=0.2703
    OK ch=3 v=0.2578
    OK ch=5 v=0.2154
    OK ch=1 v=0.2840
    OK ch=3 v=0.2551
    OK ch=5 v=0.2169
    OK ch=1 v=0.2671
    OK ch=3 v=0.2607
    OK ch=5 v=0.2179
    OK ch=7 v=0.2570
    OK ch=1 v=0.2777
    OK ch=3 v=0.2520
    OK ch=7 v=0.2579
    OK ch=1 v=0.2633
    OK ch=3 v=0.2503
    OK ch=1 v=0.2348
    OK ch=3 v=0.2455
    OK ch=5 v=0.2192
    OK ch=7 v=0.2563
    OK ch=1 v=0.2589
    OK ch=3 v=0.2497
    OK ch=5 v=0.2178
    OK ch=7 v=0.2546
    OK ch=1 v=0.2445
    OK ch=3 v=0.2445
    OK ch=5 v=0.2193
    OK ch=1 v=0.2658
    OK ch=3 v=0.2473
    OK ch=5 v=0.2177
    OK ch=7 v=0.2556
    OK ch=1 v=0.2951
    OK ch=3 v=0.2570
    OK ch=5 v=0.2172
    OK ch=7 v=0.2550
    OK ch=1 v=0.2814
    OK ch=3 v=0.2505
    OK ch=5 v=0.2178
    OK ch=7 v=0.2545
    OK ch=1 v=0.2445
    OK ch=3 v=0.2525
    OK ch=5 v=0.2196
    OK ch=7 v=0.2576
    OK ch=1 v=0.2494
    OK ch=3 v=0.2531
    OK ch=5 v=0.2171
    OK ch=1 v=0.2532
    OK ch=3 v=0.2508
    OK ch=5 v=0.2162
    OK ch=7 v=0.2566
    OK ch=1 v=0.3076
    OK ch=3 v=0.2615
    OK ch=5 v=0.2146
    OK ch=1 v=0.2807
    OK ch=3 v=0.2575
    OK ch=5 v=0.2154
    OK ch=7 v=0.2576
    OK ch=1 v=0.2908
    OK ch=3 v=0.2546
    OK ch=7 v=0.2588
    OK ch=1 v=0.2708
    OK ch=3 v=0.2569
    OK ch=5 v=0.2143
    OK ch=7 v=0.2561
    OK ch=1 v=0.2593
    OK ch=3 v=0.2522
    OK ch=5 v=0.2156
    OK ch=7 v=0.2580
    OK ch=1 v=0.2767
    OK ch=3 v=0.2570
    OK ch=5 v=0.2162
    OK ch=7 v=0.2567
    OK ch=1 v=0.2480
    OK ch=3 v=0.2468
    OK ch=5 v=0.2146
    OK ch=1 v=0.2681
    OK ch=3 v=0.2500
    OK ch=7 v=0.2589
    OK ch=1 v=0.2831
    OK ch=3 v=0.2550
    OK ch=7 v=0.2564
    OK ch=1 v=0.2756
    OK ch=3 v=0.2507
    OK ch=5 v=0.2164
    OK ch=7 v=0.2571
    OK ch=1 v=0.2436
    OK ch=3 v=0.2468
    OK ch=7 v=0.2559
    OK ch=1 v=0.2366
    OK ch=3 v=0.2489
    OK ch=1 v=0.2718
    OK ch=3 v=0.2585
    OK ch=5 v=0.2157
    OK ch=7 v=0.2596
    OK ch=1 v=0.2650
    OK ch=3 v=0.2563
    OK ch=5 v=0.2171
    OK ch=7 v=0.2552
    OK ch=1 v=0.2893
    OK ch=3 v=0.2534
    OK ch=5 v=0.2164
    OK ch=7 v=0.2572
    OK ch=1 v=0.2499
    OK ch=3 v=0.2548
    OK ch=5 v=0.2157
    OK ch=7 v=0.2551
    OK ch=1 v=0.2604
    OK ch=3 v=0.2519
    OK ch=5 v=0.2170
    OK ch=7 v=0.2576
    OK ch=1 v=0.2676
    OK ch=5 v=0.2189
    OK ch=7 v=0.2555
    OK ch=1 v=0.2764
    OK ch=3 v=0.2529
    OK ch=5 v=0.2170
    OK ch=7 v=0.2567
    OK ch=1 v=0.2523
    OK ch=3 v=0.2473
    OK ch=1 v=0.2428
    OK ch=3 v=0.2497
    OK ch=1 v=0.2395
    OK ch=3 v=0.2489
    OK ch=5 v=0.2177
    OK ch=7 v=0.2558
    OK ch=1 v=0.2673
    OK ch=5 v=0.2186
    OK ch=7 v=0.2536
    OK ch=1 v=0.2709
    OK ch=3 v=0.2527
    OK ch=5 v=0.2172
    OK ch=7 v=0.2566
    OK ch=1 v=0.3057
    OK ch=3 v=0.2606
    OK ch=5 v=0.2152
    OK ch=7 v=0.2574
    OK ch=1 v=0.2679
    OK ch=3 v=0.2511
    OK ch=5 v=0.2177
    OK ch=1 v=0.2711
    OK ch=5 v=0.2170
    OK ch=7 v=0.2585
    OK ch=1 v=0.2776
    OK ch=3 v=0.2574
    OK ch=5 v=0.2179
    OK ch=1 v=0.2841
    OK ch=3 v=0.2563
    OK ch=5 v=0.2155
    OK ch=1 v=0.2789
    OK ch=5 v=0.2146
    OK ch=7 v=0.2572
    OK ch=1 v=0.2616
    OK ch=3 v=0.2489
    OK ch=7 v=0.2566
    OK ch=1 v=0.2515
    OK ch=3 v=0.2494
    OK ch=5 v=0.2136
    OK ch=7 v=0.2577
    OK ch=1 v=0.2366
    OK ch=3 v=0.2459
    OK ch=1 v=0.2586
    OK ch=3 v=0.2478
    OK ch=5 v=0.2126
    OK ch=7 v=0.2562
    OK ch=1 v=0.2801
    OK ch=3 v=0.2538
    OK ch=5 v=0.2141
    OK ch=1 v=0.2606
    OK ch=3 v=0.2572
    OK ch=7 v=0.2572
    OK ch=1 v=0.2613
    OK ch=3 v=0.2521
    OK ch=7 v=0.2562
    OK ch=1 v=0.2621
    OK ch=5 v=0.2149
    OK ch=7 v=0.2549
    OK ch=1 v=0.2701
    OK ch=5 v=0.2157
    OK ch=7 v=0.2563
    OK ch=1 v=0.2669
    OK ch=3 v=0.2502
    OK ch=5 v=0.2175
    OK ch=7 v=0.2580
    OK ch=1 v=0.2840
    OK ch=3 v=0.2564
    OK ch=7 v=0.2603
    OK ch=1 v=0.2875
    OK ch=3 v=0.2626
    OK ch=7 v=0.2585
    OK ch=1 v=0.2634
    OK ch=3 v=0.2542
    OK ch=5 v=0.2161
    OK ch=7 v=0.2575
    OK ch=1 v=0.2793
    OK ch=3 v=0.2571
    OK ch=5 v=0.2183
    OK ch=7 v=0.2557
    OK ch=1 v=0.2683
    OK ch=3 v=0.2536
    OK ch=5 v=0.2203
    OK ch=7 v=0.2533
    OK ch=1 v=0.2547
    OK ch=3 v=0.2488
    OK ch=5 v=0.2196
    OK ch=7 v=0.2541
    OK ch=1 v=0.2286
    OK ch=3 v=0.2503
    OK ch=5 v=0.2179
    OK ch=7 v=0.2576
    OK ch=1 v=0.2615
    OK ch=3 v=0.2478
    OK ch=5 v=0.2173
    OK ch=7 v=0.2568
    OK ch=1 v=0.2855
    OK ch=3 v=0.2538
    OK ch=7 v=0.2555
    OK ch=1 v=0.2987
    OK ch=3 v=0.2570
    OK ch=5 v=0.2167
    OK ch=1 v=0.2659
    OK ch=3 v=0.2531
    OK ch=5 v=0.2150
    OK ch=7 v=0.2561
    OK ch=1 v=0.2672
    OK ch=3 v=0.2518
    OK ch=5 v=0.2163
    OK ch=7 v=0.2530
    OK ch=1 v=0.2556
    OK ch=3 v=0.2449
    OK ch=5 v=0.2183
    OK ch=7 v=0.2563
    OK ch=1 v=0.2542
    OK ch=3 v=0.2488
    OK ch=5 v=0.2159
    OK ch=7 v=0.2584
    OK ch=1 v=0.2903
    OK ch=3 v=0.2593
    OK ch=7 v=0.2571
    OK ch=1 v=0.2682
    OK ch=3 v=0.2547
    OK ch=7 v=0.2581
    OK ch=1 v=0.2633
    OK ch=3 v=0.2518
    OK ch=1 v=0.2688
    OK ch=3 v=0.2536
    OK ch=5 v=0.2169
    OK ch=7 v=0.2589
    OK ch=1 v=0.2789
    OK ch=3 v=0.2550
    OK ch=5 v=0.2145
    OK ch=7 v=0.2595
    OK ch=1 v=0.2801
    OK ch=3 v=0.2542
    OK ch=5 v=0.2138
    OK ch=7 v=0.2573
    OK ch=1 v=0.2658
    OK ch=3 v=0.2511
    OK ch=7 v=0.2578
    OK ch=3 v=0.2545
    OK ch=1 v=0.2803
    OK ch=3 v=0.2550
    OK ch=7 v=0.2554
    OK ch=1 v=0.2603
    OK ch=3 v=0.2486
    OK ch=5 v=0.2144
    OK ch=7 v=0.2592
    OK ch=1 v=0.2632
    OK ch=3 v=0.2543
    OK ch=5 v=0.2136
    OK ch=7 v=0.2568
    OK ch=1 v=0.2800
    OK ch=3 v=0.2524
    OK ch=5 v=0.2154
    OK ch=7 v=0.2539
    OK ch=1 v=0.2525
    OK ch=3 v=0.2405
    OK ch=5 v=0.2163
    OK ch=7 v=0.2567
    OK ch=1 v=0.2513
    OK ch=3 v=0.2486
    OK ch=7 v=0.2560
    OK ch=1 v=0.2536
    OK ch=3 v=0.2517
    OK ch=5 v=0.2181
    OK ch=7 v=0.2585
    OK ch=1 v=0.2514
    OK ch=3 v=0.2542
    OK ch=5 v=0.2191
    OK ch=7 v=0.2538
    OK ch=1 v=0.2830
    OK ch=3 v=0.2590
    OK ch=5 v=0.2181
    OK ch=7 v=0.2575
    OK ch=1 v=0.2744
    OK ch=3 v=0.2542
    OK ch=7 v=0.2591
    OK ch=1 v=0.2756
    OK ch=3 v=0.2517
    OK ch=5 v=0.2190
    OK ch=7 v=0.2563
    OK ch=1 v=0.2694
    OK ch=3 v=0.2584
    OK ch=5 v=0.2180
    OK ch=7 v=0.2558
    OK ch=1 v=0.2778
    OK ch=3 v=0.2564
    OK ch=5 v=0.2188
    OK ch=7 v=0.2549
    OK ch=1 v=0.2429
    OK ch=3 v=0.2533
    OK ch=5 v=0.2177
    OK ch=7 v=0.2554
    OK ch=1 v=0.2465
    OK ch=3 v=0.2477
    OK ch=7 v=0.2561
    OK ch=1 v=0.2534
    OK ch=3 v=0.2455
    OK ch=5 v=0.2167
    OK ch=7 v=0.2576
[  175.7s] DAMPING     ch0:LOCK g=-0.0300 bp=-0.056V ratio=0.13  ch1:LOCK g=-0.0300 bp=-0.009V ratio=0.08  ch2:LOCK g=+0.0100 bp=-0.024V ratio=0.06  ch3:LOCK g=-0.0300 bp=-0.002V ratio=0.05
    OK ch=1 v=0.2830
    OK ch=3 v=0.2557
    OK ch=5 v=0.2142
    OK ch=1 v=0.2861
    OK ch=5 v=0.2123
    OK ch=7 v=0.2588
    OK ch=1 v=0.2664
    OK ch=3 v=0.2500
    OK ch=5 v=0.2151
    OK ch=7 v=0.2573
    OK ch=1 v=0.2909
    OK ch=3 v=0.2554
    OK ch=5 v=0.2163
    OK ch=7 v=0.2555
    OK ch=1 v=0.2622
    OK ch=3 v=0.2519
    OK ch=5 v=0.2153
    OK ch=7 v=0.2568
    OK ch=1 v=0.2700
    OK ch=3 v=0.2584
    OK ch=5 v=0.2163
    OK ch=7 v=0.2559
    OK ch=1 v=0.2783
    OK ch=3 v=0.2505
    OK ch=7 v=0.2549
    OK ch=1 v=0.2404
    OK ch=3 v=0.2459
    OK ch=7 v=0.2577
    OK ch=1 v=0.2703
    OK ch=3 v=0.2588
    OK ch=5 v=0.2143
    OK ch=1 v=0.2848
    OK ch=3 v=0.2599
    OK ch=7 v=0.2602
    OK ch=1 v=0.2497
    OK ch=3 v=0.2533
    OK ch=5 v=0.2160
    OK ch=7 v=0.2574
    OK ch=1 v=0.2681
    OK ch=3 v=0.2524
    OK ch=7 v=0.2564
    OK ch=1 v=0.2798
    OK ch=7 v=0.2575
    OK ch=1 v=0.2554
    OK ch=3 v=0.2473
    OK ch=7 v=0.2552
    OK ch=1 v=0.2454
    OK ch=3 v=0.2447
    OK ch=1 v=0.2642
    OK ch=3 v=0.2523
    OK ch=1 v=0.2544
    OK ch=3 v=0.2483
    OK ch=7 v=0.2579
    OK ch=1 v=0.2637
    OK ch=3 v=0.2471
    OK ch=5 v=0.2169
    OK ch=7 v=0.2573
    OK ch=1 v=0.2871
    OK ch=3 v=0.2537
    OK ch=5 v=0.2175
    OK ch=1 v=0.2760
    OK ch=3 v=0.2572
    OK ch=1 v=0.2669
    OK ch=3 v=0.2583
    OK ch=5 v=0.2162
    OK ch=7 v=0.2580
    OK ch=1 v=0.2557
    OK ch=3 v=0.2555
    OK ch=5 v=0.2184
    OK ch=7 v=0.2568
    OK ch=1 v=0.2671
    OK ch=3 v=0.2539
    OK ch=5 v=0.2204
    OK ch=7 v=0.2577
    OK ch=1 v=0.2752
    OK ch=3 v=0.2553
    OK ch=5 v=0.2170
    OK ch=7 v=0.2540
    OK ch=1 v=0.2657
    OK ch=3 v=0.2499
    OK ch=7 v=0.2555
    OK ch=1 v=0.2703
    OK ch=3 v=0.2423
    OK ch=5 v=0.2163
    OK ch=7 v=0.2538
    OK ch=1 v=0.2842
    OK ch=3 v=0.2570
    OK ch=5 v=0.2174
    OK ch=7 v=0.2568
    OK ch=1 v=0.2490
    OK ch=3 v=0.2489
    OK ch=5 v=0.2164
    OK ch=7 v=0.2563
    OK ch=1 v=0.2536
    OK ch=5 v=0.2149
    OK ch=7 v=0.2577
    OK ch=1 v=0.2704
    OK ch=3 v=0.2536
    OK ch=7 v=0.2589
    OK ch=1 v=0.2609
    OK ch=3 v=0.2547
    OK ch=5 v=0.2142
    OK ch=1 v=0.2713
    OK ch=3 v=0.2533
    OK ch=7 v=0.2581
    OK ch=1 v=0.2731
    OK ch=3 v=0.2564
    OK ch=5 v=0.2148
    OK ch=7 v=0.2576
    OK ch=1 v=0.2705
    OK ch=3 v=0.2535
    OK ch=5 v=0.2138
    OK ch=7 v=0.2582
    OK ch=1 v=0.2677
    OK ch=3 v=0.2585
    OK ch=5 v=0.2148
    OK ch=7 v=0.2566
    OK ch=1 v=0.2555
    OK ch=3 v=0.2514
    OK ch=5 v=0.2158
    OK ch=7 v=0.2551
    OK ch=1 v=0.2496
    OK ch=3 v=0.2504
    OK ch=5 v=0.2151
    OK ch=7 v=0.2577
    OK ch=1 v=0.2926
    OK ch=3 v=0.2556
    OK ch=5 v=0.2156
    OK ch=1 v=0.2732
    OK ch=3 v=0.2509
    OK ch=5 v=0.2173
    OK ch=1 v=0.2871
    OK ch=3 v=0.2514
    OK ch=5 v=0.2168
    OK ch=7 v=0.2548
    OK ch=1 v=0.2797
    OK ch=3 v=0.2554
    OK ch=5 v=0.2178
    OK ch=7 v=0.2571
    OK ch=1 v=0.2279
    OK ch=3 v=0.2482
    OK ch=5 v=0.2192
    OK ch=7 v=0.2586
    OK ch=1 v=0.2533
    OK ch=3 v=0.2531
    OK ch=5 v=0.2176
    OK ch=7 v=0.2570
    OK ch=1 v=0.2787
    OK ch=3 v=0.2515
    OK ch=5 v=0.2166
    OK ch=7 v=0.2554
    OK ch=1 v=0.2565
    OK ch=3 v=0.2494
    OK ch=7 v=0.2567
    OK ch=1 v=0.2843
    OK ch=3 v=0.2511
    OK ch=7 v=0.2534
    OK ch=1 v=0.2714
    OK ch=3 v=0.2557
    OK ch=5 v=0.2186
    OK ch=1 v=0.2778
    OK ch=3 v=0.2525
    OK ch=5 v=0.2176
    OK ch=7 v=0.2545
    OK ch=1 v=0.2686
    OK ch=3 v=0.2541
    OK ch=5 v=0.2167
    OK ch=7 v=0.2568
    OK ch=1 v=0.2512
    OK ch=3 v=0.2516
    OK ch=5 v=0.2188
    OK ch=7 v=0.2574
    OK ch=1 v=0.2586
    OK ch=3 v=0.2504
    OK ch=5 v=0.2180
    OK ch=7 v=0.2562
    OK ch=1 v=0.2843
    OK ch=3 v=0.2568
    OK ch=5 v=0.2152
    OK ch=7 v=0.2574
    OK ch=1 v=0.2703
    OK ch=3 v=0.2542
    OK ch=1 v=0.2836

>>> KICK 3/3 REQUESTED at t=180.0s <<<

    OK ch=3 v=0.2534
    OK ch=7 v=0.2597
    OK ch=1 v=0.2676
    OK ch=3 v=0.2492
    OK ch=7 v=0.2585
    OK ch=1 v=0.2623
    OK ch=3 v=0.2469
    OK ch=5 v=0.2158
    OK ch=7 v=0.2576
    OK ch=1 v=0.2790
    OK ch=3 v=0.2566
    OK ch=5 v=0.2149
    OK ch=7 v=0.2583
    OK ch=1 v=0.2650
    OK ch=3 v=0.2560
    OK ch=5 v=0.2141
    OK ch=7 v=0.2601
    OK ch=1 v=0.2641
    OK ch=3 v=0.2477
    OK ch=7 v=0.2580
    OK ch=1 v=0.2718
    OK ch=3 v=0.2487
    OK ch=7 v=0.2523
    OK ch=1 v=0.2783
    OK ch=3 v=0.2549
    OK ch=5 v=0.2146
    OK ch=7 v=0.2544
    OK ch=1 v=0.2548
    OK ch=3 v=0.2511
    OK ch=7 v=0.2569
    OK ch=1 v=0.2484
    OK ch=3 v=0.2532
    OK ch=5 v=0.2163
    OK ch=1 v=0.2425
    OK ch=3 v=0.2525
    OK ch=5 v=0.2154
    OK ch=7 v=0.2561
    OK ch=1 v=0.2749
    OK ch=7 v=0.2572
    OK ch=1 v=0.2764
    OK ch=3 v=0.2548
    OK ch=5 v=0.2147
    OK ch=7 v=0.2561
    OK ch=1 v=0.2706
    OK ch=3 v=0.2562
    OK ch=5 v=0.2153
    OK ch=1 v=0.2783
    OK ch=3 v=0.2530
    OK ch=5 v=0.2164
    OK ch=1 v=0.2677
    OK ch=5 v=0.2187
    OK ch=1 v=0.2847
    OK ch=3 v=0.2555
    OK ch=7 v=0.2577
    OK ch=1 v=0.2623
    OK ch=3 v=0.2520
    OK ch=5 v=0.2193
    OK ch=1 v=0.2530
    OK ch=3 v=0.2488
    OK ch=7 v=0.2565
    OK ch=1 v=0.2594
    OK ch=3 v=0.2478
    OK ch=5 v=0.2200
    OK ch=7 v=0.2550
    OK ch=1 v=0.2582
    OK ch=3 v=0.2529
    OK ch=1 v=0.2806
    OK ch=3 v=0.2584
    OK ch=5 v=0.2193
    OK ch=7 v=0.2579
    OK ch=1 v=0.2660
    OK ch=3 v=0.2527
    OK ch=5 v=0.2177
    OK ch=7 v=0.2562
    OK ch=1 v=0.2860
    OK ch=3 v=0.2516
    OK ch=5 v=0.2166
    OK ch=1 v=0.2942
    OK ch=3 v=0.2577
    OK ch=1 v=0.2832
    OK ch=3 v=0.2537
    OK ch=7 v=0.2554
    OK ch=1 v=0.2740
    OK ch=3 v=0.2578
    OK ch=5 v=0.2156
    OK ch=1 v=0.2559
    OK ch=3 v=0.2501
    OK ch=7 v=0.2571
    OK ch=1 v=0.2478
    OK ch=3 v=0.2488
    OK ch=7 v=0.2563
    OK ch=1 v=0.2747
    OK ch=3 v=0.2542
    OK ch=5 v=0.2146
    OK ch=7 v=0.2551
    OK ch=1 v=0.2692
    OK ch=3 v=0.2515
    OK ch=5 v=0.2138
    OK ch=7 v=0.2578
    OK ch=1 v=0.2602
    OK ch=3 v=0.2491
    OK ch=1 v=0.2586
    OK ch=3 v=0.2552
    OK ch=7 v=0.2590
    OK ch=1 v=0.2808
    OK ch=3 v=0.2567
    OK ch=5 v=0.2146
    OK ch=3 v=0.2594
    OK ch=7 v=0.2569
    OK ch=1 v=0.2498
    OK ch=3 v=0.2480
    OK ch=7 v=0.2576
    OK ch=1 v=0.2605
    OK ch=3 v=0.2549
    OK ch=5 v=0.2170
    OK ch=7 v=0.2600
    OK ch=1 v=0.2434
    OK ch=3 v=0.2510
    OK ch=5 v=0.2155
    OK ch=7 v=0.2593
    OK ch=1 v=0.2943
    OK ch=3 v=0.2554
    OK ch=7 v=0.2559
    OK ch=1 v=0.2902
    OK ch=3 v=0.2543
    OK ch=7 v=0.2565
    OK ch=1 v=0.2873
    OK ch=7 v=0.2579
    OK ch=1 v=0.2550
    OK ch=7 v=0.2567
    OK ch=1 v=0.2425
    OK ch=3 v=0.2525
    OK ch=5 v=0.2165
    OK ch=7 v=0.2575
    OK ch=1 v=0.2660
    OK ch=3 v=0.2506
    OK ch=5 v=0.2180
    OK ch=7 v=0.2562
    OK ch=1 v=0.2624
    OK ch=7 v=0.2573
    OK ch=3 v=0.2488
    OK ch=5 v=0.2172
    OK ch=7 v=0.2538
    OK ch=1 v=0.2508
    OK ch=3 v=0.2540
    OK ch=7 v=0.2546
    OK ch=1 v=0.2288
    OK ch=3 v=0.2429
    OK ch=5 v=0.2181
    OK ch=7 v=0.2566
    OK ch=1 v=0.2863
    OK ch=3 v=0.2529
    OK ch=7 v=0.2548
    OK ch=1 v=0.2933
    OK ch=3 v=0.2538
    OK ch=5 v=0.2187
    OK ch=7 v=0.2538
    OK ch=1 v=0.2684
    OK ch=3 v=0.2514
    OK ch=5 v=0.2202
    OK ch=1 v=0.2560
    OK ch=5 v=0.2191
    OK ch=7 v=0.2521
    OK ch=1 v=0.2584
    OK ch=3 v=0.2494
    OK ch=7 v=0.2580
    OK ch=1 v=0.2544
    OK ch=3 v=0.2499
    OK ch=5 v=0.2180
    OK ch=1 v=0.2823
    OK ch=3 v=0.2605
    OK ch=7 v=0.2567
    OK ch=1 v=0.2868
    OK ch=3 v=0.2588
    OK ch=5 v=0.2156
    OK ch=7 v=0.2577
    OK ch=1 v=0.2761
    OK ch=3 v=0.2573
    OK ch=7 v=0.2589
    OK ch=1 v=0.2604
    OK ch=3 v=0.2531
    OK ch=5 v=0.2167
    OK ch=7 v=0.2562
    OK ch=3 v=0.2473
    OK ch=5 v=0.2154
    OK ch=7 v=0.2570
    OK ch=1 v=0.2624
    OK ch=3 v=0.2514
    OK ch=5 v=0.2129
    OK ch=7 v=0.2583
    OK ch=1 v=0.2773
    OK ch=3 v=0.2471
    OK ch=5 v=0.2121
    OK ch=7 v=0.2569
    OK ch=1 v=0.2356
    OK ch=3 v=0.2485
    OK ch=5 v=0.2126
    OK ch=1 v=0.2450
    OK ch=3 v=0.2525
    OK ch=5 v=0.2134
    OK ch=7 v=0.2602
    OK ch=1 v=0.2991
    OK ch=3 v=0.2596
    OK ch=5 v=0.2126
    OK ch=1 v=0.2622
    OK ch=3 v=0.2554
    OK ch=5 v=0.2133
    OK ch=7 v=0.2588
    OK ch=1 v=0.2511
    OK ch=3 v=0.2476
    OK ch=5 v=0.2163
    OK ch=7 v=0.2565
    OK ch=1 v=0.2739
    OK ch=3 v=0.2515
    OK ch=1 v=0.2783
    OK ch=3 v=0.2537
    OK ch=5 v=0.2147
    OK ch=7 v=0.2572
    OK ch=1 v=0.2981
    OK ch=3 v=0.2611
    OK ch=5 v=0.2158
    OK ch=7 v=0.2562
    OK ch=1 v=0.2520
    OK ch=3 v=0.2524
    OK ch=5 v=0.2182
    OK ch=7 v=0.2573
    OK ch=1 v=0.2498
    OK ch=3 v=0.2485
    OK ch=5 v=0.2191
    OK ch=1 v=0.2400
    OK ch=5 v=0.2184
    OK ch=7 v=0.2559
    OK ch=1 v=0.2777
    OK ch=3 v=0.2548
    OK ch=7 v=0.2545
    OK ch=1 v=0.2600
    OK ch=3 v=0.2498
    OK ch=7 v=0.2560
    OK ch=1 v=0.2783
    OK ch=3 v=0.2554
    OK ch=5 v=0.2192
    OK ch=7 v=0.2566
    OK ch=1 v=0.2758
    OK ch=3 v=0.2535
    OK ch=5 v=0.2175
    OK ch=1 v=0.2804
    OK ch=3 v=0.2529
    OK ch=5 v=0.2159
    OK ch=7 v=0.2556
    OK ch=1 v=0.2570
    OK ch=3 v=0.2469
    OK ch=5 v=0.2205
    OK ch=7 v=0.2535
    OK ch=1 v=0.2704
    OK ch=5 v=0.2213
    OK ch=1 v=0.2582
    OK ch=3 v=0.2528
    OK ch=5 v=0.2181
    OK ch=7 v=0.2528
    OK ch=1 v=0.2773
    OK ch=3 v=0.2596
    OK ch=5 v=0.2117
    OK ch=7 v=0.2589
    OK ch=1 v=0.2958
    OK ch=3 v=0.2643
    OK ch=5 v=0.2141
    OK ch=7 v=0.2571
[  180.7s] DAMPING     ch0:LOCK g=-0.0300 bp=+0.046V ratio=0.13  ch1:LOCK g=-0.0300 bp=+0.014V ratio=0.09  ch2:LOCK g=+0.0100 bp=-0.015V ratio=0.07  ch3:LOCK g=-0.0300 bp=-0.008V ratio=0.07
    OK ch=1 v=0.2698
    OK ch=3 v=0.2527
    OK ch=5 v=0.2179
    OK ch=7 v=0.2603
    OK ch=1 v=0.2553
    OK ch=3 v=0.2549
    OK ch=5 v=0.2142
    OK ch=7 v=0.2596
    OK ch=1 v=0.2704
    OK ch=3 v=0.2578
    OK ch=5 v=0.2081
    OK ch=7 v=0.2608
    OK ch=1 v=0.2798
    OK ch=3 v=0.2550
    OK ch=5 v=0.2124
    OK ch=7 v=0.2571
    OK ch=1 v=0.2626
    OK ch=3 v=0.2428
    OK ch=5 v=0.2239
    OK ch=7 v=0.2504
    OK ch=1 v=0.2339
    OK ch=5 v=0.2218
    OK ch=7 v=0.2549
    OK ch=1 v=0.2485
    OK ch=3 v=0.2456
    OK ch=5 v=0.2157
    OK ch=7 v=0.2587
    OK ch=1 v=0.2664
    OK ch=3 v=0.2537
    OK ch=5 v=0.2120
    OK ch=7 v=0.2579
    OK ch=1 v=0.2812
    OK ch=3 v=0.2551
    OK ch=5 v=0.2187
    OK ch=7 v=0.2562
    OK ch=1 v=0.2781
    OK ch=3 v=0.2570
    OK ch=5 v=0.2171
    OK ch=7 v=0.2573
    OK ch=1 v=0.2633
    OK ch=3 v=0.2546
    OK ch=5 v=0.2101
    OK ch=7 v=0.2608
    OK ch=1 v=0.2863
    OK ch=3 v=0.2616
    OK ch=5 v=0.2090
    OK ch=7 v=0.2622
    OK ch=1 v=0.2637
    OK ch=3 v=0.2560
    OK ch=5 v=0.2126
    OK ch=7 v=0.2604
    OK ch=1 v=0.2697
    OK ch=3 v=0.2581
    OK ch=5 v=0.2080
    OK ch=7 v=0.2631
    OK ch=3 v=0.2538
    OK ch=5 v=0.2110
    OK ch=7 v=0.2563
    OK ch=1 v=0.2328
    OK ch=3 v=0.2416
    OK ch=5 v=0.2274
    OK ch=7 v=0.2489
    OK ch=1 v=0.2582
    OK ch=3 v=0.2319
    OK ch=5 v=0.2472
    OK ch=7 v=0.2392
    OK ch=1 v=0.2180
    OK ch=3 v=0.2285
    OK ch=5 v=0.2455
    OK ch=1 v=0.2499
    OK ch=3 v=0.2452
    OK ch=5 v=0.2220
    OK ch=7 v=0.2509
    OK ch=1 v=0.3059
    OK ch=3 v=0.2701
    OK ch=5 v=0.1996
    OK ch=7 v=0.2645
    OK ch=1 v=0.3034
    OK ch=3 v=0.2737
    OK ch=5 v=0.1946
    OK ch=7 v=0.2694
    OK ch=1 v=0.3557
    OK ch=3 v=0.3168
    OK ch=5 v=0.1314
    OK ch=7 v=0.3076
    OK ch=1 v=0.4493
    OK ch=3 v=0.4105
    OK ch=5 v=0.0378
    OK ch=7 v=0.4012
    OK ch=1 v=0.5000
    OK ch=3 v=0.3909
    OK ch=5 v=0.0830
    OK ch=7 v=0.3125
    OK ch=1 v=0.4304
    OK ch=3 v=0.2978
    OK ch=5 v=0.1573
    OK ch=7 v=0.2193
    OK ch=1 v=0.3368
    OK ch=3 v=0.2042
    OK ch=5 v=0.2508
    OK ch=7 v=0.1258
    OK ch=1 v=0.2430
    OK ch=3 v=0.1104
    OK ch=5 v=0.3446
    OK ch=7 v=0.0320
    OK ch=1 v=0.2934
    OK ch=3 v=0.1671
    OK ch=5 v=0.4094
    OK ch=7 v=0.0000
    OK ch=1 v=0.3872
    OK ch=3 v=0.2609
    OK ch=5 v=0.3156
    OK ch=7 v=0.0937
    OK ch=1 v=0.4754
    OK ch=3 v=0.3491
    OK ch=5 v=0.2274
    OK ch=7 v=0.1820
    OK ch=1 v=0.5000
    OK ch=3 v=0.4403
    OK ch=5 v=0.1286
    OK ch=7 v=0.2807
    OK ch=1 v=0.4897
    OK ch=3 v=0.5000
    OK ch=5 v=0.1225
    OK ch=7 v=0.3746
    OK ch=1 v=0.3963
    OK ch=5 v=0.0290
    OK ch=7 v=0.4680
    OK ch=1 v=0.4627
    OK ch=5 v=0.0000
    OK ch=7 v=0.4016
    OK ch=1 v=0.5000
    OK ch=3 v=0.4285
    OK ch=7 v=0.3301
    OK ch=3 v=0.3570
    OK ch=5 v=0.0715
    OK ch=7 v=0.2586
    OK ch=3 v=0.2906
    OK ch=5 v=0.1379
    OK ch=7 v=0.1922
    OK ch=1 v=0.4505
    OK ch=3 v=0.2189
    OK ch=5 v=0.2097
    OK ch=7 v=0.1205
    OK ch=1 v=0.3571
    OK ch=3 v=0.1255
    OK ch=5 v=0.2939
    OK ch=7 v=0.0271
    OK ch=1 v=0.2636
    OK ch=3 v=0.0320
    OK ch=5 v=0.2933
    OK ch=7 v=0.0000
    OK ch=1 v=0.1699
    OK ch=3 v=0.0592
    OK ch=5 v=0.1997
    OK ch=7 v=0.0847
    OK ch=1 v=0.0762
    OK ch=3 v=0.0763
    OK ch=5 v=0.2935
    OK ch=7 v=0.1784
    OK ch=1 v=0.0000
    OK ch=3 v=0.1699
    OK ch=5 v=0.3870
    OK ch=7 v=0.2720
    OK ch=3 v=0.2634
    OK ch=5 v=0.3678
    OK ch=7 v=0.3655
    OK ch=1 v=0.0717
    OK ch=3 v=0.3352
    OK ch=5 v=0.2961
    OK ch=7 v=0.4372
    OK ch=1 v=0.1655
    OK ch=3 v=0.3995
    OK ch=5 v=0.2023
    OK ch=7 v=0.4911
    OK ch=1 v=0.2593
    OK ch=3 v=0.4532
    OK ch=5 v=0.1085
    OK ch=7 v=0.3973
    OK ch=1 v=0.3474
    OK ch=3 v=0.3651
    OK ch=5 v=0.0629
    OK ch=7 v=0.3092
    OK ch=1 v=0.4067
    OK ch=3 v=0.2766
    OK ch=5 v=0.0000
    OK ch=7 v=0.2207
    OK ch=1 v=0.3571
    OK ch=3 v=0.2506
    OK ch=7 v=0.1694
    OK ch=1 v=0.4234
    OK ch=3 v=0.3169
    OK ch=5 v=0.0342
    OK ch=7 v=0.1497
    OK ch=1 v=0.5000
    OK ch=3 v=0.4101
    OK ch=5 v=0.1274
    OK ch=7 v=0.0566
    OK ch=1 v=0.4118
    OK ch=3 v=0.3219
    OK ch=5 v=0.2156
    OK ch=7 v=0.0422
    OK ch=1 v=0.3182
    OK ch=3 v=0.3367
    OK ch=5 v=0.1937
    OK ch=7 v=0.1357
    OK ch=1 v=0.4067
    OK ch=3 v=0.4252
    OK ch=5 v=0.1053
    OK ch=7 v=0.2241
    OK ch=1 v=0.3913
    OK ch=3 v=0.5000
    OK ch=5 v=0.1988
    OK ch=7 v=0.3177
    OK ch=1 v=0.2977
    OK ch=5 v=0.2924
    OK ch=7 v=0.2241
    OK ch=1 v=0.3636
    OK ch=5 v=0.3583
    OK ch=7 v=0.1582
    OK ch=1 v=0.2920
    OK ch=3 v=0.4284
    OK ch=5 v=0.3233
    OK ch=7 v=0.1232
    OK ch=1 v=0.3803
    OK ch=3 v=0.3401
    OK ch=5 v=0.2350
    OK ch=7 v=0.1435
    OK ch=1 v=0.4687
    OK ch=3 v=0.2517
    OK ch=5 v=0.1466
    OK ch=7 v=0.1673
    OK ch=1 v=0.5000
    OK ch=3 v=0.1703
    OK ch=5 v=0.0628
    OK ch=7 v=0.1972
    OK ch=3 v=0.0843
    OK ch=5 v=0.1562
    OK ch=7 v=0.1038
    OK ch=1 v=0.4279
    OK ch=3 v=0.0753
    OK ch=5 v=0.1870
    OK ch=7 v=0.0317
    OK ch=1 v=0.3401
    OK ch=3 v=0.0462
    OK ch=5 v=0.2748
    OK ch=7 v=0.0327
    OK ch=1 v=0.2516
    OK ch=3 v=0.0656
    OK ch=5 v=0.2504
    OK ch=7 v=0.1211
    OK ch=1 v=0.2051
    OK ch=3 v=0.1537
    OK ch=5 v=0.1623
    OK ch=7 v=0.2092
    OK ch=1 v=0.1116
    OK ch=3 v=0.0601
    OK ch=5 v=0.2559
    OK ch=7 v=0.3027
    OK ch=1 v=0.0236
    OK ch=3 v=0.1481
    OK ch=5 v=0.3438
    OK ch=7 v=0.3907
    OK ch=1 v=0.0000
    OK ch=3 v=0.2363
    OK ch=5 v=0.2556
    OK ch=7 v=0.4789
    OK ch=1 v=0.0881
    OK ch=3 v=0.3244
    OK ch=5 v=0.1675
    OK ch=7 v=0.4007
    OK ch=1 v=0.1817
    OK ch=3 v=0.4180
    OK ch=5 v=0.0739
    OK ch=7 v=0.3071
    OK ch=1 v=0.0955
    OK ch=3 v=0.3295
    OK ch=5 v=0.0159
    OK ch=7 v=0.2186
    OK ch=1 v=0.1888
    OK ch=3 v=0.2500
    OK ch=5 v=0.1092
    OK ch=7 v=0.2500

!! ch0, ch1, ch3 runaway/saturation -- freezing all channels, entering FAULT.

    OK ch=1 v=0.2500
    OK ch=5 v=0.2084
    OK ch=5 v=0.2500
[  185.7s] FAULT       ch0:.... g=+0.0000 bp=+1.188V ratio=4.96  ch1:.... g=+0.0000 bp=+0.092V ratio=5.52  ch2:.... g=+0.0000 bp=+1.333V ratio=2.61  ch3:.... g=+0.0000 bp=-0.035V ratio=8.75
    OK ch=1 v=0.2520
    OK ch=3 v=0.2470
    OK ch=5 v=0.2472
    OK ch=7 v=0.2475

[recovered] re-engaging on the baseline already in hand -- the previous engagement was healthy, so this baseline is known good and the fault was a transient -- measuring a new floor now would measure the ringdown (1/4 before a forced re-calibration). Gain ramps from zero.

    OK ch=1 v=0.2018
    OK ch=3 v=0.3409
    OK ch=5 v=0.3099
    OK ch=7 v=0.3414
    OK ch=1 v=0.1664
    OK ch=3 v=0.4343
    OK ch=5 v=0.3283
    OK ch=7 v=0.3874
    OK ch=1 v=0.0725
    OK ch=3 v=0.3405
    OK ch=5 v=0.4222
    OK ch=7 v=0.3719
    OK ch=1 v=0.0000
    OK ch=3 v=0.3113
    OK ch=5 v=0.5000
    OK ch=7 v=0.4355
    OK ch=1 v=0.0801
    OK ch=3 v=0.3778
    OK ch=5 v=0.4868
    OK ch=7 v=0.4661
    OK ch=1 v=0.1741
    OK ch=3 v=0.4049
    OK ch=5 v=0.4439
    OK ch=7 v=0.3873
    OK ch=1 v=0.2675
    OK ch=3 v=0.4162
    OK ch=5 v=0.3505
    OK ch=7 v=0.2938
    OK ch=1 v=0.3434
    OK ch=3 v=0.3280
    OK ch=5 v=0.2624
    OK ch=7 v=0.2057
    OK ch=1 v=0.2611
    OK ch=3 v=0.2397
    OK ch=5 v=0.1740
    OK ch=7 v=0.2148
    OK ch=1 v=0.3203
    OK ch=3 v=0.1529
    OK ch=5 v=0.0805
    OK ch=7 v=0.2098
    OK ch=1 v=0.4083
    OK ch=3 v=0.1753
    OK ch=5 v=0.0822
    OK ch=7 v=0.1317
    OK ch=1 v=0.4543
    OK ch=3 v=0.2205
    OK ch=5 v=0.1759
    OK ch=7 v=0.1307
    OK ch=1 v=0.3606
    OK ch=3 v=0.3104
    OK ch=5 v=0.2591
    OK ch=7 v=0.1915
    OK ch=1 v=0.2723
    OK ch=3 v=0.3379
    OK ch=5 v=0.3474
    OK ch=7 v=0.2798
    OK ch=1 v=0.1787
    OK ch=3 v=0.3583
    OK ch=5 v=0.4410
    OK ch=7 v=0.3734
    OK ch=1 v=0.0850
    OK ch=3 v=0.4216
    OK ch=5 v=0.5000
    OK ch=7 v=0.4524
    OK ch=1 v=0.0000
    OK ch=3 v=0.4165
    OK ch=7 v=0.4611
    OK ch=3 v=0.3452
    OK ch=5 v=0.4747
    OK ch=7 v=0.4345
    OK ch=3 v=0.2733
    OK ch=5 v=0.4029
    OK ch=7 v=0.3646
    OK ch=1 v=0.0141
    OK ch=3 v=0.2149
    OK ch=5 v=0.3314
    OK ch=7 v=0.3071
    OK ch=1 v=0.1027
    OK ch=3 v=0.2159
    OK ch=5 v=0.2428
    OK ch=7 v=0.2185
    OK ch=1 v=0.1908
    OK ch=3 v=0.2238
    OK ch=5 v=0.1547
    OK ch=7 v=0.1839
    OK ch=1 v=0.2787
    OK ch=3 v=0.1926
    OK ch=5 v=0.1644
    OK ch=7 v=0.1065
    OK ch=1 v=0.3671
    OK ch=3 v=0.1177
    OK ch=5 v=0.1450
    OK ch=7 v=0.0528
    OK ch=1 v=0.4474
    OK ch=3 v=0.0295
    OK ch=5 v=0.1080
    OK ch=7 v=0.0919
    OK ch=1 v=0.3595
    OK ch=3 v=0.0791
    OK ch=5 v=0.0649
    OK ch=7 v=0.1669
    OK ch=1 v=0.2668
    OK ch=3 v=0.1724
    OK ch=5 v=0.0998
    OK ch=7 v=0.2603
    OK ch=1 v=0.1786
    OK ch=3 v=0.2606
    OK ch=5 v=0.1880
    OK ch=7 v=0.3485
    OK ch=1 v=0.0902
    OK ch=3 v=0.3490
    OK ch=5 v=0.2764
    OK ch=7 v=0.4368
    OK ch=1 v=0.0021
    OK ch=3 v=0.4276
    OK ch=5 v=0.3645
    OK ch=7 v=0.4838
    OK ch=1 v=0.0957
    OK ch=3 v=0.4491
    OK ch=5 v=0.3998
    OK ch=7 v=0.4959
    OK ch=1 v=0.1840
    OK ch=3 v=0.4434
    OK ch=5 v=0.3680
    OK ch=7 v=0.4264
    OK ch=1 v=0.2721
    OK ch=3 v=0.3908
    OK ch=5 v=0.2850
    OK ch=7 v=0.3383
    OK ch=1 v=0.3601
    OK ch=3 v=0.3256
    OK ch=5 v=0.2015
    OK ch=7 v=0.2503
    OK ch=1 v=0.3685
    OK ch=3 v=0.2373
    OK ch=5 v=0.1132
    OK ch=7 v=0.1835
    OK ch=1 v=0.3730
    OK ch=3 v=0.2120
    OK ch=5 v=0.2013
    OK ch=7 v=0.2036
    OK ch=1 v=0.4608
    OK ch=3 v=0.1904
    OK ch=5 v=0.2419
    OK ch=7 v=0.1549
    OK ch=1 v=0.5000
    OK ch=3 v=0.1743
    OK ch=5 v=0.2459
    OK ch=7 v=0.0664
    OK ch=3 v=0.2088
    OK ch=5 v=0.2838
    OK ch=7 v=0.0000
    OK ch=1 v=0.4461
    OK ch=3 v=0.2523
    OK ch=5 v=0.3307
    OK ch=7 v=0.0288
[  190.7s] DAMPING     ch0:.... g=-0.0350 bp=+1.475V ratio=3.44  ch1:.... g=-0.0350 bp=-0.101V ratio=4.53  ch2:.... g=+0.0120 bp=+0.042V ratio=2.50  ch3:.... g=-0.0350 bp=-0.806V ratio=6.28
    OK ch=1 v=0.3524
    OK ch=3 v=0.3320
    OK ch=5 v=0.4000
    OK ch=7 v=0.1225
    OK ch=1 v=0.2645
    OK ch=3 v=0.4199
    OK ch=5 v=0.4511
    OK ch=7 v=0.2104
    OK ch=1 v=0.1759
    OK ch=3 v=0.4715
    OK ch=5 v=0.4304
    OK ch=7 v=0.2990
    OK ch=1 v=0.0882
    OK ch=3 v=0.4126
    OK ch=5 v=0.3427
    OK ch=7 v=0.3867
    OK ch=1 v=0.0001
    OK ch=3 v=0.3245
    OK ch=5 v=0.2546
    OK ch=7 v=0.4748
    OK ch=3 v=0.2548
    OK ch=5 v=0.2001
    OK ch=7 v=0.5000
    OK ch=1 v=0.0316
    OK ch=3 v=0.2260
    OK ch=5 v=0.1781
    OK ch=7 v=0.4339
    OK ch=1 v=0.1254
    OK ch=3 v=0.2109
    OK ch=5 v=0.1868
    OK ch=7 v=0.3402
    OK ch=1 v=0.2133
    OK ch=3 v=0.2005
    OK ch=5 v=0.2136
    OK ch=7 v=0.2523
    OK ch=1 v=0.3014
    OK ch=3 v=0.1825
    OK ch=5 v=0.1887
    OK ch=7 v=0.1641
    OK ch=1 v=0.3896
    OK ch=3 v=0.0970
    OK ch=5 v=0.1668
    OK ch=7 v=0.1185
    OK ch=1 v=0.4124
    OK ch=3 v=0.0342
    OK ch=5 v=0.1123
    OK ch=7 v=0.1795
    OK ch=1 v=0.3239
    OK ch=3 v=0.0693
    OK ch=5 v=0.0371
    OK ch=7 v=0.2679
    OK ch=1 v=0.2358
    OK ch=3 v=0.1574
    OK ch=5 v=0.1239
    OK ch=7 v=0.3560
    OK ch=1 v=0.1475
    OK ch=3 v=0.2457
    OK ch=5 v=0.2122
    OK ch=7 v=0.4205
    OK ch=1 v=0.0593
    OK ch=3 v=0.3339
    OK ch=5 v=0.2778
    OK ch=7 v=0.4442
    OK ch=1 v=0.1012
    OK ch=3 v=0.3880
    OK ch=5 v=0.3279
    OK ch=7 v=0.4180
    OK ch=1 v=0.1667
    OK ch=3 v=0.3810
    OK ch=5 v=0.3403
    OK ch=7 v=0.3918
    OK ch=1 v=0.2522
    OK ch=3 v=0.3649
    OK ch=5 v=0.3296
    OK ch=7 v=0.3037
    OK ch=1 v=0.3404
    OK ch=3 v=0.3749
    OK ch=5 v=0.4040
    OK ch=7 v=0.2156
    OK ch=1 v=0.3701
    OK ch=3 v=0.3207
    OK ch=5 v=0.3745
    OK ch=7 v=0.2048
    OK ch=1 v=0.3466
    OK ch=3 v=0.2661
    OK ch=5 v=0.3260
    OK ch=7 v=0.2142
    OK ch=1 v=0.3499
    OK ch=3 v=0.2209
    OK ch=5 v=0.2629
    OK ch=7 v=0.2121
    OK ch=1 v=0.2981
    OK ch=3 v=0.1975
    OK ch=5 v=0.2128
    OK ch=7 v=0.1883
    OK ch=1 v=0.3548
    OK ch=3 v=0.2042
    OK ch=5 v=0.2173
    OK ch=7 v=0.1184
    OK ch=1 v=0.3961
    OK ch=3 v=0.2261
    OK ch=5 v=0.2375
    OK ch=7 v=0.1321
    OK ch=1 v=0.4471
    OK ch=3 v=0.2816
    OK ch=5 v=0.2768
    OK ch=7 v=0.1634
    OK ch=1 v=0.4048
    OK ch=3 v=0.3249
    OK ch=5 v=0.3161
    OK ch=7 v=0.2219
    OK ch=1 v=0.3170
    OK ch=3 v=0.3517
    OK ch=5 v=0.3431
    OK ch=7 v=0.2907
    OK ch=1 v=0.2292
    OK ch=3 v=0.3913
    OK ch=5 v=0.3575
    OK ch=7 v=0.3479
    OK ch=1 v=0.1405
    OK ch=3 v=0.3980
    OK ch=5 v=0.3220
    OK ch=7 v=0.3839
    OK ch=1 v=0.1612
    OK ch=3 v=0.3823
    OK ch=5 v=0.2798
    OK ch=7 v=0.3796
    OK ch=1 v=0.2132
    OK ch=3 v=0.3437
    OK ch=5 v=0.2474
    OK ch=7 v=0.3547
    OK ch=1 v=0.2200
    OK ch=3 v=0.2795
    OK ch=5 v=0.2207
    OK ch=7 v=0.3365
    OK ch=1 v=0.3081
    OK ch=3 v=0.2467
    OK ch=5 v=0.2104
    OK ch=7 v=0.2614
    OK ch=3 v=0.2069
    OK ch=5 v=0.2001
    OK ch=7 v=0.2271
    OK ch=1 v=0.3520
    OK ch=3 v=0.1973
    OK ch=5 v=0.1908
    OK ch=7 v=0.2280
    OK ch=1 v=0.3221
    OK ch=3 v=0.1752
    OK ch=5 v=0.1859
    OK ch=7 v=0.2185
    OK ch=1 v=0.2845
    OK ch=3 v=0.1653
    OK ch=5 v=0.1770
    OK ch=7 v=0.2337
    OK ch=1 v=0.2415
    OK ch=3 v=0.1844
    OK ch=5 v=0.1822
    OK ch=7 v=0.2557
    OK ch=1 v=0.1786
    OK ch=3 v=0.2058
    OK ch=5 v=0.2168
    OK ch=7 v=0.2818
    OK ch=1 v=0.1169
    OK ch=3 v=0.2443
    OK ch=5 v=0.2541
    OK ch=7 v=0.3121
    OK ch=1 v=0.0625
    OK ch=3 v=0.2727
    OK ch=5 v=0.2897
    OK ch=7 v=0.3289
    OK ch=1 v=0.1031
    OK ch=3 v=0.2939
    OK ch=5 v=0.3027
    OK ch=7 v=0.3383
    OK ch=1 v=0.1351
    OK ch=3 v=0.3066
    OK ch=5 v=0.3092
    OK ch=7 v=0.3325
    OK ch=1 v=0.2121
    OK ch=3 v=0.3094
    OK ch=5 v=0.3017
    OK ch=7 v=0.3181
    OK ch=1 v=0.2707
    OK ch=3 v=0.2979
    OK ch=5 v=0.2774
    OK ch=7 v=0.3115
    OK ch=1 v=0.3168
    OK ch=3 v=0.2754
    OK ch=5 v=0.2652
    OK ch=7 v=0.2823
    OK ch=1 v=0.3137
    OK ch=3 v=0.2508
    OK ch=5 v=0.2502
    OK ch=7 v=0.2593
    OK ch=1 v=0.3219
    OK ch=3 v=0.2395
    OK ch=5 v=0.2298
    OK ch=7 v=0.2448
    OK ch=1 v=0.3241
    OK ch=3 v=0.2436
    OK ch=5 v=0.2277
    OK ch=7 v=0.2302
    OK ch=1 v=0.2914
    OK ch=3 v=0.2358
    OK ch=7 v=0.2196
    OK ch=1 v=0.2944
    OK ch=3 v=0.2522
    OK ch=5 v=0.2369
    OK ch=7 v=0.2190
    OK ch=1 v=0.2954
    OK ch=3 v=0.2763
    OK ch=5 v=0.2516
    OK ch=7 v=0.2265
    OK ch=1 v=0.3179
    OK ch=3 v=0.2899
    OK ch=5 v=0.2591
    OK ch=7 v=0.2431
    OK ch=1 v=0.2709
    OK ch=3 v=0.3038
    OK ch=5 v=0.2847
    OK ch=7 v=0.2572
    OK ch=1 v=0.2878
    OK ch=3 v=0.3248
    OK ch=5 v=0.2965
    OK ch=7 v=0.2764
    OK ch=1 v=0.2936
    OK ch=3 v=0.3294
    OK ch=5 v=0.3044
    OK ch=7 v=0.2882
    OK ch=1 v=0.2715
    OK ch=3 v=0.3421
    OK ch=5 v=0.3129
    OK ch=7 v=0.2900
    OK ch=1 v=0.2570
    OK ch=3 v=0.3374
    OK ch=5 v=0.3091
    OK ch=7 v=0.2925
    OK ch=1 v=0.2869
    OK ch=3 v=0.3299
    OK ch=5 v=0.3027
    OK ch=7 v=0.2834
    OK ch=1 v=0.2768
    OK ch=3 v=0.3092
    OK ch=5 v=0.2782
    OK ch=7 v=0.2699
    OK ch=1 v=0.3193
    OK ch=3 v=0.2903
    OK ch=5 v=0.2591
    OK ch=7 v=0.2603
    OK ch=1 v=0.3272
    OK ch=3 v=0.2668
    OK ch=5 v=0.2541
    OK ch=7 v=0.2461
    OK ch=1 v=0.2999
    OK ch=3 v=0.2488
    OK ch=5 v=0.2417
    OK ch=1 v=0.2864
    OK ch=3 v=0.2390
    OK ch=5 v=0.2385
    OK ch=7 v=0.2412
    OK ch=1 v=0.2874
    OK ch=3 v=0.2374
    OK ch=5 v=0.2473
    OK ch=7 v=0.2363
    OK ch=1 v=0.2604
    OK ch=3 v=0.2420
    OK ch=5 v=0.2516
    OK ch=7 v=0.2493
    OK ch=1 v=0.2341
    OK ch=3 v=0.2496
    OK ch=5 v=0.2633
    OK ch=7 v=0.2603
    OK ch=1 v=0.2029
    OK ch=3 v=0.2532
    OK ch=5 v=0.2656
    OK ch=7 v=0.2748
    OK ch=1 v=0.1819
    OK ch=3 v=0.2641
    OK ch=5 v=0.2707
    OK ch=7 v=0.2949
    OK ch=1 v=0.1685
    OK ch=3 v=0.2780
    OK ch=5 v=0.2761
    OK ch=7 v=0.3044
    OK ch=1 v=0.1636
    OK ch=3 v=0.2731
    OK ch=5 v=0.2653
    OK ch=7 v=0.3127
    OK ch=1 v=0.1615
    OK ch=3 v=0.2741
    OK ch=5 v=0.2585
    OK ch=7 v=0.3091
    OK ch=1 v=0.2336
    OK ch=3 v=0.2731
    OK ch=5 v=0.2524
    OK ch=7 v=0.3024
    OK ch=1 v=0.2534
    OK ch=3 v=0.2657
    OK ch=5 v=0.2388
    OK ch=7 v=0.2993
    OK ch=1 v=0.2674
    OK ch=3 v=0.2597
    OK ch=5 v=0.2303
    OK ch=7 v=0.2846
    OK ch=1 v=0.2683
    OK ch=3 v=0.2513
    OK ch=5 v=0.2204
    OK ch=7 v=0.2806
    OK ch=1 v=0.2696
    OK ch=3 v=0.2419
    OK ch=5 v=0.2223
    OK ch=7 v=0.2723
    OK ch=1 v=0.2945
    OK ch=3 v=0.2493
    OK ch=5 v=0.2233
    OK ch=7 v=0.2688
    OK ch=1 v=0.2791
    OK ch=3 v=0.2486
    OK ch=5 v=0.2247
    OK ch=7 v=0.2677
    OK ch=1 v=0.2727
    OK ch=3 v=0.2646
    OK ch=5 v=0.2435
    OK ch=7 v=0.2691
    OK ch=1 v=0.2722
    OK ch=5 v=0.2538
    OK ch=7 v=0.2680
    OK ch=1 v=0.2429
    OK ch=3 v=0.2732
    OK ch=5 v=0.2583
    OK ch=7 v=0.2721
    OK ch=1 v=0.2893
    OK ch=3 v=0.3000
    OK ch=5 v=0.2694
    OK ch=7 v=0.2749
    OK ch=1 v=0.2805
    OK ch=3 v=0.2936
    OK ch=5 v=0.2741
    OK ch=7 v=0.2813
    OK ch=1 v=0.2497
    OK ch=3 v=0.2917
    OK ch=5 v=0.2860
    OK ch=7 v=0.2744
    OK ch=1 v=0.2556
    OK ch=3 v=0.2895
    OK ch=5 v=0.2881
    OK ch=7 v=0.2739
    OK ch=1 v=0.2664
    OK ch=3 v=0.2953
    OK ch=5 v=0.2806
    OK ch=7 v=0.2722
    OK ch=1 v=0.2626
    OK ch=3 v=0.2924
    OK ch=5 v=0.2848
    OK ch=7 v=0.2632
    OK ch=1 v=0.2445
    OK ch=3 v=0.2794
    OK ch=5 v=0.2782
    OK ch=7 v=0.2549
    OK ch=1 v=0.2885
    OK ch=3 v=0.2819
    OK ch=5 v=0.2707
    OK ch=7 v=0.2528
    OK ch=1 v=0.2983
    OK ch=3 v=0.2825
    OK ch=5 v=0.2724
    OK ch=1 v=0.3026
    OK ch=3 v=0.2769
    OK ch=5 v=0.2693
    OK ch=7 v=0.2521
    OK ch=1 v=0.2716
    OK ch=3 v=0.2708
    OK ch=5 v=0.2739
    OK ch=7 v=0.2509
    OK ch=1 v=0.2843
    OK ch=3 v=0.2751
    OK ch=5 v=0.2730
    OK ch=7 v=0.2519
    OK ch=1 v=0.2980
    OK ch=3 v=0.2837
    OK ch=5 v=0.2683
    OK ch=7 v=0.2622
    OK ch=1 v=0.2843
    OK ch=3 v=0.2862
    OK ch=5 v=0.2766
    OK ch=7 v=0.2631
    OK ch=1 v=0.2583
    OK ch=3 v=0.2798
    OK ch=5 v=0.2732
    OK ch=7 v=0.2697
    OK ch=1 v=0.2550
    OK ch=3 v=0.2870
    OK ch=5 v=0.2665
    OK ch=7 v=0.2749
    OK ch=1 v=0.2448
    OK ch=3 v=0.2849
    OK ch=5 v=0.2655
    OK ch=7 v=0.2766
    OK ch=1 v=0.2465
    OK ch=3 v=0.2790
    OK ch=5 v=0.2587
    OK ch=7 v=0.2844
    OK ch=1 v=0.2229
    OK ch=3 v=0.2706
    OK ch=5 v=0.2566
    OK ch=7 v=0.2839
    OK ch=1 v=0.2536
    OK ch=3 v=0.2765
    OK ch=5 v=0.2457
    OK ch=7 v=0.2855
    OK ch=1 v=0.2603
    OK ch=3 v=0.2637
    OK ch=5 v=0.2434
    OK ch=7 v=0.2814
    OK ch=1 v=0.2625
    OK ch=3 v=0.2613
    OK ch=5 v=0.2475
    OK ch=7 v=0.2787
    OK ch=1 v=0.2409
    OK ch=3 v=0.2556
    OK ch=5 v=0.2398
    OK ch=7 v=0.2797
    OK ch=1 v=0.2561
    OK ch=3 v=0.2495
    OK ch=5 v=0.2410
    OK ch=7 v=0.2783
    OK ch=1 v=0.2311
    OK ch=3 v=0.2587
    OK ch=5 v=0.2442
    OK ch=7 v=0.2768
    OK ch=1 v=0.2301
    OK ch=3 v=0.2614
    OK ch=5 v=0.2472
    OK ch=7 v=0.2784
    OK ch=1 v=0.2272
    OK ch=5 v=0.2523
    OK ch=1 v=0.2580
    OK ch=3 v=0.2627
    OK ch=5 v=0.2499
    OK ch=1 v=0.2635
    OK ch=3 v=0.2689
    OK ch=5 v=0.2505
    OK ch=7 v=0.2813
    OK ch=1 v=0.2518
    OK ch=3 v=0.2746
    OK ch=5 v=0.2615
    OK ch=7 v=0.2780
    OK ch=1 v=0.2779
    OK ch=3 v=0.2637
    OK ch=5 v=0.2600
    OK ch=7 v=0.2797
    OK ch=1 v=0.2344
    OK ch=3 v=0.2703
    OK ch=5 v=0.2607
    OK ch=7 v=0.2803
[  195.7s] DAMPING     ch0:.... g=-0.0332 bp=-0.116V ratio=0.45  ch1:.... g=-0.0348 bp=-0.068V ratio=0.59  ch2:.... g=+0.0120 bp=+0.169V ratio=0.59  ch3:.... g=-0.0350 bp=+0.058V ratio=0.68
    OK ch=1 v=0.2363
    OK ch=3 v=0.2752
    OK ch=5 v=0.2673
    OK ch=7 v=0.2767
    OK ch=1 v=0.2660
    OK ch=3 v=0.2704
    OK ch=5 v=0.2618
    OK ch=7 v=0.2734
    OK ch=1 v=0.2513
    OK ch=3 v=0.2666
    OK ch=5 v=0.2628
    OK ch=7 v=0.2713
    OK ch=1 v=0.2323
    OK ch=3 v=0.2696
    OK ch=5 v=0.2609
    OK ch=7 v=0.2703
    OK ch=1 v=0.2799
    OK ch=3 v=0.2754
    OK ch=7 v=0.2661
    OK ch=1 v=0.3107
    OK ch=3 v=0.2850
    OK ch=5 v=0.2635
    OK ch=7 v=0.2625
    OK ch=1 v=0.2739
    OK ch=3 v=0.2778
    OK ch=5 v=0.2617
    OK ch=7 v=0.2647
    OK ch=1 v=0.2673
    OK ch=3 v=0.2770
    OK ch=5 v=0.2622
    OK ch=7 v=0.2639
    OK ch=1 v=0.2771
    OK ch=3 v=0.2866
    OK ch=5 v=0.2688
    OK ch=7 v=0.2606
    OK ch=1 v=0.2335
    OK ch=3 v=0.2738
    OK ch=5 v=0.2672
    OK ch=7 v=0.2694
    OK ch=1 v=0.2790
    OK ch=3 v=0.2895
    OK ch=5 v=0.2682
    OK ch=7 v=0.2661
    OK ch=1 v=0.3156
    OK ch=3 v=0.2944
    OK ch=5 v=0.2676
    OK ch=7 v=0.2681
    OK ch=1 v=0.2735
    OK ch=3 v=0.2849
    OK ch=5 v=0.2703
    OK ch=7 v=0.2692
    OK ch=1 v=0.2618
    OK ch=3 v=0.2859
    OK ch=5 v=0.2738
    OK ch=7 v=0.2673
    OK ch=1 v=0.2760
    OK ch=3 v=0.2808
    OK ch=5 v=0.2655
    OK ch=7 v=0.2730
    OK ch=1 v=0.2665
    OK ch=3 v=0.2839
    OK ch=7 v=0.2693
    OK ch=1 v=0.2728
    OK ch=3 v=0.2779
    OK ch=5 v=0.2681
    OK ch=7 v=0.2661
    OK ch=1 v=0.2643
    OK ch=3 v=0.2764
    OK ch=5 v=0.2603
    OK ch=7 v=0.2706
    OK ch=1 v=0.2917
    OK ch=3 v=0.2753
    OK ch=5 v=0.2586
    OK ch=1 v=0.2843
    OK ch=3 v=0.2738
    OK ch=5 v=0.2600
    OK ch=7 v=0.2698
    OK ch=1 v=0.2228
    OK ch=3 v=0.2647
    OK ch=5 v=0.2605
    OK ch=1 v=0.2447
    OK ch=3 v=0.2676
    OK ch=7 v=0.2737
    OK ch=1 v=0.2636
    OK ch=3 v=0.2696
    OK ch=5 v=0.2589
    OK ch=7 v=0.2708
    OK ch=1 v=0.2200
    OK ch=3 v=0.2724
    OK ch=5 v=0.2563
    OK ch=7 v=0.2749
    OK ch=1 v=0.2495
    OK ch=3 v=0.2667
    OK ch=5 v=0.2613
    OK ch=7 v=0.2727
    OK ch=1 v=0.2443
    OK ch=3 v=0.2617
    OK ch=5 v=0.2572
    OK ch=7 v=0.2786
    OK ch=1 v=0.2517
    OK ch=3 v=0.2687
    OK ch=5 v=0.2544
    OK ch=7 v=0.2802
    OK ch=1 v=0.2641
    OK ch=3 v=0.2783
    OK ch=5 v=0.2570
    OK ch=7 v=0.2789
    OK ch=1 v=0.2366
    OK ch=3 v=0.2638
    OK ch=7 v=0.2810
    OK ch=1 v=0.2196
    OK ch=3 v=0.2601
    OK ch=5 v=0.2580
    OK ch=7 v=0.2787
    OK ch=1 v=0.2349
    OK ch=3 v=0.2707
    OK ch=5 v=0.2516
    OK ch=7 v=0.2779
    OK ch=1 v=0.2597
    OK ch=3 v=0.2694
    OK ch=5 v=0.2489
    OK ch=7 v=0.2788
    OK ch=1 v=0.2896
    OK ch=3 v=0.2750
    OK ch=5 v=0.2558
    OK ch=7 v=0.2749
    OK ch=1 v=0.2578
    OK ch=3 v=0.2675
    OK ch=5 v=0.2526
    OK ch=7 v=0.2738
    OK ch=1 v=0.2451
    OK ch=3 v=0.2603
    OK ch=5 v=0.2520
    OK ch=7 v=0.2749
    OK ch=1 v=0.2809
    OK ch=3 v=0.2707
    OK ch=5 v=0.2579
    OK ch=7 v=0.2699
    OK ch=1 v=0.2727
    OK ch=3 v=0.2745
    OK ch=7 v=0.2730
    OK ch=1 v=0.2628
    OK ch=3 v=0.2770
    OK ch=5 v=0.2597
    OK ch=7 v=0.2743
    OK ch=1 v=0.2840
    OK ch=3 v=0.2821
    OK ch=7 v=0.2710
    OK ch=1 v=0.2551
    OK ch=3 v=0.2773
    OK ch=7 v=0.2729
    OK ch=1 v=0.2513
    OK ch=3 v=0.2754
    OK ch=5 v=0.2645
    OK ch=7 v=0.2692
    OK ch=1 v=0.2498
    OK ch=3 v=0.2722
    OK ch=5 v=0.2683
    OK ch=5 v=0.2627
    OK ch=7 v=0.2698
    OK ch=1 v=0.2403
    OK ch=3 v=0.2787
    OK ch=5 v=0.2607
    OK ch=7 v=0.2715
    OK ch=1 v=0.2764
    OK ch=3 v=0.2831
    OK ch=5 v=0.2682
    OK ch=7 v=0.2687
    OK ch=1 v=0.2716
    OK ch=3 v=0.2782
    OK ch=5 v=0.2670
    OK ch=1 v=0.2578
    OK ch=3 v=0.2735
    OK ch=7 v=0.2668
    OK ch=1 v=0.2657
    OK ch=3 v=0.2784
    OK ch=7 v=0.2656
    OK ch=1 v=0.2625
    OK ch=3 v=0.2758
    OK ch=5 v=0.2644
    OK ch=7 v=0.2685
    OK ch=1 v=0.2817
    OK ch=3 v=0.2813
    OK ch=5 v=0.2664
    OK ch=1 v=0.2900
    OK ch=3 v=0.2923
    OK ch=5 v=0.2689
    OK ch=1 v=0.2517
    OK ch=3 v=0.2787
    OK ch=5 v=0.2643
    OK ch=7 v=0.2699
    OK ch=1 v=0.2747
    OK ch=5 v=0.2610
    OK ch=1 v=0.2504
    OK ch=3 v=0.2773
    OK ch=5 v=0.2645
    OK ch=7 v=0.2686
    OK ch=1 v=0.2660
    OK ch=3 v=0.2760
    OK ch=7 v=0.2721
    OK ch=1 v=0.2460
    OK ch=3 v=0.2660
    OK ch=5 v=0.2612
    OK ch=7 v=0.2695
    OK ch=1 v=0.2384
    OK ch=7 v=0.2679
    OK ch=1 v=0.2826
    OK ch=3 v=0.2743
    OK ch=5 v=0.2602
    OK ch=7 v=0.2699
    OK ch=1 v=0.2790
    OK ch=5 v=0.2587
    OK ch=7 v=0.2731
    OK ch=1 v=0.2534
    OK ch=3 v=0.2765
    OK ch=5 v=0.2623
    OK ch=1 v=0.2685
    OK ch=3 v=0.2810
    OK ch=5 v=0.2615
    OK ch=7 v=0.2752
    OK ch=1 v=0.2616
    OK ch=3 v=0.2756
    OK ch=5 v=0.2566
    OK ch=7 v=0.2787
    OK ch=1 v=0.2510
    OK ch=3 v=0.2711
    OK ch=5 v=0.2583
    OK ch=7 v=0.2760
    OK ch=1 v=0.2271
    OK ch=3 v=0.2673
    OK ch=7 v=0.2743
    OK ch=1 v=0.2589
    OK ch=3 v=0.2681
    OK ch=5 v=0.2544
    OK ch=7 v=0.2758
    OK ch=1 v=0.2757
    OK ch=3 v=0.2691
    OK ch=5 v=0.2553
    OK ch=7 v=0.2748
    OK ch=1 v=0.2385
    OK ch=3 v=0.2699
    OK ch=1 v=0.2466
    OK ch=3 v=0.2661
    OK ch=5 v=0.2559
    OK ch=7 v=0.2754
    OK ch=1 v=0.2547
    OK ch=3 v=0.2725
    OK ch=5 v=0.2566
    OK ch=7 v=0.2743
    OK ch=1 v=0.2495
    OK ch=3 v=0.2709
    OK ch=5 v=0.2526
    OK ch=7 v=0.2790
    OK ch=1 v=0.2764
    OK ch=3 v=0.2696
    OK ch=5 v=0.2557
    OK ch=7 v=0.2736
    OK ch=1 v=0.2447
    OK ch=3 v=0.2665
    OK ch=5 v=0.2619
    OK ch=7 v=0.2706
    OK ch=1 v=0.2565
    OK ch=3 v=0.2702
    OK ch=5 v=0.2566
    OK ch=7 v=0.2750
    OK ch=1 v=0.2630
    OK ch=3 v=0.2738
    OK ch=5 v=0.2594
    OK ch=7 v=0.2722
    OK ch=1 v=0.2452
    OK ch=3 v=0.2655
    OK ch=5 v=0.2606
    OK ch=7 v=0.2738
    OK ch=1 v=0.2328
    OK ch=3 v=0.2675
    OK ch=5 v=0.2614
    OK ch=7 v=0.2721
    OK ch=1 v=0.2743
    OK ch=3 v=0.2803
    OK ch=7 v=0.2739
    OK ch=1 v=0.3009
    OK ch=3 v=0.2851
    OK ch=5 v=0.2581
    OK ch=7 v=0.2724
    OK ch=1 v=0.2641
    OK ch=3 v=0.2766
    OK ch=5 v=0.2626
    OK ch=7 v=0.2717
    OK ch=1 v=0.2651
    OK ch=3 v=0.2742
    OK ch=5 v=0.2648
    OK ch=7 v=0.2704
    OK ch=1 v=0.2669
    OK ch=3 v=0.2761
    OK ch=5 v=0.2599
    OK ch=1 v=0.2915
    OK ch=3 v=0.2795
    OK ch=5 v=0.2622
    OK ch=7 v=0.2663
    OK ch=1 v=0.2683
    OK ch=3 v=0.2736
    OK ch=5 v=0.2654
    OK ch=7 v=0.2685
    OK ch=1 v=0.2380
    OK ch=3 v=0.2713
    OK ch=5 v=0.2631
    OK ch=7 v=0.2726
    OK ch=1 v=0.2616
    OK ch=3 v=0.2823
    OK ch=5 v=0.2643
    OK ch=7 v=0.2699
    OK ch=1 v=0.2501
    OK ch=3 v=0.2753
    OK ch=5 v=0.2600
    OK ch=1 v=0.2601
    OK ch=3 v=0.2734
    OK ch=5 v=0.2616
    OK ch=7 v=0.2687
    OK ch=1 v=0.2955
    OK ch=3 v=0.2835
    OK ch=5 v=0.2657
    OK ch=1 v=0.2686
    OK ch=3 v=0.2802
    OK ch=5 v=0.2626
    OK ch=7 v=0.2721
    OK ch=1 v=0.2453
    OK ch=3 v=0.2709
    OK ch=5 v=0.2614
    OK ch=7 v=0.2733
    OK ch=1 v=0.2561
    OK ch=3 v=0.2733
    OK ch=5 v=0.2649
    OK ch=7 v=0.2699
    OK ch=1 v=0.2778
    OK ch=3 v=0.2760
    OK ch=5 v=0.2629
    OK ch=7 v=0.2726
    OK ch=1 v=0.2470
    OK ch=3 v=0.2777
    OK ch=7 v=0.2686
    OK ch=1 v=0.2372
    OK ch=3 v=0.2803
    OK ch=7 v=0.2738
    OK ch=1 v=0.2696
    OK ch=3 v=0.2753
    OK ch=5 v=0.2587
    OK ch=1 v=0.2789
    OK ch=3 v=0.2792
    OK ch=5 v=0.2601
    OK ch=7 v=0.2722
    OK ch=1 v=0.2591
    OK ch=3 v=0.2707
    OK ch=5 v=0.2612
    OK ch=7 v=0.2709
    OK ch=3 v=0.2687
    OK ch=5 v=0.2568
    OK ch=7 v=0.2736
    OK ch=1 v=0.2529
    OK ch=3 v=0.2695
    OK ch=5 v=0.2593
    OK ch=7 v=0.2727
    OK ch=1 v=0.2631
    OK ch=3 v=0.2676
    OK ch=5 v=0.2619
    OK ch=1 v=0.2414
    OK ch=3 v=0.2665
    OK ch=5 v=0.2581
    OK ch=7 v=0.2748
    OK ch=1 v=0.2683
    OK ch=3 v=0.2771
    OK ch=5 v=0.2566
    OK ch=1 v=0.2651
    OK ch=3 v=0.2699
    OK ch=7 v=0.2726
    OK ch=1 v=0.2591
    OK ch=3 v=0.2718
    OK ch=5 v=0.2556
    OK ch=7 v=0.2756
    OK ch=1 v=0.2534
    OK ch=3 v=0.2685
    OK ch=5 v=0.2597
    OK ch=7 v=0.2751
    OK ch=1 v=0.2350
    OK ch=3 v=0.2700
    OK ch=5 v=0.2573
    OK ch=1 v=0.2543
    OK ch=3 v=0.2716
    OK ch=5 v=0.2549
    OK ch=7 v=0.2741
    OK ch=1 v=0.2618
    OK ch=3 v=0.2754
    OK ch=5 v=0.2589
    OK ch=7 v=0.2730
    OK ch=1 v=0.2609
    OK ch=3 v=0.2665
    OK ch=7 v=0.2747
    OK ch=1 v=0.2561
    OK ch=3 v=0.2755
    OK ch=5 v=0.2581
    OK ch=7 v=0.2753
    OK ch=1 v=0.2627
    OK ch=3 v=0.2763
    OK ch=5 v=0.2605
    OK ch=7 v=0.2742
    OK ch=1 v=0.2553
    OK ch=3 v=0.2735
    OK ch=5 v=0.2591
    OK ch=7 v=0.2718
    OK ch=1 v=0.2829
    OK ch=3 v=0.2744
    OK ch=5 v=0.2608
    OK ch=7 v=0.2725
    OK ch=1 v=0.2454
    OK ch=3 v=0.2723
    OK ch=5 v=0.2597
    OK ch=7 v=0.2711
    OK ch=1 v=0.2787
    OK ch=3 v=0.2773
    OK ch=5 v=0.2579
    OK ch=7 v=0.2746
    OK ch=1 v=0.2816
    OK ch=3 v=0.2759
    OK ch=5 v=0.2649
    OK ch=7 v=0.2707
    OK ch=1 v=0.2448
    OK ch=3 v=0.2726
    OK ch=5 v=0.2629
    OK ch=7 v=0.2692
    OK ch=1 v=0.2361
    OK ch=3 v=0.2737
    OK ch=5 v=0.2601
    OK ch=7 v=0.2700
    OK ch=1 v=0.2619
    OK ch=3 v=0.2728
    OK ch=5 v=0.2633
    OK ch=1 v=0.2905
    OK ch=3 v=0.2718
    OK ch=5 v=0.2621
    OK ch=1 v=0.2679
    OK ch=3 v=0.2758
    OK ch=5 v=0.2643
    OK ch=1 v=0.2429
    OK ch=3 v=0.2799
    OK ch=7 v=0.2706
    OK ch=1 v=0.2422
    OK ch=3 v=0.2769
    OK ch=5 v=0.2606
    OK ch=7 v=0.2713
    OK ch=1 v=0.2811
    OK ch=3 v=0.2819
    OK ch=5 v=0.2626
    OK ch=7 v=0.2696
    OK ch=1 v=0.2783
    OK ch=3 v=0.2727
    OK ch=5 v=0.2662
    OK ch=7 v=0.2704
[  200.8s] DAMPING     ch0:.... g=-0.0300 bp=+0.043V ratio=0.12  ch1:.... g=-0.0300 bp=+0.008V ratio=0.12  ch2:.... g=+0.0100 bp=-0.041V ratio=0.10  ch3:.... g=-0.0300 bp=-0.011V ratio=0.13
    OK ch=1 v=0.2509
    OK ch=3 v=0.2712
    OK ch=5 v=0.2610
    OK ch=7 v=0.2726
    OK ch=1 v=0.2673
    OK ch=3 v=0.2728
    OK ch=1 v=0.2734
    OK ch=3 v=0.2837
    OK ch=5 v=0.2632
    OK ch=7 v=0.2708
    OK ch=1 v=0.2425
    OK ch=3 v=0.2782
    OK ch=7 v=0.2718
    OK ch=1 v=0.2459
    OK ch=3 v=0.2769
    OK ch=5 v=0.2608
    OK ch=7 v=0.2698
    OK ch=1 v=0.2426
    OK ch=3 v=0.2728
    OK ch=5 v=0.2600
    OK ch=7 v=0.2704
    OK ch=1 v=0.2847
    OK ch=3 v=0.2768
    OK ch=5 v=0.2569
    OK ch=7 v=0.2737
    OK ch=1 v=0.2581
    OK ch=3 v=0.2692
    OK ch=5 v=0.2610
    OK ch=7 v=0.2728
    OK ch=1 v=0.2862
    OK ch=3 v=0.2785
    OK ch=5 v=0.2591
    OK ch=7 v=0.2737
    OK ch=1 v=0.2791
    OK ch=3 v=0.2760
    OK ch=5 v=0.2577
    OK ch=1 v=0.2490
    OK ch=3 v=0.2770
    OK ch=5 v=0.2611
    OK ch=7 v=0.2719
    OK ch=1 v=0.2574
    OK ch=3 v=0.2723
    OK ch=7 v=0.2729
    OK ch=1 v=0.2340
    OK ch=3 v=0.2656
    OK ch=5 v=0.2586
    OK ch=7 v=0.2741
    OK ch=1 v=0.2466
    OK ch=3 v=0.2702
    OK ch=5 v=0.2602
    OK ch=7 v=0.2726
    OK ch=1 v=0.2619
    OK ch=5 v=0.2557
    OK ch=7 v=0.2757
    OK ch=1 v=0.2336
    OK ch=3 v=0.2710
    OK ch=5 v=0.2585
    OK ch=7 v=0.2742
    OK ch=1 v=0.2262
    OK ch=3 v=0.2701
    OK ch=5 v=0.2596
    OK ch=7 v=0.2718
    OK ch=1 v=0.2354
    OK ch=3 v=0.2669
    OK ch=5 v=0.2560
    OK ch=7 v=0.2726
    OK ch=1 v=0.2732
    OK ch=3 v=0.2773
    OK ch=5 v=0.2594
    OK ch=7 v=0.2702
    OK ch=1 v=0.2851
    OK ch=3 v=0.2712
    OK ch=5 v=0.2613
    OK ch=7 v=0.2716
    OK ch=1 v=0.2640
    OK ch=3 v=0.2748
    OK ch=5 v=0.2602
    OK ch=7 v=0.2756
    OK ch=1 v=0.2660
    OK ch=3 v=0.2788
    OK ch=5 v=0.2608
    OK ch=7 v=0.2739
    OK ch=1 v=0.2645
    OK ch=3 v=0.2708
    OK ch=5 v=0.2615
    OK ch=7 v=0.2764
    OK ch=1 v=0.2488
    OK ch=5 v=0.2637
    OK ch=7 v=0.2705
    OK ch=1 v=0.2659
    OK ch=3 v=0.2727
    OK ch=5 v=0.2623
    OK ch=1 v=0.2592
    OK ch=3 v=0.2690
    OK ch=5 v=0.2580
    OK ch=7 v=0.2714
    OK ch=1 v=0.2571
    OK ch=3 v=0.2724
    OK ch=5 v=0.2610
    OK ch=1 v=0.2506
    OK ch=3 v=0.2689
    OK ch=5 v=0.2626
    OK ch=7 v=0.2731
    OK ch=1 v=0.2551
    OK ch=3 v=0.2736
    OK ch=5 v=0.2588
    OK ch=1 v=0.2542
    OK ch=3 v=0.2748
    OK ch=7 v=0.2704
    OK ch=1 v=0.2788
    OK ch=3 v=0.2823
    OK ch=5 v=0.2609
    OK ch=7 v=0.2678
    OK ch=1 v=0.2623
    OK ch=3 v=0.2754
    OK ch=7 v=0.2722
    OK ch=1 v=0.2670
    OK ch=3 v=0.2737
    OK ch=5 v=0.2636
    OK ch=7 v=0.2708
    OK ch=1 v=0.2877
    OK ch=3 v=0.2827
    OK ch=5 v=0.2604
    OK ch=1 v=0.2640
    OK ch=3 v=0.2745
    OK ch=5 v=0.2584
    OK ch=7 v=0.2727
    OK ch=1 v=0.2313
    OK ch=5 v=0.2638
    OK ch=1 v=0.2630
    OK ch=3 v=0.2755
    OK ch=7 v=0.2706
    OK ch=1 v=0.2695
    OK ch=3 v=0.2728
    OK ch=5 v=0.2600
    OK ch=7 v=0.2727
    OK ch=1 v=0.2708
    OK ch=3 v=0.2816
    OK ch=5 v=0.2593
    OK ch=7 v=0.2742
    OK ch=1 v=0.2785
    OK ch=3 v=0.2754
    OK ch=5 v=0.2615
    OK ch=7 v=0.2703
    OK ch=1 v=0.2574
    OK ch=3 v=0.2733
    OK ch=5 v=0.2608
    OK ch=7 v=0.2738
    OK ch=1 v=0.2610
    OK ch=3 v=0.2705
    OK ch=7 v=0.2704
    OK ch=1 v=0.2562
    OK ch=3 v=0.2732
    OK ch=5 v=0.2591
    OK ch=7 v=0.2715
    OK ch=1 v=0.2443
    OK ch=3 v=0.2716
    OK ch=5 v=0.2612
    OK ch=7 v=0.2709
    OK ch=1 v=0.2860
    OK ch=3 v=0.2778
    OK ch=5 v=0.2626
    OK ch=7 v=0.2725
    OK ch=1 v=0.2734
    OK ch=3 v=0.2762
    OK ch=5 v=0.2582
    OK ch=7 v=0.2740
    OK ch=1 v=0.2446
    OK ch=3 v=0.2702
    OK ch=5 v=0.2603
    OK ch=7 v=0.2725
    OK ch=1 v=0.2431
    OK ch=5 v=0.2620
    OK ch=1 v=0.2921
    OK ch=3 v=0.2686
    OK ch=5 v=0.2614
    OK ch=7 v=0.2709
    OK ch=1 v=0.2490
    OK ch=3 v=0.2734
    OK ch=5 v=0.2608
    OK ch=1 v=0.2379
    OK ch=3 v=0.2698
    OK ch=5 v=0.2600
    OK ch=7 v=0.2727
    OK ch=1 v=0.2436
    OK ch=3 v=0.2682
    OK ch=5 v=0.2606
    OK ch=7 v=0.2741
    OK ch=1 v=0.2802
    OK ch=3 v=0.2771
    OK ch=5 v=0.2614
    OK ch=7 v=0.2726
    OK ch=1 v=0.2650
    OK ch=3 v=0.2754
    OK ch=5 v=0.2593
    OK ch=7 v=0.2733
    OK ch=1 v=0.2778
    OK ch=3 v=0.2770
    OK ch=5 v=0.2582
    OK ch=7 v=0.2754
    OK ch=1 v=0.2468
    OK ch=3 v=0.2738
    OK ch=7 v=0.2722
    OK ch=1 v=0.2443
    OK ch=3 v=0.2732
    OK ch=7 v=0.2728
    OK ch=1 v=0.2696
    OK ch=3 v=0.2744
    OK ch=5 v=0.2593
    OK ch=1 v=0.2532
    OK ch=3 v=0.2769
    OK ch=1 v=0.2759
    OK ch=3 v=0.2782
    OK ch=1 v=0.2507
    OK ch=3 v=0.2706
    OK ch=5 v=0.2580
    OK ch=7 v=0.2734
    OK ch=1 v=0.2794
    OK ch=3 v=0.2726
    OK ch=5 v=0.2607
    OK ch=7 v=0.2721
    OK ch=1 v=0.2443
    OK ch=3 v=0.2711
    OK ch=5 v=0.2593
    OK ch=7 v=0.2707
    OK ch=1 v=0.2700
    OK ch=3 v=0.2753
    OK ch=5 v=0.2584
    OK ch=1 v=0.2707
    OK ch=3 v=0.2792
    OK ch=5 v=0.2623
    OK ch=7 v=0.2714
    OK ch=1 v=0.2423
    OK ch=3 v=0.2723
    OK ch=5 v=0.2643
    OK ch=7 v=0.2730
    OK ch=1 v=0.2666
    OK ch=3 v=0.2808
    OK ch=5 v=0.2612
    OK ch=7 v=0.2742
    OK ch=1 v=0.2699
    OK ch=3 v=0.2715
    OK ch=7 v=0.2714
    OK ch=1 v=0.2221
    OK ch=3 v=0.2643
    OK ch=5 v=0.2604
    OK ch=7 v=0.2723
    OK ch=1 v=0.2332
    OK ch=3 v=0.2661
    OK ch=5 v=0.2626
    OK ch=7 v=0.2736
    OK ch=1 v=0.2748
    OK ch=3 v=0.2752
    OK ch=5 v=0.2601
    OK ch=7 v=0.2710
    OK ch=1 v=0.2792
    OK ch=3 v=0.2766
    OK ch=5 v=0.2584
    OK ch=7 v=0.2721
    OK ch=1 v=0.2760
    OK ch=3 v=0.2748
    OK ch=5 v=0.2639
    OK ch=7 v=0.2700
    OK ch=1 v=0.2660
    OK ch=3 v=0.2777
    OK ch=7 v=0.2728
    OK ch=1 v=0.2466
    OK ch=3 v=0.2676
    OK ch=5 v=0.2597
    OK ch=7 v=0.2720
    OK ch=1 v=0.2591
    OK ch=3 v=0.2731
    OK ch=5 v=0.2609
    OK ch=7 v=0.2708
    OK ch=1 v=0.2582
    OK ch=5 v=0.2615
    OK ch=7 v=0.2700
    OK ch=1 v=0.2466
    OK ch=3 v=0.2724
    OK ch=7 v=0.2717
    OK ch=1 v=0.2618
    OK ch=3 v=0.2738
    OK ch=7 v=0.2688
    OK ch=1 v=0.2462
    OK ch=3 v=0.2718
    OK ch=5 v=0.2592
    OK ch=7 v=0.2727
    OK ch=1 v=0.2709
    OK ch=3 v=0.2791
    OK ch=7 v=0.2737
    OK ch=1 v=0.2788
    OK ch=3 v=0.2803
    OK ch=5 v=0.2616
    OK ch=1 v=0.2469
    OK ch=3 v=0.2739
    OK ch=5 v=0.2605
    OK ch=7 v=0.2720
    OK ch=1 v=0.2819
    OK ch=3 v=0.2803
    OK ch=5 v=0.2565
    OK ch=7 v=0.2741
    OK ch=1 v=0.2524
    OK ch=3 v=0.2696
    OK ch=5 v=0.2607
    OK ch=1 v=0.2390
    OK ch=3 v=0.2662
    OK ch=5 v=0.2615
    OK ch=7 v=0.2734
    OK ch=3 v=0.2692
    OK ch=5 v=0.2595
    OK ch=7 v=0.2716
    OK ch=1 v=0.2508
    OK ch=3 v=0.2735
    OK ch=5 v=0.2608
    OK ch=7 v=0.2691
    OK ch=1 v=0.2892
    OK ch=3 v=0.2783
    OK ch=5 v=0.2586
    OK ch=7 v=0.2742
    OK ch=1 v=0.2640
    OK ch=3 v=0.2741
    OK ch=5 v=0.2609
    OK ch=1 v=0.2676
    OK ch=3 v=0.2720
    OK ch=5 v=0.2626
    OK ch=7 v=0.2727
    OK ch=1 v=0.2703
    OK ch=3 v=0.2780
    OK ch=5 v=0.2590
    OK ch=7 v=0.2720
    OK ch=1 v=0.2655
    OK ch=3 v=0.2729
    OK ch=1 v=0.2507
    OK ch=3 v=0.2755
    OK ch=5 v=0.2606
    OK ch=1 v=0.2556
    OK ch=3 v=0.2772
    OK ch=5 v=0.2619
    OK ch=1 v=0.2423
    OK ch=3 v=0.2695
    OK ch=5 v=0.2605
    OK ch=1 v=0.2557
    OK ch=3 v=0.2758
    OK ch=7 v=0.2733
    OK ch=1 v=0.2616
    OK ch=3 v=0.2744
    OK ch=5 v=0.2594
    OK ch=7 v=0.2721
    OK ch=1 v=0.2383
    OK ch=3 v=0.2633
    OK ch=5 v=0.2589
    OK ch=7 v=0.2695
    OK ch=1 v=0.2621
    OK ch=3 v=0.2721
    OK ch=5 v=0.2620
    OK ch=7 v=0.2701
    OK ch=1 v=0.2698
    OK ch=3 v=0.2757
    OK ch=5 v=0.2588
    OK ch=7 v=0.2745
    OK ch=1 v=0.2599
    OK ch=3 v=0.2712
    OK ch=5 v=0.2601
    OK ch=7 v=0.2734
    OK ch=1 v=0.2689
    OK ch=3 v=0.2738
    OK ch=5 v=0.2631
    OK ch=7 v=0.2728
    OK ch=1 v=0.2721
    OK ch=3 v=0.2791
    OK ch=5 v=0.2600
    OK ch=7 v=0.2736
    OK ch=1 v=0.2647
    OK ch=3 v=0.2782
    OK ch=5 v=0.2609
    OK ch=1 v=0.2473
    OK ch=3 v=0.2707
    OK ch=1 v=0.2716
    OK ch=3 v=0.2743
    OK ch=5 v=0.2601
    OK ch=1 v=0.2610
    OK ch=3 v=0.2789
    OK ch=5 v=0.2625
    OK ch=1 v=0.2699
    OK ch=3 v=0.2774
    OK ch=5 v=0.2618
    OK ch=7 v=0.2703
    OK ch=1 v=0.2322
    OK ch=3 v=0.2698
    OK ch=5 v=0.2585
    OK ch=7 v=0.2714
    OK ch=1 v=0.2737
    OK ch=3 v=0.2767
    OK ch=5 v=0.2599
    OK ch=7 v=0.2707
    OK ch=1 v=0.2731
    OK ch=3 v=0.2722
    OK ch=7 v=0.2699
    OK ch=1 v=0.2644
    OK ch=3 v=0.2729
    OK ch=5 v=0.2592
    OK ch=7 v=0.2729
    OK ch=1 v=0.2464
    OK ch=3 v=0.2617
    OK ch=7 v=0.2699

*** LOCKED -- 16.3s after gain was applied (t=205.3s total) ***

    OK ch=1 v=0.2621
    OK ch=3 v=0.2762
    OK ch=5 v=0.2600
    OK ch=7 v=0.2713
    OK ch=1 v=0.2687
    OK ch=3 v=0.2791
    OK ch=5 v=0.2624
    OK ch=7 v=0.2732
    OK ch=1 v=0.2434
    OK ch=3 v=0.2720
    OK ch=5 v=0.2652
    OK ch=7 v=0.2745
    OK ch=1 v=0.2529
    OK ch=3 v=0.2772
    OK ch=5 v=0.2606
    OK ch=7 v=0.2751
    OK ch=1 v=0.2598
    OK ch=7 v=0.2718
    OK ch=1 v=0.2661
    OK ch=3 v=0.2762
    OK ch=5 v=0.2622
    OK ch=7 v=0.2724
    OK ch=1 v=0.2445
    OK ch=3 v=0.2738
    OK ch=5 v=0.2613
    OK ch=7 v=0.2714
    OK ch=1 v=0.2794
    OK ch=3 v=0.2733
    OK ch=5 v=0.2601
    OK ch=7 v=0.2727
    OK ch=1 v=0.2599
    OK ch=3 v=0.2710
    OK ch=5 v=0.2613
    OK ch=7 v=0.2693
    OK ch=1 v=0.2624
    OK ch=3 v=0.2751
    OK ch=5 v=0.2599
    OK ch=7 v=0.2710
    OK ch=1 v=0.2643
    OK ch=3 v=0.2765
    OK ch=5 v=0.2605
    OK ch=7 v=0.2718
    OK ch=1 v=0.2606
    OK ch=3 v=0.2745
    OK ch=5 v=0.2587
    OK ch=7 v=0.2734
[  205.8s] DAMPING     ch0:LOCK g=-0.0300 bp=+0.005V ratio=0.08  ch1:LOCK g=-0.0300 bp=+0.006V ratio=0.07  ch2:LOCK g=+0.0100 bp=-0.003V ratio=0.02  ch3:LOCK g=-0.0300 bp=-0.002V ratio=0.05
    OK ch=1 v=0.2423
    OK ch=3 v=0.2669
    OK ch=5 v=0.2611
    OK ch=7 v=0.2710
    OK ch=1 v=0.2374
    OK ch=7 v=0.2745
    OK ch=1 v=0.2837
    OK ch=3 v=0.2789
    OK ch=5 v=0.2573
    OK ch=7 v=0.2736
    OK ch=1 v=0.2670
    OK ch=3 v=0.2743
    OK ch=5 v=0.2586
    OK ch=7 v=0.2728
    OK ch=1 v=0.2583
    OK ch=3 v=0.2723
    OK ch=5 v=0.2597
    OK ch=7 v=0.2736
    OK ch=1 v=0.2703
    OK ch=3 v=0.2772
    OK ch=5 v=0.2590
    OK ch=7 v=0.2744
    OK ch=1 v=0.2631
    OK ch=3 v=0.2781
    OK ch=5 v=0.2596
    OK ch=7 v=0.2714
    OK ch=1 v=0.2838
    OK ch=3 v=0.2767
    OK ch=5 v=0.2583
    OK ch=1 v=0.2809
    OK ch=3 v=0.2743
    OK ch=5 v=0.2595
    OK ch=7 v=0.2725
    OK ch=1 v=0.2405
    OK ch=3 v=0.2676
    OK ch=5 v=0.2641
    OK ch=7 v=0.2704
    OK ch=1 v=0.2441
    OK ch=3 v=0.2686
    OK ch=5 v=0.2591
    OK ch=7 v=0.2730
    OK ch=1 v=0.2574
    OK ch=3 v=0.2754
    OK ch=7 v=0.2744
    OK ch=3 v=0.2764
    OK ch=5 v=0.2605
    OK ch=7 v=0.2729
    OK ch=1 v=0.2557
    OK ch=3 v=0.2736
    OK ch=7 v=0.2711
    OK ch=1 v=0.3009
    OK ch=3 v=0.2718
    OK ch=5 v=0.2588
    OK ch=7 v=0.2733
    OK ch=1 v=0.2577
    OK ch=3 v=0.2744
    OK ch=5 v=0.2604
    OK ch=7 v=0.2711
    OK ch=1 v=0.2500
    OK ch=3 v=0.2690
    OK ch=7 v=0.2676
    OK ch=1 v=0.2726
    OK ch=3 v=0.2789
    OK ch=5 v=0.2640
    OK ch=7 v=0.2731
    OK ch=1 v=0.2467
    OK ch=3 v=0.2773
    OK ch=5 v=0.2645
    OK ch=7 v=0.2707
    OK ch=1 v=0.2570
    OK ch=3 v=0.2792
    OK ch=5 v=0.2591
    OK ch=7 v=0.2744
    OK ch=1 v=0.2786
    OK ch=3 v=0.2752
    OK ch=5 v=0.2623
    OK ch=7 v=0.2732
    OK ch=1 v=0.2687
    OK ch=3 v=0.2761
    OK ch=5 v=0.2632
    OK ch=7 v=0.2715
    OK ch=1 v=0.2412
    OK ch=3 v=0.2671
    OK ch=5 v=0.2609
    OK ch=7 v=0.2727
    OK ch=1 v=0.2647
    OK ch=3 v=0.2713
    OK ch=5 v=0.2614
    OK ch=7 v=0.2716
    OK ch=1 v=0.2534
    OK ch=3 v=0.2718
    OK ch=5 v=0.2597
    OK ch=1 v=0.2758
    OK ch=3 v=0.2749
    OK ch=5 v=0.2609
    OK ch=7 v=0.2707
    OK ch=1 v=0.2302
    OK ch=3 v=0.2696
    OK ch=5 v=0.2628
    OK ch=7 v=0.2734
    OK ch=1 v=0.2351
    OK ch=3 v=0.2725
    OK ch=5 v=0.2590
    OK ch=1 v=0.2652
    OK ch=3 v=0.2760
    OK ch=7 v=0.2720
    OK ch=1 v=0.2734
    OK ch=3 v=0.2788
    OK ch=5 v=0.2605
    OK ch=7 v=0.2705
    OK ch=1 v=0.2701
    OK ch=5 v=0.2583
    OK ch=7 v=0.2731
    OK ch=1 v=0.2742
    OK ch=3 v=0.2762
    OK ch=1 v=0.2912
    OK ch=3 v=0.2715
    OK ch=7 v=0.2709
    OK ch=1 v=0.2608
    OK ch=3 v=0.2728
    OK ch=5 v=0.2595
    OK ch=7 v=0.2728
    OK ch=1 v=0.2779
    OK ch=3 v=0.2803
    OK ch=5 v=0.2603
    OK ch=1 v=0.2625
    OK ch=3 v=0.2786
    OK ch=5 v=0.2613
    OK ch=1 v=0.2644
    OK ch=5 v=0.2594
    OK ch=7 v=0.2739
    OK ch=1 v=0.2379
    OK ch=3 v=0.2691
    OK ch=5 v=0.2587
    OK ch=7 v=0.2760
    OK ch=1 v=0.2342
    OK ch=3 v=0.2715
    OK ch=5 v=0.2619
    OK ch=7 v=0.2705
    OK ch=1 v=0.2476
    OK ch=3 v=0.2621
    OK ch=5 v=0.2613
    OK ch=7 v=0.2712
    OK ch=1 v=0.2621
    OK ch=3 v=0.2681
    OK ch=5 v=0.2584
    OK ch=1 v=0.2552
    OK ch=3 v=0.2758
    OK ch=5 v=0.2598
    OK ch=7 v=0.2719
    OK ch=1 v=0.2627
    OK ch=3 v=0.2749
    OK ch=5 v=0.2605
    OK ch=1 v=0.2566
    OK ch=3 v=0.2733
    OK ch=7 v=0.2734
    OK ch=1 v=0.2649
    OK ch=3 v=0.2768
    OK ch=5 v=0.2613
    OK ch=7 v=0.2710
    OK ch=1 v=0.2689
    OK ch=3 v=0.2789
    OK ch=5 v=0.2598
    OK ch=7 v=0.2732
    OK ch=1 v=0.2596
    OK ch=3 v=0.2763
    OK ch=5 v=0.2636
    OK ch=7 v=0.2709
    OK ch=1 v=0.2465
    OK ch=3 v=0.2701
    OK ch=5 v=0.2623
    OK ch=1 v=0.2483
    OK ch=3 v=0.2724
    OK ch=5 v=0.2594
    OK ch=7 v=0.2726
    OK ch=1 v=0.2743
    OK ch=3 v=0.2734
    OK ch=5 v=0.2610
    OK ch=7 v=0.2741
    OK ch=1 v=0.2712
    OK ch=3 v=0.2749
    OK ch=5 v=0.2616
    OK ch=7 v=0.2702
    OK ch=1 v=0.2538
    OK ch=3 v=0.2690
    OK ch=5 v=0.2599
    OK ch=7 v=0.2738
    OK ch=1 v=0.2379
    OK ch=3 v=0.2720
    OK ch=7 v=0.2704
    OK ch=1 v=0.2676
    OK ch=3 v=0.2732
    OK ch=1 v=0.2822
    OK ch=3 v=0.2796
    OK ch=7 v=0.2742
    OK ch=1 v=0.2725
    OK ch=3 v=0.2777
    OK ch=5 v=0.2613
    OK ch=7 v=0.2750
    OK ch=1 v=0.2631
    OK ch=3 v=0.2712
    OK ch=5 v=0.2588
    OK ch=7 v=0.2741
    OK ch=1 v=0.2670
    OK ch=3 v=0.2769
    OK ch=5 v=0.2598
    OK ch=7 v=0.2721
    OK ch=1 v=0.2625
    OK ch=3 v=0.2778
    OK ch=5 v=0.2615
    OK ch=7 v=0.2706
    OK ch=1 v=0.2569
    OK ch=3 v=0.2741
    OK ch=5 v=0.2589
    OK ch=7 v=0.2732
    OK ch=1 v=0.2385
    OK ch=3 v=0.2663
    OK ch=5 v=0.2604
    OK ch=7 v=0.2722
    OK ch=1 v=0.2734
    OK ch=3 v=0.2769
    OK ch=5 v=0.2595
    OK ch=7 v=0.2732
    OK ch=1 v=0.2439
    OK ch=3 v=0.2697
    OK ch=5 v=0.2623
    OK ch=1 v=0.2838
    OK ch=3 v=0.2767
    OK ch=7 v=0.2703
    OK ch=1 v=0.2516
    OK ch=5 v=0.2583
    OK ch=7 v=0.2726
    OK ch=1 v=0.2549
    OK ch=3 v=0.2743
    OK ch=1 v=0.2509
    OK ch=3 v=0.2725
    OK ch=5 v=0.2620
    OK ch=7 v=0.2706
    OK ch=1 v=0.2821
    OK ch=3 v=0.2793
    OK ch=5 v=0.2613
    OK ch=7 v=0.2739
    OK ch=1 v=0.2798
    OK ch=3 v=0.2738
    OK ch=5 v=0.2596
    OK ch=7 v=0.2727
    OK ch=1 v=0.2566
    OK ch=3 v=0.2750
    OK ch=5 v=0.2622
    OK ch=7 v=0.2734
    OK ch=1 v=0.2390
    OK ch=3 v=0.2688
    OK ch=7 v=0.2719
    OK ch=1 v=0.2700
    OK ch=3 v=0.2726
    OK ch=7 v=0.2693
    OK ch=1 v=0.2605
    OK ch=3 v=0.2679
    OK ch=5 v=0.2602
    OK ch=7 v=0.2671
    OK ch=1 v=0.2696
    OK ch=3 v=0.2772
    OK ch=5 v=0.2592
    OK ch=7 v=0.2743
    OK ch=1 v=0.2328
    OK ch=3 v=0.2696
    OK ch=5 v=0.2620
    OK ch=7 v=0.2715
    OK ch=1 v=0.2591
    OK ch=3 v=0.2779
    OK ch=5 v=0.2612
    OK ch=7 v=0.2736
    OK ch=1 v=0.2752
    OK ch=3 v=0.2758
    OK ch=5 v=0.2588
    OK ch=7 v=0.2701
    OK ch=1 v=0.2695
    OK ch=3 v=0.2746
    OK ch=5 v=0.2597
    OK ch=7 v=0.2737
    OK ch=1 v=0.2613
    OK ch=3 v=0.2729
    OK ch=5 v=0.2608
    OK ch=7 v=0.2716
    OK ch=1 v=0.2899
    OK ch=3 v=0.2717
    OK ch=7 v=0.2703
    OK ch=1 v=0.2455
    OK ch=3 v=0.2733
    OK ch=5 v=0.2601
    OK ch=7 v=0.2755
    OK ch=1 v=0.2597
    OK ch=3 v=0.2739
    OK ch=5 v=0.2582
    OK ch=7 v=0.2733
    OK ch=1 v=0.2652
    OK ch=3 v=0.2809
    OK ch=5 v=0.2608
    OK ch=1 v=0.2356
    OK ch=3 v=0.2703
    OK ch=7 v=0.2721
    OK ch=1 v=0.2326
    OK ch=5 v=0.2572
    OK ch=7 v=0.2729
    OK ch=1 v=0.2379
    OK ch=3 v=0.2676
    OK ch=5 v=0.2589
    OK ch=7 v=0.2717
    OK ch=1 v=0.2769
    OK ch=3 v=0.2775
    OK ch=5 v=0.2600
    OK ch=7 v=0.2728
    OK ch=1 v=0.2473
    OK ch=3 v=0.2722
    OK ch=7 v=0.2704
    OK ch=1 v=0.2579
    OK ch=3 v=0.2777
    OK ch=5 v=0.2606
    OK ch=1 v=0.2689
    OK ch=3 v=0.2769
    OK ch=5 v=0.2613
    OK ch=7 v=0.2711
    OK ch=1 v=0.2678
    OK ch=3 v=0.2790
    OK ch=5 v=0.2599
    OK ch=7 v=0.2728
    OK ch=1 v=0.2775
    OK ch=3 v=0.2772
    OK ch=5 v=0.2636
    OK ch=1 v=0.2703
    OK ch=5 v=0.2605
    OK ch=1 v=0.2569
    OK ch=3 v=0.2737
    OK ch=7 v=0.2739
    OK ch=1 v=0.2577
    OK ch=3 v=0.2724
    OK ch=5 v=0.2630
    OK ch=7 v=0.2726
    OK ch=1 v=0.2688
    OK ch=3 v=0.2700
    OK ch=7 v=0.2710
    OK ch=1 v=0.2513
    OK ch=3 v=0.2694
    OK ch=5 v=0.2621
    OK ch=1 v=0.2601
    OK ch=1 v=0.2375
    OK ch=3 v=0.2750
    OK ch=7 v=0.2716
    OK ch=1 v=0.2262
    OK ch=3 v=0.2659
    OK ch=5 v=0.2596
    OK ch=1 v=0.2330
    OK ch=7 v=0.2709
    OK ch=1 v=0.2571
    OK ch=3 v=0.2735
    OK ch=7 v=0.2734
    OK ch=1 v=0.2708
    OK ch=3 v=0.2753
    OK ch=5 v=0.2607
    OK ch=7 v=0.2703
    OK ch=1 v=0.2717
    OK ch=5 v=0.2571
    OK ch=7 v=0.2739
    OK ch=1 v=0.2807
    OK ch=3 v=0.2775
    OK ch=5 v=0.2590
    OK ch=7 v=0.2729
    OK ch=1 v=0.2612
    OK ch=3 v=0.2755
    OK ch=5 v=0.2620
    OK ch=1 v=0.2477
    OK ch=3 v=0.2723
    OK ch=5 v=0.2601
    OK ch=7 v=0.2759
    OK ch=1 v=0.2651
    OK ch=3 v=0.2802
    OK ch=7 v=0.2720
    OK ch=1 v=0.2695
    OK ch=3 v=0.2752
    OK ch=5 v=0.2595
    OK ch=1 v=0.2739
    OK ch=3 v=0.2662
    OK ch=7 v=0.2713
    OK ch=1 v=0.2766
    OK ch=3 v=0.2805
    OK ch=5 v=0.2622
    OK ch=1 v=0.2492
    OK ch=3 v=0.2746
    OK ch=5 v=0.2610
    OK ch=7 v=0.2727
    OK ch=1 v=0.2602
    OK ch=3 v=0.2752
    OK ch=5 v=0.2575
    OK ch=7 v=0.2741
    OK ch=1 v=0.2537
    OK ch=3 v=0.2758
    OK ch=5 v=0.2600
    OK ch=7 v=0.2725
    OK ch=1 v=0.2511
    OK ch=3 v=0.2681
    OK ch=7 v=0.2732
    OK ch=1 v=0.2567
    OK ch=3 v=0.2741
    OK ch=5 v=0.2583
    OK ch=7 v=0.2742
    OK ch=1 v=0.2560
    OK ch=3 v=0.2709
    OK ch=7 v=0.2714
    OK ch=1 v=0.2346
    OK ch=3 v=0.2688
    OK ch=5 v=0.2591
    OK ch=7 v=0.2687
    OK ch=1 v=0.2685
    OK ch=3 v=0.2737
    OK ch=5 v=0.2618
    OK ch=7 v=0.2705
    OK ch=1 v=0.2699
    OK ch=3 v=0.2771
    OK ch=7 v=0.2715
    OK ch=1 v=0.2617
    OK ch=3 v=0.2745
    OK ch=5 v=0.2607
    OK ch=7 v=0.2732
    OK ch=1 v=0.2557
    OK ch=3 v=0.2771
    OK ch=5 v=0.2635
    OK ch=1 v=0.2678
    OK ch=3 v=0.2743
    OK ch=5 v=0.2643
    OK ch=1 v=0.2568
    OK ch=5 v=0.2631
    OK ch=7 v=0.2716
    OK ch=1 v=0.2731
    OK ch=5 v=0.2611
    OK ch=1 v=0.2813
    OK ch=3 v=0.2800
    OK ch=5 v=0.2617
    OK ch=7 v=0.2728
    OK ch=1 v=0.2540
    OK ch=3 v=0.2703
    OK ch=5 v=0.2631
    OK ch=7 v=0.2719
    OK ch=1 v=0.2489
    OK ch=3 v=0.2732
    OK ch=5 v=0.2613
    OK ch=7 v=0.2730
[  210.8s] DAMPING     ch0:LOCK g=-0.0300 bp=-0.010V ratio=0.09  ch1:LOCK g=-0.0300 bp=+0.002V ratio=0.06  ch2:LOCK g=+0.0100 bp=-0.023V ratio=0.04  ch3:LOCK g=-0.0300 bp=-0.000V ratio=0.03
    OK ch=1 v=0.2638
    OK ch=3 v=0.2739
    OK ch=5 v=0.2587
    OK ch=1 v=0.2534
    OK ch=3 v=0.2692
    OK ch=5 v=0.2581
    OK ch=1 v=0.2541
    OK ch=3 v=0.2706
    OK ch=5 v=0.2600
    OK ch=7 v=0.2713
    OK ch=1 v=0.2461
    OK ch=3 v=0.2698
    OK ch=5 v=0.2594
    OK ch=1 v=0.2679
    OK ch=3 v=0.2709
    OK ch=5 v=0.2584
    OK ch=7 v=0.2704
    OK ch=1 v=0.2605
    OK ch=3 v=0.2725
    OK ch=7 v=0.2720
    OK ch=1 v=0.2664
    OK ch=3 v=0.2757
    OK ch=5 v=0.2593
    OK ch=1 v=0.2792
    OK ch=3 v=0.2809
    OK ch=5 v=0.2600
    OK ch=7 v=0.2726
    OK ch=1 v=0.2670
    OK ch=3 v=0.2796
    OK ch=5 v=0.2605
    OK ch=7 v=0.2737
    OK ch=1 v=0.2561
    OK ch=3 v=0.2702
    OK ch=7 v=0.2722
    OK ch=1 v=0.2668
    OK ch=3 v=0.2777
    OK ch=7 v=0.2743
    OK ch=1 v=0.2651
    OK ch=3 v=0.2785
    OK ch=5 v=0.2614
    OK ch=1 v=0.2426
    OK ch=3 v=0.2725
    OK ch=7 v=0.2725
    OK ch=1 v=0.2499
    OK ch=3 v=0.2700
    OK ch=5 v=0.2592
    OK ch=7 v=0.2731
    OK ch=1 v=0.2636
    OK ch=3 v=0.2707
    OK ch=5 v=0.2598
    OK ch=1 v=0.2712
    OK ch=3 v=0.2777
    OK ch=7 v=0.2738
    OK ch=1 v=0.2493
    OK ch=3 v=0.2722
    OK ch=5 v=0.2604
    OK ch=7 v=0.2711
    OK ch=1 v=0.2621
    OK ch=3 v=0.2738
    OK ch=5 v=0.2611
    OK ch=7 v=0.2696
    OK ch=1 v=0.2429
    OK ch=3 v=0.2729
    OK ch=5 v=0.2603
    OK ch=7 v=0.2703
    OK ch=1 v=0.2528
    OK ch=7 v=0.2723
    OK ch=1 v=0.2741
    OK ch=3 v=0.2697
    OK ch=5 v=0.2616
    OK ch=1 v=0.2815
    OK ch=3 v=0.2793
    OK ch=5 v=0.2610
    OK ch=1 v=0.2739
    OK ch=7 v=0.2739
    OK ch=1 v=0.2360
    OK ch=3 v=0.2699
    OK ch=7 v=0.2715
    OK ch=1 v=0.2590
    OK ch=3 v=0.2662
    OK ch=5 v=0.2648
    OK ch=7 v=0.2708
    OK ch=1 v=0.2859
    OK ch=3 v=0.2762
    OK ch=5 v=0.2638
    OK ch=1 v=0.2573
    OK ch=3 v=0.2751
    OK ch=5 v=0.2611
    OK ch=7 v=0.2728
    OK ch=1 v=0.2588
    OK ch=3 v=0.2743
    OK ch=5 v=0.2620
    OK ch=7 v=0.2742
    OK ch=1 v=0.2451
    OK ch=3 v=0.2775
    OK ch=5 v=0.2601
    OK ch=1 v=0.2334
    OK ch=3 v=0.2674
    OK ch=7 v=0.2732
    OK ch=1 v=0.2511
    OK ch=7 v=0.2716
    OK ch=1 v=0.2341
    OK ch=3 v=0.2644
    OK ch=5 v=0.2591
    OK ch=7 v=0.2701
    OK ch=1 v=0.2768
    OK ch=3 v=0.2784
    OK ch=5 v=0.2556
    OK ch=7 v=0.2715
    OK ch=1 v=0.2496
    OK ch=3 v=0.2715
    OK ch=5 v=0.2589
    OK ch=7 v=0.2709
    OK ch=1 v=0.2744
    OK ch=3 v=0.2793
    OK ch=5 v=0.2596
    OK ch=7 v=0.2736
    OK ch=1 v=0.2915
    OK ch=3 v=0.2777
    OK ch=5 v=0.2578
    OK ch=7 v=0.2725
    OK ch=1 v=0.2599
    OK ch=3 v=0.2736
    OK ch=5 v=0.2600
    OK ch=7 v=0.2710
    OK ch=1 v=0.2500
    OK ch=3 v=0.2705
    OK ch=7 v=0.2724
    OK ch=1 v=0.2590
    OK ch=5 v=0.2618
    OK ch=7 v=0.2702
    OK ch=1 v=0.2579
    OK ch=3 v=0.2813
    OK ch=5 v=0.2627
    OK ch=7 v=0.2739
    OK ch=1 v=0.2454
    OK ch=3 v=0.2778
    OK ch=5 v=0.2602
    OK ch=7 v=0.2731
    OK ch=1 v=0.2704
    OK ch=3 v=0.2814
    OK ch=5 v=0.2624
    OK ch=1 v=0.2545
    OK ch=3 v=0.2714
    OK ch=7 v=0.2713
    OK ch=1 v=0.2424
    OK ch=3 v=0.2633
    OK ch=5 v=0.2595
    OK ch=1 v=0.2432
    OK ch=3 v=0.2664
    OK ch=5 v=0.2605
    OK ch=1 v=0.2581
    OK ch=5 v=0.2619
    OK ch=7 v=0.2718
    OK ch=1 v=0.2654
    OK ch=3 v=0.2762
    OK ch=5 v=0.2611
    OK ch=7 v=0.2732
    OK ch=1 v=0.2763
    OK ch=3 v=0.2779
    OK ch=5 v=0.2606
    OK ch=7 v=0.2710
    OK ch=1 v=0.2611
    OK ch=3 v=0.2756
    OK ch=7 v=0.2745
    OK ch=1 v=0.2591
    OK ch=3 v=0.2711
    OK ch=7 v=0.2722
    OK ch=1 v=0.2553
    OK ch=3 v=0.2695
    OK ch=5 v=0.2620
    OK ch=7 v=0.2716
    OK ch=1 v=0.2643
    OK ch=3 v=0.2731
    OK ch=7 v=0.2706
    OK ch=1 v=0.2697
    OK ch=3 v=0.2740
    OK ch=5 v=0.2610
    OK ch=7 v=0.2732
    OK ch=1 v=0.2652
    OK ch=5 v=0.2591
    OK ch=3 v=0.2731
    OK ch=5 v=0.2611
    OK ch=1 v=0.2750
    OK ch=3 v=0.2799
    OK ch=5 v=0.2602
    OK ch=7 v=0.2685
    OK ch=1 v=0.2495
    OK ch=3 v=0.2721
    OK ch=7 v=0.2727
    OK ch=1 v=0.2593
    OK ch=3 v=0.2699
    OK ch=1 v=0.2537
    OK ch=3 v=0.2735
    OK ch=5 v=0.2589
    OK ch=7 v=0.2744
    OK ch=1 v=0.2851
    OK ch=3 v=0.2786
    OK ch=5 v=0.2567
    OK ch=7 v=0.2733
    OK ch=1 v=0.2652
    OK ch=3 v=0.2755
    OK ch=5 v=0.2598
    OK ch=7 v=0.2739
    OK ch=1 v=0.2323
    OK ch=3 v=0.2789
    OK ch=5 v=0.2608
    OK ch=7 v=0.2733
    OK ch=1 v=0.2709
    OK ch=3 v=0.2717
    OK ch=5 v=0.2565
    OK ch=7 v=0.2739
    OK ch=1 v=0.2393
    OK ch=3 v=0.2675
    OK ch=5 v=0.2594
    OK ch=7 v=0.2710
    OK ch=1 v=0.2745
    OK ch=3 v=0.2759
    OK ch=1 v=0.2635
    OK ch=3 v=0.2713
    OK ch=5 v=0.2608
    OK ch=1 v=0.2587
    OK ch=3 v=0.2752
    OK ch=5 v=0.2618
    OK ch=7 v=0.2726
    OK ch=1 v=0.2661
    OK ch=3 v=0.2781
    OK ch=5 v=0.2603
    OK ch=1 v=0.2599
    OK ch=3 v=0.2774
    OK ch=7 v=0.2739
    OK ch=1 v=0.2582
    OK ch=5 v=0.2627
    OK ch=7 v=0.2725
    OK ch=1 v=0.2438
    OK ch=3 v=0.2690
    OK ch=7 v=0.2732
    OK ch=1 v=0.2590
    OK ch=3 v=0.2705
    OK ch=5 v=0.2617
    OK ch=7 v=0.2719
    OK ch=1 v=0.2540
    OK ch=7 v=0.2705
    OK ch=1 v=0.2648
    OK ch=3 v=0.2772
    OK ch=5 v=0.2629
    OK ch=1 v=0.2714
    OK ch=3 v=0.2847
    OK ch=5 v=0.2624
    OK ch=7 v=0.2698
    OK ch=1 v=0.2748
    OK ch=3 v=0.2767
    OK ch=5 v=0.2600
    OK ch=7 v=0.2729
    OK ch=1 v=0.2467
    OK ch=3 v=0.2670
    OK ch=5 v=0.2609
    OK ch=7 v=0.2698
    OK ch=1 v=0.2520
    OK ch=3 v=0.2675
    OK ch=5 v=0.2626
    OK ch=1 v=0.2434
    OK ch=3 v=0.2718
    OK ch=5 v=0.2635
    OK ch=7 v=0.2721
    OK ch=1 v=0.2569
    OK ch=3 v=0.2737
    OK ch=5 v=0.2611
    OK ch=7 v=0.2705
    OK ch=1 v=0.2773
    OK ch=3 v=0.2765
    OK ch=5 v=0.2590
    OK ch=7 v=0.2721
    OK ch=1 v=0.2801
    OK ch=3 v=0.2738
    OK ch=5 v=0.2598
    OK ch=7 v=0.2738
    OK ch=1 v=0.2488
    OK ch=3 v=0.2756
    OK ch=5 v=0.2608
    OK ch=1 v=0.2385
    OK ch=3 v=0.2815
    OK ch=5 v=0.2603
    OK ch=7 v=0.2745
    OK ch=1 v=0.2613
    OK ch=3 v=0.2707
    OK ch=5 v=0.2590
    OK ch=7 v=0.2739
    OK ch=1 v=0.2607
    OK ch=3 v=0.2663
    OK ch=5 v=0.2582
    OK ch=7 v=0.2720
    OK ch=1 v=0.2827
    OK ch=3 v=0.2763
    OK ch=7 v=0.2729
    OK ch=1 v=0.2650
    OK ch=3 v=0.2812
    OK ch=5 v=0.2593
    OK ch=1 v=0.2588
    OK ch=3 v=0.2756
    OK ch=5 v=0.2587
    OK ch=7 v=0.2751
    OK ch=1 v=0.2411
    OK ch=3 v=0.2700
    OK ch=7 v=0.2757
    OK ch=1 v=0.2481
    OK ch=3 v=0.2676
    OK ch=5 v=0.2609
    OK ch=7 v=0.2735
    OK ch=1 v=0.2916
    OK ch=3 v=0.2751
    OK ch=5 v=0.2581
    OK ch=7 v=0.2712
    OK ch=1 v=0.2713
    OK ch=3 v=0.2773
    OK ch=1 v=0.2560
    OK ch=3 v=0.2760
    OK ch=5 v=0.2612
    OK ch=1 v=0.2652
    OK ch=3 v=0.2808
    OK ch=5 v=0.2623
    OK ch=7 v=0.2702
    OK ch=1 v=0.2268
    OK ch=3 v=0.2724
    OK ch=5 v=0.2613
    OK ch=7 v=0.2719
    OK ch=1 v=0.2803
    OK ch=3 v=0.2770
    OK ch=5 v=0.2601
    OK ch=7 v=0.2712
    OK ch=1 v=0.2736
    OK ch=3 v=0.2753
    OK ch=1 v=0.2259
    OK ch=3 v=0.2664
    OK ch=5 v=0.2628
    OK ch=7 v=0.2717
    OK ch=1 v=0.2599
    OK ch=3 v=0.2669
    OK ch=5 v=0.2640
    OK ch=7 v=0.2732
    OK ch=1 v=0.2677
    OK ch=3 v=0.2707
    OK ch=5 v=0.2614
    OK ch=7 v=0.2720
    OK ch=1 v=0.2501
    OK ch=3 v=0.2750
    OK ch=5 v=0.2604
    OK ch=1 v=0.2747
    OK ch=3 v=0.2696
    OK ch=5 v=0.2627
    OK ch=7 v=0.2696
    OK ch=1 v=0.2575
    OK ch=3 v=0.2712
    OK ch=5 v=0.2641
    OK ch=7 v=0.2713
    OK ch=1 v=0.2388
    OK ch=3 v=0.2703
    OK ch=5 v=0.2614
    OK ch=7 v=0.2720
    OK ch=1 v=0.2804
    OK ch=3 v=0.2809
    OK ch=1 v=0.2712
    OK ch=3 v=0.2781
    OK ch=5 v=0.2600
    OK ch=7 v=0.2736
    OK ch=1 v=0.2489
    OK ch=3 v=0.2768
    OK ch=5 v=0.2608
    OK ch=7 v=0.2725
    OK ch=1 v=0.2591
    OK ch=3 v=0.2789
    OK ch=5 v=0.2601
    OK ch=1 v=0.2721
    OK ch=5 v=0.2580
    OK ch=1 v=0.2670
    OK ch=3 v=0.2660
    OK ch=5 v=0.2588
    OK ch=1 v=0.2678
    OK ch=3 v=0.2697
    OK ch=5 v=0.2596
    OK ch=7 v=0.2735
    OK ch=1 v=0.2565
    OK ch=3 v=0.2642
    OK ch=5 v=0.2590
    OK ch=7 v=0.2722
    OK ch=1 v=0.2557
    OK ch=3 v=0.2740
    OK ch=5 v=0.2609
    OK ch=1 v=0.2615
    OK ch=3 v=0.2770
    OK ch=5 v=0.2599
    OK ch=7 v=0.2733
    OK ch=1 v=0.2413
    OK ch=3 v=0.2732
    OK ch=5 v=0.2588
    OK ch=1 v=0.2391
    OK ch=3 v=0.2704
    OK ch=1 v=0.2783
    OK ch=3 v=0.2807
    OK ch=5 v=0.2596
    OK ch=7 v=0.2727
    OK ch=1 v=0.2612
    OK ch=3 v=0.2763
    OK ch=5 v=0.2584
    OK ch=7 v=0.2736
    OK ch=1 v=0.2755
    OK ch=3 v=0.2793
    OK ch=5 v=0.2605
    OK ch=1 v=0.2725
    OK ch=3 v=0.2805
    OK ch=5 v=0.2623
    OK ch=7 v=0.2728
    OK ch=1 v=0.2648
    OK ch=3 v=0.2689
    OK ch=5 v=0.2601
    OK ch=1 v=0.2222
    OK ch=3 v=0.2655
    OK ch=5 v=0.2612
    OK ch=7 v=0.2722
    OK ch=1 v=0.2648
    OK ch=3 v=0.2769
    OK ch=5 v=0.2605
    OK ch=7 v=0.2710
    OK ch=1 v=0.2733
    OK ch=3 v=0.2801
    OK ch=5 v=0.2616
    OK ch=7 v=0.2689
    OK ch=1 v=0.2398
    OK ch=3 v=0.2725
    OK ch=7 v=0.2709
    OK ch=1 v=0.2499
    OK ch=3 v=0.2712
    OK ch=5 v=0.2608
    OK ch=7 v=0.2730
    OK ch=1 v=0.2403
    OK ch=3 v=0.2694
    OK ch=1 v=0.2366
    OK ch=3 v=0.2676
    OK ch=5 v=0.2615
    OK ch=7 v=0.2720
    OK ch=1 v=0.2679
    OK ch=3 v=0.2750
    OK ch=5 v=0.2605
    OK ch=7 v=0.2728
    OK ch=1 v=0.2395
    OK ch=3 v=0.2691
    OK ch=7 v=0.2716
    OK ch=1 v=0.2721
    OK ch=3 v=0.2778
    OK ch=7 v=0.2740
[  215.8s] DAMPING     ch0:LOCK g=-0.0300 bp=-0.053V ratio=0.16  ch1:LOCK g=-0.0300 bp=-0.002V ratio=0.08  ch2:LOCK g=+0.0100 bp=-0.005V ratio=0.03  ch3:LOCK g=-0.0300 bp=+0.001V ratio=0.04
    OK ch=1 v=0.2783
    OK ch=3 v=0.2728
    OK ch=7 v=0.2693
    OK ch=1 v=0.2968
    OK ch=3 v=0.2816
    OK ch=5 v=0.2613
    OK ch=7 v=0.2726
    OK ch=1 v=0.2614
    OK ch=3 v=0.2739
    OK ch=7 v=0.2757
    OK ch=1 v=0.2242
    OK ch=3 v=0.2664
    OK ch=5 v=0.2608
    OK ch=7 v=0.2765
    OK ch=1 v=0.2628
    OK ch=3 v=0.2742
    OK ch=7 v=0.2716
    OK ch=1 v=0.2410
    OK ch=3 v=0.2696
    OK ch=7 v=0.2696
    OK ch=1 v=0.2675
    OK ch=3 v=0.2709
    OK ch=5 v=0.2598
    OK ch=7 v=0.2686
    OK ch=1 v=0.3091
    OK ch=3 v=0.2829
    OK ch=5 v=0.2580
    OK ch=7 v=0.2708
    OK ch=1 v=0.2616
    OK ch=3 v=0.2795
    OK ch=5 v=0.2594
    OK ch=7 v=0.2718
    OK ch=1 v=0.2527
    OK ch=3 v=0.2720
    OK ch=5 v=0.2614
    OK ch=7 v=0.2734
    OK ch=1 v=0.2578
    OK ch=3 v=0.2711
    OK ch=5 v=0.2596
    OK ch=1 v=0.2472
    OK ch=3 v=0.2716
    OK ch=1 v=0.2803
    OK ch=5 v=0.2578
    OK ch=7 v=0.2740
    OK ch=1 v=0.2597
    OK ch=3 v=0.2740
    OK ch=5 v=0.2594
    OK ch=7 v=0.2715
    OK ch=1 v=0.2731
    OK ch=3 v=0.2755
    OK ch=5 v=0.2616
    OK ch=7 v=0.2734
    OK ch=1 v=0.2357
    OK ch=3 v=0.2694
    OK ch=5 v=0.2603
    OK ch=7 v=0.2722
    OK ch=1 v=0.2676
    OK ch=3 v=0.2769
    OK ch=5 v=0.2615
    OK ch=1 v=0.2764
    OK ch=3 v=0.2787
    OK ch=5 v=0.2607
    OK ch=1 v=0.2680
    OK ch=3 v=0.2753
    OK ch=7 v=0.2709
    OK ch=1 v=0.2741
    OK ch=3 v=0.2788
    OK ch=7 v=0.2734
    OK ch=1 v=0.2593
    OK ch=3 v=0.2722
    OK ch=5 v=0.2614
    OK ch=7 v=0.2713
    OK ch=1 v=0.2657
    OK ch=3 v=0.2709
    OK ch=5 v=0.2605
    OK ch=1 v=0.2396
    OK ch=3 v=0.2715
    OK ch=5 v=0.2622
    OK ch=7 v=0.2727
    OK ch=1 v=0.2372
    OK ch=3 v=0.2724
    OK ch=1 v=0.2637
    OK ch=3 v=0.2764
    OK ch=5 v=0.2594
    OK ch=7 v=0.2752
    OK ch=1 v=0.2401
    OK ch=3 v=0.2687
    OK ch=7 v=0.2726
    OK ch=1 v=0.2377
    OK ch=3 v=0.2650
    OK ch=5 v=0.2612
    OK ch=7 v=0.2720
    OK ch=1 v=0.2797
    OK ch=3 v=0.2744
    OK ch=5 v=0.2600
    OK ch=1 v=0.2758
    OK ch=3 v=0.2762
    OK ch=5 v=0.2592
    OK ch=1 v=0.2671
    OK ch=3 v=0.2774
    OK ch=5 v=0.2608
    OK ch=7 v=0.2709
    OK ch=1 v=0.2705
    OK ch=3 v=0.2765
    OK ch=5 v=0.2598
    OK ch=7 v=0.2723
    OK ch=1 v=0.2787
    OK ch=3 v=0.2788
    OK ch=5 v=0.2605
    OK ch=7 v=0.2714
    OK ch=1 v=0.2428
    OK ch=3 v=0.2762
    OK ch=5 v=0.2613
    OK ch=7 v=0.2739
    OK ch=1 v=0.2570
    OK ch=3 v=0.2689
    OK ch=5 v=0.2605
    OK ch=7 v=0.2715
    OK ch=1 v=0.2734
    OK ch=3 v=0.2727
    OK ch=7 v=0.2736
    OK ch=1 v=0.2690
    OK ch=3 v=0.2773
    OK ch=1 v=0.2588
    OK ch=3 v=0.2730
    OK ch=5 v=0.2595
    OK ch=1 v=0.2432
    OK ch=3 v=0.2705
    OK ch=5 v=0.2602
    OK ch=7 v=0.2717
    OK ch=1 v=0.2683
    OK ch=3 v=0.2792
    OK ch=7 v=0.2703
    OK ch=1 v=0.2494
    OK ch=3 v=0.2735
    OK ch=7 v=0.2717
    OK ch=1 v=0.2366
    OK ch=3 v=0.2672
    OK ch=5 v=0.2592
    OK ch=7 v=0.2711
    OK ch=1 v=0.2513
    OK ch=3 v=0.2738
    OK ch=5 v=0.2601
    OK ch=1 v=0.2438
    OK ch=3 v=0.2727
    OK ch=5 v=0.2591
    OK ch=7 v=0.2741
    OK ch=1 v=0.2694
    OK ch=3 v=0.2764
    OK ch=5 v=0.2601
    OK ch=7 v=0.2730
    OK ch=1 v=0.2354
    OK ch=3 v=0.2703
    OK ch=5 v=0.2617
    OK ch=7 v=0.2702
    OK ch=1 v=0.2829
    OK ch=3 v=0.2763
    OK ch=5 v=0.2609
    OK ch=7 v=0.2728
    OK ch=1 v=0.2505
    OK ch=3 v=0.2684
    OK ch=5 v=0.2619
    OK ch=7 v=0.2720
    OK ch=1 v=0.2565
    OK ch=3 v=0.2748
    OK ch=7 v=0.2731
    OK ch=1 v=0.2711
    OK ch=5 v=0.2637
    OK ch=1 v=0.2740
    OK ch=5 v=0.2627
    OK ch=1 v=0.2634
    OK ch=3 v=0.2778
    OK ch=5 v=0.2619
    OK ch=7 v=0.2739
    OK ch=1 v=0.2757
    OK ch=3 v=0.2765
    OK ch=5 v=0.2597
    OK ch=7 v=0.2713
    OK ch=1 v=0.2738
    OK ch=3 v=0.2751
    OK ch=7 v=0.2735
    OK ch=1 v=0.2331
    OK ch=3 v=0.2696
    OK ch=5 v=0.2609
    OK ch=7 v=0.2723
    OK ch=1 v=0.2615
    OK ch=3 v=0.2711
    OK ch=5 v=0.2590
    OK ch=7 v=0.2731
    OK ch=1 v=0.2542
    OK ch=3 v=0.2701
    OK ch=7 v=0.2717
    OK ch=1 v=0.2533
    OK ch=3 v=0.2746
    OK ch=5 v=0.2605
    OK ch=7 v=0.2704
    OK ch=1 v=0.2522
    OK ch=3 v=0.2721
    OK ch=5 v=0.2579
    OK ch=7 v=0.2730
    OK ch=1 v=0.2680
    OK ch=3 v=0.2747
    OK ch=5 v=0.2592
    OK ch=7 v=0.2721
    OK ch=1 v=0.2475
    OK ch=3 v=0.2727
    OK ch=1 v=0.2821
    OK ch=3 v=0.2761
    OK ch=7 v=0.2708
    OK ch=1 v=0.2848
    OK ch=3 v=0.2780
    OK ch=5 v=0.2598
    OK ch=7 v=0.2732
    OK ch=1 v=0.2684
    OK ch=3 v=0.2735
    OK ch=5 v=0.2610
    OK ch=1 v=0.2518
    OK ch=5 v=0.2605
    OK ch=7 v=0.2744
    OK ch=1 v=0.2172
    OK ch=3 v=0.2704
    OK ch=5 v=0.2617
    OK ch=1 v=0.2527
    OK ch=3 v=0.2777
    OK ch=5 v=0.2636
    OK ch=7 v=0.2721
    OK ch=1 v=0.2543
    OK ch=3 v=0.2735
    OK ch=5 v=0.2603
    OK ch=7 v=0.2705
    OK ch=1 v=0.2725
    OK ch=3 v=0.2716
    OK ch=5 v=0.2597
    OK ch=7 v=0.2719
    OK ch=1 v=0.2684
    OK ch=3 v=0.2779
    OK ch=5 v=0.2586
    OK ch=7 v=0.2711
    OK ch=1 v=0.2799
    OK ch=5 v=0.2610
    OK ch=7 v=0.2702
    OK ch=1 v=0.2664
    OK ch=3 v=0.2727
    OK ch=5 v=0.2619
    OK ch=7 v=0.2731
    OK ch=1 v=0.2467
    OK ch=3 v=0.2707
    OK ch=5 v=0.2609
    OK ch=7 v=0.2700
    OK ch=1 v=0.2569
    OK ch=3 v=0.2691
    OK ch=5 v=0.2624
    OK ch=7 v=0.2726
    OK ch=1 v=0.2704
    OK ch=3 v=0.2764
    OK ch=5 v=0.2618
    OK ch=7 v=0.2719
    OK ch=1 v=0.2447
    OK ch=3 v=0.2734
    OK ch=7 v=0.2731
    OK ch=1 v=0.2441
    OK ch=3 v=0.2658
    OK ch=7 v=0.2720
    OK ch=1 v=0.2546
    OK ch=3 v=0.2757
    OK ch=5 v=0.2600
    OK ch=3 v=0.2731
    OK ch=5 v=0.2616
    OK ch=1 v=0.2852
    OK ch=3 v=0.2809
    OK ch=5 v=0.2610
    OK ch=7 v=0.2744
    OK ch=1 v=0.2613
    OK ch=3 v=0.2787
    OK ch=5 v=0.2618
    OK ch=7 v=0.2710
    OK ch=1 v=0.2670
    OK ch=3 v=0.2741
    OK ch=7 v=0.2720
    OK ch=1 v=0.2758
    OK ch=5 v=0.2601
    OK ch=7 v=0.2735
    OK ch=1 v=0.2664
    OK ch=3 v=0.2717
    OK ch=7 v=0.2712
    OK ch=1 v=0.2894
    OK ch=3 v=0.2776
    OK ch=5 v=0.2585
    OK ch=7 v=0.2721
    OK ch=1 v=0.2398
    OK ch=3 v=0.2706
    OK ch=5 v=0.2595
    OK ch=7 v=0.2748
    OK ch=1 v=0.2374
    OK ch=1 v=0.2331
    OK ch=3 v=0.2697
    OK ch=7 v=0.2731
    OK ch=1 v=0.2633
    OK ch=3 v=0.2729
    OK ch=5 v=0.2580
    OK ch=7 v=0.2720
    OK ch=1 v=0.2561
    OK ch=3 v=0.2764
    OK ch=1 v=0.2818
    OK ch=3 v=0.2789
    OK ch=5 v=0.2569
    OK ch=7 v=0.2706
    OK ch=1 v=0.2688
    OK ch=3 v=0.2826
    OK ch=5 v=0.2582
    OK ch=7 v=0.2731
    OK ch=1 v=0.2703
    OK ch=3 v=0.2719
    OK ch=5 v=0.2601
    OK ch=7 v=0.2721
    OK ch=1 v=0.2922
    OK ch=3 v=0.2749
    OK ch=5 v=0.2596
    OK ch=7 v=0.2708
    OK ch=1 v=0.2432
    OK ch=3 v=0.2702
    OK ch=5 v=0.2613
    OK ch=7 v=0.2745
    OK ch=1 v=0.2383
    OK ch=3 v=0.2694
    OK ch=5 v=0.2626
    OK ch=7 v=0.2732
    OK ch=1 v=0.2660
    OK ch=5 v=0.2614
    OK ch=7 v=0.2726
    OK ch=1 v=0.2529
    OK ch=3 v=0.2757
    OK ch=7 v=0.2735
    OK ch=1 v=0.2623
    OK ch=3 v=0.2804
    OK ch=7 v=0.2710
    OK ch=1 v=0.2569
    OK ch=3 v=0.2726
    OK ch=5 v=0.2601
    OK ch=7 v=0.2730
    OK ch=1 v=0.2788
    OK ch=3 v=0.2769
    OK ch=5 v=0.2612
    OK ch=7 v=0.2720
    OK ch=1 v=0.2387
    OK ch=3 v=0.2741
    OK ch=5 v=0.2622
    OK ch=7 v=0.2707
    OK ch=1 v=0.2541
    OK ch=3 v=0.2723
    OK ch=5 v=0.2597
    OK ch=7 v=0.2699
    OK ch=1 v=0.2709
    OK ch=3 v=0.2770
    OK ch=5 v=0.2607
    OK ch=7 v=0.2706
    OK ch=1 v=0.2772
    OK ch=3 v=0.2708
    OK ch=5 v=0.2613
    OK ch=7 v=0.2737
    OK ch=1 v=0.2544
    OK ch=3 v=0.2684
    OK ch=7 v=0.2715
    OK ch=1 v=0.2467
    OK ch=3 v=0.2719
    OK ch=5 v=0.2620
    OK ch=7 v=0.2726
    OK ch=1 v=0.2775
    OK ch=3 v=0.2805
    OK ch=5 v=0.2603
    OK ch=1 v=0.2661
    OK ch=3 v=0.2754
    OK ch=1 v=0.2490
    OK ch=3 v=0.2726
    OK ch=5 v=0.2619
    OK ch=7 v=0.2714
    OK ch=1 v=0.2542
    OK ch=3 v=0.2744
    OK ch=5 v=0.2604
    OK ch=7 v=0.2736
    OK ch=1 v=0.2719
    OK ch=3 v=0.2732
    OK ch=5 v=0.2590
    OK ch=7 v=0.2700
    OK ch=1 v=0.2470
    OK ch=3 v=0.2709
    OK ch=5 v=0.2600
    OK ch=7 v=0.2726
    OK ch=1 v=0.2435
    OK ch=3 v=0.2726
    OK ch=7 v=0.2707
    OK ch=1 v=0.2380
    OK ch=3 v=0.2709
    OK ch=5 v=0.2593
    OK ch=7 v=0.2732
    OK ch=1 v=0.2602
    OK ch=3 v=0.2774
    OK ch=7 v=0.2747
    OK ch=1 v=0.2770
    OK ch=3 v=0.2764
    OK ch=5 v=0.2583
    OK ch=7 v=0.2719
    OK ch=1 v=0.2786
    OK ch=3 v=0.2787
    OK ch=5 v=0.2610
    OK ch=7 v=0.2725
    OK ch=1 v=0.2709
    OK ch=3 v=0.2691
    OK ch=5 v=0.2595
    OK ch=7 v=0.2714
    OK ch=1 v=0.2547
    OK ch=3 v=0.2712
    OK ch=5 v=0.2610
    OK ch=1 v=0.2362
    OK ch=3 v=0.2724
    OK ch=5 v=0.2631
    OK ch=7 v=0.2730
    OK ch=1 v=0.2557
    OK ch=5 v=0.2625
    OK ch=1 v=0.2734
    OK ch=3 v=0.2748
    OK ch=5 v=0.2599
    OK ch=7 v=0.2718
    OK ch=1 v=0.2723
    OK ch=3 v=0.2800
    OK ch=5 v=0.2605
    OK ch=7 v=0.2738
    OK ch=1 v=0.2653
    OK ch=3 v=0.2752
    OK ch=1 v=0.2513
    OK ch=3 v=0.2659
    OK ch=5 v=0.2618
    OK ch=7 v=0.2722
    OK ch=1 v=0.2456
    OK ch=3 v=0.2687
    OK ch=5 v=0.2629
    OK ch=7 v=0.2704
    OK ch=1 v=0.2568
    OK ch=3 v=0.2758
    OK ch=5 v=0.2602
    OK ch=7 v=0.2719
    OK ch=1 v=0.2394
    OK ch=3 v=0.2695
    OK ch=7 v=0.2712
    OK ch=1 v=0.2363
    OK ch=3 v=0.2660
    OK ch=5 v=0.2610
    OK ch=7 v=0.2725
    OK ch=1 v=0.2810
    OK ch=3 v=0.2809
    OK ch=5 v=0.2590
[  220.8s] DAMPING     ch0:LOCK g=-0.0300 bp=-0.017V ratio=0.12  ch1:LOCK g=-0.0300 bp=-0.001V ratio=0.06  ch2:LOCK g=+0.0100 bp=-0.004V ratio=0.02  ch3:LOCK g=-0.0300 bp=+0.000V ratio=0.03
    OK ch=1 v=0.2880
    OK ch=3 v=0.2784
    OK ch=5 v=0.2584
    OK ch=1 v=0.2906
    OK ch=3 v=0.2825
    OK ch=1 v=0.2556
    OK ch=3 v=0.2715
    OK ch=5 v=0.2600
    OK ch=7 v=0.2748
    OK ch=1 v=0.2332
    OK ch=3 v=0.2658
    OK ch=5 v=0.2609
    OK ch=7 v=0.2735
    OK ch=1 v=0.2514
    OK ch=3 v=0.2734
    OK ch=5 v=0.2603
    OK ch=7 v=0.2716
    OK ch=1 v=0.2374
    OK ch=3 v=0.2785
    OK ch=5 v=0.2591
    OK ch=7 v=0.2738
    OK ch=1 v=0.2751
    OK ch=3 v=0.2754
    OK ch=7 v=0.2701
    OK ch=1 v=0.2595
    OK ch=3 v=0.2684
    OK ch=5 v=0.2601
    OK ch=7 v=0.2711
    OK ch=1 v=0.2922
    OK ch=3 v=0.2778
    OK ch=5 v=0.2581
    OK ch=7 v=0.2753
    OK ch=1 v=0.2796
    OK ch=5 v=0.2607
    OK ch=7 v=0.2726
    OK ch=1 v=0.2664
    OK ch=3 v=0.2756
    OK ch=5 v=0.2618
    OK ch=7 v=0.2719
    OK ch=1 v=0.2530
    OK ch=3 v=0.2742
    OK ch=7 v=0.2707
    OK ch=1 v=0.2578
    OK ch=3 v=0.2725
    OK ch=1 v=0.2418
    OK ch=3 v=0.2699
    OK ch=1 v=0.2721
    OK ch=5 v=0.2604
    OK ch=7 v=0.2715
    OK ch=1 v=0.2262
    OK ch=3 v=0.2648
    OK ch=5 v=0.2611
    OK ch=7 v=0.2731
    OK ch=1 v=0.2350
    OK ch=3 v=0.2705
    OK ch=5 v=0.2622
    OK ch=7 v=0.2697
    OK ch=1 v=0.2627
    OK ch=3 v=0.2776
    OK ch=5 v=0.2603
    OK ch=7 v=0.2735
    OK ch=1 v=0.2781
    OK ch=5 v=0.2593
    OK ch=7 v=0.2704
    OK ch=1 v=0.2665
    OK ch=3 v=0.2742
    OK ch=5 v=0.2621
    OK ch=7 v=0.2716
    OK ch=1 v=0.2501
    OK ch=3 v=0.2698
    OK ch=7 v=0.2710
    OK ch=1 v=0.2630
    OK ch=3 v=0.2737
    OK ch=5 v=0.2614
    OK ch=7 v=0.2725
    OK ch=1 v=0.2735
    OK ch=3 v=0.2759
    OK ch=7 v=0.2706
    OK ch=1 v=0.2452
    OK ch=3 v=0.2686
    OK ch=7 v=0.2720
    OK ch=1 v=0.2778
    OK ch=3 v=0.2805
    OK ch=5 v=0.2626
    OK ch=7 v=0.2737
    OK ch=1 v=0.2448
    OK ch=3 v=0.2748
    OK ch=3 v=0.2699
    OK ch=5 v=0.2605
    OK ch=7 v=0.2721
    OK ch=1 v=0.2457
    OK ch=3 v=0.2731
    OK ch=5 v=0.2592
    OK ch=7 v=0.2729
    OK ch=1 v=0.2761
    OK ch=3 v=0.2742
    OK ch=7 v=0.2741
    OK ch=1 v=0.3090
    OK ch=3 v=0.2779
    OK ch=5 v=0.2579
    OK ch=7 v=0.2726
    OK ch=1 v=0.2643
    OK ch=3 v=0.2761
    OK ch=5 v=0.2588
    OK ch=7 v=0.2744
    OK ch=1 v=0.2595
    OK ch=3 v=0.2737
    OK ch=7 v=0.2727
    OK ch=1 v=0.2606
    OK ch=3 v=0.2720
    OK ch=5 v=0.2580
    OK ch=7 v=0.2722
    OK ch=1 v=0.2589
    OK ch=7 v=0.2732
    OK ch=1 v=0.2762
    OK ch=3 v=0.2796
    OK ch=5 v=0.2586
    OK ch=7 v=0.2708
    OK ch=1 v=0.2651
    OK ch=3 v=0.2776
    OK ch=7 v=0.2728
    OK ch=1 v=0.2730
    OK ch=3 v=0.2749
    OK ch=5 v=0.2600
    OK ch=7 v=0.2742
    OK ch=1 v=0.2463
    OK ch=3 v=0.2713
    OK ch=5 v=0.2620
    OK ch=1 v=0.2457
    OK ch=5 v=0.2593
    OK ch=7 v=0.2720
    OK ch=1 v=0.2591
    OK ch=3 v=0.2719
    OK ch=5 v=0.2611
    OK ch=1 v=0.2469
    OK ch=3 v=0.2678
    OK ch=1 v=0.2602
    OK ch=3 v=0.2695
    OK ch=5 v=0.2618
    OK ch=1 v=0.2643
    OK ch=3 v=0.2762
    OK ch=1 v=0.2327
    OK ch=3 v=0.2703
    OK ch=7 v=0.2731
    OK ch=1 v=0.2552
    OK ch=3 v=0.2766
    OK ch=5 v=0.2611
    OK ch=7 v=0.2745
    OK ch=1 v=0.2742
    OK ch=3 v=0.2771
    OK ch=5 v=0.2606
    OK ch=7 v=0.2716
    OK ch=1 v=0.2879
    OK ch=3 v=0.2784
    OK ch=5 v=0.2622
    OK ch=7 v=0.2666
    OK ch=1 v=0.2626
    OK ch=3 v=0.2734
    OK ch=7 v=0.2712
    OK ch=1 v=0.2552
    OK ch=3 v=0.2677
    OK ch=5 v=0.2615
    OK ch=1 v=0.2319
    OK ch=7 v=0.2693
    OK ch=3 v=0.2718
    OK ch=7 v=0.2731
    OK ch=1 v=0.2672
    OK ch=3 v=0.2758
    OK ch=5 v=0.2629
    OK ch=1 v=0.2731
    OK ch=3 v=0.2781
    OK ch=5 v=0.2617
    OK ch=1 v=0.2450
    OK ch=3 v=0.2751
    OK ch=7 v=0.2704
    OK ch=1 v=0.2613
    OK ch=3 v=0.2740
    OK ch=5 v=0.2611
    OK ch=7 v=0.2716
    OK ch=1 v=0.2502
    OK ch=3 v=0.2714
    OK ch=7 v=0.2745
    OK ch=1 v=0.2487
    OK ch=3 v=0.2847
    OK ch=7 v=0.2722
    OK ch=1 v=0.2711
    OK ch=3 v=0.2779
    OK ch=5 v=0.2587
    OK ch=7 v=0.2692
    OK ch=1 v=0.2326
    OK ch=3 v=0.2652
    OK ch=7 v=0.2732
    OK ch=1 v=0.2759
    OK ch=3 v=0.2760
    OK ch=7 v=0.2725
    OK ch=1 v=0.2808
    OK ch=3 v=0.2743
    OK ch=5 v=0.2608
    OK ch=7 v=0.2712
    OK ch=1 v=0.2655
    OK ch=3 v=0.2714
    OK ch=5 v=0.2599
    OK ch=7 v=0.2748
    OK ch=1 v=0.2724
    OK ch=3 v=0.2752
    OK ch=5 v=0.2589
    OK ch=7 v=0.2734
    OK ch=1 v=0.2446
    OK ch=3 v=0.2638
    OK ch=7 v=0.2762
    OK ch=1 v=0.2639
    OK ch=3 v=0.2741
    OK ch=5 v=0.2608
    OK ch=7 v=0.2732
    OK ch=1 v=0.2722
    OK ch=3 v=0.2838
    OK ch=5 v=0.2600
    OK ch=7 v=0.2720
    OK ch=1 v=0.2717
    OK ch=3 v=0.2787
    OK ch=5 v=0.2583
    OK ch=1 v=0.2705
    OK ch=3 v=0.2750
    OK ch=7 v=0.2754
    OK ch=1 v=0.2645
    OK ch=7 v=0.2730
    OK ch=1 v=0.2237
    OK ch=3 v=0.2629
    OK ch=5 v=0.2599
    OK ch=7 v=0.2710
    OK ch=1 v=0.2619
    OK ch=3 v=0.2728
    OK ch=1 v=0.2362
    OK ch=3 v=0.2690
    OK ch=5 v=0.2611
    OK ch=7 v=0.2720
    OK ch=1 v=0.2469
    OK ch=3 v=0.2705
    OK ch=5 v=0.2596
    OK ch=7 v=0.2714
    OK ch=1 v=0.2761
    OK ch=3 v=0.2791
    OK ch=5 v=0.2604
    OK ch=7 v=0.2704
    OK ch=1 v=0.2620
    OK ch=3 v=0.2730
    OK ch=5 v=0.2618
    OK ch=7 v=0.2721
    OK ch=1 v=0.2726
    OK ch=3 v=0.2838
    OK ch=1 v=0.2700
    OK ch=3 v=0.2747
    OK ch=7 v=0.2737
    OK ch=1 v=0.2791
    OK ch=3 v=0.2684
    OK ch=5 v=0.2641
    OK ch=7 v=0.2726
    OK ch=1 v=0.2379
    OK ch=3 v=0.2698
    OK ch=5 v=0.2631
    OK ch=1 v=0.2311
    OK ch=3 v=0.2639
    OK ch=5 v=0.2626
    OK ch=7 v=0.2733
    OK ch=1 v=0.2470
    OK ch=3 v=0.2731
    OK ch=5 v=0.2620
    OK ch=1 v=0.2735
    OK ch=3 v=0.2764
    OK ch=5 v=0.2612
    OK ch=1 v=0.2750
    OK ch=3 v=0.2789
    OK ch=5 v=0.2606
    OK ch=7 v=0.2702
    OK ch=1 v=0.2727
    OK ch=3 v=0.2778
    OK ch=1 v=0.2461
    OK ch=3 v=0.2756
    OK ch=7 v=0.2719
    OK ch=1 v=0.2532
    OK ch=3 v=0.2706
    OK ch=5 v=0.2595
    OK ch=7 v=0.2726
    OK ch=1 v=0.2676
    OK ch=7 v=0.2704
    OK ch=1 v=0.2592
    OK ch=3 v=0.2713
    OK ch=5 v=0.2586
    OK ch=7 v=0.2692
    OK ch=1 v=0.2683
    OK ch=3 v=0.2702
    OK ch=7 v=0.2735
    OK ch=1 v=0.2769
    OK ch=3 v=0.2759
    OK ch=5 v=0.2597
    OK ch=7 v=0.2728
    OK ch=1 v=0.2642
    OK ch=3 v=0.2801
    OK ch=5 v=0.2603
    OK ch=7 v=0.2737
    OK ch=1 v=0.2354
    OK ch=3 v=0.2762
    OK ch=5 v=0.2618
    OK ch=1 v=0.2329
    OK ch=3 v=0.2676
    OK ch=7 v=0.2730
    OK ch=1 v=0.2652
    OK ch=3 v=0.2778
    OK ch=5 v=0.2600
    OK ch=7 v=0.2703
    OK ch=1 v=0.2498
    OK ch=3 v=0.2731
    OK ch=5 v=0.2611
    OK ch=7 v=0.2726
    OK ch=1 v=0.2593
    OK ch=3 v=0.2712
    OK ch=5 v=0.2604
    OK ch=1 v=0.2714
    OK ch=3 v=0.2764
    OK ch=5 v=0.2590
    OK ch=7 v=0.2716
    OK ch=1 v=0.2695
    OK ch=3 v=0.2790
    OK ch=5 v=0.2599
    OK ch=7 v=0.2727
    OK ch=1 v=0.2738
    OK ch=3 v=0.2774
    OK ch=5 v=0.2610
    OK ch=7 v=0.2739
    OK ch=1 v=0.2635
    OK ch=3 v=0.2733
    OK ch=5 v=0.2604
    OK ch=7 v=0.2723
    OK ch=1 v=0.2531
    OK ch=3 v=0.2702
    OK ch=5 v=0.2597
    OK ch=1 v=0.2684
    OK ch=3 v=0.2681
    OK ch=5 v=0.2612
    OK ch=1 v=0.2578
    OK ch=3 v=0.2739
    OK ch=5 v=0.2600
    OK ch=1 v=0.2508
    OK ch=7 v=0.2697
    OK ch=1 v=0.2402
    OK ch=3 v=0.2684
    OK ch=5 v=0.2606
    OK ch=7 v=0.2707
    OK ch=1 v=0.2586
    OK ch=3 v=0.2694
    OK ch=5 v=0.2596
    OK ch=1 v=0.2556
    OK ch=3 v=0.2709
    OK ch=7 v=0.2723
    OK ch=1 v=0.2682
    OK ch=3 v=0.2759
    OK ch=7 v=0.2740
    OK ch=1 v=0.2740
    OK ch=5 v=0.2616
    OK ch=1 v=0.2821
    OK ch=3 v=0.2775
    OK ch=5 v=0.2611
    OK ch=7 v=0.2748
    OK ch=1 v=0.2537
    OK ch=3 v=0.2712
    OK ch=7 v=0.2730
    OK ch=1 v=0.2450
    OK ch=7 v=0.2737
    OK ch=1 v=0.2465
    OK ch=3 v=0.2736
    OK ch=1 v=0.2264
    OK ch=3 v=0.2783
    OK ch=5 v=0.2600
    OK ch=7 v=0.2744
    OK ch=1 v=0.2509
    OK ch=3 v=0.2772
    OK ch=5 v=0.2605
    OK ch=7 v=0.2715
    OK ch=1 v=0.2712
    OK ch=3 v=0.2735
    OK ch=5 v=0.2580
    OK ch=7 v=0.2723
    OK ch=1 v=0.2690
    OK ch=3 v=0.2706
    OK ch=5 v=0.2574
    OK ch=7 v=0.2712
    OK ch=1 v=0.2553
    OK ch=3 v=0.2748
    OK ch=5 v=0.2599
    OK ch=7 v=0.2725
    OK ch=1 v=0.2721
    OK ch=3 v=0.2787
    OK ch=1 v=0.2767
    OK ch=3 v=0.2809
    OK ch=5 v=0.2615
    OK ch=7 v=0.2703
    OK ch=1 v=0.2630
    OK ch=3 v=0.2709
    OK ch=5 v=0.2623
    OK ch=7 v=0.2712
    OK ch=1 v=0.2499
    OK ch=3 v=0.2723
    OK ch=7 v=0.2718
    OK ch=1 v=0.2611
    OK ch=3 v=0.2790
    OK ch=5 v=0.2610
    OK ch=1 v=0.2706
    OK ch=3 v=0.2765
    OK ch=7 v=0.2734
    OK ch=1 v=0.2591
    OK ch=5 v=0.2615
    OK ch=7 v=0.2722
    OK ch=1 v=0.2826
    OK ch=3 v=0.2730
    OK ch=7 v=0.2707
    OK ch=1 v=0.2749
    OK ch=3 v=0.2794
    OK ch=5 v=0.2628
    OK ch=1 v=0.2408
    OK ch=3 v=0.2685
    OK ch=7 v=0.2736
    OK ch=1 v=0.2461
    OK ch=3 v=0.2721
    OK ch=5 v=0.2612
    OK ch=7 v=0.2716
    OK ch=1 v=0.2398
    OK ch=3 v=0.2688
    OK ch=1 v=0.2300
    OK ch=3 v=0.2704
    OK ch=5 v=0.2601
    OK ch=1 v=0.2714
    OK ch=7 v=0.2695
    OK ch=1 v=0.3009
    OK ch=3 v=0.2761
    OK ch=1 v=0.2853
    OK ch=5 v=0.2591
    OK ch=7 v=0.2737
    OK ch=1 v=0.2581
    OK ch=3 v=0.2735
    OK ch=1 v=0.2401
    OK ch=3 v=0.2694
    OK ch=7 v=0.2722
    OK ch=1 v=0.2586
    OK ch=3 v=0.2681
    OK ch=5 v=0.2607
[  225.9s] DAMPING     ch0:LOCK g=-0.0300 bp=-0.005V ratio=0.12  ch1:LOCK g=-0.0300 bp=-0.013V ratio=0.07  ch2:LOCK g=+0.0100 bp=-0.008V ratio=0.03  ch3:LOCK g=-0.0300 bp=-0.005V ratio=0.05
    OK ch=1 v=0.2530
    OK ch=3 v=0.2778
    OK ch=5 v=0.2618
    OK ch=7 v=0.2731
    OK ch=1 v=0.2705
    OK ch=3 v=0.2766
    OK ch=5 v=0.2597
    OK ch=7 v=0.2755
    OK ch=1 v=0.2584
    OK ch=3 v=0.2754
    OK ch=5 v=0.2585
    OK ch=7 v=0.2735
    OK ch=1 v=0.2545
    OK ch=3 v=0.2642
    OK ch=1 v=0.2444
    OK ch=3 v=0.2652
    OK ch=5 v=0.2598
    OK ch=1 v=0.2550
    OK ch=3 v=0.2754
    OK ch=7 v=0.2706
    OK ch=1 v=0.2486
    OK ch=5 v=0.2588
    OK ch=7 v=0.2691
    OK ch=1 v=0.2793
    OK ch=3 v=0.2799
    OK ch=7 v=0.2719
    OK ch=1 v=0.2774
    OK ch=7 v=0.2752
    OK ch=1 v=0.2711
    OK ch=5 v=0.2595
    OK ch=7 v=0.2742
    OK ch=1 v=0.2705
    OK ch=3 v=0.2754
    OK ch=5 v=0.2609
    OK ch=7 v=0.2733
    OK ch=1 v=0.2840
    OK ch=3 v=0.2773
    OK ch=7 v=0.2738
    OK ch=1 v=0.2592
    OK ch=7 v=0.2710
    OK ch=1 v=0.2467
    OK ch=3 v=0.2722
    OK ch=5 v=0.2618
    OK ch=7 v=0.2717
    OK ch=1 v=0.2311
    OK ch=3 v=0.2730
    OK ch=5 v=0.2624
    OK ch=7 v=0.2709
    OK ch=1 v=0.2442
    OK ch=5 v=0.2604
    OK ch=7 v=0.2700
    OK ch=1 v=0.2562
    OK ch=3 v=0.2674
    OK ch=5 v=0.2613
    OK ch=7 v=0.2717
    OK ch=1 v=0.2762
    OK ch=3 v=0.2740
    OK ch=5 v=0.2605
    OK ch=7 v=0.2723
    OK ch=1 v=0.2559
    OK ch=3 v=0.2717
    OK ch=5 v=0.2628
    OK ch=1 v=0.2339
    OK ch=3 v=0.2658
    OK ch=7 v=0.2713
    OK ch=1 v=0.2693
    OK ch=3 v=0.2738
    OK ch=5 v=0.2622
    OK ch=1 v=0.2631
    OK ch=3 v=0.2772
    OK ch=5 v=0.2594
    OK ch=7 v=0.2728
    OK ch=1 v=0.2655
    OK ch=3 v=0.2758
    OK ch=5 v=0.2615
    OK ch=7 v=0.2719
    OK ch=1 v=0.2601
    OK ch=3 v=0.2734
    OK ch=7 v=0.2726
    OK ch=1 v=0.2837
    OK ch=3 v=0.2759
    OK ch=5 v=0.2620
    OK ch=1 v=0.2291
    OK ch=3 v=0.2699
    OK ch=5 v=0.2595
    OK ch=1 v=0.2606
    OK ch=3 v=0.2708
    OK ch=1 v=0.2974
    OK ch=3 v=0.2762
    OK ch=7 v=0.2734
    OK ch=1 v=0.2700
    OK ch=3 v=0.2752
    OK ch=5 v=0.2602
    OK ch=1 v=0.2384
    OK ch=3 v=0.2746
    OK ch=7 v=0.2721
    OK ch=1 v=0.2696
    OK ch=7 v=0.2729
    OK ch=1 v=0.2672
    OK ch=3 v=0.2752
    OK ch=1 v=0.2778
    OK ch=3 v=0.2764
    OK ch=7 v=0.2741
    OK ch=1 v=0.2377
    OK ch=3 v=0.2689
    OK ch=7 v=0.2703
    OK ch=1 v=0.2693
    OK ch=3 v=0.2769
    OK ch=5 v=0.2580
    OK ch=7 v=0.2747
    OK ch=1 v=0.2545
    OK ch=3 v=0.2729
    OK ch=5 v=0.2588
    OK ch=7 v=0.2713
    OK ch=1 v=0.2608
    OK ch=3 v=0.2714
    OK ch=5 v=0.2597
    OK ch=7 v=0.2722
    OK ch=1 v=0.2547
    OK ch=3 v=0.2720
    OK ch=5 v=0.2610
    OK ch=1 v=0.2802
    OK ch=3 v=0.2823
    OK ch=5 v=0.2592
    OK ch=1 v=0.2739
    OK ch=3 v=0.2802
    OK ch=5 v=0.2579
    OK ch=7 v=0.2747
    OK ch=1 v=0.2333
    OK ch=3 v=0.2691
    OK ch=5 v=0.2606
    OK ch=7 v=0.2721
    OK ch=1 v=0.2540
    OK ch=3 v=0.2698
    OK ch=5 v=0.2618
    OK ch=1 v=0.2706
    OK ch=3 v=0.2758
    OK ch=1 v=0.2457
    OK ch=3 v=0.2723
    OK ch=5 v=0.2607
    OK ch=1 v=0.2524
    OK ch=3 v=0.2715
    OK ch=5 v=0.2616
    OK ch=7 v=0.2708
    OK ch=1 v=0.2675
    OK ch=3 v=0.2745
    OK ch=5 v=0.2600
    OK ch=1 v=0.2949
    OK ch=3 v=0.2798
    OK ch=5 v=0.2612
    OK ch=7 v=0.2727
    OK ch=1 v=0.2367
    OK ch=3 v=0.2707
    OK ch=1 v=0.2807
    OK ch=3 v=0.2800
    OK ch=1 v=0.2370
    OK ch=3 v=0.2740
    OK ch=7 v=0.2740
    OK ch=1 v=0.2440
    OK ch=3 v=0.2730
    OK ch=5 v=0.2618
    OK ch=7 v=0.2714
    OK ch=1 v=0.2692
    OK ch=5 v=0.2625
    OK ch=1 v=0.2617
    OK ch=3 v=0.2708
    OK ch=5 v=0.2615
    OK ch=7 v=0.2678
    OK ch=1 v=0.2716
    OK ch=3 v=0.2793
    OK ch=5 v=0.2600
    OK ch=7 v=0.2707
    OK ch=1 v=0.2367
    OK ch=3 v=0.2660
    OK ch=5 v=0.2611
    OK ch=7 v=0.2731
    OK ch=1 v=0.2656
    OK ch=3 v=0.2745
    OK ch=5 v=0.2603
    OK ch=7 v=0.2756
    OK ch=1 v=0.2763
    OK ch=3 v=0.2759
    OK ch=5 v=0.2596
    OK ch=7 v=0.2726
    OK ch=1 v=0.2828
    OK ch=3 v=0.2766
    OK ch=5 v=0.2604
    OK ch=7 v=0.2719
    OK ch=1 v=0.2684
    OK ch=3 v=0.2733
    OK ch=5 v=0.2619
    OK ch=7 v=0.2731
    OK ch=1 v=0.2584
    OK ch=3 v=0.2624
    OK ch=5 v=0.2603
    OK ch=7 v=0.2765
    OK ch=1 v=0.2541
    OK ch=3 v=0.2751
    OK ch=5 v=0.2595
    OK ch=7 v=0.2732
    OK ch=1 v=0.2318
    OK ch=3 v=0.2772
    OK ch=5 v=0.2585
    OK ch=7 v=0.2721
    OK ch=1 v=0.2472
    OK ch=3 v=0.2753
    OK ch=5 v=0.2598
    OK ch=7 v=0.2695
    OK ch=1 v=0.2703
    OK ch=3 v=0.2791
    OK ch=5 v=0.2573
    OK ch=7 v=0.2712
    OK ch=1 v=0.2829
    OK ch=3 v=0.2755
    OK ch=7 v=0.2695
    OK ch=1 v=0.2598
    OK ch=3 v=0.2707
    OK ch=5 v=0.2594
    OK ch=7 v=0.2724
    OK ch=1 v=0.2843
    OK ch=3 v=0.2739
    OK ch=5 v=0.2610
    OK ch=7 v=0.2731
    OK ch=1 v=0.2588
    OK ch=3 v=0.2756
    OK ch=5 v=0.2619
    OK ch=1 v=0.2597
    OK ch=3 v=0.2790
    OK ch=5 v=0.2610
    OK ch=7 v=0.2740
    OK ch=1 v=0.2524
    OK ch=3 v=0.2755
    OK ch=5 v=0.2625
    OK ch=1 v=0.2434
    OK ch=3 v=0.2670
    OK ch=7 v=0.2683
    OK ch=1 v=0.2401
    OK ch=3 v=0.2693
    OK ch=7 v=0.2706
    OK ch=1 v=0.2283
    OK ch=3 v=0.2687
    OK ch=5 v=0.2608
    OK ch=7 v=0.2717
    OK ch=1 v=0.2536
    OK ch=3 v=0.2741
    OK ch=5 v=0.2602
    OK ch=7 v=0.2722
    OK ch=1 v=0.2807
    OK ch=3 v=0.2727
    OK ch=7 v=0.2747
    OK ch=1 v=0.2489
    OK ch=3 v=0.2717
    OK ch=5 v=0.2628
    OK ch=7 v=0.2708
    OK ch=1 v=0.2705
    OK ch=3 v=0.2793
    OK ch=5 v=0.2611
    OK ch=7 v=0.2728
    OK ch=1 v=0.2664
    OK ch=3 v=0.2742
    OK ch=5 v=0.2617
    OK ch=7 v=0.2707
    OK ch=1 v=0.2635
    OK ch=3 v=0.2777
    OK ch=1 v=0.2516
    OK ch=3 v=0.2681
    OK ch=5 v=0.2622
    OK ch=7 v=0.2724
    OK ch=1 v=0.2716
    OK ch=3 v=0.2750
    OK ch=5 v=0.2611
    OK ch=7 v=0.2729
    OK ch=1 v=0.2374
    OK ch=3 v=0.2724
    OK ch=7 v=0.2740
    OK ch=1 v=0.2671
    OK ch=3 v=0.2734
    OK ch=5 v=0.2603
    OK ch=1 v=0.2814
    OK ch=3 v=0.2786
    OK ch=5 v=0.2594
    OK ch=7 v=0.2721
    OK ch=1 v=0.2610
    OK ch=3 v=0.2700
    OK ch=1 v=0.2533
    OK ch=1 v=0.2467
    OK ch=3 v=0.2707
    OK ch=7 v=0.2728
    OK ch=1 v=0.2323
    OK ch=3 v=0.2755
    OK ch=1 v=0.2371
    OK ch=3 v=0.2681
    OK ch=5 v=0.2586
    OK ch=7 v=0.2755
    OK ch=1 v=0.2755
    OK ch=3 v=0.2770
    OK ch=5 v=0.2575
    OK ch=7 v=0.2727
    OK ch=1 v=0.2800
    OK ch=3 v=0.2788
    OK ch=7 v=0.2708
    OK ch=1 v=0.2826
    OK ch=3 v=0.2765
    OK ch=5 v=0.2592
    OK ch=7 v=0.2732
    OK ch=1 v=0.2620
    OK ch=3 v=0.2690
    OK ch=5 v=0.2610
    OK ch=7 v=0.2723
    OK ch=1 v=0.2593
    OK ch=3 v=0.2774
    OK ch=5 v=0.2600
    OK ch=7 v=0.2732
    OK ch=1 v=0.2424
    OK ch=3 v=0.2741
    OK ch=5 v=0.2608
    OK ch=7 v=0.2718
    OK ch=1 v=0.2502
    OK ch=3 v=0.2698
    OK ch=5 v=0.2615
    OK ch=7 v=0.2729
    OK ch=1 v=0.2763
    OK ch=3 v=0.2751
    OK ch=1 v=0.2545
    OK ch=3 v=0.2723
    OK ch=5 v=0.2603
    OK ch=7 v=0.2715
    OK ch=1 v=0.2747
    OK ch=3 v=0.2765
    OK ch=5 v=0.2594
    OK ch=7 v=0.2724
    OK ch=1 v=0.2613
    OK ch=3 v=0.2728
    OK ch=5 v=0.2616
    OK ch=7 v=0.2713
    OK ch=1 v=0.2301
    OK ch=3 v=0.2678
    OK ch=5 v=0.2627
    OK ch=1 v=0.2540
    OK ch=3 v=0.2733
    OK ch=5 v=0.2621
    OK ch=1 v=0.2789
    OK ch=3 v=0.2773
    OK ch=5 v=0.2614
    OK ch=7 v=0.2707
    OK ch=1 v=0.2739
    OK ch=3 v=0.2725
    OK ch=5 v=0.2607
    OK ch=7 v=0.2734
    OK ch=1 v=0.2898
    OK ch=5 v=0.2616
    OK ch=1 v=0.2606
    OK ch=3 v=0.2771
    OK ch=7 v=0.2697
    OK ch=1 v=0.2496
    OK ch=3 v=0.2804
    OK ch=5 v=0.2623
    OK ch=7 v=0.2691
    OK ch=1 v=0.2415
    OK ch=3 v=0.2719
    OK ch=5 v=0.2596
    OK ch=7 v=0.2724
    OK ch=1 v=0.2730
    OK ch=3 v=0.2755
    OK ch=7 v=0.2719
    OK ch=1 v=0.2489
    OK ch=3 v=0.2721
    OK ch=7 v=0.2732
    OK ch=1 v=0.2527
    OK ch=5 v=0.2603
    OK ch=1 v=0.2375
    OK ch=3 v=0.2696
    OK ch=7 v=0.2720
    OK ch=1 v=0.2536
    OK ch=7 v=0.2704
    OK ch=1 v=0.2520
    OK ch=1 v=0.2580
    OK ch=3 v=0.2766
    OK ch=5 v=0.2590
    OK ch=7 v=0.2717
    OK ch=1 v=0.2668
    OK ch=3 v=0.2779
    OK ch=7 v=0.2726
    OK ch=1 v=0.2594
    OK ch=3 v=0.2770
    OK ch=5 v=0.2597
    OK ch=7 v=0.2751
    OK ch=1 v=0.2791
    OK ch=3 v=0.2826
    OK ch=5 v=0.2590
    OK ch=7 v=0.2735
    OK ch=1 v=0.2734
    OK ch=3 v=0.2745
    OK ch=5 v=0.2596
    OK ch=7 v=0.2728
    OK ch=1 v=0.2645
    OK ch=3 v=0.2759
    OK ch=5 v=0.2608
    OK ch=1 v=0.2468
    OK ch=3 v=0.2730
    OK ch=5 v=0.2616
    OK ch=7 v=0.2723
    OK ch=1 v=0.2351
    OK ch=3 v=0.2677
    OK ch=7 v=0.2734
    OK ch=1 v=0.2470
    OK ch=3 v=0.2670
    OK ch=5 v=0.2598
    OK ch=7 v=0.2708
    OK ch=1 v=0.2609
    OK ch=3 v=0.2728
    OK ch=5 v=0.2590
    OK ch=7 v=0.2730
    OK ch=1 v=0.2764
    OK ch=3 v=0.2767
    OK ch=5 v=0.2620
    OK ch=7 v=0.2720
    OK ch=1 v=0.2666
    OK ch=3 v=0.2741
    OK ch=5 v=0.2607
    OK ch=7 v=0.2707
    OK ch=1 v=0.2519
    OK ch=3 v=0.2677
    OK ch=5 v=0.2622
    OK ch=7 v=0.2687
    OK ch=1 v=0.2671
    OK ch=3 v=0.2758
    OK ch=5 v=0.2611
    OK ch=7 v=0.2720
    OK ch=1 v=0.2627
    OK ch=3 v=0.2732
    OK ch=5 v=0.2631
    OK ch=7 v=0.2728
    OK ch=1 v=0.2445
    OK ch=3 v=0.2765
    OK ch=5 v=0.2610
    OK ch=1 v=0.2529
    OK ch=7 v=0.2751
    OK ch=1 v=0.2612
    OK ch=3 v=0.2746
    OK ch=5 v=0.2602
    OK ch=7 v=0.2739
    OK ch=1 v=0.2534
    OK ch=3 v=0.2725
    OK ch=7 v=0.2717
    OK ch=1 v=0.2686
    OK ch=3 v=0.2641
    OK ch=5 v=0.2586
    OK ch=7 v=0.2726
[  230.9s] DAMPING     ch0:LOCK g=-0.0300 bp=-0.009V ratio=0.09  ch1:LOCK g=-0.0300 bp=-0.014V ratio=0.07  ch2:LOCK g=+0.0100 bp=-0.006V ratio=0.02  ch3:LOCK g=-0.0300 bp=+0.001V ratio=0.04
    OK ch=1 v=0.2658
    OK ch=3 v=0.2774
    OK ch=5 v=0.2602
    OK ch=7 v=0.2715
    OK ch=1 v=0.2691
    OK ch=1 v=0.2838
    OK ch=7 v=0.2737
    OK ch=1 v=0.2686
    OK ch=3 v=0.2741
    OK ch=5 v=0.2608
    OK ch=7 v=0.2723
    OK ch=1 v=0.2630
    OK ch=3 v=0.2705
    OK ch=5 v=0.2597
    OK ch=7 v=0.2730
    OK ch=1 v=0.2359
    OK ch=3 v=0.2697
    OK ch=5 v=0.2605
    OK ch=7 v=0.2752
    OK ch=1 v=0.2659
    OK ch=3 v=0.2770
    OK ch=5 v=0.2582
    OK ch=7 v=0.2734
    OK ch=1 v=0.2834
    OK ch=3 v=0.2749
    OK ch=5 v=0.2594
    OK ch=7 v=0.2702
    OK ch=1 v=0.2396
    OK ch=3 v=0.2730
    OK ch=7 v=0.2726
    OK ch=1 v=0.2438
    OK ch=5 v=0.2580
    OK ch=1 v=0.2542
    OK ch=3 v=0.2777
    OK ch=7 v=0.2764
    OK ch=1 v=0.2572
    OK ch=3 v=0.2700
    OK ch=5 v=0.2591
    OK ch=7 v=0.2716
    OK ch=1 v=0.2874
    OK ch=3 v=0.2787
    OK ch=5 v=0.2600
    OK ch=7 v=0.2694
    OK ch=1 v=0.2417
    OK ch=3 v=0.2740
    OK ch=5 v=0.2617
    OK ch=7 v=0.2711
    OK ch=1 v=0.2642
    OK ch=3 v=0.2811
    OK ch=7 v=0.2730
    OK ch=1 v=0.2590
    OK ch=3 v=0.2694
    OK ch=5 v=0.2612
    OK ch=1 v=0.2749
    OK ch=3 v=0.2761
    OK ch=5 v=0.2622
    OK ch=7 v=0.2694
    OK ch=1 v=0.2572
    OK ch=5 v=0.2616
    OK ch=7 v=0.2730
    OK ch=1 v=0.2844
    OK ch=3 v=0.2677
    OK ch=5 v=0.2637
    OK ch=7 v=0.2735
    OK ch=1 v=0.2460
    OK ch=3 v=0.2736
    OK ch=7 v=0.2720
    OK ch=1 v=0.2195
    OK ch=3 v=0.2664
    OK ch=7 v=0.2730
    OK ch=1 v=0.2408
    OK ch=3 v=0.2690
    OK ch=5 v=0.2618
    OK ch=7 v=0.2706
    OK ch=1 v=0.2875
    OK ch=3 v=0.2773
    OK ch=5 v=0.2594
    OK ch=7 v=0.2718
    OK ch=1 v=0.2545
    OK ch=3 v=0.2708
    OK ch=5 v=0.2605
    OK ch=7 v=0.2699
    OK ch=1 v=0.2711
    OK ch=3 v=0.2765
    OK ch=7 v=0.2716
    OK ch=1 v=0.2725
    OK ch=5 v=0.2592
    OK ch=7 v=0.2722
    OK ch=1 v=0.2705
    OK ch=3 v=0.2797
    OK ch=5 v=0.2599
    OK ch=7 v=0.2736
    OK ch=1 v=0.2624
    OK ch=3 v=0.2713
    OK ch=7 v=0.2724
    OK ch=1 v=0.2538
    OK ch=5 v=0.2612
    OK ch=1 v=0.2482
    OK ch=5 v=0.2602
    OK ch=7 v=0.2698
    OK ch=1 v=0.2467
    OK ch=3 v=0.2702
    OK ch=5 v=0.2586
    OK ch=7 v=0.2732
    OK ch=1 v=0.2396
    OK ch=3 v=0.2714
    OK ch=7 v=0.2726
    OK ch=1 v=0.2841
    OK ch=3 v=0.2808
    OK ch=7 v=0.2736
    OK ch=1 v=0.2424
    OK ch=3 v=0.2726
    OK ch=5 v=0.2597
    OK ch=7 v=0.2711
    OK ch=1 v=0.2687
    OK ch=3 v=0.2758
    OK ch=5 v=0.2585
    OK ch=7 v=0.2733
    OK ch=1 v=0.2849
    OK ch=3 v=0.2801
    OK ch=7 v=0.2778
    OK ch=1 v=0.2515
    OK ch=3 v=0.2693
    OK ch=7 v=0.2757
    OK ch=1 v=0.2445
    OK ch=3 v=0.2703
    OK ch=5 v=0.2608
    OK ch=7 v=0.2705
    OK ch=1 v=0.2645
    OK ch=3 v=0.2741
    OK ch=1 v=0.2367
    OK ch=3 v=0.2665
    OK ch=5 v=0.2600
    OK ch=7 v=0.2723
    OK ch=1 v=0.2581
    OK ch=3 v=0.2736
    OK ch=5 v=0.2613
    OK ch=7 v=0.2715
    OK ch=1 v=0.2573
    OK ch=3 v=0.2716
    OK ch=5 v=0.2606
    OK ch=7 v=0.2704
    OK ch=1 v=0.2469
    OK ch=3 v=0.2745
    OK ch=7 v=0.2720
    OK ch=1 v=0.2549
    OK ch=3 v=0.2689
    OK ch=5 v=0.2629
    OK ch=7 v=0.2712
    OK ch=1 v=0.2734
    OK ch=3 v=0.2741
    OK ch=5 v=0.2610
    OK ch=1 v=0.2840
    OK ch=3 v=0.2763
    OK ch=5 v=0.2630
    OK ch=7 v=0.2705
    OK ch=1 v=0.2546
    OK ch=3 v=0.2725
    OK ch=5 v=0.2623
    OK ch=1 v=0.2576
    OK ch=3 v=0.2747
    OK ch=7 v=0.2727
    OK ch=1 v=0.2530
    OK ch=3 v=0.2726
    OK ch=5 v=0.2633
    OK ch=1 v=0.2613
    OK ch=3 v=0.2737
    OK ch=1 v=0.2489
    OK ch=5 v=0.2616
    OK ch=7 v=0.2716
    OK ch=1 v=0.2646
    OK ch=3 v=0.2790
    OK ch=5 v=0.2611
    OK ch=1 v=0.2760
    OK ch=3 v=0.2728
    OK ch=5 v=0.2593
    OK ch=7 v=0.2704
    OK ch=1 v=0.2498
    OK ch=3 v=0.2659
    OK ch=5 v=0.2598
    OK ch=7 v=0.2732
    OK ch=1 v=0.2765
    OK ch=3 v=0.2722
    OK ch=7 v=0.2723
    OK ch=1 v=0.2710
    OK ch=3 v=0.2812
    OK ch=5 v=0.2584
    OK ch=1 v=0.2782
    OK ch=3 v=0.2828
    OK ch=7 v=0.2746
    OK ch=1 v=0.2626
    OK ch=3 v=0.2783
    OK ch=7 v=0.2734
    OK ch=1 v=0.2477
    OK ch=3 v=0.2722
    OK ch=7 v=0.2727
    OK ch=1 v=0.2528
    OK ch=1 v=0.2465
    OK ch=7 v=0.2733
    OK ch=1 v=0.2664
    OK ch=3 v=0.2749
    OK ch=1 v=0.2670
    OK ch=3 v=0.2755
    OK ch=7 v=0.2711
    OK ch=1 v=0.2292
    OK ch=3 v=0.2728
    OK ch=7 v=0.2717
    OK ch=1 v=0.2856
    OK ch=3 v=0.2783
    OK ch=1 v=0.2720
    OK ch=3 v=0.2729
    OK ch=7 v=0.2733
    OK ch=1 v=0.2490
    OK ch=3 v=0.2710
    OK ch=5 v=0.2605
    OK ch=1 v=0.2484
    OK ch=5 v=0.2618
    OK ch=1 v=0.2564
    OK ch=3 v=0.2753
    OK ch=5 v=0.2606
    OK ch=1 v=0.2806
    OK ch=3 v=0.2786
    OK ch=5 v=0.2589
    OK ch=1 v=0.2479
    OK ch=3 v=0.2707
    OK ch=5 v=0.2598
    OK ch=7 v=0.2722
    OK ch=3 v=0.2757
    OK ch=5 v=0.2622
    OK ch=7 v=0.2707
    OK ch=1 v=0.2624
    OK ch=3 v=0.2749
    OK ch=5 v=0.2614
    OK ch=1 v=0.2764
    OK ch=3 v=0.2707
    OK ch=5 v=0.2622
    OK ch=7 v=0.2712
    OK ch=1 v=0.2589
    OK ch=3 v=0.2753
    OK ch=5 v=0.2629
    OK ch=7 v=0.2717
    OK ch=1 v=0.2525
    OK ch=3 v=0.2733
    OK ch=5 v=0.2619
    OK ch=7 v=0.2732
    OK ch=1 v=0.2564
    OK ch=3 v=0.2707
    OK ch=7 v=0.2708
    OK ch=1 v=0.2786
    OK ch=3 v=0.2758
    OK ch=5 v=0.2630
    OK ch=7 v=0.2696
    OK ch=1 v=0.2496
    OK ch=3 v=0.2694
    OK ch=7 v=0.2715
    OK ch=1 v=0.2385
    OK ch=3 v=0.2682
    OK ch=5 v=0.2638
    OK ch=7 v=0.2721
    OK ch=1 v=0.2625
    OK ch=3 v=0.2701
    OK ch=5 v=0.2612
    OK ch=7 v=0.2736
    OK ch=1 v=0.2688
    OK ch=3 v=0.2801
    OK ch=5 v=0.2596
    OK ch=7 v=0.2688
    OK ch=1 v=0.2554
    OK ch=3 v=0.2775
    OK ch=5 v=0.2608
    OK ch=7 v=0.2728
    OK ch=1 v=0.2432
    OK ch=3 v=0.2699
    OK ch=7 v=0.2734
    OK ch=1 v=0.2559
    OK ch=3 v=0.2732
    OK ch=5 v=0.2593
    OK ch=1 v=0.2594
    OK ch=3 v=0.2718
    OK ch=5 v=0.2581
    OK ch=7 v=0.2742
    OK ch=1 v=0.2646
    OK ch=3 v=0.2746
    OK ch=5 v=0.2589
    OK ch=7 v=0.2714
    OK ch=1 v=0.2772
    OK ch=5 v=0.2598
    OK ch=7 v=0.2735
    OK ch=1 v=0.2726
    OK ch=3 v=0.2795
    OK ch=5 v=0.2583
    OK ch=7 v=0.2760
    OK ch=1 v=0.2680
    OK ch=3 v=0.2728
    OK ch=7 v=0.2729
    OK ch=1 v=0.2513
    OK ch=3 v=0.2717
    OK ch=5 v=0.2599
    OK ch=7 v=0.2720
    OK ch=1 v=0.2490
    OK ch=3 v=0.2757
    OK ch=5 v=0.2594
    OK ch=3 v=0.2772
    OK ch=5 v=0.2584
    OK ch=1 v=0.2574
    OK ch=7 v=0.2731
    OK ch=1 v=0.2774
    OK ch=3 v=0.2749
    OK ch=1 v=0.2737
    OK ch=3 v=0.2727
    OK ch=1 v=0.2709
    OK ch=3 v=0.2745
    OK ch=5 v=0.2604
    OK ch=7 v=0.2741
    OK ch=1 v=0.3012
    OK ch=3 v=0.2758
    OK ch=7 v=0.2713
    OK ch=1 v=0.2673
    OK ch=3 v=0.2789
    OK ch=1 v=0.2442
    OK ch=3 v=0.2714
    OK ch=5 v=0.2613
    OK ch=7 v=0.2724
    OK ch=1 v=0.2202
    OK ch=3 v=0.2672
    OK ch=5 v=0.2633
    OK ch=7 v=0.2716
    OK ch=1 v=0.2439
    OK ch=5 v=0.2625
    OK ch=7 v=0.2705
    OK ch=1 v=0.2459
    OK ch=3 v=0.2731
    OK ch=7 v=0.2720
    OK ch=1 v=0.2700
    OK ch=3 v=0.2783
    OK ch=5 v=0.2609
    OK ch=7 v=0.2749
    OK ch=1 v=0.2718
    OK ch=3 v=0.2839
    OK ch=5 v=0.2602
    OK ch=7 v=0.2712
    OK ch=1 v=0.2635
    OK ch=3 v=0.2707
    OK ch=5 v=0.2619
    OK ch=7 v=0.2720
    OK ch=1 v=0.2619
    OK ch=3 v=0.2611
    OK ch=7 v=0.2700
    OK ch=1 v=0.2754
    OK ch=3 v=0.2772
    OK ch=7 v=0.2727
    OK ch=1 v=0.2637
    OK ch=3 v=0.2793
    OK ch=7 v=0.2745
    OK ch=1 v=0.2786
    OK ch=3 v=0.2808
    OK ch=5 v=0.2609
    OK ch=7 v=0.2732
    OK ch=1 v=0.2495
    OK ch=3 v=0.2716
    OK ch=7 v=0.2725
    OK ch=1 v=0.2417
    OK ch=3 v=0.2704
    OK ch=5 v=0.2615
    OK ch=1 v=0.2626
    OK ch=3 v=0.2722
    OK ch=5 v=0.2586
    OK ch=7 v=0.2734
    OK ch=1 v=0.2460
    OK ch=5 v=0.2599
    OK ch=7 v=0.2721
    OK ch=1 v=0.2567
    OK ch=3 v=0.2714
    OK ch=5 v=0.2590
    OK ch=7 v=0.2695
    OK ch=1 v=0.2688
    OK ch=3 v=0.2757
    OK ch=1 v=0.2613
    OK ch=3 v=0.2727
    OK ch=7 v=0.2717
    OK ch=1 v=0.2620
    OK ch=3 v=0.2780
    OK ch=7 v=0.2725
    OK ch=1 v=0.2735
    OK ch=7 v=0.2739
    OK ch=1 v=0.2722
    OK ch=5 v=0.2597
    OK ch=7 v=0.2728
    OK ch=1 v=0.2790
    OK ch=7 v=0.2723
    OK ch=1 v=0.2458
    OK ch=3 v=0.2727
    OK ch=7 v=0.2756
    OK ch=1 v=0.2257
    OK ch=3 v=0.2635
    OK ch=5 v=0.2611
    OK ch=7 v=0.2736
    OK ch=1 v=0.2528
    OK ch=3 v=0.2742
    OK ch=5 v=0.2606
    OK ch=7 v=0.2714
    OK ch=1 v=0.2689
    OK ch=3 v=0.2749
    OK ch=5 v=0.2611
    OK ch=7 v=0.2725
    OK ch=1 v=0.2538
    OK ch=3 v=0.2723
    OK ch=5 v=0.2597
    OK ch=1 v=0.2731
    OK ch=3 v=0.2818
    OK ch=5 v=0.2611
    OK ch=7 v=0.2713
    OK ch=1 v=0.2640
    OK ch=3 v=0.2742
    OK ch=5 v=0.2624
    OK ch=7 v=0.2725
    OK ch=1 v=0.2573
    OK ch=3 v=0.2667
    OK ch=5 v=0.2618
    OK ch=1 v=0.2519
    OK ch=3 v=0.2708
    OK ch=5 v=0.2626
    OK ch=7 v=0.2701
    OK ch=1 v=0.2733
    OK ch=3 v=0.2776
    OK ch=5 v=0.2605
    OK ch=7 v=0.2715
    OK ch=1 v=0.2503
    OK ch=3 v=0.2683
    OK ch=7 v=0.2720
    OK ch=1 v=0.2318
    OK ch=3 v=0.2657
    OK ch=5 v=0.2625
    OK ch=7 v=0.2746
    OK ch=1 v=0.2563
    OK ch=3 v=0.2728
    OK ch=5 v=0.2614
    OK ch=7 v=0.2733
    OK ch=1 v=0.2675
    OK ch=3 v=0.2782
    OK ch=5 v=0.2601
    OK ch=7 v=0.2715
    OK ch=1 v=0.2731
    OK ch=3 v=0.2790
    OK ch=5 v=0.2593
[  235.9s] DAMPING     ch0:LOCK g=-0.0300 bp=+0.003V ratio=0.10  ch1:LOCK g=-0.0300 bp=+0.001V ratio=0.07  ch2:LOCK g=+0.0100 bp=-0.007V ratio=0.03  ch3:LOCK g=-0.0300 bp=-0.001V ratio=0.03
    OK ch=1 v=0.2575
    OK ch=3 v=0.2753
    OK ch=1 v=0.2599
    OK ch=3 v=0.2718
    OK ch=5 v=0.2604
    OK ch=7 v=0.2730
    OK ch=1 v=0.2331
    OK ch=3 v=0.2654
    OK ch=1 v=0.2688
    OK ch=3 v=0.2715
    OK ch=5 v=0.2595
    OK ch=7 v=0.2720
    OK ch=1 v=0.2820
    OK ch=3 v=0.2783
    OK ch=5 v=0.2604
    OK ch=7 v=0.2727
    OK ch=1 v=0.2639
    OK ch=3 v=0.2746
    OK ch=5 v=0.2594
    OK ch=1 v=0.2462
    OK ch=7 v=0.2738
    OK ch=1 v=0.2569
    OK ch=3 v=0.2783
    OK ch=5 v=0.2585
    OK ch=1 v=0.2608
    OK ch=3 v=0.2771
    OK ch=5 v=0.2597
    OK ch=7 v=0.2745
    OK ch=1 v=0.2501
    OK ch=3 v=0.2733
    OK ch=7 v=0.2715
    OK ch=1 v=0.2522
    OK ch=3 v=0.2714
    OK ch=7 v=0.2722
    OK ch=1 v=0.2936
    OK ch=3 v=0.2764
    OK ch=5 v=0.2591
    OK ch=7 v=0.2712
    OK ch=1 v=0.2586
    OK ch=3 v=0.2708
    OK ch=7 v=0.2736
    OK ch=1 v=0.2566
    OK ch=3 v=0.2742
    OK ch=5 v=0.2609
    OK ch=7 v=0.2713
    OK ch=1 v=0.2608
    OK ch=3 v=0.2783
    OK ch=7 v=0.2734
    OK ch=1 v=0.2434
    OK ch=3 v=0.2730
    OK ch=5 v=0.2618
    OK ch=7 v=0.2710
    OK ch=1 v=0.2824
    OK ch=3 v=0.2777
    OK ch=5 v=0.2597
    OK ch=7 v=0.2720
    OK ch=1 v=0.2699
    OK ch=3 v=0.2770
    OK ch=5 v=0.2615
    OK ch=7 v=0.2734
    OK ch=1 v=0.2508
    OK ch=3 v=0.2709
    OK ch=5 v=0.2626
    OK ch=7 v=0.2709
    OK ch=1 v=0.2527
    OK ch=3 v=0.2741
    OK ch=7 v=0.2697
    OK ch=1 v=0.2492
    OK ch=3 v=0.2674
    OK ch=7 v=0.2703
    OK ch=1 v=0.2792
    OK ch=3 v=0.2785
    OK ch=7 v=0.2723
    OK ch=1 v=0.2642
    OK ch=3 v=0.2758
    OK ch=5 v=0.2633
    OK ch=7 v=0.2740
    OK ch=1 v=0.2397
    OK ch=3 v=0.2675
    OK ch=5 v=0.2621
    OK ch=7 v=0.2726
    OK ch=1 v=0.2638
    OK ch=3 v=0.2718
    OK ch=5 v=0.2611
    OK ch=7 v=0.2734
    OK ch=1 v=0.2555
    OK ch=5 v=0.2605
    OK ch=7 v=0.2685
    OK ch=1 v=0.2649
    OK ch=3 v=0.2752
    OK ch=5 v=0.2596
    OK ch=7 v=0.2722
    OK ch=1 v=0.2668
    OK ch=3 v=0.2721
    OK ch=7 v=0.2709
    OK ch=1 v=0.2736
    OK ch=3 v=0.2792
    OK ch=5 v=0.2586
    OK ch=1 v=0.2638
    OK ch=3 v=0.2710
    OK ch=7 v=0.2728
    OK ch=1 v=0.2470
    OK ch=3 v=0.2723
    OK ch=1 v=0.2291
    OK ch=3 v=0.2682
    OK ch=5 v=0.2595
    OK ch=1 v=0.2556
    OK ch=3 v=0.2708
    OK ch=5 v=0.2587
    OK ch=7 v=0.2741
    OK ch=1 v=0.2851
    OK ch=3 v=0.2797
    OK ch=7 v=0.2725
    OK ch=1 v=0.2654
    OK ch=3 v=0.2773
    OK ch=5 v=0.2595
    OK ch=1 v=0.2685
    OK ch=3 v=0.2745
    OK ch=7 v=0.2733
    OK ch=1 v=0.2594
    OK ch=7 v=0.2697
    OK ch=1 v=0.2154
    OK ch=3 v=0.2723
    OK ch=5 v=0.2602
    OK ch=7 v=0.2750
    OK ch=1 v=0.2591
    OK ch=3 v=0.2742
    OK ch=1 v=0.2623
    OK ch=3 v=0.2756
    OK ch=7 v=0.2766
    OK ch=1 v=0.2676
    OK ch=3 v=0.2731
    OK ch=7 v=0.2746
    OK ch=1 v=0.2714
    OK ch=3 v=0.2750
    OK ch=5 v=0.2625
    OK ch=7 v=0.2721
    OK ch=1 v=0.2507
    OK ch=3 v=0.2726
    OK ch=5 v=0.2609
    OK ch=7 v=0.2703
    OK ch=1 v=0.2618
    OK ch=3 v=0.2760
    OK ch=5 v=0.2617
    OK ch=7 v=0.2717
    OK ch=1 v=0.2597
    OK ch=7 v=0.2710
    OK ch=1 v=0.2771
    OK ch=3 v=0.2741
    OK ch=5 v=0.2610
    OK ch=7 v=0.2722
    OK ch=1 v=0.2638
    OK ch=3 v=0.2733
    OK ch=1 v=0.2545
    OK ch=3 v=0.2697
    OK ch=5 v=0.2623
    OK ch=7 v=0.2703
    OK ch=1 v=0.2648
    OK ch=5 v=0.2618
    OK ch=7 v=0.2714

Stopped by user.
    629,708,677,567,514,751,732
Returning DAC outputs to bias voltages...
    OK ch=1 v=0.2664
    OK ch=1 v=0.2500
    OK ch=3 v=0.2500
    OK ch=5 v=0.2500
Connection closed.
Log saved to data/20260804_135853_fast_lock.csv
