==========================================================================
  version   : v10 (untested)
  fixes     : saturation-latch, rail-threshold, runaway-baseline, auto-disable, fast-refault, fast-calib, warm-restart, runaway-trend, bias-trim, soft-saturation
  channels  : 4 on of 4 -- [True, True, True, True]
  coil map  : [1, 3, 5, 7]
  Kp        : steady [np.float64(-0.03), np.float64(-0.03), np.float64(0.01), np.float64(-0.03)]
  Ki / Kd   : -0.04 / -0.0015
  calib     : 20 s     run length: 240 s
  kicks at  : [60.0, 120.0, 180.0]
==========================================================================
Connected on /dev/cu.usbserial-1120
    OK ch=1 v=0.2500
    OK ch=3 v=0.2500
    OK ch=5 v=0.2500
    OK ch=7 v=0.2500
DAC biases set. Press Enter to start fast-lock damping (Ctrl+C to stop)...     STREAMING
Logging to data/20260806_155848_fast_lock.csv

[CALIBRATING] measuring baseline noise (outputs held at bias, no damping yet). This stops as soon as the floor settles, and after 20s at the latest...

    OK ch=1 v=0.2500
    OK ch=3 v=0.2500
    OK ch=5 v=0.2500
    OK ch=7 v=0.2500
[    0.0s] CALIBRATING ch0:.... g=+0.0000 bp=+0.000V ratio=0.00  ch1:.... g=+0.0000 bp=+0.000V ratio=0.00  ch2:.... g=+0.0000 bp=+0.000V ratio=0.00  ch3:.... g=+0.0000 bp=+0.000V ratio=0.00
[    5.0s] CALIBRATING ch0:.... g=+0.0000 bp=-0.046V ratio=0.00  ch1:.... g=+0.0000 bp=-0.020V ratio=0.00  ch2:.... g=+0.0000 bp=+1.023V ratio=0.00  ch3:.... g=+0.0000 bp=+0.261V ratio=0.00
[   10.0s] CALIBRATING ch0:.... g=+0.0000 bp=+1.070V ratio=0.00  ch1:.... g=+0.0000 bp=+0.405V ratio=0.00  ch2:.... g=+0.0000 bp=+0.027V ratio=0.00  ch3:.... g=+0.0000 bp=-0.027V ratio=0.00
[   15.0s] CALIBRATING ch0:.... g=+0.0000 bp=+0.113V ratio=0.00  ch1:.... g=+0.0000 bp=-0.101V ratio=0.00  ch2:.... g=+0.0000 bp=+1.284V ratio=0.00  ch3:.... g=+0.0000 bp=+0.255V ratio=0.00

[DAMPING] baseline set in 20.0s (ran the full 20s ceiling -- the floor never settled, median of sub-windows used): ch0=0.4968V, ch1=0.2144V, ch2=0.6736V, ch3=0.1789V. Gain schedules -0.035 -> -0.030...

    OK ch=1 v=0.2357
    OK ch=3 v=0.2470
    OK ch=5 v=0.2546
[   20.0s] DAMPING     ch0:.... g=-0.0003 bp=+1.229V ratio=2.47  ch1:.... g=-0.0003 bp=+0.359V ratio=1.68  ch2:.... g=+0.0003 bp=+0.186V ratio=0.28  ch3:.... g=-0.0003 bp=-0.088V ratio=0.49
    OK ch=1 v=0.2190
    OK ch=3 v=0.2512
    OK ch=5 v=0.2629
    OK ch=7 v=0.2539
    OK ch=1 v=0.1855
    OK ch=3 v=0.2437
    OK ch=5 v=0.2708
    OK ch=7 v=0.2545
    OK ch=1 v=0.1594
    OK ch=3 v=0.2306
    OK ch=5 v=0.2780
    OK ch=1 v=0.1754
    OK ch=3 v=0.2374
    OK ch=5 v=0.2808
    OK ch=1 v=0.1917
    OK ch=3 v=0.2379
    OK ch=5 v=0.2788
    OK ch=1 v=0.1463
    OK ch=3 v=0.2241
    OK ch=5 v=0.2771
    OK ch=7 v=0.2522
    OK ch=1 v=0.1473
    OK ch=3 v=0.2201
    OK ch=5 v=0.2709
    OK ch=7 v=0.2502
    OK ch=1 v=0.1643
    OK ch=3 v=0.2221
    OK ch=5 v=0.2634
    OK ch=1 v=0.1297
    OK ch=3 v=0.2089
    OK ch=5 v=0.2572
    OK ch=7 v=0.2473
    OK ch=1 v=0.1705
    OK ch=3 v=0.2169
    OK ch=5 v=0.2472
    OK ch=7 v=0.2504
    OK ch=1 v=0.1873
    OK ch=3 v=0.2151
    OK ch=5 v=0.2427
    OK ch=1 v=0.1695
    OK ch=3 v=0.2031
    OK ch=5 v=0.2393
    OK ch=7 v=0.2518
    OK ch=1 v=0.2144
    OK ch=3 v=0.2147
    OK ch=5 v=0.2355
    OK ch=7 v=0.2576
    OK ch=1 v=0.2241
    OK ch=3 v=0.2285
    OK ch=5 v=0.2329
    OK ch=7 v=0.2608
    OK ch=1 v=0.2096
    OK ch=3 v=0.2308
    OK ch=5 v=0.2308
    OK ch=7 v=0.2658
    OK ch=1 v=0.2002
    OK ch=3 v=0.2332
    OK ch=5 v=0.2274
    OK ch=7 v=0.2699
    OK ch=1 v=0.2512
    OK ch=3 v=0.2504
    OK ch=5 v=0.2211
    OK ch=7 v=0.2738
    OK ch=1 v=0.2732
    OK ch=3 v=0.2662
    OK ch=5 v=0.2149
    OK ch=7 v=0.2732
    OK ch=1 v=0.2528
    OK ch=3 v=0.2693
    OK ch=5 v=0.2106
    OK ch=7 v=0.2710
    OK ch=1 v=0.1831
    OK ch=3 v=0.2498
    OK ch=5 v=0.2163
    OK ch=7 v=0.2669
    OK ch=1 v=0.1794
    OK ch=3 v=0.2417
    OK ch=5 v=0.2214
    OK ch=7 v=0.2615
    OK ch=1 v=0.2315
    OK ch=3 v=0.2489
    OK ch=5 v=0.2287
    OK ch=7 v=0.2545
    OK ch=1 v=0.3082
    OK ch=3 v=0.2716
    OK ch=5 v=0.2399
    OK ch=7 v=0.2489
    OK ch=1 v=0.2992
    OK ch=3 v=0.2686
    OK ch=5 v=0.2546
    OK ch=7 v=0.2422
    OK ch=1 v=0.2490
    OK ch=3 v=0.2456
    OK ch=5 v=0.2721
    OK ch=7 v=0.2379
    OK ch=1 v=0.2164
    OK ch=3 v=0.2316
    OK ch=5 v=0.2907
    OK ch=7 v=0.2340
    OK ch=1 v=0.2418
    OK ch=3 v=0.2410
    OK ch=5 v=0.3049
    OK ch=7 v=0.2328
    OK ch=1 v=0.2650
    OK ch=3 v=0.2559
    OK ch=5 v=0.3124
    OK ch=7 v=0.2318
    OK ch=1 v=0.1954
    OK ch=3 v=0.2526
    OK ch=5 v=0.3214
    OK ch=7 v=0.2283
    OK ch=1 v=0.1185
    OK ch=3 v=0.2354
    OK ch=5 v=0.3303
    OK ch=7 v=0.2289
    OK ch=1 v=0.0935
    OK ch=3 v=0.2226
    OK ch=5 v=0.3405
    OK ch=7 v=0.2313
    OK ch=1 v=0.1877
    OK ch=3 v=0.2479
    OK ch=5 v=0.3352
    OK ch=7 v=0.2341
    OK ch=1 v=0.1922
    OK ch=3 v=0.2430
    OK ch=5 v=0.3037
    OK ch=7 v=0.2365
    OK ch=1 v=0.1290
    OK ch=3 v=0.2251
    OK ch=5 v=0.2700
    OK ch=1 v=0.1879
    OK ch=3 v=0.2315
    OK ch=5 v=0.2467
    OK ch=7 v=0.2410
    OK ch=1 v=0.1172
    OK ch=3 v=0.2071
    OK ch=5 v=0.2333
    OK ch=7 v=0.2403
    OK ch=1 v=0.1139
    OK ch=3 v=0.1946
    OK ch=5 v=0.2264
    OK ch=7 v=0.2507
    OK ch=1 v=0.1777
    OK ch=3 v=0.2066
    OK ch=5 v=0.2226
    OK ch=7 v=0.2572
    OK ch=1 v=0.2606
    OK ch=3 v=0.2344
    OK ch=5 v=0.2201
    OK ch=7 v=0.2692
    OK ch=1 v=0.2848
    OK ch=3 v=0.2465
    OK ch=5 v=0.2209
    OK ch=7 v=0.2843
    OK ch=1 v=0.2438
    OK ch=3 v=0.2442
    OK ch=5 v=0.2217
    OK ch=7 v=0.2942
    OK ch=1 v=0.1556
    OK ch=3 v=0.2071
    OK ch=5 v=0.2193
    OK ch=7 v=0.2979
    OK ch=1 v=0.1374
    OK ch=3 v=0.2086
    OK ch=5 v=0.2129
    OK ch=1 v=0.2036
    OK ch=3 v=0.2430
    OK ch=5 v=0.2064
    OK ch=1 v=0.2697
    OK ch=3 v=0.2483
    OK ch=5 v=0.2024
    OK ch=7 v=0.2946
    OK ch=1 v=0.2734
    OK ch=3 v=0.2548
    OK ch=5 v=0.1967
    OK ch=7 v=0.2887
    OK ch=1 v=0.1851
    OK ch=3 v=0.2221
    OK ch=5 v=0.2003
    OK ch=7 v=0.2773
    OK ch=1 v=0.1143
    OK ch=3 v=0.2064
    OK ch=5 v=0.2124
    OK ch=7 v=0.2726
    OK ch=1 v=0.1544
    OK ch=3 v=0.2125
    OK ch=5 v=0.2332
    OK ch=7 v=0.2655
    OK ch=1 v=0.2286
    OK ch=3 v=0.2318
    OK ch=5 v=0.2529
    OK ch=7 v=0.2596
    OK ch=1 v=0.2618
    OK ch=3 v=0.2473
    OK ch=5 v=0.2655
    OK ch=7 v=0.2545
    OK ch=1 v=0.2264
    OK ch=3 v=0.2436
    OK ch=5 v=0.2730
    OK ch=7 v=0.2464
    OK ch=1 v=0.1380
    OK ch=3 v=0.2091
    OK ch=5 v=0.2827
    OK ch=7 v=0.2334
    OK ch=1 v=0.1185
    OK ch=3 v=0.2025
    OK ch=5 v=0.2869
    OK ch=7 v=0.2363
    OK ch=1 v=0.1876
    OK ch=3 v=0.2212
    OK ch=5 v=0.2888
    OK ch=7 v=0.2340
    OK ch=1 v=0.2724
    OK ch=3 v=0.2578
    OK ch=5 v=0.2926
    OK ch=7 v=0.2308
    OK ch=1 v=0.2403
    OK ch=5 v=0.2967
    OK ch=1 v=0.1959
    OK ch=3 v=0.2381
    OK ch=5 v=0.3016
    OK ch=1 v=0.2386
    OK ch=3 v=0.2515
    OK ch=5 v=0.2998
    OK ch=1 v=0.1725
    OK ch=3 v=0.2262
    OK ch=5 v=0.3004
    OK ch=7 v=0.2327
    OK ch=1 v=0.1987
    OK ch=3 v=0.2394
    OK ch=5 v=0.2948
    OK ch=7 v=0.2355
    OK ch=1 v=0.2613
    OK ch=3 v=0.2591
    OK ch=5 v=0.2849
    OK ch=7 v=0.2403
    OK ch=1 v=0.2266
    OK ch=3 v=0.2640
    OK ch=5 v=0.2722
    OK ch=7 v=0.2388
    OK ch=1 v=0.1870
    OK ch=3 v=0.2482
    OK ch=5 v=0.2621
    OK ch=7 v=0.2420
    OK ch=3 v=0.2386
    OK ch=5 v=0.2477
    OK ch=7 v=0.2464
    OK ch=1 v=0.2430
    OK ch=3 v=0.2562
    OK ch=5 v=0.2394
    OK ch=7 v=0.2499
    OK ch=1 v=0.2546
    OK ch=3 v=0.2493
    OK ch=5 v=0.2388
    OK ch=7 v=0.2542
    OK ch=1 v=0.2987
    OK ch=3 v=0.2611
    OK ch=5 v=0.2364
    OK ch=7 v=0.2582
    OK ch=1 v=0.3268
    OK ch=3 v=0.2746
    OK ch=7 v=0.2617
    OK ch=1 v=0.2552
    OK ch=3 v=0.2461
    OK ch=5 v=0.2388
    OK ch=7 v=0.2626
    OK ch=1 v=0.2559
    OK ch=3 v=0.2483
    OK ch=5 v=0.2413
    OK ch=7 v=0.2662
    OK ch=1 v=0.2421
    OK ch=3 v=0.2527
    OK ch=5 v=0.2427
    OK ch=1 v=0.1761
    OK ch=3 v=0.2171
    OK ch=5 v=0.2439
    OK ch=7 v=0.2656
    OK ch=1 v=0.1682
    OK ch=3 v=0.2235
    OK ch=5 v=0.2444
    OK ch=1 v=0.1024
    OK ch=3 v=0.2048
    OK ch=5 v=0.2467
    OK ch=7 v=0.2644
    OK ch=1 v=0.1539
    OK ch=3 v=0.2172
    OK ch=5 v=0.2458
    OK ch=7 v=0.2617
    OK ch=1 v=0.2007
    OK ch=3 v=0.2330
    OK ch=1 v=0.1879
    OK ch=3 v=0.2349
    OK ch=5 v=0.2490
    OK ch=7 v=0.2601
    OK ch=1 v=0.1259
    OK ch=3 v=0.2192
    OK ch=5 v=0.2508
    OK ch=7 v=0.2568
    OK ch=1 v=0.0723
    OK ch=3 v=0.1973
    OK ch=5 v=0.2549
    OK ch=7 v=0.2559
    OK ch=1 v=0.1227
    OK ch=3 v=0.2015
    OK ch=5 v=0.2560
    OK ch=7 v=0.2594
    OK ch=1 v=0.1962
    OK ch=3 v=0.2232
    OK ch=7 v=0.2576
    OK ch=1 v=0.1302
    OK ch=3 v=0.2066
    OK ch=5 v=0.2592
    OK ch=7 v=0.2534
    OK ch=1 v=0.1401
    OK ch=3 v=0.2110
    OK ch=5 v=0.2603
    OK ch=7 v=0.2545
    OK ch=1 v=0.2231
    OK ch=3 v=0.2362
    OK ch=5 v=0.2590
    OK ch=7 v=0.2590
    OK ch=1 v=0.2516
    OK ch=3 v=0.2482
    OK ch=7 v=0.2576
    OK ch=1 v=0.1854
    OK ch=3 v=0.2165
    OK ch=7 v=0.2547
    OK ch=1 v=0.1793
    OK ch=3 v=0.2330
    OK ch=5 v=0.2567
    OK ch=7 v=0.2559
    OK ch=1 v=0.1591
    OK ch=3 v=0.2249
    OK ch=5 v=0.2548
    OK ch=7 v=0.2550
    OK ch=1 v=0.2269
    OK ch=3 v=0.2304
    OK ch=5 v=0.2514
    OK ch=7 v=0.2541
    OK ch=1 v=0.2891
    OK ch=3 v=0.2541
    OK ch=5 v=0.2480
    OK ch=7 v=0.2535
    OK ch=1 v=0.2978
    OK ch=3 v=0.2647
    OK ch=5 v=0.2499
    OK ch=1 v=0.2463
    OK ch=3 v=0.2433
    OK ch=7 v=0.2520
    OK ch=1 v=0.1747
    OK ch=3 v=0.2235
    OK ch=5 v=0.2516
    OK ch=7 v=0.2534
    OK ch=1 v=0.2152
    OK ch=3 v=0.2386
    OK ch=7 v=0.2514
    OK ch=1 v=0.1685
    OK ch=3 v=0.2361
    OK ch=7 v=0.2492
    OK ch=1 v=0.2347
    OK ch=3 v=0.2675
    OK ch=7 v=0.2512
    OK ch=1 v=0.2444
    OK ch=3 v=0.2515
    OK ch=5 v=0.2548
    OK ch=7 v=0.2525
    OK ch=1 v=0.2761
    OK ch=3 v=0.2623
    OK ch=5 v=0.2556
    OK ch=1 v=0.2100
    OK ch=3 v=0.2351
    OK ch=5 v=0.2596
    OK ch=7 v=0.2505
    OK ch=1 v=0.1962
    OK ch=3 v=0.2397
    OK ch=5 v=0.2636
    OK ch=7 v=0.2515
    OK ch=1 v=0.2637
    OK ch=3 v=0.2579
    OK ch=7 v=0.2527
    OK ch=1 v=0.1977
    OK ch=3 v=0.2385
    OK ch=5 v=0.2669
    OK ch=7 v=0.2500
    OK ch=1 v=0.1847
    OK ch=3 v=0.2350
    OK ch=1 v=0.2288
    OK ch=3 v=0.2483
    OK ch=7 v=0.2508
    OK ch=1 v=0.1748
    OK ch=3 v=0.2342
    OK ch=7 v=0.2487
    OK ch=1 v=0.2409
    OK ch=3 v=0.2600
    OK ch=5 v=0.2656
    OK ch=1 v=0.2285
    OK ch=3 v=0.2416
    OK ch=5 v=0.2639
    OK ch=7 v=0.2471
    OK ch=1 v=0.2372
    OK ch=3 v=0.2431
    OK ch=5 v=0.2628
    OK ch=7 v=0.2486
    OK ch=1 v=0.2168
    OK ch=3 v=0.2417
    OK ch=5 v=0.2612
    OK ch=7 v=0.2481
    OK ch=1 v=0.1285
    OK ch=3 v=0.2112
    OK ch=5 v=0.2623
    OK ch=7 v=0.2463
    OK ch=1 v=0.0984
    OK ch=3 v=0.2026
    OK ch=5 v=0.2591
    OK ch=7 v=0.2519
    OK ch=1 v=0.1617
    OK ch=3 v=0.2129
    OK ch=5 v=0.2572
    OK ch=7 v=0.2535
    OK ch=1 v=0.2500
    OK ch=3 v=0.2487
    OK ch=5 v=0.2509
    OK ch=7 v=0.2571
    OK ch=1 v=0.2372
    OK ch=3 v=0.2498
    OK ch=5 v=0.2498
    OK ch=7 v=0.2597
    OK ch=1 v=0.1661
    OK ch=3 v=0.2318
    OK ch=1 v=0.1164
    OK ch=3 v=0.2076
    OK ch=7 v=0.2589
    OK ch=1 v=0.1803
    OK ch=3 v=0.2291
    OK ch=5 v=0.2477
    OK ch=7 v=0.2611
    OK ch=1 v=0.1602
    OK ch=3 v=0.2231
    OK ch=5 v=0.2454
    OK ch=1 v=0.2263
    OK ch=3 v=0.2465
    OK ch=5 v=0.2429
    OK ch=7 v=0.2655
    OK ch=1 v=0.2300
    OK ch=3 v=0.2444
    OK ch=5 v=0.2424
    OK ch=7 v=0.2648
    OK ch=1 v=0.1695
    OK ch=3 v=0.2259
    OK ch=7 v=0.2615
    OK ch=1 v=0.2355
    OK ch=3 v=0.2434
    OK ch=5 v=0.2416
    OK ch=7 v=0.2632
    OK ch=1 v=0.2335
    OK ch=7 v=0.2608
[   25.1s] DAMPING     ch0:.... g=-0.0305 bp=+0.006V ratio=0.24  ch1:.... g=-0.0304 bp=+0.000V ratio=0.23  ch2:.... g=+0.0100 bp=+0.157V ratio=0.16  ch3:.... g=-0.0300 bp=+0.043V ratio=0.17
    OK ch=1 v=0.1839
    OK ch=3 v=0.2152
    OK ch=5 v=0.2439
    OK ch=7 v=0.2562
    OK ch=1 v=0.1397
    OK ch=3 v=0.2077
    OK ch=5 v=0.2460
    OK ch=7 v=0.2555
    OK ch=1 v=0.2281
    OK ch=3 v=0.2418
    OK ch=7 v=0.2588
    OK ch=1 v=0.1713
    OK ch=3 v=0.2219
    OK ch=5 v=0.2512
    OK ch=7 v=0.2552
    OK ch=1 v=0.1935
    OK ch=3 v=0.2263
    OK ch=5 v=0.2530
    OK ch=7 v=0.2544
    OK ch=1 v=0.2544
    OK ch=3 v=0.2479
    OK ch=5 v=0.2553
    OK ch=1 v=0.1871
    OK ch=3 v=0.2334
    OK ch=5 v=0.2617
    OK ch=7 v=0.2493
    OK ch=1 v=0.2237
    OK ch=3 v=0.2421
    OK ch=5 v=0.2643
    OK ch=7 v=0.2540
    OK ch=1 v=0.2518
    OK ch=3 v=0.2558
    OK ch=5 v=0.2649
    OK ch=7 v=0.2499
    OK ch=1 v=0.2298
    OK ch=3 v=0.2535
    OK ch=5 v=0.2665
    OK ch=7 v=0.2469
    OK ch=1 v=0.1628
    OK ch=3 v=0.2372
    OK ch=5 v=0.2690
    OK ch=7 v=0.2476
    OK ch=1 v=0.1299
    OK ch=3 v=0.2202
    OK ch=7 v=0.2467
    OK ch=1 v=0.1960
    OK ch=3 v=0.2462
    OK ch=5 v=0.2651
    OK ch=7 v=0.2499
    OK ch=1 v=0.2203
    OK ch=3 v=0.2452
    OK ch=5 v=0.2623
    OK ch=7 v=0.2479
    OK ch=1 v=0.1540
    OK ch=3 v=0.2181
    OK ch=5 v=0.2637
    OK ch=7 v=0.2467
    OK ch=1 v=0.1897
    OK ch=3 v=0.2239
    OK ch=5 v=0.2617
    OK ch=7 v=0.2486
    OK ch=1 v=0.2541
    OK ch=3 v=0.2469
    OK ch=5 v=0.2589
    OK ch=7 v=0.2504
    OK ch=1 v=0.2601
    OK ch=3 v=0.2612
    OK ch=5 v=0.2572
    OK ch=1 v=0.2240
    OK ch=3 v=0.2422
    OK ch=7 v=0.2544
    OK ch=1 v=0.1579
    OK ch=3 v=0.2267
    OK ch=5 v=0.2593
    OK ch=7 v=0.2534
    OK ch=1 v=0.1515
    OK ch=3 v=0.2221
    OK ch=5 v=0.2564
    OK ch=7 v=0.2517
    OK ch=1 v=0.2124
    OK ch=3 v=0.2376
    OK ch=5 v=0.2528
    OK ch=7 v=0.2587
    OK ch=1 v=0.2757
    OK ch=3 v=0.2573
    OK ch=5 v=0.2500
    OK ch=1 v=0.2096
    OK ch=3 v=0.2312
    OK ch=5 v=0.2493
    OK ch=7 v=0.2555
    OK ch=1 v=0.1888
    OK ch=3 v=0.2304
    OK ch=1 v=0.2329
    OK ch=3 v=0.2438
    OK ch=7 v=0.2589
    OK ch=1 v=0.1669
    OK ch=3 v=0.2249
    OK ch=5 v=0.2515
    OK ch=7 v=0.2578
    OK ch=1 v=0.1753
    OK ch=3 v=0.2262
    OK ch=5 v=0.2494
    OK ch=1 v=0.2057
    OK ch=3 v=0.2434
    OK ch=5 v=0.2476
    OK ch=7 v=0.2565
    OK ch=1 v=0.1764
    OK ch=3 v=0.2299
    OK ch=1 v=0.2177
    OK ch=3 v=0.2332
    OK ch=5 v=0.2490
    OK ch=7 v=0.2584
    OK ch=1 v=0.2601
    OK ch=3 v=0.2469
    OK ch=5 v=0.2496
    OK ch=7 v=0.2597
    OK ch=1 v=0.2094
    OK ch=3 v=0.2418
    OK ch=5 v=0.2516
    OK ch=7 v=0.2577
    OK ch=1 v=0.1477
    OK ch=3 v=0.2245
    OK ch=5 v=0.2554
    OK ch=7 v=0.2558
    OK ch=1 v=0.1349
    OK ch=3 v=0.2090
    OK ch=5 v=0.2560
    OK ch=1 v=0.2010
    OK ch=3 v=0.2400
    OK ch=5 v=0.2528
    OK ch=1 v=0.2641
    OK ch=3 v=0.2471
    OK ch=7 v=0.2579
    OK ch=1 v=0.1979
    OK ch=3 v=0.2196
    OK ch=5 v=0.2573
    OK ch=7 v=0.2570
    OK ch=1 v=0.1950
    OK ch=3 v=0.2280
    OK ch=5 v=0.2556
    OK ch=7 v=0.2555
    OK ch=1 v=0.2333
    OK ch=3 v=0.2446
    OK ch=5 v=0.2563
    OK ch=7 v=0.2567
    OK ch=1 v=0.2339
    OK ch=3 v=0.2507
    OK ch=7 v=0.2556
    OK ch=1 v=0.2049
    OK ch=3 v=0.2343
    OK ch=5 v=0.2552
    OK ch=7 v=0.2547
    OK ch=1 v=0.1883
    OK ch=5 v=0.2546
    OK ch=7 v=0.2516
    OK ch=1 v=0.1932
    OK ch=3 v=0.2253
    OK ch=7 v=0.2527
    OK ch=1 v=0.1273
    OK ch=3 v=0.2115
    OK ch=5 v=0.2556
    OK ch=7 v=0.2472
    OK ch=1 v=0.1548
    OK ch=3 v=0.2185
    OK ch=7 v=0.2506
    OK ch=1 v=0.2165
    OK ch=3 v=0.2456
    OK ch=5 v=0.2536
    OK ch=7 v=0.2522
    OK ch=1 v=0.1937
    OK ch=3 v=0.2392
    OK ch=5 v=0.2561
    OK ch=7 v=0.2511
    OK ch=1 v=0.2395
    OK ch=3 v=0.2431
    OK ch=5 v=0.2553
    OK ch=7 v=0.2533
    OK ch=1 v=0.2807
    OK ch=3 v=0.2602
    OK ch=7 v=0.2541
    OK ch=1 v=0.2145
    OK ch=3 v=0.2339
    OK ch=5 v=0.2598
    OK ch=7 v=0.2520
    OK ch=1 v=0.1924
    OK ch=3 v=0.2347
    OK ch=5 v=0.2606
    OK ch=1 v=0.1735
    OK ch=3 v=0.2338
    OK ch=5 v=0.2613
    OK ch=7 v=0.2532
    OK ch=1 v=0.2011
    OK ch=3 v=0.2376
    OK ch=5 v=0.2593
    OK ch=7 v=0.2515
    OK ch=1 v=0.2500
    OK ch=3 v=0.2515
    OK ch=5 v=0.2581
    OK ch=7 v=0.2547
    OK ch=1 v=0.2782
    OK ch=3 v=0.2608
    OK ch=5 v=0.2569
    OK ch=7 v=0.2530
    OK ch=1 v=0.2401
    OK ch=3 v=0.2542
    OK ch=5 v=0.2589
    OK ch=7 v=0.2486
    OK ch=1 v=0.1785
    OK ch=3 v=0.2357
    OK ch=7 v=0.2523
    OK ch=1 v=0.2057
    OK ch=3 v=0.2324
    OK ch=5 v=0.2573
    OK ch=1 v=0.1398
    OK ch=3 v=0.2040
    OK ch=1 v=0.1481
    OK ch=3 v=0.2103
    OK ch=5 v=0.2567
    OK ch=1 v=0.1512
    OK ch=3 v=0.2195
    OK ch=5 v=0.2559
    OK ch=1 v=0.2173
    OK ch=3 v=0.2504
    OK ch=5 v=0.2521
    OK ch=7 v=0.2554
    OK ch=1 v=0.2404
    OK ch=3 v=0.2494
    OK ch=5 v=0.2537
    OK ch=7 v=0.2537
    OK ch=1 v=0.1761
    OK ch=3 v=0.2301
    OK ch=7 v=0.2504
    OK ch=1 v=0.2212
    OK ch=3 v=0.2422
    OK ch=7 v=0.2583
    OK ch=1 v=0.1831
    OK ch=3 v=0.2215
    OK ch=5 v=0.2527
    OK ch=7 v=0.2605
    OK ch=1 v=0.2265
    OK ch=3 v=0.2398
    OK ch=7 v=0.2614
    OK ch=1 v=0.1604
    OK ch=3 v=0.2148
    OK ch=5 v=0.2536
    OK ch=7 v=0.2596
    OK ch=1 v=0.1629
    OK ch=3 v=0.2209
    OK ch=5 v=0.2530
    OK ch=1 v=0.1572
    OK ch=3 v=0.2289
    OK ch=5 v=0.2513
    OK ch=7 v=0.2554
    OK ch=1 v=0.1610
    OK ch=3 v=0.2259
    OK ch=7 v=0.2537
    OK ch=1 v=0.2096
    OK ch=3 v=0.2420
    OK ch=5 v=0.2493
    OK ch=7 v=0.2557
    OK ch=1 v=0.2101
    OK ch=3 v=0.2325
    OK ch=1 v=0.2463
    OK ch=3 v=0.2400
    OK ch=5 v=0.2481
    OK ch=7 v=0.2550
    OK ch=1 v=0.2858
    OK ch=3 v=0.2568
    OK ch=5 v=0.2497
    OK ch=7 v=0.2544
    OK ch=1 v=0.2561
    OK ch=3 v=0.2550
    OK ch=5 v=0.2527
    OK ch=7 v=0.2598
    OK ch=1 v=0.1864
    OK ch=3 v=0.2369
    OK ch=5 v=0.2565
    OK ch=7 v=0.2551
    OK ch=1 v=0.1253
    OK ch=3 v=0.2139
    OK ch=5 v=0.2576
    OK ch=7 v=0.2536
    OK ch=1 v=0.1314
    OK ch=3 v=0.2113
    OK ch=5 v=0.2569
    OK ch=1 v=0.1975
    OK ch=3 v=0.2442
    OK ch=5 v=0.2542
    OK ch=7 v=0.2545
    OK ch=3 v=0.2348
    OK ch=5 v=0.2551
    OK ch=7 v=0.2534
    OK ch=1 v=0.2590
    OK ch=3 v=0.2516
    OK ch=5 v=0.2545
    OK ch=1 v=0.2404
    OK ch=3 v=0.2370
    OK ch=5 v=0.2570
    OK ch=1 v=0.1688
    OK ch=3 v=0.2210
    OK ch=5 v=0.2601
    OK ch=7 v=0.2524
    OK ch=1 v=0.2018
    OK ch=3 v=0.2331
    OK ch=7 v=0.2516
    OK ch=1 v=0.1689
    OK ch=3 v=0.2342
    OK ch=5 v=0.2607
    OK ch=7 v=0.2521
    OK ch=1 v=0.1698
    OK ch=3 v=0.2308
    OK ch=5 v=0.2594
    OK ch=1 v=0.2359
    OK ch=3 v=0.2581
    OK ch=5 v=0.2561
    OK ch=7 v=0.2537
    OK ch=1 v=0.2089
    OK ch=3 v=0.2443
    OK ch=5 v=0.2576
    OK ch=7 v=0.2522
    OK ch=3 v=0.2303
    OK ch=7 v=0.2539
    OK ch=1 v=0.2464
    OK ch=3 v=0.2405
    OK ch=5 v=0.2569
    OK ch=1 v=0.1847
    OK ch=3 v=0.2330
    OK ch=7 v=0.2522
    OK ch=1 v=0.2508
    OK ch=3 v=0.2569
    OK ch=5 v=0.2543
    OK ch=1 v=0.2251
    OK ch=3 v=0.2391
    OK ch=5 v=0.2552
    OK ch=7 v=0.2530
    OK ch=1 v=0.2515
    OK ch=3 v=0.2482
    OK ch=5 v=0.2559
    OK ch=7 v=0.2537
    OK ch=1 v=0.2354
    OK ch=3 v=0.2496
    OK ch=5 v=0.2550
    OK ch=1 v=0.1693
    OK ch=3 v=0.2214
    OK ch=5 v=0.2562
    OK ch=1 v=0.1284
    OK ch=3 v=0.2175
    OK ch=1 v=0.1158
    OK ch=3 v=0.2091
    OK ch=7 v=0.2525
    OK ch=1 v=0.1819
    OK ch=3 v=0.2419
    OK ch=5 v=0.2531
    OK ch=1 v=0.2478
    OK ch=3 v=0.2439
    OK ch=5 v=0.2511
    OK ch=7 v=0.2558
    OK ch=1 v=0.2531
    OK ch=3 v=0.2506
    OK ch=5 v=0.2518
    OK ch=7 v=0.2538
    OK ch=1 v=0.2215
    OK ch=3 v=0.2473
    OK ch=5 v=0.2536
    OK ch=7 v=0.2549
    OK ch=1 v=0.1566
    OK ch=3 v=0.2245
    OK ch=5 v=0.2567
    OK ch=1 v=0.2123
    OK ch=3 v=0.2345
    OK ch=5 v=0.2557
    OK ch=7 v=0.2597
    OK ch=1 v=0.2168
    OK ch=3 v=0.2417
    OK ch=5 v=0.2530
    OK ch=7 v=0.2554
    OK ch=1 v=0.1718
    OK ch=3 v=0.2323
    OK ch=5 v=0.2542
    OK ch=7 v=0.2541
    OK ch=1 v=0.1261
    OK ch=3 v=0.2094
    OK ch=7 v=0.2551
    OK ch=1 v=0.1923
    OK ch=3 v=0.2363
    OK ch=5 v=0.2528
    OK ch=7 v=0.2562
    OK ch=1 v=0.1801
    OK ch=3 v=0.2303
    OK ch=5 v=0.2511
    OK ch=7 v=0.2545
    OK ch=1 v=0.1702
    OK ch=3 v=0.2234
    OK ch=5 v=0.2532
    OK ch=1 v=0.2177
    OK ch=3 v=0.2405
    OK ch=7 v=0.2539
    OK ch=1 v=0.2839
    OK ch=3 v=0.2544
    OK ch=5 v=0.2539
    OK ch=7 v=0.2588
    OK ch=1 v=0.2588
    OK ch=3 v=0.2529
    OK ch=5 v=0.2548
    OK ch=7 v=0.2560
    OK ch=1 v=0.1882
    OK ch=3 v=0.2358
    OK ch=5 v=0.2577
    OK ch=7 v=0.2535
    OK ch=1 v=0.1338
    OK ch=3 v=0.2148
    OK ch=5 v=0.2604
    OK ch=1 v=0.1988
    OK ch=3 v=0.2362
    OK ch=5 v=0.2597
    OK ch=1 v=0.2385
    OK ch=3 v=0.2377
    OK ch=5 v=0.2553
    OK ch=7 v=0.2560
    OK ch=1 v=0.2552
    OK ch=3 v=0.2481
    OK ch=5 v=0.2546
    OK ch=7 v=0.2548
    OK ch=1 v=0.2119
    OK ch=3 v=0.2422
    OK ch=7 v=0.2543
    OK ch=1 v=0.1892
    OK ch=3 v=0.2271
    OK ch=5 v=0.2563
    OK ch=7 v=0.2565
    OK ch=1 v=0.2126
    OK ch=3 v=0.2379
    OK ch=5 v=0.2547
    OK ch=1 v=0.1714
    OK ch=3 v=0.2201
    OK ch=7 v=0.2542
    OK ch=1 v=0.1277
    OK ch=3 v=0.2155
    OK ch=7 v=0.2512
    OK ch=1 v=0.1975
    OK ch=3 v=0.2409
    OK ch=5 v=0.2524
    OK ch=7 v=0.2477
    OK ch=1 v=0.1741
    OK ch=3 v=0.2302
    OK ch=7 v=0.2503
    OK ch=1 v=0.2403
    OK ch=3 v=0.2551
    OK ch=5 v=0.2517
    OK ch=7 v=0.2532
    OK ch=1 v=0.2455
    OK ch=3 v=0.2521
    OK ch=5 v=0.2529
    OK ch=7 v=0.2556
    OK ch=1 v=0.1763
    OK ch=3 v=0.2304
    OK ch=5 v=0.2560
    OK ch=7 v=0.2545
[   30.1s] DAMPING     ch0:.... g=-0.0300 bp=-0.010V ratio=0.13  ch1:.... g=-0.0300 bp=+0.001V ratio=0.09  ch2:.... g=+0.0100 bp=+0.012V ratio=0.03  ch3:.... g=-0.0300 bp=-0.003V ratio=0.03
    OK ch=1 v=0.1676
    OK ch=3 v=0.2199
    OK ch=7 v=0.2555
    OK ch=1 v=0.1948
    OK ch=3 v=0.2379
    OK ch=5 v=0.2567
    OK ch=1 v=0.2607
    OK ch=3 v=0.2552
    OK ch=1 v=0.2705
    OK ch=3 v=0.2592
    OK ch=5 v=0.2579
    OK ch=7 v=0.2560
    OK ch=1 v=0.1822
    OK ch=3 v=0.2285
    OK ch=5 v=0.2604
    OK ch=7 v=0.2545
    OK ch=1 v=0.1401
    OK ch=3 v=0.2181
    OK ch=5 v=0.2586
    OK ch=7 v=0.2518
    OK ch=1 v=0.1898
    OK ch=3 v=0.2272
    OK ch=5 v=0.2560
    OK ch=1 v=0.1977
    OK ch=3 v=0.2399
    OK ch=5 v=0.2551
    OK ch=7 v=0.2529
    OK ch=1 v=0.2024
    OK ch=3 v=0.2302
    OK ch=5 v=0.2560
    OK ch=7 v=0.2536
    OK ch=1 v=0.2437
    OK ch=3 v=0.2435
    OK ch=5 v=0.2550
    OK ch=1 v=0.1818
    OK ch=3 v=0.2309
    OK ch=5 v=0.2561
    OK ch=7 v=0.2519
    OK ch=1 v=0.1773
    OK ch=3 v=0.2262
    OK ch=5 v=0.2553
    OK ch=7 v=0.2546
    OK ch=1 v=0.2278
    OK ch=3 v=0.2383
    OK ch=1 v=0.2695
    OK ch=3 v=0.2534
    OK ch=1 v=0.2761
    OK ch=3 v=0.2635
    OK ch=5 v=0.2544
    OK ch=7 v=0.2538
    OK ch=1 v=0.2112
    OK ch=3 v=0.2490
    OK ch=5 v=0.2564
    OK ch=7 v=0.2524
    OK ch=1 v=0.1391
    OK ch=3 v=0.2225
    OK ch=5 v=0.2583
    OK ch=7 v=0.2540
    OK ch=1 v=0.1318
    OK ch=3 v=0.2124
    OK ch=5 v=0.2549
    OK ch=7 v=0.2557
    OK ch=1 v=0.1859
    OK ch=3 v=0.2249
    OK ch=5 v=0.2538
    OK ch=7 v=0.2567
    OK ch=1 v=0.2631
    OK ch=3 v=0.2467
    OK ch=5 v=0.2503
    OK ch=7 v=0.2572
    OK ch=1 v=0.2733
    OK ch=3 v=0.2579
    OK ch=1 v=0.2426
    OK ch=3 v=0.2537
    OK ch=5 v=0.2510
    OK ch=7 v=0.2556
    OK ch=1 v=0.1719
    OK ch=3 v=0.2349
    OK ch=5 v=0.2525
    OK ch=7 v=0.2566
    OK ch=1 v=0.1312
    OK ch=3 v=0.2161
    OK ch=5 v=0.2548
    OK ch=7 v=0.2535
    OK ch=1 v=0.1993
    OK ch=3 v=0.2266
    OK ch=5 v=0.2525
    OK ch=7 v=0.2553
    OK ch=1 v=0.2578
    OK ch=3 v=0.2460
    OK ch=5 v=0.2509
    OK ch=7 v=0.2540
    OK ch=1 v=0.2588
    OK ch=3 v=0.2553
    OK ch=7 v=0.2548
    OK ch=1 v=0.2169
    OK ch=3 v=0.2367
    OK ch=5 v=0.2550
    OK ch=7 v=0.2571
    OK ch=1 v=0.2212
    OK ch=3 v=0.2433
    OK ch=5 v=0.2556
    OK ch=7 v=0.2565
    OK ch=1 v=0.1908
    OK ch=3 v=0.2391
    OK ch=5 v=0.2569
    OK ch=7 v=0.2553
    OK ch=1 v=0.1454
    OK ch=3 v=0.2237
    OK ch=7 v=0.2522
    OK ch=1 v=0.2090
    OK ch=3 v=0.2396
    OK ch=5 v=0.2539
    OK ch=7 v=0.2533
    OK ch=1 v=0.2042
    OK ch=3 v=0.2289
    OK ch=5 v=0.2563
    OK ch=7 v=0.2526
    OK ch=1 v=0.2300
    OK ch=3 v=0.2422
    OK ch=5 v=0.2579
    OK ch=7 v=0.2519
    OK ch=1 v=0.2092
    OK ch=7 v=0.2513
    OK ch=1 v=0.1617
    OK ch=3 v=0.2291
    OK ch=5 v=0.2594
    OK ch=7 v=0.2518
    OK ch=1 v=0.1212
    OK ch=3 v=0.2137
    OK ch=5 v=0.2585
    OK ch=7 v=0.2506
    OK ch=1 v=0.1523
    OK ch=3 v=0.2176
    OK ch=5 v=0.2579
    OK ch=7 v=0.2529

*** LOCKED -- 11.6s after gain was applied (t=31.6s total) ***

    OK ch=1 v=0.2211
    OK ch=3 v=0.2359
    OK ch=5 v=0.2569
    OK ch=7 v=0.2540
    OK ch=1 v=0.2785
    OK ch=3 v=0.2586
    OK ch=5 v=0.2564
    OK ch=7 v=0.2533
    OK ch=1 v=0.2649
    OK ch=3 v=0.2609
    OK ch=5 v=0.2574
    OK ch=7 v=0.2525
    OK ch=1 v=0.1965
    OK ch=3 v=0.2437
    OK ch=5 v=0.2596
    OK ch=1 v=0.2015
    OK ch=3 v=0.2328
    OK ch=5 v=0.2590
    OK ch=7 v=0.2563
    OK ch=1 v=0.2144
    OK ch=3 v=0.2398
    OK ch=5 v=0.2578
    OK ch=7 v=0.2556
    OK ch=1 v=0.1843
    OK ch=3 v=0.2333
    OK ch=5 v=0.2563
    OK ch=7 v=0.2540
    OK ch=1 v=0.1353
    OK ch=3 v=0.2196
    OK ch=5 v=0.2548
    OK ch=7 v=0.2504
    OK ch=1 v=0.1518
    OK ch=3 v=0.2111
    OK ch=5 v=0.2521
    OK ch=7 v=0.2548
    OK ch=1 v=0.2151
    OK ch=3 v=0.2281
    OK ch=7 v=0.2556
    OK ch=1 v=0.1687
    OK ch=3 v=0.2255
    OK ch=5 v=0.2515
    OK ch=7 v=0.2531
    OK ch=1 v=0.1789
    OK ch=3 v=0.2235
    OK ch=1 v=0.2230
    OK ch=3 v=0.2385
    OK ch=5 v=0.2509
    OK ch=7 v=0.2544
    OK ch=1 v=0.2790
    OK ch=3 v=0.2591
    OK ch=5 v=0.2520
    OK ch=7 v=0.2562
    OK ch=1 v=0.2282
    OK ch=3 v=0.2549
    OK ch=5 v=0.2533
    OK ch=7 v=0.2582
    OK ch=1 v=0.1622
    OK ch=3 v=0.2331
    OK ch=5 v=0.2566
    OK ch=1 v=0.2283
    OK ch=3 v=0.2474
    OK ch=5 v=0.2544
    OK ch=7 v=0.2595
    OK ch=1 v=0.2202
    OK ch=3 v=0.2453
    OK ch=5 v=0.2551
    OK ch=7 v=0.2578
    OK ch=1 v=0.1383
    OK ch=3 v=0.2131
    OK ch=7 v=0.2513
    OK ch=1 v=0.2044
    OK ch=3 v=0.2394
    OK ch=5 v=0.2516
    OK ch=7 v=0.2567
    OK ch=1 v=0.1989
    OK ch=3 v=0.2353
    OK ch=7 v=0.2546
    OK ch=1 v=0.2359
    OK ch=3 v=0.2358
    OK ch=5 v=0.2535
    OK ch=7 v=0.2576
    OK ch=1 v=0.2398
    OK ch=3 v=0.2440
    OK ch=5 v=0.2529
    OK ch=7 v=0.2557
    OK ch=1 v=0.1822
    OK ch=3 v=0.2321
    OK ch=5 v=0.2550
    OK ch=7 v=0.2511
    OK ch=1 v=0.1273
    OK ch=3 v=0.2081
    OK ch=7 v=0.2524
    OK ch=1 v=0.1934
    OK ch=3 v=0.2392
    OK ch=5 v=0.2524
    OK ch=7 v=0.2542
    OK ch=1 v=0.1881
    OK ch=3 v=0.2335
    OK ch=5 v=0.2561
    OK ch=7 v=0.2523
    OK ch=1 v=0.1847
    OK ch=3 v=0.2233
    OK ch=7 v=0.2538
    OK ch=1 v=0.2103
    OK ch=3 v=0.2444
    OK ch=5 v=0.2566
    OK ch=1 v=0.2764
    OK ch=3 v=0.2587
    OK ch=7 v=0.2555
    OK ch=1 v=0.2102
    OK ch=3 v=0.2287
    OK ch=5 v=0.2589
    OK ch=7 v=0.2531
    OK ch=1 v=0.1986
    OK ch=3 v=0.2309
    OK ch=7 v=0.2563
    OK ch=1 v=0.1728
    OK ch=3 v=0.2340
    OK ch=7 v=0.2528
    OK ch=1 v=0.2389
    OK ch=3 v=0.2618
    OK ch=5 v=0.2581
    OK ch=7 v=0.2522
    OK ch=1 v=0.2321
    OK ch=3 v=0.2535
    OK ch=5 v=0.2570
    OK ch=7 v=0.2493
    OK ch=1 v=0.1493
    OK ch=3 v=0.2207
    OK ch=5 v=0.2589
    OK ch=7 v=0.2541
    OK ch=1 v=0.1725
    OK ch=3 v=0.2220
    OK ch=5 v=0.2555
    OK ch=7 v=0.2552
    OK ch=1 v=0.2323
    OK ch=3 v=0.2365
    OK ch=5 v=0.2532
    OK ch=7 v=0.2528
    OK ch=1 v=0.2560
    OK ch=3 v=0.2542
    OK ch=5 v=0.2578
    OK ch=7 v=0.2483
    OK ch=1 v=0.2030
    OK ch=3 v=0.2402
    OK ch=7 v=0.2510
    OK ch=1 v=0.2347
    OK ch=3 v=0.2432
    OK ch=5 v=0.2532
    OK ch=7 v=0.2598
    OK ch=1 v=0.2362
    OK ch=3 v=0.2489
    OK ch=5 v=0.2515
    OK ch=7 v=0.2579
    OK ch=1 v=0.1479
    OK ch=3 v=0.2213
    OK ch=5 v=0.2546
    OK ch=7 v=0.2540
    OK ch=1 v=0.1300
    OK ch=3 v=0.2140
    OK ch=5 v=0.2536
    OK ch=7 v=0.2557
    OK ch=1 v=0.1846
    OK ch=3 v=0.2240
    OK ch=5 v=0.2530
    OK ch=7 v=0.2544
    OK ch=1 v=0.2729
    OK ch=3 v=0.2572
    OK ch=5 v=0.2514
    OK ch=7 v=0.2587
    OK ch=1 v=0.2533
    OK ch=3 v=0.2545
    OK ch=5 v=0.2548
    OK ch=7 v=0.2532
    OK ch=1 v=0.1792
    OK ch=3 v=0.2329
    OK ch=5 v=0.2577
    OK ch=7 v=0.2513
    OK ch=1 v=0.1355
    OK ch=3 v=0.2153
    OK ch=5 v=0.2562
    OK ch=7 v=0.2543
    OK ch=1 v=0.1567
    OK ch=3 v=0.2145
    OK ch=5 v=0.2518
    OK ch=7 v=0.2561
    OK ch=1 v=0.2166
    OK ch=3 v=0.2340
    OK ch=5 v=0.2544
    OK ch=7 v=0.2546
    OK ch=1 v=0.2701
    OK ch=3 v=0.2597
    OK ch=7 v=0.2518
    OK ch=1 v=0.2076
    OK ch=3 v=0.2342
    OK ch=5 v=0.2557
    OK ch=7 v=0.2544
    OK ch=1 v=0.2253
    OK ch=3 v=0.2411
    OK ch=5 v=0.2541
    OK ch=7 v=0.2573
    OK ch=1 v=0.2330
    OK ch=3 v=0.2484
    OK ch=5 v=0.2549
    OK ch=7 v=0.2556
    OK ch=1 v=0.1450
    OK ch=3 v=0.2263
    OK ch=5 v=0.2590
    OK ch=7 v=0.2535
    OK ch=1 v=0.1229
    OK ch=3 v=0.2137
    OK ch=5 v=0.2569
    OK ch=1 v=0.1890
    OK ch=3 v=0.2462
    OK ch=5 v=0.2539
    OK ch=7 v=0.2559
    OK ch=1 v=0.2142
    OK ch=3 v=0.2391
    OK ch=5 v=0.2511
    OK ch=7 v=0.2548
    OK ch=1 v=0.1687
    OK ch=3 v=0.2181
    OK ch=5 v=0.2541
    OK ch=1 v=0.2143
    OK ch=3 v=0.2395
    OK ch=5 v=0.2556
    OK ch=7 v=0.2518
    OK ch=1 v=0.1840
    OK ch=3 v=0.2323
    OK ch=5 v=0.2565
    OK ch=7 v=0.2485
    OK ch=1 v=0.1722
    OK ch=3 v=0.2244
    OK ch=5 v=0.2554
    OK ch=7 v=0.2536
    OK ch=1 v=0.2607
    OK ch=3 v=0.2462
    OK ch=7 v=0.2595
    OK ch=1 v=0.1946
    OK ch=3 v=0.2322
    OK ch=5 v=0.2563
    OK ch=7 v=0.2544
    OK ch=1 v=0.1850
    OK ch=3 v=0.2315
    OK ch=5 v=0.2573
    OK ch=7 v=0.2531
    OK ch=1 v=0.2383
    OK ch=3 v=0.2449
    OK ch=5 v=0.2565
    OK ch=7 v=0.2567
    OK ch=1 v=0.2619
    OK ch=3 v=0.2628
    OK ch=5 v=0.2532
    OK ch=1 v=0.2120
    OK ch=3 v=0.2382
    OK ch=5 v=0.2558
    OK ch=1 v=0.1461
    OK ch=3 v=0.2224
    OK ch=5 v=0.2588
    OK ch=7 v=0.2538
    OK ch=1 v=0.1420
    OK ch=3 v=0.2171
    OK ch=5 v=0.2567
    OK ch=7 v=0.2531
    OK ch=1 v=0.2030
    OK ch=3 v=0.2299
    OK ch=5 v=0.2543
    OK ch=7 v=0.2486
    OK ch=1 v=0.2880
    OK ch=3 v=0.2603
    OK ch=5 v=0.2504
    OK ch=7 v=0.2545
    OK ch=1 v=0.2443
    OK ch=3 v=0.2535
    OK ch=5 v=0.2542
    OK ch=1 v=0.2013
    OK ch=3 v=0.2337
    OK ch=5 v=0.2592
    OK ch=1 v=0.1351
    OK ch=3 v=0.2132
    OK ch=7 v=0.2520
    OK ch=1 v=0.2012
    OK ch=3 v=0.2450
    OK ch=5 v=0.2560
    OK ch=7 v=0.2544
    OK ch=1 v=0.1923
    OK ch=3 v=0.2389
    OK ch=5 v=0.2542
    OK ch=7 v=0.2539
    OK ch=1 v=0.1535
    OK ch=3 v=0.2166
    OK ch=5 v=0.2561
    OK ch=7 v=0.2551
    OK ch=1 v=0.1980
    OK ch=3 v=0.2264
    OK ch=7 v=0.2562
    OK ch=1 v=0.1821
    OK ch=3 v=0.2347
    OK ch=7 v=0.2523
    OK ch=1 v=0.2483
    OK ch=3 v=0.2601
    OK ch=5 v=0.2528
    OK ch=7 v=0.2566
    OK ch=1 v=0.2411
    OK ch=3 v=0.2508
    OK ch=7 v=0.2545
    OK ch=1 v=0.2438
    OK ch=3 v=0.2489
    OK ch=5 v=0.2547
    OK ch=7 v=0.2552
    OK ch=1 v=0.1661
    OK ch=3 v=0.2304
    OK ch=5 v=0.2567
    OK ch=7 v=0.2503
    OK ch=1 v=0.1298
    OK ch=3 v=0.2144
    OK ch=7 v=0.2543
[   35.1s] DAMPING     ch0:LOCK g=-0.0300 bp=-0.075V ratio=0.14  ch1:LOCK g=-0.0300 bp=-0.010V ratio=0.11  ch2:LOCK g=+0.0100 bp=-0.008V ratio=0.01  ch3:LOCK g=-0.0300 bp=-0.002V ratio=0.02
    OK ch=1 v=0.1959
    OK ch=3 v=0.2434
    OK ch=5 v=0.2520
    OK ch=7 v=0.2563
    OK ch=1 v=0.2173
    OK ch=3 v=0.2409
    OK ch=5 v=0.2509
    OK ch=1 v=0.2544
    OK ch=3 v=0.2483
    OK ch=5 v=0.2535
    OK ch=7 v=0.2531
    OK ch=1 v=0.2032
    OK ch=3 v=0.2372
    OK ch=5 v=0.2555
    OK ch=7 v=0.2539
    OK ch=1 v=0.1497
    OK ch=3 v=0.2201
    OK ch=5 v=0.2565
    OK ch=1 v=0.2158
    OK ch=3 v=0.2389
    OK ch=5 v=0.2537
    OK ch=7 v=0.2555
    OK ch=1 v=0.2243
    OK ch=3 v=0.2413
    OK ch=5 v=0.2543
    OK ch=7 v=0.2542
    OK ch=1 v=0.1367
    OK ch=3 v=0.2152
    OK ch=5 v=0.2573
    OK ch=7 v=0.2551
    OK ch=1 v=0.1501
    OK ch=3 v=0.2144
    OK ch=7 v=0.2538
    OK ch=1 v=0.2148
    OK ch=3 v=0.2434
    OK ch=5 v=0.2550
    OK ch=7 v=0.2524
    OK ch=1 v=0.1920
    OK ch=3 v=0.2380
    OK ch=1 v=0.2130
    OK ch=3 v=0.2357
    OK ch=5 v=0.2545
    OK ch=7 v=0.2567
    OK ch=1 v=0.2626
    OK ch=3 v=0.2493
    OK ch=7 v=0.2583
    OK ch=1 v=0.1965
    OK ch=3 v=0.2279
    OK ch=5 v=0.2566
    OK ch=7 v=0.2526
    OK ch=1 v=0.1898
    OK ch=3 v=0.2289
    OK ch=5 v=0.2572
    OK ch=7 v=0.2552
    OK ch=1 v=0.2338
    OK ch=3 v=0.2434
    OK ch=5 v=0.2551
    OK ch=7 v=0.2565
    OK ch=1 v=0.2571
    OK ch=3 v=0.2563
    OK ch=5 v=0.2541
    OK ch=7 v=0.2546
    OK ch=1 v=0.1834
    OK ch=3 v=0.2371
    OK ch=5 v=0.2568
    OK ch=7 v=0.2506
    OK ch=1 v=0.1370
    OK ch=3 v=0.2187
    OK ch=7 v=0.2511
    OK ch=1 v=0.2030
    OK ch=3 v=0.2473
    OK ch=5 v=0.2526
    OK ch=7 v=0.2545
    OK ch=1 v=0.2168
    OK ch=3 v=0.2409
    OK ch=5 v=0.2531
    OK ch=7 v=0.2530
    OK ch=1 v=0.1536
    OK ch=3 v=0.2144
    OK ch=5 v=0.2553
    OK ch=7 v=0.2509
    OK ch=1 v=0.1923
    OK ch=3 v=0.2243
    OK ch=7 v=0.2542
    OK ch=1 v=0.1935
    OK ch=3 v=0.2381
    OK ch=5 v=0.2544
    OK ch=7 v=0.2549
    OK ch=1 v=0.1782
    OK ch=3 v=0.2319
    OK ch=5 v=0.2552
    OK ch=1 v=0.2204
    OK ch=3 v=0.2489
    OK ch=5 v=0.2567
    OK ch=7 v=0.2537
    OK ch=1 v=0.1910
    OK ch=3 v=0.2334
    OK ch=7 v=0.2560
    OK ch=1 v=0.2573
    OK ch=3 v=0.2610
    OK ch=5 v=0.2552
    OK ch=7 v=0.2572
    OK ch=1 v=0.2295
    OK ch=3 v=0.2505
    OK ch=7 v=0.2553
    OK ch=1 v=0.2519
    OK ch=3 v=0.2452
    OK ch=5 v=0.2541
    OK ch=7 v=0.2570
    OK ch=1 v=0.2402
    OK ch=3 v=0.2444
    OK ch=5 v=0.2575
    OK ch=7 v=0.2563
    OK ch=1 v=0.1522
    OK ch=3 v=0.2171
    OK ch=7 v=0.2530
    OK ch=1 v=0.2186
    OK ch=3 v=0.2382
    OK ch=5 v=0.2543
    OK ch=7 v=0.2562
    OK ch=1 v=0.2089
    OK ch=3 v=0.2398
    OK ch=5 v=0.2506
    OK ch=7 v=0.2527
    OK ch=1 v=0.1543
    OK ch=3 v=0.2221
    OK ch=5 v=0.2543
    OK ch=7 v=0.2502
    OK ch=1 v=0.1403
    OK ch=3 v=0.2092
    OK ch=7 v=0.2535
    OK ch=1 v=0.2064
    OK ch=3 v=0.2417
    OK ch=5 v=0.2504
    OK ch=1 v=0.2505
    OK ch=3 v=0.2380
    OK ch=1 v=0.2734
    OK ch=3 v=0.2498
    OK ch=7 v=0.2561
    OK ch=1 v=0.2072
    OK ch=3 v=0.2215
    OK ch=5 v=0.2552
    OK ch=7 v=0.2577
    OK ch=1 v=0.2319
    OK ch=3 v=0.2442
    OK ch=5 v=0.2571
    OK ch=7 v=0.2557
    OK ch=1 v=0.2374
    OK ch=3 v=0.2537
    OK ch=5 v=0.2593
    OK ch=1 v=0.1713
    OK ch=3 v=0.2265
    OK ch=5 v=0.2584
    OK ch=7 v=0.2566
    OK ch=1 v=0.1999
    OK ch=3 v=0.2356
    OK ch=5 v=0.2562
    OK ch=7 v=0.2593
    OK ch=1 v=0.2044
    OK ch=3 v=0.2465
    OK ch=5 v=0.2546
    OK ch=7 v=0.2543
    OK ch=1 v=0.1664
    OK ch=3 v=0.2316
    OK ch=5 v=0.2557
    OK ch=7 v=0.2508
    OK ch=1 v=0.1442
    OK ch=3 v=0.2184
    OK ch=7 v=0.2501
    OK ch=1 v=0.2093
    OK ch=3 v=0.2390
    OK ch=5 v=0.2520
    OK ch=7 v=0.2512
    OK ch=1 v=0.1810
    OK ch=3 v=0.2252
    OK ch=1 v=0.1803
    OK ch=3 v=0.2224
    OK ch=5 v=0.2538
    OK ch=1 v=0.2448
    OK ch=3 v=0.2505
    OK ch=5 v=0.2547
    OK ch=7 v=0.2505
    OK ch=1 v=0.1994
    OK ch=3 v=0.2365
    OK ch=5 v=0.2558
    OK ch=1 v=0.2655
    OK ch=3 v=0.2574
    OK ch=7 v=0.2567
    OK ch=1 v=0.2083
    OK ch=3 v=0.2316
    OK ch=5 v=0.2583
    OK ch=7 v=0.2554
    OK ch=1 v=0.2222
    OK ch=3 v=0.2393
    OK ch=5 v=0.2588
    OK ch=7 v=0.2571
    OK ch=1 v=0.2407
    OK ch=3 v=0.2485
    OK ch=5 v=0.2605
    OK ch=7 v=0.2565
    OK ch=1 v=0.1599
    OK ch=3 v=0.2324
    OK ch=5 v=0.2597
    OK ch=7 v=0.2544
    OK ch=1 v=0.1253
    OK ch=3 v=0.2163
    OK ch=5 v=0.2575
    OK ch=1 v=0.1914
    OK ch=3 v=0.2460
    OK ch=5 v=0.2535
    OK ch=1 v=0.2101
    OK ch=3 v=0.2305
    OK ch=5 v=0.2528
    OK ch=1 v=0.1613
    OK ch=3 v=0.2232
    OK ch=7 v=0.2518
    OK ch=1 v=0.2275
    OK ch=3 v=0.2488
    OK ch=5 v=0.2513
    OK ch=7 v=0.2555
    OK ch=1 v=0.2248
    OK ch=3 v=0.2448
    OK ch=5 v=0.2524
    OK ch=7 v=0.2525
    OK ch=1 v=0.1479
    OK ch=3 v=0.2162
    OK ch=5 v=0.2539
    OK ch=1 v=0.2140
    OK ch=3 v=0.2438
    OK ch=7 v=0.2568
    OK ch=1 v=0.2423
    OK ch=3 v=0.2403
    OK ch=5 v=0.2534
    OK ch=1 v=0.1763
    OK ch=3 v=0.2191
    OK ch=5 v=0.2561
    OK ch=7 v=0.2541
    OK ch=1 v=0.1664
    OK ch=3 v=0.2212
    OK ch=5 v=0.2547
    OK ch=7 v=0.2557
    OK ch=1 v=0.2299
    OK ch=3 v=0.2401
    OK ch=5 v=0.2523
    OK ch=7 v=0.2566
    OK ch=1 v=0.2601
    OK ch=3 v=0.2588
    OK ch=5 v=0.2532
    OK ch=7 v=0.2558
    OK ch=1 v=0.2082
    OK ch=3 v=0.2481
    OK ch=5 v=0.2562
    OK ch=7 v=0.2550
    OK ch=1 v=0.1465
    OK ch=3 v=0.2251
    OK ch=5 v=0.2571
    OK ch=7 v=0.2545
    OK ch=1 v=0.1863
    OK ch=3 v=0.2221
    OK ch=5 v=0.2553
    OK ch=1 v=0.1772
    OK ch=3 v=0.2313
    OK ch=5 v=0.2536
    OK ch=7 v=0.2505
    OK ch=1 v=0.1710
    OK ch=3 v=0.2250
    OK ch=7 v=0.2532
    OK ch=1 v=0.2370
    OK ch=3 v=0.2546
    OK ch=5 v=0.2530
    OK ch=7 v=0.2540
    OK ch=1 v=0.2211
    OK ch=3 v=0.2438
    OK ch=5 v=0.2537
    OK ch=7 v=0.2531
    OK ch=1 v=0.1847
    OK ch=3 v=0.2250
    OK ch=5 v=0.2570
    OK ch=7 v=0.2546
    OK ch=1 v=0.2157
    OK ch=3 v=0.2335
    OK ch=5 v=0.2562
    OK ch=7 v=0.2536
    OK ch=1 v=0.2583
    OK ch=3 v=0.2512
    OK ch=5 v=0.2568
    OK ch=7 v=0.2571
    OK ch=1 v=0.2043
    OK ch=3 v=0.2453
    OK ch=5 v=0.2587
    OK ch=7 v=0.2544
    OK ch=1 v=0.1516
    OK ch=3 v=0.2265
    OK ch=5 v=0.2593
    OK ch=7 v=0.2526
    OK ch=1 v=0.1676
    OK ch=3 v=0.2206
    OK ch=5 v=0.2574
    OK ch=7 v=0.2495
    OK ch=1 v=0.2566
    OK ch=3 v=0.2507
    OK ch=5 v=0.2547
    OK ch=7 v=0.2577
    OK ch=1 v=0.2473
    OK ch=3 v=0.2532
    OK ch=1 v=0.1974
    OK ch=3 v=0.2228
    OK ch=5 v=0.2561
    OK ch=7 v=0.2526
    OK ch=1 v=0.1325
    OK ch=3 v=0.2112
    OK ch=5 v=0.2554
    OK ch=1 v=0.1695
    OK ch=3 v=0.2307
    OK ch=5 v=0.2538
    OK ch=1 v=0.2362
    OK ch=3 v=0.2561
    OK ch=5 v=0.2532
    OK ch=7 v=0.2571
    OK ch=1 v=0.2151
    OK ch=3 v=0.2421
    OK ch=5 v=0.2520
    OK ch=7 v=0.2558
    OK ch=1 v=0.1781
    OK ch=3 v=0.2210
    OK ch=5 v=0.2545
    OK ch=7 v=0.2527
    OK ch=1 v=0.2540
    OK ch=3 v=0.2469
    OK ch=5 v=0.2528
    OK ch=1 v=0.2409
    OK ch=3 v=0.2421
    OK ch=5 v=0.2542
    OK ch=7 v=0.2555
    OK ch=1 v=0.1781
    OK ch=3 v=0.2383
    OK ch=5 v=0.2563
    OK ch=7 v=0.2545
    OK ch=1 v=0.1773
    OK ch=3 v=0.2262
    OK ch=1 v=0.2274
    OK ch=3 v=0.2485
    OK ch=5 v=0.2554
    OK ch=7 v=0.2553
    OK ch=1 v=0.1834
    OK ch=3 v=0.2370
    OK ch=7 v=0.2507
    OK ch=1 v=0.2326
    OK ch=3 v=0.2487
    OK ch=5 v=0.2569
    OK ch=7 v=0.2545
    OK ch=1 v=0.1523
    OK ch=3 v=0.2220
    OK ch=5 v=0.2545
    OK ch=7 v=0.2530
    OK ch=1 v=0.1487
    OK ch=3 v=0.2138
    OK ch=7 v=0.2544
    OK ch=1 v=0.1865
    OK ch=3 v=0.2321
    OK ch=5 v=0.2559
    OK ch=1 v=0.2581
    OK ch=3 v=0.2570
    OK ch=5 v=0.2514
    OK ch=7 v=0.2559
    OK ch=1 v=0.1899
    OK ch=3 v=0.2272
    OK ch=5 v=0.2534
    OK ch=7 v=0.2566
    OK ch=1 v=0.2672
    OK ch=3 v=0.2509
    OK ch=5 v=0.2545
    OK ch=7 v=0.2546
    OK ch=1 v=0.1733
    OK ch=3 v=0.2249
    OK ch=5 v=0.2594
    OK ch=7 v=0.2530
    OK ch=1 v=0.1595
    OK ch=3 v=0.2220
    OK ch=5 v=0.2579
    OK ch=7 v=0.2519
    OK ch=1 v=0.2579
    OK ch=3 v=0.2567
    OK ch=5 v=0.2551
    OK ch=7 v=0.2550
    OK ch=1 v=0.1703
    OK ch=3 v=0.2328
    OK ch=5 v=0.2577
    OK ch=7 v=0.2541
    OK ch=1 v=0.1527
    OK ch=3 v=0.2177
    OK ch=5 v=0.2570
    OK ch=7 v=0.2517
    OK ch=1 v=0.2345
    OK ch=3 v=0.2403
    OK ch=5 v=0.2529
    OK ch=7 v=0.2568
    OK ch=1 v=0.2586
    OK ch=3 v=0.2556
    OK ch=7 v=0.2580
    OK ch=1 v=0.2232
    OK ch=3 v=0.2374
    OK ch=5 v=0.2545
    OK ch=7 v=0.2559
    OK ch=1 v=0.2345
    OK ch=3 v=0.2424
    OK ch=5 v=0.2559
    OK ch=7 v=0.2570
    OK ch=1 v=0.1868
    OK ch=3 v=0.2381
    OK ch=7 v=0.2503
    OK ch=1 v=0.1244
    OK ch=3 v=0.2163
    OK ch=5 v=0.2544
    OK ch=7 v=0.2539
    OK ch=1 v=0.2229
    OK ch=3 v=0.2381
    OK ch=5 v=0.2533
    OK ch=7 v=0.2558
    OK ch=1 v=0.1809
    OK ch=3 v=0.2339
    OK ch=7 v=0.2532
    OK ch=1 v=0.1578
    OK ch=3 v=0.2233
    OK ch=1 v=0.1625
    OK ch=3 v=0.2178
    OK ch=5 v=0.2540
    OK ch=7 v=0.2544
    OK ch=1 v=0.2515
    OK ch=3 v=0.2496
    OK ch=7 v=0.2560
    OK ch=1 v=0.1853
    OK ch=3 v=0.2293
    OK ch=5 v=0.2552
    OK ch=7 v=0.2545
    OK ch=1 v=0.1939
    OK ch=3 v=0.2314
    OK ch=5 v=0.2562
    OK ch=7 v=0.2552
    OK ch=1 v=0.2671
    OK ch=3 v=0.2578
    OK ch=7 v=0.2560
    OK ch=1 v=0.2138
    OK ch=3 v=0.2416
    OK ch=5 v=0.2570
    OK ch=7 v=0.2544
[   40.1s] DAMPING     ch0:LOCK g=-0.0300 bp=+0.063V ratio=0.13  ch1:LOCK g=-0.0300 bp=+0.017V ratio=0.09  ch2:LOCK g=+0.0100 bp=+0.005V ratio=0.01  ch3:LOCK g=-0.0300 bp=+0.007V ratio=0.02
    OK ch=1 v=0.2082
    OK ch=3 v=0.2477
    OK ch=7 v=0.2516
    OK ch=1 v=0.2400
    OK ch=3 v=0.2483
    OK ch=5 v=0.2576
    OK ch=7 v=0.2542
    OK ch=1 v=0.1461
    OK ch=3 v=0.2165
    OK ch=5 v=0.2584
    OK ch=7 v=0.2514
    OK ch=1 v=0.1395
    OK ch=3 v=0.2105
    OK ch=5 v=0.2571
    OK ch=7 v=0.2508
    OK ch=1 v=0.2331
    OK ch=3 v=0.2398
    OK ch=5 v=0.2539
    OK ch=7 v=0.2555
    OK ch=1 v=0.2262
    OK ch=3 v=0.2484
    OK ch=5 v=0.2531
    OK ch=7 v=0.2537
    OK ch=1 v=0.1730
    OK ch=3 v=0.2280
    OK ch=5 v=0.2563
    OK ch=7 v=0.2525
    OK ch=1 v=0.1469
    OK ch=3 v=0.2178
    OK ch=7 v=0.2507
    OK ch=1 v=0.2023
    OK ch=3 v=0.2394
    OK ch=5 v=0.2540
    OK ch=7 v=0.2515
    OK ch=1 v=0.1944
    OK ch=3 v=0.2284
    OK ch=5 v=0.2558
    OK ch=7 v=0.2552
    OK ch=1 v=0.2695
    OK ch=3 v=0.2514
    OK ch=5 v=0.2540
    OK ch=7 v=0.2603
    OK ch=1 v=0.2376
    OK ch=3 v=0.2531
    OK ch=7 v=0.2590
    OK ch=1 v=0.2393
    OK ch=3 v=0.2516
    OK ch=5 v=0.2561
    OK ch=7 v=0.2584
    OK ch=1 v=0.1653
    OK ch=3 v=0.2321
    OK ch=5 v=0.2582
    OK ch=7 v=0.2543
    OK ch=1 v=0.1323
    OK ch=3 v=0.2142
    OK ch=5 v=0.2568
    OK ch=1 v=0.2044
    OK ch=3 v=0.2373
    OK ch=5 v=0.2514
    OK ch=1 v=0.2665
    OK ch=3 v=0.2506
    OK ch=5 v=0.2488
    OK ch=1 v=0.2581
    OK ch=3 v=0.2453
    OK ch=5 v=0.2513
    OK ch=7 v=0.2552
    OK ch=1 v=0.1592
    OK ch=3 v=0.2196
    OK ch=5 v=0.2531
    OK ch=7 v=0.2504
    OK ch=1 v=0.2120
    OK ch=3 v=0.2319
    OK ch=5 v=0.2539
    OK ch=7 v=0.2545
    OK ch=1 v=0.1921
    OK ch=3 v=0.2378
    OK ch=5 v=0.2529
    OK ch=7 v=0.2550
    OK ch=1 v=0.1545
    OK ch=3 v=0.2175
    OK ch=5 v=0.2545
    OK ch=7 v=0.2559
    OK ch=1 v=0.2536
    OK ch=3 v=0.2522
    OK ch=5 v=0.2540
    OK ch=7 v=0.2565
    OK ch=1 v=0.1834
    OK ch=3 v=0.2359
    OK ch=5 v=0.2558
    OK ch=7 v=0.2510
    OK ch=1 v=0.1591
    OK ch=3 v=0.2235
    OK ch=5 v=0.2571
    OK ch=1 v=0.2255
    OK ch=3 v=0.2522
    OK ch=5 v=0.2561
    OK ch=7 v=0.2520
    OK ch=1 v=0.1749
    OK ch=3 v=0.2289
    OK ch=5 v=0.2572
    OK ch=7 v=0.2531
    OK ch=1 v=0.2461
    OK ch=3 v=0.2436
    OK ch=7 v=0.2584
    OK ch=1 v=0.1865
    OK ch=3 v=0.2282
    OK ch=5 v=0.2581
    OK ch=7 v=0.2569
    OK ch=1 v=0.2403
    OK ch=3 v=0.2527
    OK ch=7 v=0.2543
    OK ch=1 v=0.2424
    OK ch=3 v=0.2495
    OK ch=5 v=0.2588
    OK ch=7 v=0.2538
    OK ch=1 v=0.2268
    OK ch=3 v=0.2456
    OK ch=5 v=0.2572
    OK ch=7 v=0.2561
    OK ch=1 v=0.1343
    OK ch=3 v=0.2197
    OK ch=7 v=0.2500
    OK ch=1 v=0.1918
    OK ch=3 v=0.2361
    OK ch=5 v=0.2566
    OK ch=7 v=0.2513
    OK ch=1 v=0.1425
    OK ch=3 v=0.2117
    OK ch=5 v=0.2556
    OK ch=7 v=0.2493
    OK ch=1 v=0.2006
    OK ch=3 v=0.2245
    OK ch=5 v=0.2544
    OK ch=7 v=0.2521
    OK ch=1 v=0.2698
    OK ch=3 v=0.2556
    OK ch=5 v=0.2513
    OK ch=7 v=0.2548
    OK ch=1 v=0.1811
    OK ch=3 v=0.2343
    OK ch=5 v=0.2556
    OK ch=7 v=0.2529
    OK ch=1 v=0.1413
    OK ch=3 v=0.2205
    OK ch=5 v=0.2562
    OK ch=7 v=0.2521
    OK ch=1 v=0.1810
    OK ch=3 v=0.2249
    OK ch=5 v=0.2535
    OK ch=7 v=0.2552
    OK ch=1 v=0.2692
    OK ch=3 v=0.2580
    OK ch=5 v=0.2519
    OK ch=7 v=0.2603
    OK ch=1 v=0.2618
    OK ch=3 v=0.2598
    OK ch=5 v=0.2525
    OK ch=7 v=0.2591
    OK ch=1 v=0.1686
    OK ch=3 v=0.2265
    OK ch=5 v=0.2571
    OK ch=7 v=0.2558
    OK ch=1 v=0.1725
    OK ch=3 v=0.2213
    OK ch=5 v=0.2560
    OK ch=7 v=0.2545
    OK ch=1 v=0.2312
    OK ch=3 v=0.2383
    OK ch=5 v=0.2537
    OK ch=7 v=0.2564
    OK ch=1 v=0.1602
    OK ch=3 v=0.2257
    OK ch=5 v=0.2523
    OK ch=7 v=0.2523
    OK ch=1 v=0.2407
    OK ch=3 v=0.2427
    OK ch=5 v=0.2541
    OK ch=7 v=0.2557
    OK ch=1 v=0.1934
    OK ch=3 v=0.2372
    OK ch=7 v=0.2510
    OK ch=1 v=0.1996
    OK ch=3 v=0.2405
    OK ch=7 v=0.2535
    OK ch=1 v=0.2459
    OK ch=3 v=0.2435
    OK ch=5 v=0.2536
    OK ch=7 v=0.2555
    OK ch=1 v=0.2433
    OK ch=3 v=0.2459
    OK ch=5 v=0.2562
    OK ch=7 v=0.2532
    OK ch=1 v=0.1859
    OK ch=3 v=0.2365
    OK ch=5 v=0.2569
    OK ch=7 v=0.2543
    OK ch=1 v=0.1171
    OK ch=3 v=0.2074
    OK ch=5 v=0.2576
    OK ch=1 v=0.1689
    OK ch=3 v=0.2294
    OK ch=5 v=0.2568
    OK ch=1 v=0.2356
    OK ch=3 v=0.2498
    OK ch=5 v=0.2547
    OK ch=7 v=0.2556
    OK ch=1 v=0.2497
    OK ch=3 v=0.2489
    OK ch=5 v=0.2536
    OK ch=1 v=0.2424
    OK ch=3 v=0.2479
    OK ch=5 v=0.2552
    OK ch=7 v=0.2561
    OK ch=1 v=0.1495
    OK ch=3 v=0.2232
    OK ch=5 v=0.2566
    OK ch=7 v=0.2520
    OK ch=1 v=0.1977
    OK ch=3 v=0.2283
    OK ch=5 v=0.2561
    OK ch=7 v=0.2533
    OK ch=1 v=0.1987
    OK ch=3 v=0.2389
    OK ch=5 v=0.2543
    OK ch=7 v=0.2539
    OK ch=1 v=0.1800
    OK ch=3 v=0.2248
    OK ch=5 v=0.2549
    OK ch=7 v=0.2530
    OK ch=1 v=0.2474
    OK ch=3 v=0.2508
    OK ch=5 v=0.2532
    OK ch=7 v=0.2545
    OK ch=1 v=0.1620
    OK ch=3 v=0.2219
    OK ch=5 v=0.2556
    OK ch=7 v=0.2524
    OK ch=1 v=0.1607
    OK ch=5 v=0.2565
    OK ch=7 v=0.2492
    OK ch=1 v=0.1916
    OK ch=3 v=0.2357
    OK ch=5 v=0.2555
    OK ch=7 v=0.2538
    OK ch=1 v=0.2132
    OK ch=3 v=0.2371
    OK ch=5 v=0.2539
    OK ch=7 v=0.2518
    OK ch=1 v=0.2825
    OK ch=3 v=0.2628
    OK ch=5 v=0.2566
    OK ch=7 v=0.2560
    OK ch=1 v=0.2541
    OK ch=3 v=0.2588
    OK ch=5 v=0.2578
    OK ch=7 v=0.2551
    OK ch=1 v=0.1609
    OK ch=3 v=0.2245
    OK ch=5 v=0.2593
    OK ch=7 v=0.2571
    OK ch=1 v=0.1742
    OK ch=3 v=0.2232
    OK ch=7 v=0.2553
    OK ch=1 v=0.1588
    OK ch=3 v=0.2238
    OK ch=5 v=0.2562
    OK ch=7 v=0.2535
    OK ch=3 v=0.2213
    OK ch=1 v=0.1855
    OK ch=3 v=0.2432
    OK ch=5 v=0.2553
    OK ch=7 v=0.2544
    OK ch=1 v=0.2018
    OK ch=3 v=0.2299
    OK ch=5 v=0.2528
    OK ch=7 v=0.2538
    OK ch=1 v=0.2867
    OK ch=3 v=0.2602
    OK ch=5 v=0.2515
    OK ch=7 v=0.2562
    OK ch=1 v=0.1933
    OK ch=3 v=0.2343
    OK ch=5 v=0.2561
    OK ch=7 v=0.2548
    OK ch=1 v=0.1672
    OK ch=3 v=0.2187
    OK ch=7 v=0.2531
    OK ch=1 v=0.1598
    OK ch=3 v=0.2223
    OK ch=5 v=0.2544
    OK ch=7 v=0.2544
    OK ch=1 v=0.2232
    OK ch=3 v=0.2378
    OK ch=5 v=0.2533
    OK ch=7 v=0.2558
    OK ch=1 v=0.2687
    OK ch=3 v=0.2520
    OK ch=7 v=0.2578
    OK ch=1 v=0.1972
    OK ch=3 v=0.2309
    OK ch=5 v=0.2541
    OK ch=7 v=0.2559
    OK ch=1 v=0.2426
    OK ch=3 v=0.2532
    OK ch=7 v=0.2581
    OK ch=1 v=0.1968
    OK ch=3 v=0.2340
    OK ch=5 v=0.2528
    OK ch=7 v=0.2536
    OK ch=1 v=0.2168
    OK ch=3 v=0.2461
    OK ch=7 v=0.2561
    OK ch=1 v=0.2148
    OK ch=3 v=0.2342
    OK ch=5 v=0.2513
    OK ch=7 v=0.2570
    OK ch=1 v=0.2208
    OK ch=3 v=0.2443
    OK ch=5 v=0.2520
    OK ch=7 v=0.2560
    OK ch=1 v=0.1406
    OK ch=3 v=0.2217
    OK ch=5 v=0.2537
    OK ch=7 v=0.2503
    OK ch=1 v=0.1855
    OK ch=3 v=0.2231
    OK ch=7 v=0.2530
    OK ch=1 v=0.1458
    OK ch=3 v=0.2141
    OK ch=7 v=0.2513
    OK ch=1 v=0.1719
    OK ch=3 v=0.2296
    OK ch=5 v=0.2526
    OK ch=7 v=0.2482
    OK ch=1 v=0.2390
    OK ch=3 v=0.2430
    OK ch=5 v=0.2547
    OK ch=7 v=0.2556
    OK ch=1 v=0.2661
    OK ch=3 v=0.2613
    OK ch=5 v=0.2552
    OK ch=7 v=0.2564
    OK ch=1 v=0.2043
    OK ch=3 v=0.2471
    OK ch=5 v=0.2591
    OK ch=7 v=0.2535
    OK ch=1 v=0.1433
    OK ch=3 v=0.2179
    OK ch=5 v=0.2618
    OK ch=7 v=0.2520
    OK ch=1 v=0.1868
    OK ch=3 v=0.2257
    OK ch=5 v=0.2600
    OK ch=7 v=0.2572
    OK ch=1 v=0.2609
    OK ch=3 v=0.2563
    OK ch=5 v=0.2572
    OK ch=7 v=0.2559
    OK ch=1 v=0.1793
    OK ch=3 v=0.2378
    OK ch=5 v=0.2593
    OK ch=7 v=0.2504
    OK ch=1 v=0.1499
    OK ch=3 v=0.2217
    OK ch=7 v=0.2484
    OK ch=1 v=0.2033
    OK ch=3 v=0.2394
    OK ch=5 v=0.2572
    OK ch=7 v=0.2511
    OK ch=1 v=0.1801
    OK ch=3 v=0.2282
    OK ch=7 v=0.2519
    OK ch=1 v=0.2369
    OK ch=3 v=0.2462
    OK ch=5 v=0.2539
    OK ch=7 v=0.2541
    OK ch=1 v=0.1767
    OK ch=3 v=0.2234
    OK ch=5 v=0.2546
    OK ch=7 v=0.2526
    OK ch=1 v=0.1976
    OK ch=5 v=0.2561
    OK ch=7 v=0.2543
    OK ch=1 v=0.1848
    OK ch=3 v=0.2289
    OK ch=5 v=0.2547
    OK ch=7 v=0.2524
    OK ch=1 v=0.2321
    OK ch=3 v=0.2401
    OK ch=5 v=0.2540
    OK ch=7 v=0.2541
    OK ch=1 v=0.2436
    OK ch=3 v=0.2566
    OK ch=7 v=0.2569
    OK ch=1 v=0.2697
    OK ch=3 v=0.2579
    OK ch=7 v=0.2579
    OK ch=1 v=0.2066
    OK ch=3 v=0.2333
    OK ch=5 v=0.2554
    OK ch=7 v=0.2595
    OK ch=1 v=0.1828
    OK ch=3 v=0.2372
    OK ch=5 v=0.2547
    OK ch=7 v=0.2532
    OK ch=1 v=0.1272
    OK ch=3 v=0.2127
    OK ch=5 v=0.2537
    OK ch=7 v=0.2548
    OK ch=1 v=0.2138
    OK ch=3 v=0.2332
    OK ch=5 v=0.2507
    OK ch=7 v=0.2571
    OK ch=1 v=0.2461
    OK ch=3 v=0.2506
    OK ch=5 v=0.2485
    OK ch=1 v=0.2195
    OK ch=3 v=0.2318
    OK ch=5 v=0.2505
    OK ch=7 v=0.2578
    OK ch=1 v=0.2371
    OK ch=3 v=0.2412
    OK ch=1 v=0.1899
    OK ch=3 v=0.2382
    OK ch=5 v=0.2515
    OK ch=7 v=0.2543
    OK ch=1 v=0.1389
    OK ch=3 v=0.2222
    OK ch=5 v=0.2557
    OK ch=7 v=0.2530
    OK ch=1 v=0.1634
    OK ch=3 v=0.2186
    OK ch=5 v=0.2528
    OK ch=7 v=0.2541
[   45.1s] DAMPING     ch0:LOCK g=-0.0300 bp=-0.063V ratio=0.13  ch1:LOCK g=-0.0300 bp=-0.032V ratio=0.09  ch2:LOCK g=+0.0100 bp=+0.055V ratio=0.05  ch3:LOCK g=-0.0300 bp=+0.011V ratio=0.06
    OK ch=1 v=0.2522
    OK ch=3 v=0.2524
    OK ch=1 v=0.2586
    OK ch=3 v=0.2556
    OK ch=5 v=0.2542
    OK ch=7 v=0.2529
    OK ch=1 v=0.1703
    OK ch=3 v=0.2262
    OK ch=5 v=0.2583
    OK ch=7 v=0.2517
    OK ch=1 v=0.1452
    OK ch=3 v=0.2195
    OK ch=7 v=0.2546
    OK ch=1 v=0.2109
    OK ch=3 v=0.2468
    OK ch=7 v=0.2562
    OK ch=1 v=0.2549
    OK ch=3 v=0.2474
    OK ch=5 v=0.2574
    OK ch=1 v=0.1887
    OK ch=3 v=0.2252
    OK ch=5 v=0.2588
    OK ch=7 v=0.2530
    OK ch=1 v=0.1864
    OK ch=3 v=0.2282
    OK ch=5 v=0.2605
    OK ch=1 v=0.1709
    OK ch=3 v=0.2253
    OK ch=5 v=0.2593
    OK ch=7 v=0.2518
    OK ch=1 v=0.2698
    OK ch=3 v=0.2552
    OK ch=5 v=0.2567
    OK ch=7 v=0.2526
    OK ch=1 v=0.1840
    OK ch=3 v=0.2367
    OK ch=5 v=0.2577
    OK ch=7 v=0.2499
    OK ch=1 v=0.1781
    OK ch=3 v=0.2250
    OK ch=5 v=0.2570
    OK ch=7 v=0.2524
    OK ch=1 v=0.2537
    OK ch=3 v=0.2534
    OK ch=5 v=0.2551
    OK ch=7 v=0.2537
    OK ch=1 v=0.1589
    OK ch=3 v=0.2214
    OK ch=5 v=0.2565
    OK ch=7 v=0.2532
    OK ch=1 v=0.1893
    OK ch=3 v=0.2256
    OK ch=5 v=0.2547
    OK ch=7 v=0.2548
    OK ch=1 v=0.2714
    OK ch=3 v=0.2568
    OK ch=5 v=0.2533
    OK ch=1 v=0.2244
    OK ch=3 v=0.2394
    OK ch=5 v=0.2550
    OK ch=7 v=0.2538
    OK ch=1 v=0.2260
    OK ch=3 v=0.2489
    OK ch=5 v=0.2555
    OK ch=1 v=0.1776
    OK ch=3 v=0.2251
    OK ch=5 v=0.2569
    OK ch=7 v=0.2575
    OK ch=1 v=0.2121
    OK ch=3 v=0.2377
    OK ch=5 v=0.2535
    OK ch=1 v=0.1561
    OK ch=3 v=0.2201
    OK ch=5 v=0.2529
    OK ch=7 v=0.2540
    OK ch=1 v=0.2299
    OK ch=3 v=0.2471
    OK ch=5 v=0.2514
    OK ch=7 v=0.2567
    OK ch=1 v=0.1435
    OK ch=3 v=0.2233
    OK ch=5 v=0.2549
    OK ch=7 v=0.2550
    OK ch=1 v=0.2228
    OK ch=3 v=0.2390
    OK ch=5 v=0.2503
    OK ch=7 v=0.2543
    OK ch=1 v=0.1930
    OK ch=3 v=0.2381
    OK ch=5 v=0.2495
    OK ch=7 v=0.2507
    OK ch=1 v=0.1665
    OK ch=3 v=0.2209
    OK ch=5 v=0.2528
    OK ch=7 v=0.2526
    OK ch=1 v=0.2546
    OK ch=3 v=0.2490
    OK ch=5 v=0.2540
    OK ch=7 v=0.2570
    OK ch=1 v=0.2560
    OK ch=3 v=0.2564
    OK ch=5 v=0.2550
    OK ch=1 v=0.1899
    OK ch=3 v=0.2267
    OK ch=5 v=0.2561
    OK ch=7 v=0.2561
    OK ch=1 v=0.2062
    OK ch=3 v=0.2326
    OK ch=5 v=0.2580
    OK ch=7 v=0.2574
    OK ch=1 v=0.1889
    OK ch=3 v=0.2392
    OK ch=5 v=0.2572
    OK ch=7 v=0.2552
    OK ch=1 v=0.1513
    OK ch=3 v=0.2249
    OK ch=5 v=0.2599
    OK ch=7 v=0.2543
    OK ch=1 v=0.1500
    OK ch=3 v=0.2160
    OK ch=5 v=0.2582
    OK ch=7 v=0.2516
    OK ch=1 v=0.2384
    OK ch=3 v=0.2462
    OK ch=5 v=0.2532
    OK ch=7 v=0.2532
    OK ch=1 v=0.2492
    OK ch=3 v=0.2518
    OK ch=7 v=0.2538
    OK ch=1 v=0.1847
    OK ch=3 v=0.2256
    OK ch=5 v=0.2572
    OK ch=7 v=0.2528
    OK ch=1 v=0.2264
    OK ch=3 v=0.2436
    OK ch=5 v=0.2583
    OK ch=7 v=0.2508
    OK ch=1 v=0.1452
    OK ch=3 v=0.2240
    OK ch=7 v=0.2518
    OK ch=1 v=0.2118
    OK ch=3 v=0.2438
    OK ch=5 v=0.2564
    OK ch=7 v=0.2551
    OK ch=1 v=0.1803
    OK ch=3 v=0.2330
    OK ch=5 v=0.2559
    OK ch=7 v=0.2534
    OK ch=1 v=0.1492
    OK ch=3 v=0.2149
    OK ch=1 v=0.1993
    OK ch=3 v=0.2350
    OK ch=5 v=0.2550
    OK ch=1 v=0.2349
    OK ch=3 v=0.2389
    OK ch=5 v=0.2540
    OK ch=7 v=0.2541
    OK ch=1 v=0.2498
    OK ch=3 v=0.2561
    OK ch=5 v=0.2524
    OK ch=7 v=0.2555
    OK ch=1 v=0.1508
    OK ch=3 v=0.2181
    OK ch=5 v=0.2565
    OK ch=7 v=0.2530
    OK ch=1 v=0.2453
    OK ch=3 v=0.2520
    OK ch=5 v=0.2541
    OK ch=7 v=0.2566
    OK ch=1 v=0.2315
    OK ch=3 v=0.2508
    OK ch=5 v=0.2536
    OK ch=1 v=0.2328
    OK ch=3 v=0.2434
    OK ch=1 v=0.1828
    OK ch=3 v=0.2315
    OK ch=7 v=0.2553
    OK ch=1 v=0.2087
    OK ch=3 v=0.2342
    OK ch=7 v=0.2531
    OK ch=1 v=0.1433
    OK ch=3 v=0.2098
    OK ch=5 v=0.2552
    OK ch=7 v=0.2516
    OK ch=1 v=0.1558
    OK ch=3 v=0.2164
    OK ch=5 v=0.2526
    OK ch=7 v=0.2545
    OK ch=1 v=0.2380
    OK ch=3 v=0.2412
    OK ch=5 v=0.2515
    OK ch=7 v=0.2538
    OK ch=1 v=0.2386
    OK ch=3 v=0.2536
    OK ch=5 v=0.2523
    OK ch=7 v=0.2550
    OK ch=1 v=0.1835
    OK ch=3 v=0.2402
    OK ch=5 v=0.2557
    OK ch=7 v=0.2526
    OK ch=1 v=0.1448
    OK ch=3 v=0.2196
    OK ch=5 v=0.2582
    OK ch=1 v=0.2065
    OK ch=3 v=0.2396
    OK ch=5 v=0.2564
    OK ch=7 v=0.2557
    OK ch=1 v=0.1726
    OK ch=3 v=0.2221
    OK ch=7 v=0.2547
    OK ch=1 v=0.2353
    OK ch=3 v=0.2491
    OK ch=5 v=0.2550
    OK ch=7 v=0.2520
    OK ch=1 v=0.1948
    OK ch=3 v=0.2373
    OK ch=5 v=0.2592
    OK ch=7 v=0.2533
    OK ch=1 v=0.1922
    OK ch=3 v=0.2255
    OK ch=7 v=0.2551
    OK ch=1 v=0.1741
    OK ch=3 v=0.2278
    OK ch=5 v=0.2610
    OK ch=7 v=0.2540
    OK ch=1 v=0.2640
    OK ch=3 v=0.2511
    OK ch=5 v=0.2554
    OK ch=7 v=0.2562
    OK ch=1 v=0.1946
    OK ch=3 v=0.2377
    OK ch=7 v=0.2512
    OK ch=1 v=0.2403
    OK ch=3 v=0.2502
    OK ch=7 v=0.2572
    OK ch=1 v=0.2462
    OK ch=3 v=0.2438
    OK ch=7 v=0.2566
    OK ch=1 v=0.1746
    OK ch=3 v=0.2205
    OK ch=5 v=0.2561
    OK ch=7 v=0.2557
    OK ch=1 v=0.2079
    OK ch=3 v=0.2308
    OK ch=5 v=0.2539
    OK ch=7 v=0.2526
    OK ch=1 v=0.2052
    OK ch=3 v=0.2426
    OK ch=5 v=0.2528
    OK ch=7 v=0.2537
    OK ch=1 v=0.1287
    OK ch=3 v=0.2131
    OK ch=5 v=0.2536
    OK ch=7 v=0.2518
    OK ch=1 v=0.1599
    OK ch=3 v=0.2172
    OK ch=5 v=0.2526
    OK ch=7 v=0.2535
    OK ch=1 v=0.2533
    OK ch=3 v=0.2521
    OK ch=5 v=0.2500
    OK ch=7 v=0.2565
    OK ch=1 v=0.2271
    OK ch=3 v=0.2504
    OK ch=5 v=0.2519
    OK ch=1 v=0.2496
    OK ch=3 v=0.2497
    OK ch=5 v=0.2528
    OK ch=7 v=0.2580
    OK ch=1 v=0.2440
    OK ch=3 v=0.2512
    OK ch=5 v=0.2543
    OK ch=7 v=0.2570
    OK ch=1 v=0.1504
    OK ch=3 v=0.2278
    OK ch=5 v=0.2571
    OK ch=7 v=0.2545
    OK ch=1 v=0.1412
    OK ch=3 v=0.2134
    OK ch=1 v=0.1902
    OK ch=3 v=0.2257
    OK ch=5 v=0.2565
    OK ch=7 v=0.2560
    OK ch=1 v=0.2537
    OK ch=3 v=0.2557
    OK ch=5 v=0.2537
    OK ch=7 v=0.2544
    OK ch=1 v=0.2131
    OK ch=3 v=0.2459
    OK ch=1 v=0.1589
    OK ch=3 v=0.2165
    OK ch=5 v=0.2555
    OK ch=7 v=0.2526
    OK ch=1 v=0.2403
    OK ch=3 v=0.2423
    OK ch=5 v=0.2539
    OK ch=7 v=0.2550
    OK ch=1 v=0.2002
    OK ch=3 v=0.2405
    OK ch=5 v=0.2554
    OK ch=7 v=0.2527
    OK ch=1 v=0.1718
    OK ch=3 v=0.2199
    OK ch=5 v=0.2573
    OK ch=7 v=0.2540
    OK ch=1 v=0.2301
    OK ch=3 v=0.2454
    OK ch=5 v=0.2541
    OK ch=7 v=0.2508
    OK ch=1 v=0.1857
    OK ch=3 v=0.2358
    OK ch=5 v=0.2564
    OK ch=1 v=0.2318
    OK ch=3 v=0.2458
    OK ch=5 v=0.2596
    OK ch=7 v=0.2515
    OK ch=1 v=0.1513
    OK ch=3 v=0.2198
    OK ch=5 v=0.2614
    OK ch=1 v=0.2117
    OK ch=3 v=0.2401
    OK ch=5 v=0.2587
    OK ch=7 v=0.2540
    OK ch=1 v=0.1460
    OK ch=3 v=0.2189
    OK ch=7 v=0.2524
    OK ch=1 v=0.2121
    OK ch=3 v=0.2472
    OK ch=5 v=0.2555
    OK ch=7 v=0.2564
    OK ch=1 v=0.2057
    OK ch=3 v=0.2388
    OK ch=5 v=0.2562
    OK ch=7 v=0.2533
    OK ch=1 v=0.1654
    OK ch=3 v=0.2167
    OK ch=7 v=0.2544
    OK ch=1 v=0.1833
    OK ch=3 v=0.2318
    OK ch=5 v=0.2531
    OK ch=7 v=0.2535
    OK ch=1 v=0.2530
    OK ch=3 v=0.2464
    OK ch=5 v=0.2521
    OK ch=7 v=0.2571
    OK ch=1 v=0.2238
    OK ch=3 v=0.2450
    OK ch=5 v=0.2545
    OK ch=7 v=0.2544
    OK ch=1 v=0.1677
    OK ch=3 v=0.2287
    OK ch=1 v=0.2240
    OK ch=3 v=0.2415
    OK ch=5 v=0.2530
    OK ch=7 v=0.2575
    OK ch=1 v=0.2459
    OK ch=3 v=0.2511
    OK ch=5 v=0.2505
    OK ch=1 v=0.2159
    OK ch=3 v=0.2317
    OK ch=5 v=0.2517
    OK ch=1 v=0.1499
    OK ch=3 v=0.2180
    OK ch=5 v=0.2527
    OK ch=7 v=0.2507
    OK ch=1 v=0.1554
    OK ch=3 v=0.2186
    OK ch=5 v=0.2517
    OK ch=7 v=0.2548
    OK ch=1 v=0.2439
    OK ch=3 v=0.2497
    OK ch=7 v=0.2564
    OK ch=1 v=0.1777
    OK ch=3 v=0.2268
    OK ch=5 v=0.2554
    OK ch=7 v=0.2537
    OK ch=1 v=0.1982
    OK ch=3 v=0.2304
    OK ch=5 v=0.2547
    OK ch=7 v=0.2531
    OK ch=1 v=0.2610
    OK ch=3 v=0.2586
    OK ch=5 v=0.2537
    OK ch=7 v=0.2557
    OK ch=1 v=0.1721
    OK ch=3 v=0.2366
    OK ch=5 v=0.2581
    OK ch=7 v=0.2544
    OK ch=1 v=0.1458
    OK ch=3 v=0.2216
    OK ch=5 v=0.2596
    OK ch=7 v=0.2528
    OK ch=1 v=0.2063
    OK ch=3 v=0.2333
    OK ch=5 v=0.2554
    OK ch=7 v=0.2553
    OK ch=1 v=0.2613
    OK ch=3 v=0.2573
    OK ch=5 v=0.2532
    OK ch=7 v=0.2565
    OK ch=1 v=0.2172
    OK ch=3 v=0.2491
    OK ch=5 v=0.2547
    OK ch=7 v=0.2546
    OK ch=1 v=0.1334
    OK ch=3 v=0.2133
    OK ch=5 v=0.2631
    OK ch=7 v=0.2483
    OK ch=1 v=0.2121
    OK ch=3 v=0.2265
    OK ch=5 v=0.2655
    OK ch=7 v=0.2505
    OK ch=1 v=0.2421
    OK ch=3 v=0.2452
    OK ch=5 v=0.2594
    OK ch=7 v=0.2547
    OK ch=1 v=0.1908
    OK ch=3 v=0.2382
    OK ch=5 v=0.2536
    OK ch=7 v=0.2531
    OK ch=1 v=0.1427
    OK ch=3 v=0.2129
    OK ch=5 v=0.2548
    OK ch=7 v=0.2545
    OK ch=1 v=0.1907
    OK ch=3 v=0.2260
    OK ch=7 v=0.2536
    OK ch=1 v=0.1711
    OK ch=3 v=0.2284
    OK ch=5 v=0.2529
    OK ch=7 v=0.3250

[trim] ch3 rests at 683 counts (+172 off mid-scale) -- bias -> 0.50V

    OK ch=1 v=0.2700
    OK ch=3 v=0.2597
    OK ch=5 v=0.2461
    OK ch=7 v=0.4239
    OK ch=1 v=0.1953
    OK ch=3 v=0.2407
    OK ch=5 v=0.2480
    OK ch=7 v=0.5074
[   50.1s] DAMPING     ch0:LOCK g=-0.0300 bp=-0.005V ratio=0.12  ch1:LOCK g=-0.0300 bp=+0.002V ratio=0.10  ch2:LOCK g=+0.0100 bp=+0.020V ratio=0.04  ch3:LOCK g=-0.0300 bp=+0.007V ratio=0.03
    OK ch=1 v=0.2474
    OK ch=3 v=0.2448
    OK ch=5 v=0.2518
    OK ch=7 v=0.5032
    OK ch=1 v=0.2426
    OK ch=5 v=0.2624
    OK ch=7 v=0.4924
    OK ch=1 v=0.2409
    OK ch=3 v=0.2360
    OK ch=5 v=0.2666
    OK ch=7 v=0.4917
    OK ch=1 v=0.1909
    OK ch=3 v=0.2299
    OK ch=5 v=0.2640
    OK ch=7 v=0.4910
    OK ch=1 v=0.1398
    OK ch=3 v=0.2098
    OK ch=5 v=0.2673
    OK ch=7 v=0.4917
    OK ch=1 v=0.2149
    OK ch=3 v=0.2345
    OK ch=5 v=0.2704
    OK ch=7 v=0.4941
    OK ch=1 v=0.2327
    OK ch=3 v=0.2557
    OK ch=5 v=0.2762
    OK ch=7 v=0.4972
    OK ch=1 v=0.1458
    OK ch=3 v=0.2325
    OK ch=5 v=0.2753
    OK ch=7 v=0.5026
    OK ch=1 v=0.1531
    OK ch=3 v=0.2315
    OK ch=5 v=0.2666
    OK ch=7 v=0.5076
    OK ch=1 v=0.2464
    OK ch=3 v=0.2581
    OK ch=5 v=0.2598
    OK ch=7 v=0.5105
    OK ch=1 v=0.1954
    OK ch=3 v=0.2500
    OK ch=5 v=0.2576
    OK ch=7 v=0.5070
    OK ch=1 v=0.2109
    OK ch=3 v=0.2400
    OK ch=5 v=0.2546
    OK ch=7 v=0.5082
    OK ch=1 v=0.2413
    OK ch=3 v=0.2515
    OK ch=5 v=0.2457
    OK ch=7 v=0.5061
    OK ch=1 v=0.1694
    OK ch=3 v=0.2199
    OK ch=5 v=0.2438
    OK ch=1 v=0.2072
    OK ch=3 v=0.2349
    OK ch=5 v=0.2453
    OK ch=7 v=0.5049
    OK ch=1 v=0.1914
    OK ch=3 v=0.2171
    OK ch=5 v=0.2464
    OK ch=7 v=0.5033
    OK ch=1 v=0.2257
    OK ch=3 v=0.2250
    OK ch=5 v=0.2438
    OK ch=1 v=0.1794
    OK ch=3 v=0.2191
    OK ch=7 v=0.5040
    OK ch=1 v=0.1987
    OK ch=3 v=0.2361
    OK ch=7 v=0.5068
    OK ch=1 v=0.2564
    OK ch=3 v=0.2559
    OK ch=5 v=0.2475
    OK ch=7 v=0.5080
    OK ch=1 v=0.1630
    OK ch=3 v=0.2253
    OK ch=5 v=0.2543
    OK ch=7 v=0.5093
    OK ch=1 v=0.2157
    OK ch=3 v=0.2402
    OK ch=5 v=0.2552
    OK ch=7 v=0.5177
    OK ch=1 v=0.1650
    OK ch=3 v=0.2353
    OK ch=5 v=0.2562
    OK ch=7 v=0.5125
    OK ch=1 v=0.1672
    OK ch=3 v=0.2257
    OK ch=5 v=0.2577
    OK ch=7 v=0.5134
    OK ch=1 v=0.1995
    OK ch=3 v=0.2420
    OK ch=7 v=0.5104
    OK ch=1 v=0.2261
    OK ch=3 v=0.2454
    OK ch=5 v=0.2562
    OK ch=7 v=0.5086
    OK ch=1 v=0.1722
    OK ch=3 v=0.2276
    OK ch=5 v=0.2540
    OK ch=7 v=0.5034
    OK ch=1 v=0.1394
    OK ch=3 v=0.2080
    OK ch=5 v=0.2533
    OK ch=7 v=0.5009
    OK ch=1 v=0.2314
    OK ch=3 v=0.2329
    OK ch=1 v=0.2494
    OK ch=3 v=0.2443
    OK ch=5 v=0.2527
    OK ch=7 v=0.4980
    OK ch=1 v=0.1971
    OK ch=3 v=0.2318
    OK ch=5 v=0.2546
    OK ch=7 v=0.4966
    OK ch=1 v=0.1603
    OK ch=3 v=0.2185
    OK ch=5 v=0.2562
    OK ch=1 v=0.2267
    OK ch=3 v=0.2499
    OK ch=7 v=0.4998
    OK ch=1 v=0.2428
    OK ch=3 v=0.2379
    OK ch=5 v=0.2574
    OK ch=7 v=0.5008
    OK ch=1 v=0.2614
    OK ch=3 v=0.2532
    OK ch=5 v=0.2590
    OK ch=7 v=0.5048
    OK ch=1 v=0.2032
    OK ch=3 v=0.2485
    OK ch=5 v=0.2598
    OK ch=1 v=0.2111
    OK ch=3 v=0.2505
    OK ch=5 v=0.2610
    OK ch=7 v=0.5056
    OK ch=1 v=0.1510
    OK ch=3 v=0.2219
    OK ch=5 v=0.2624
    OK ch=1 v=0.1569
    OK ch=3 v=0.2305
    OK ch=5 v=0.2603
    OK ch=7 v=0.5027
    OK ch=1 v=0.2516
    OK ch=3 v=0.2504
    OK ch=5 v=0.2558
    OK ch=1 v=0.1866
    OK ch=3 v=0.2354
    OK ch=5 v=0.2564
    OK ch=7 v=0.5008
    OK ch=1 v=0.2424
    OK ch=3 v=0.2441
    OK ch=5 v=0.2537
    OK ch=7 v=0.5018
    OK ch=1 v=0.2702
    OK ch=3 v=0.2592
    OK ch=5 v=0.2543
    OK ch=7 v=0.5008
    OK ch=1 v=0.1821
    OK ch=3 v=0.2281
    OK ch=5 v=0.2565
    OK ch=7 v=0.4998
    OK ch=1 v=0.1533
    OK ch=3 v=0.2185
    OK ch=5 v=0.2551
    OK ch=7 v=0.5015
    OK ch=1 v=0.2463
    OK ch=3 v=0.2424
    OK ch=7 v=0.5032
    OK ch=1 v=0.1896
    OK ch=3 v=0.2278
    OK ch=5 v=0.2564
    OK ch=7 v=0.5006
    OK ch=1 v=0.2509
    OK ch=3 v=0.2502
    OK ch=5 v=0.2557
    OK ch=7 v=0.5040
    OK ch=1 v=0.2347
    OK ch=3 v=0.2522
    OK ch=7 v=0.5051
    OK ch=1 v=0.1686
    OK ch=3 v=0.2259
    OK ch=5 v=0.2580
    OK ch=7 v=0.5065
    OK ch=1 v=0.1962
    OK ch=3 v=0.2350
    OK ch=1 v=0.1771
    OK ch=3 v=0.2377
    OK ch=5 v=0.2588
    OK ch=7 v=0.5071
    OK ch=1 v=0.1241
    OK ch=3 v=0.2123
    OK ch=5 v=0.2581
    OK ch=7 v=0.5064
    OK ch=1 v=0.2216
    OK ch=3 v=0.2435
    OK ch=5 v=0.2524
    OK ch=7 v=0.5078
    OK ch=1 v=0.1368
    OK ch=3 v=0.2158
    OK ch=7 v=0.5043
    OK ch=1 v=0.1769
    OK ch=3 v=0.2302
    OK ch=7 v=0.5037
    OK ch=1 v=0.2431
    OK ch=3 v=0.2498
    OK ch=5 v=0.2502
    OK ch=7 v=0.5084
    OK ch=3 v=0.2464
    OK ch=5 v=0.2513
    OK ch=1 v=0.1937
    OK ch=3 v=0.2189
    OK ch=7 v=0.5071
    OK ch=1 v=0.2163
    OK ch=3 v=0.2392
    OK ch=1 v=0.1981
    OK ch=3 v=0.2354
    OK ch=7 v=0.5064
    OK ch=1 v=0.2302
    OK ch=3 v=0.2390
    OK ch=7 v=0.5077
    OK ch=1 v=0.1875
    OK ch=3 v=0.2222
    OK ch=7 v=0.5055
    OK ch=1 v=0.1268
    OK ch=3 v=0.2069
    OK ch=5 v=0.2525
    OK ch=1 v=0.1317
    OK ch=3 v=0.2131
    OK ch=5 v=0.2501
    OK ch=7 v=0.5025
    OK ch=1 v=0.2302
    OK ch=3 v=0.2539
    OK ch=5 v=0.2486
    OK ch=7 v=0.5080
    OK ch=1 v=0.1805
    OK ch=3 v=0.2316
    OK ch=5 v=0.2534
    OK ch=7 v=0.5037
    OK ch=1 v=0.2046
    OK ch=5 v=0.2558
    OK ch=1 v=0.2490
    OK ch=3 v=0.2484
    OK ch=5 v=0.2569
    OK ch=7 v=0.5052
    OK ch=1 v=0.2707
    OK ch=3 v=0.2565
    OK ch=1 v=0.2207
    OK ch=3 v=0.2398
    OK ch=5 v=0.2594
    OK ch=7 v=0.5035
    OK ch=1 v=0.1362
    OK ch=3 v=0.2234
    OK ch=5 v=0.2607
    OK ch=7 v=0.5043
    OK ch=1 v=0.1973
    OK ch=3 v=0.2332
    OK ch=5 v=0.2601
    OK ch=7 v=0.5019
    OK ch=1 v=0.2603
    OK ch=3 v=0.2580
    OK ch=5 v=0.2582
    OK ch=7 v=0.5011
    OK ch=1 v=0.2194
    OK ch=3 v=0.2486
    OK ch=5 v=0.2592
    OK ch=7 v=0.4985
    OK ch=1 v=0.1604
    OK ch=3 v=0.2278
    OK ch=5 v=0.2585
    OK ch=7 v=0.5002
    OK ch=1 v=0.1770
    OK ch=3 v=0.2217
    OK ch=5 v=0.2577
    OK ch=7 v=0.5044
    OK ch=1 v=0.2348
    OK ch=3 v=0.2384
    OK ch=5 v=0.2567
    OK ch=1 v=0.1837
    OK ch=3 v=0.2253
    OK ch=7 v=0.4983
    OK ch=1 v=0.1713
    OK ch=3 v=0.2302
    OK ch=5 v=0.2593
    OK ch=7 v=0.5001
    OK ch=1 v=0.2139
    OK ch=3 v=0.2371
    OK ch=5 v=0.2578
    OK ch=7 v=0.5023
    OK ch=1 v=0.2577
    OK ch=3 v=0.2606
    OK ch=5 v=0.2549
    OK ch=7 v=0.5038
    OK ch=1 v=0.1731
    OK ch=3 v=0.2261
    OK ch=5 v=0.2556
    OK ch=1 v=0.1710
    OK ch=3 v=0.2285
    OK ch=7 v=0.5050
    OK ch=1 v=0.2382
    OK ch=3 v=0.2538
    OK ch=5 v=0.2547
    OK ch=7 v=0.5042
    OK ch=1 v=0.1844
    OK ch=3 v=0.2283
    OK ch=5 v=0.2554
    OK ch=7 v=0.5054
    OK ch=1 v=0.2545
    OK ch=3 v=0.2451
    OK ch=5 v=0.2537
    OK ch=7 v=0.5065
    OK ch=1 v=0.2123
    OK ch=3 v=0.2444
    OK ch=7 v=0.5071
    OK ch=1 v=0.2243
    OK ch=3 v=0.2403
    OK ch=7 v=0.5053
    OK ch=1 v=0.1580
    OK ch=3 v=0.2124
    OK ch=5 v=0.2553
    OK ch=1 v=0.1959
    OK ch=3 v=0.2390
    OK ch=5 v=0.2526
    OK ch=7 v=0.5066
    OK ch=1 v=0.1729
    OK ch=3 v=0.2304
    OK ch=5 v=0.2508
    OK ch=7 v=0.5048
    OK ch=1 v=0.1564
    OK ch=3 v=0.2168
    OK ch=5 v=0.2519
    OK ch=7 v=0.5042
    OK ch=1 v=0.2304
    OK ch=3 v=0.2354
    OK ch=5 v=0.2500
    OK ch=7 v=0.5063
    OK ch=1 v=0.2697
    OK ch=3 v=0.2475
    OK ch=7 v=0.5094
    OK ch=1 v=0.1994
    OK ch=3 v=0.2298
    OK ch=5 v=0.2531
    OK ch=7 v=0.5083
    OK ch=1 v=0.2329
    OK ch=3 v=0.2500
    OK ch=7 v=0.5062
    OK ch=1 v=0.1988
    OK ch=3 v=0.2350
    OK ch=5 v=0.2549
    OK ch=7 v=0.5086
    OK ch=1 v=0.1627
    OK ch=3 v=0.2329
    OK ch=5 v=0.2563
    OK ch=7 v=0.5048
    OK ch=1 v=0.1633
    OK ch=3 v=0.2209
    OK ch=5 v=0.2555
    OK ch=1 v=0.1373
    OK ch=3 v=0.2174
    OK ch=7 v=0.4996
    OK ch=1 v=0.1949
    OK ch=3 v=0.2404
    OK ch=7 v=0.5008
    OK ch=1 v=0.2666
    OK ch=3 v=0.2592
    OK ch=5 v=0.2524
    OK ch=7 v=0.4996
    OK ch=1 v=0.1826
    OK ch=3 v=0.2329
    OK ch=5 v=0.2560
    OK ch=1 v=0.2328
    OK ch=3 v=0.2481
    OK ch=5 v=0.2575
    OK ch=7 v=0.5049
    OK ch=1 v=0.1652
    OK ch=3 v=0.2181
    OK ch=5 v=0.2586
    OK ch=1 v=0.2040
    OK ch=3 v=0.2395
    OK ch=5 v=0.2580
    OK ch=1 v=0.2693
    OK ch=3 v=0.2543
    OK ch=1 v=0.2135
    OK ch=3 v=0.2236
    OK ch=3 v=0.2301
    OK ch=7 v=0.5056
    OK ch=1 v=0.2511
    OK ch=3 v=0.2521
    OK ch=5 v=0.2572
    OK ch=7 v=0.5045
    OK ch=1 v=0.1551
    OK ch=3 v=0.2232
    OK ch=5 v=0.2606
    OK ch=7 v=0.5006
    OK ch=1 v=0.2339
    OK ch=3 v=0.2416
    OK ch=5 v=0.2554
    OK ch=7 v=0.5049
    OK ch=1 v=0.2566
    OK ch=3 v=0.2522
    OK ch=5 v=0.2541
    OK ch=7 v=0.5055
    OK ch=1 v=0.1884
    OK ch=3 v=0.2374
    OK ch=7 v=0.5017
    OK ch=1 v=0.2303
    OK ch=3 v=0.2470
    OK ch=5 v=0.2550
    OK ch=7 v=0.5007
    OK ch=1 v=0.1495
    OK ch=3 v=0.2215
    OK ch=5 v=0.2571
    OK ch=1 v=0.2091
    OK ch=3 v=0.2397
    OK ch=5 v=0.2535
    OK ch=7 v=0.5043
    OK ch=1 v=0.1875
    OK ch=3 v=0.2319
    OK ch=7 v=0.5053
    OK ch=1 v=0.2426
    OK ch=3 v=0.2457
    OK ch=5 v=0.2521
    OK ch=7 v=0.5065
    OK ch=1 v=0.1580
    OK ch=3 v=0.2186
    OK ch=5 v=0.2546
    OK ch=7 v=0.5049
    OK ch=1 v=0.2568
    OK ch=3 v=0.2505
    OK ch=5 v=0.2530
    OK ch=7 v=0.5067
[   55.2s] DAMPING     ch0:LOCK g=-0.0300 bp=+0.086V ratio=0.13  ch1:LOCK g=-0.0300 bp=+0.023V ratio=0.09  ch2:LOCK g=+0.0100 bp=+0.002V ratio=0.04  ch3:LOCK g=-0.0300 bp=-0.002V ratio=0.05
    OK ch=1 v=0.1624
    OK ch=3 v=0.2259
    OK ch=5 v=0.2551
    OK ch=7 v=0.5061
    OK ch=3 v=0.2217
    OK ch=1 v=0.1758
    OK ch=3 v=0.2312
    OK ch=5 v=0.2545
    OK ch=7 v=0.5041
    OK ch=1 v=0.2140
    OK ch=3 v=0.2357
    OK ch=7 v=0.5017
    OK ch=1 v=0.2044
    OK ch=3 v=0.2429
    OK ch=5 v=0.2558
    OK ch=1 v=0.2709
    OK ch=3 v=0.2633
    OK ch=5 v=0.2535
    OK ch=7 v=0.5062
    OK ch=1 v=0.2087
    OK ch=3 v=0.2450
    OK ch=5 v=0.2550
    OK ch=7 v=0.5042
    OK ch=1 v=0.1539
    OK ch=3 v=0.2183
    OK ch=5 v=0.2567
    OK ch=7 v=0.5016
    OK ch=1 v=0.2393
    OK ch=3 v=0.2406
    OK ch=5 v=0.2557
    OK ch=7 v=0.5056
    OK ch=1 v=0.2529
    OK ch=3 v=0.2498
    OK ch=7 v=0.5024
    OK ch=1 v=0.2082
    OK ch=3 v=0.2315
    OK ch=5 v=0.2572
    OK ch=7 v=0.5060
    OK ch=1 v=0.1985
    OK ch=3 v=0.2366
    OK ch=5 v=0.2554
    OK ch=1 v=0.2036
    OK ch=3 v=0.2381
    OK ch=7 v=0.5067
    OK ch=1 v=0.2100
    OK ch=3 v=0.2350
    OK ch=7 v=0.5060
    OK ch=1 v=0.1686
    OK ch=3 v=0.2188
    OK ch=7 v=0.5052
    OK ch=1 v=0.1476
    OK ch=3 v=0.2133
    OK ch=7 v=0.5023
    OK ch=1 v=0.1190
    OK ch=3 v=0.2120
    OK ch=7 v=0.5033
    OK ch=1 v=0.1775
    OK ch=3 v=0.2349
    OK ch=5 v=0.2523
    OK ch=7 v=0.4990
    OK ch=1 v=0.1838
    OK ch=3 v=0.2333
    OK ch=7 v=0.5034
    OK ch=1 v=0.2368
    OK ch=3 v=0.2523
    OK ch=5 v=0.2518
    OK ch=7 v=0.5046
    OK ch=1 v=0.1977
    OK ch=3 v=0.2315
    OK ch=5 v=0.2532
    OK ch=7 v=0.5059
    OK ch=1 v=0.2320
    OK ch=3 v=0.2401
    OK ch=5 v=0.2550
    OK ch=7 v=0.5079
    OK ch=1 v=0.2852
    OK ch=3 v=0.2645
    OK ch=7 v=0.5091
    OK ch=1 v=0.2578
    OK ch=3 v=0.2571
    OK ch=5 v=0.2562
    OK ch=7 v=0.5065
    OK ch=1 v=0.1592
    OK ch=3 v=0.2248
    OK ch=5 v=0.2596
    OK ch=7 v=0.5025
    OK ch=1 v=0.2087
    OK ch=3 v=0.2322
    OK ch=5 v=0.2569
    OK ch=7 v=0.5035
    OK ch=1 v=0.2395
    OK ch=3 v=0.2449
    OK ch=5 v=0.2543
    OK ch=1 v=0.1732
    OK ch=3 v=0.2181
    OK ch=5 v=0.2553
    OK ch=1 v=0.1625
    OK ch=3 v=0.2291
    OK ch=7 v=0.5004
    OK ch=1 v=0.2294
    OK ch=3 v=0.2470
    OK ch=1 v=0.1738
    OK ch=3 v=0.2163
    OK ch=7 v=0.4967
    OK ch=1 v=0.2066
    OK ch=3 v=0.2362
    OK ch=7 v=0.5025
    OK ch=1 v=0.2404
    OK ch=3 v=0.2401
    OK ch=7 v=0.5046
    OK ch=1 v=0.1744
    OK ch=3 v=0.2196
    OK ch=5 v=0.2570
    OK ch=7 v=0.5028
    OK ch=1 v=0.1646
    OK ch=3 v=0.2216
    OK ch=7 v=0.5042
    OK ch=1 v=0.1681
    OK ch=3 v=0.2255
    OK ch=5 v=0.2580
    OK ch=7 v=0.5034
    OK ch=1 v=0.2270
    OK ch=3 v=0.2413
    OK ch=5 v=0.2551
    OK ch=7 v=0.5049
    OK ch=1 v=0.2816
    OK ch=3 v=0.2658
    OK ch=5 v=0.2546
    OK ch=7 v=0.5074
    OK ch=1 v=0.2290
    OK ch=3 v=0.2548
    OK ch=5 v=0.2566
    OK ch=7 v=0.5056
    OK ch=1 v=0.1358
    OK ch=3 v=0.2197
    OK ch=5 v=0.2582
    OK ch=1 v=0.1446
    OK ch=5 v=0.2566
    OK ch=7 v=0.5042
    OK ch=1 v=0.1827
    OK ch=3 v=0.2305
    OK ch=5 v=0.2525
    OK ch=7 v=0.5015
    OK ch=1 v=0.2125
    OK ch=3 v=0.2293
    OK ch=7 v=0.5042
    OK ch=1 v=0.1957
    OK ch=3 v=0.2325
    OK ch=7 v=0.5012
    OK ch=1 v=0.2424
    OK ch=3 v=0.2501
    OK ch=5 v=0.2516
    OK ch=7 v=0.5038
    OK ch=1 v=0.1951
    OK ch=3 v=0.2294
    OK ch=5 v=0.2531
    OK ch=7 v=0.5070
    OK ch=1 v=0.2148
    OK ch=3 v=0.2327
    OK ch=5 v=0.2544
    OK ch=1 v=0.1767
    OK ch=3 v=0.2297
    OK ch=7 v=0.5034
    OK ch=1 v=0.2114
    OK ch=3 v=0.2477
    OK ch=7 v=0.5041
    OK ch=1 v=0.2720
    OK ch=3 v=0.2617
    OK ch=7 v=0.5066
    OK ch=1 v=0.2578
    OK ch=3 v=0.2475
    OK ch=5 v=0.2563
    OK ch=7 v=0.5077
    OK ch=1 v=0.1673
    OK ch=3 v=0.2300
    OK ch=5 v=0.2569
    OK ch=7 v=0.5042
    OK ch=1 v=0.1821
    OK ch=3 v=0.2233
    OK ch=5 v=0.2574
    OK ch=7 v=0.5080
    OK ch=1 v=0.2043
    OK ch=3 v=0.2406
    OK ch=5 v=0.2552
    OK ch=7 v=0.5036
    OK ch=1 v=0.1654
    OK ch=3 v=0.2301
    OK ch=7 v=0.5029
    OK ch=1 v=0.2312
    OK ch=3 v=0.2453
    OK ch=5 v=0.2521
    OK ch=7 v=0.5042
    OK ch=1 v=0.1665
    OK ch=3 v=0.2232
    OK ch=5 v=0.2540
    OK ch=7 v=0.5022
    OK ch=1 v=0.2231
    OK ch=3 v=0.2298
    OK ch=7 v=0.5037
    OK ch=1 v=0.1794
    OK ch=3 v=0.2269
    OK ch=5 v=0.2553
    OK ch=7 v=0.5029
    OK ch=1 v=0.1761
    OK ch=3 v=0.2262
    OK ch=7 v=0.4997
    OK ch=1 v=0.2031
    OK ch=3 v=0.2413
    OK ch=5 v=0.2538
    OK ch=7 v=0.5029
    OK ch=1 v=0.2146
    OK ch=3 v=0.2374
    OK ch=5 v=0.2547
    OK ch=7 v=0.5054
    OK ch=1 v=0.2845
    OK ch=3 v=0.2620
    OK ch=7 v=0.5090

>>> KICK 1/3 REQUESTED at t=60.0s <<<

    OK ch=1 v=0.2184
    OK ch=3 v=0.2330
    OK ch=5 v=0.2578
    OK ch=7 v=0.5048
    OK ch=1 v=0.1638
    OK ch=3 v=0.2279
    OK ch=5 v=0.2584
    OK ch=7 v=0.5024
    OK ch=1 v=0.2172
    OK ch=3 v=0.2380
    OK ch=5 v=0.2576
    OK ch=7 v=0.5038
    OK ch=1 v=0.2637
    OK ch=3 v=0.2540
    OK ch=5 v=0.2563
    OK ch=7 v=0.5066
    OK ch=1 v=0.2022
    OK ch=3 v=0.2442
    OK ch=7 v=0.5039
    OK ch=1 v=0.2237
    OK ch=3 v=0.2419
    OK ch=5 v=0.2575
    OK ch=7 v=0.5046
    OK ch=1 v=0.2304
    OK ch=3 v=0.2429
    OK ch=5 v=0.2546
    OK ch=1 v=0.1943
    OK ch=3 v=0.2285
    OK ch=5 v=0.2555
    OK ch=7 v=0.5009
    OK ch=1 v=0.2092
    OK ch=3 v=0.2374
    OK ch=5 v=0.2548
    OK ch=7 v=0.5024
    OK ch=1 v=0.1401
    OK ch=3 v=0.2228
    OK ch=7 v=0.4987
    OK ch=1 v=0.2060
    OK ch=3 v=0.2353
    OK ch=5 v=0.2542
    OK ch=7 v=0.5045
    OK ch=1 v=0.2210
    OK ch=3 v=0.2418
    OK ch=5 v=0.2532
    OK ch=1 v=0.1761
    OK ch=3 v=0.2197
    OK ch=7 v=0.5073
    OK ch=1 v=0.1318
    OK ch=3 v=0.2159
    OK ch=5 v=0.2544
    OK ch=7 v=0.5011
    OK ch=1 v=0.1466
    OK ch=3 v=0.2177
    OK ch=7 v=0.5043
    OK ch=1 v=0.1854
    OK ch=3 v=0.2359
    OK ch=7 v=0.5050
    OK ch=1 v=0.2569
    OK ch=3 v=0.2598
    OK ch=5 v=0.2532
    OK ch=7 v=0.5062
    OK ch=1 v=0.1939
    OK ch=3 v=0.2349
    OK ch=5 v=0.2552
    OK ch=7 v=0.5070
    OK ch=1 v=0.1841
    OK ch=3 v=0.2272
    OK ch=5 v=0.2563
    OK ch=7 v=0.5050
    OK ch=1 v=0.2292
    OK ch=3 v=0.2407
    OK ch=5 v=0.2542
    OK ch=7 v=0.5066
    OK ch=1 v=0.2735
    OK ch=3 v=0.2601
    OK ch=5 v=0.2549
    OK ch=7 v=0.5060
    OK ch=1 v=0.2144
    OK ch=3 v=0.2489
    OK ch=5 v=0.2571
    OK ch=7 v=0.5040
    OK ch=1 v=0.1475
    OK ch=3 v=0.2228
    OK ch=7 v=0.5070
    OK ch=1 v=0.2100
    OK ch=3 v=0.2403
    OK ch=5 v=0.2546
    OK ch=7 v=0.5043
    OK ch=1 v=0.1529
    OK ch=3 v=0.2157
    OK ch=5 v=0.2561
    OK ch=7 v=0.5000
    OK ch=1 v=0.1676
    OK ch=3 v=0.2148
    OK ch=5 v=0.2553
    OK ch=7 v=0.5007
    OK ch=1 v=0.2271
    OK ch=3 v=0.2331
    OK ch=5 v=0.2544
    OK ch=7 v=0.5021
    OK ch=1 v=0.2731
    OK ch=3 v=0.2521
    OK ch=7 v=0.5044
    OK ch=1 v=0.2069
    OK ch=3 v=0.2254
    OK ch=5 v=0.2560
    OK ch=7 v=0.5037
    OK ch=1 v=0.1816
    OK ch=3 v=0.2298
    OK ch=5 v=0.2573
    OK ch=7 v=0.5061
    OK ch=1 v=0.2367
    OK ch=3 v=0.2482
    OK ch=7 v=0.5083
    OK ch=1 v=0.1705
    OK ch=3 v=0.2258
    OK ch=5 v=0.2559
    OK ch=7 v=0.5040
    OK ch=1 v=0.1839
    OK ch=3 v=0.2296
    OK ch=5 v=0.2545
    OK ch=7 v=0.5029
    OK ch=1 v=0.2398
    OK ch=3 v=0.2468
    OK ch=5 v=0.2532
    OK ch=7 v=0.5066
    OK ch=1 v=0.2564
    OK ch=3 v=0.2578
    OK ch=1 v=0.2071
    OK ch=3 v=0.2411
    OK ch=5 v=0.2543
    OK ch=7 v=0.5011
    OK ch=1 v=0.1342
    OK ch=3 v=0.2181
    OK ch=5 v=0.2532
    OK ch=7 v=0.4993
    OK ch=1 v=0.2086
    OK ch=3 v=0.2304
    OK ch=5 v=0.2514
    OK ch=7 v=0.5065
    OK ch=1 v=0.2564
    OK ch=3 v=0.2486
    OK ch=5 v=0.2521
    OK ch=7 v=0.5059
    OK ch=1 v=0.2475
    OK ch=3 v=0.2519
    OK ch=5 v=0.2549
    OK ch=1 v=0.2177
    OK ch=3 v=0.2366
    OK ch=5 v=0.2544
    OK ch=7 v=0.5045
    OK ch=1 v=0.1927
    OK ch=3 v=0.2392
    OK ch=7 v=0.5051
    OK ch=3 v=0.2299
    OK ch=5 v=0.2558
    OK ch=7 v=0.5025
    OK ch=1 v=0.1265
    OK ch=3 v=0.2096
    OK ch=5 v=0.2567
    OK ch=1 v=0.1927
    OK ch=3 v=0.2414
    OK ch=5 v=0.2558
    OK ch=7 v=0.5039
    OK ch=1 v=0.1898
    OK ch=3 v=0.2346
    OK ch=5 v=0.2566
    OK ch=7 v=0.5033
    OK ch=1 v=0.1556
    OK ch=3 v=0.2221
    OK ch=7 v=0.5023
    OK ch=1 v=0.2212
    OK ch=3 v=0.2455
    OK ch=5 v=0.2554
    OK ch=7 v=0.5040
    OK ch=1 v=0.1876
    OK ch=3 v=0.2337
    OK ch=5 v=0.2594
    OK ch=7 v=0.5033
    OK ch=1 v=0.1745
    OK ch=3 v=0.2241
    OK ch=5 v=0.2582
    OK ch=1 v=0.2407
    OK ch=3 v=0.2520
    OK ch=5 v=0.2562
    OK ch=7 v=0.5039
    OK ch=1 v=0.2064
    OK ch=3 v=0.2405
    OK ch=5 v=0.2557
    OK ch=7 v=0.5018
    OK ch=1 v=0.1985
    OK ch=3 v=0.2273
    OK ch=5 v=0.2577
    OK ch=7 v=0.5048
    OK ch=1 v=0.2348
    OK ch=3 v=0.2373
    OK ch=1 v=0.2681
    OK ch=3 v=0.2563
    OK ch=7 v=0.5063
    OK ch=1 v=0.2021
    OK ch=3 v=0.2268
    OK ch=7 v=0.5038
    OK ch=1 v=0.1769
    OK ch=3 v=0.2372
    OK ch=5 v=0.2564
    OK ch=1 v=0.2362
    OK ch=3 v=0.2478
    OK ch=5 v=0.2537
    OK ch=7 v=0.5047
    OK ch=1 v=0.2405
    OK ch=3 v=0.2494
    OK ch=1 v=0.1963
    OK ch=3 v=0.2378
    OK ch=5 v=0.2545
    OK ch=7 v=0.5037
    OK ch=1 v=0.1359
    OK ch=3 v=0.2171
    OK ch=5 v=0.2551
    OK ch=7 v=0.5023
    OK ch=1 v=0.1351
    OK ch=3 v=0.2105
    OK ch=5 v=0.2534
    OK ch=7 v=0.5028
[   60.2s] DAMPING     ch0:LOCK g=-0.0300 bp=-0.129V ratio=0.14  ch1:LOCK g=-0.0300 bp=-0.038V ratio=0.09  ch2:LOCK g=+0.0100 bp=-0.015V ratio=0.03  ch3:LOCK g=-0.0300 bp=-0.007V ratio=0.02
    OK ch=1 v=0.2038
    OK ch=3 v=0.2253
    OK ch=5 v=0.2507
    OK ch=7 v=0.5058
    OK ch=1 v=0.2639
    OK ch=3 v=0.2466
    OK ch=7 v=0.5071
    OK ch=1 v=0.1977
    OK ch=3 v=0.2302
    OK ch=5 v=0.2525
    OK ch=7 v=0.5006
    OK ch=1 v=0.1860
    OK ch=3 v=0.2321
    OK ch=7 v=0.5073
    OK ch=1 v=0.1749
    OK ch=3 v=0.2363
    OK ch=5 v=0.2548
    OK ch=7 v=0.5064
    OK ch=1 v=0.2331
    OK ch=3 v=0.2433
    OK ch=7 v=0.5089
    OK ch=1 v=0.1955
    OK ch=3 v=0.2416
    OK ch=5 v=0.2541
    OK ch=7 v=0.5068
    OK ch=1 v=0.1820
    OK ch=3 v=0.2311
    OK ch=1 v=0.2227
    OK ch=3 v=0.2393
    OK ch=7 v=0.5057
    OK ch=1 v=0.1898
    OK ch=3 v=0.2343
    OK ch=5 v=0.2548
    OK ch=7 v=0.5049
    OK ch=1 v=0.2106
    OK ch=3 v=0.2350
    OK ch=5 v=0.2564
    OK ch=7 v=0.5019
    OK ch=1 v=0.2560
    OK ch=3 v=0.2495
    OK ch=5 v=0.2550
    OK ch=7 v=0.5032
    OK ch=1 v=0.2773
    OK ch=3 v=0.2603
    OK ch=7 v=0.5048
    OK ch=1 v=0.2113
    OK ch=3 v=0.2230
    OK ch=5 v=0.2568
    OK ch=7 v=0.5037
    OK ch=1 v=0.1884
    OK ch=3 v=0.2282
    OK ch=5 v=0.2584
    OK ch=7 v=0.5024
    OK ch=1 v=0.2288
    OK ch=3 v=0.2432
    OK ch=7 v=0.5004
    OK ch=1 v=0.1628
    OK ch=3 v=0.2175
    OK ch=5 v=0.2599
    OK ch=7 v=0.5011
    OK ch=1 v=0.1775
    OK ch=3 v=0.2242
    OK ch=5 v=0.2569
    OK ch=7 v=0.5036
    OK ch=1 v=0.2348
    OK ch=3 v=0.2427
    OK ch=5 v=0.2547
    OK ch=7 v=0.5056
    OK ch=1 v=0.2414
    OK ch=3 v=0.2553
    OK ch=5 v=0.2555
    OK ch=7 v=0.5044
    OK ch=1 v=0.1530
    OK ch=3 v=0.2283
    OK ch=5 v=0.2572
    OK ch=7 v=0.4984
    OK ch=1 v=0.1332
    OK ch=3 v=0.2165
    OK ch=5 v=0.2552
    OK ch=7 v=0.5030
    OK ch=1 v=0.1860
    OK ch=3 v=0.2237
    OK ch=5 v=0.2535
    OK ch=7 v=0.5057
    OK ch=1 v=0.2653
    OK ch=3 v=0.2507
    OK ch=5 v=0.2525
    OK ch=7 v=0.5070
    OK ch=1 v=0.2798
    OK ch=3 v=0.2614
    OK ch=7 v=0.5063
    OK ch=1 v=0.2137
    OK ch=3 v=0.2286
    OK ch=5 v=0.2551
    OK ch=7 v=0.5069
    OK ch=1 v=0.1984
    OK ch=3 v=0.2354
    OK ch=1 v=0.2317
    OK ch=3 v=0.2531
    OK ch=7 v=0.5054
    OK ch=1 v=0.1885
    OK ch=3 v=0.2313
    OK ch=7 v=0.5020
    OK ch=1 v=0.1481
    OK ch=3 v=0.2242
    OK ch=7 v=0.5029
    OK ch=1 v=0.2142
    OK ch=3 v=0.2505
    OK ch=5 v=0.2532
    OK ch=7 v=0.5046
    OK ch=1 v=0.2193
    OK ch=3 v=0.2444
    OK ch=7 v=0.5037
    OK ch=1 v=0.2449
    OK ch=3 v=0.2450
    OK ch=5 v=0.2544
    OK ch=7 v=0.5073
    OK ch=1 v=0.2089
    OK ch=3 v=0.2390
    OK ch=5 v=0.2537
    OK ch=7 v=0.5035
    OK ch=1 v=0.1582
    OK ch=3 v=0.2243
    OK ch=5 v=0.2561
    OK ch=7 v=0.5018
    OK ch=1 v=0.1347
    OK ch=3 v=0.2136
    OK ch=5 v=0.2569
    OK ch=7 v=0.5012
    OK ch=1 v=0.2110
    OK ch=3 v=0.2278
    OK ch=5 v=0.2557
    OK ch=7 v=0.5046
    OK ch=1 v=0.2576
    OK ch=3 v=0.2464
    OK ch=5 v=0.2546
    OK ch=7 v=0.5063
    OK ch=1 v=0.2426
    OK ch=3 v=0.2520
    OK ch=5 v=0.2565
    OK ch=7 v=0.5048
    OK ch=1 v=0.1777
    OK ch=3 v=0.2390
    OK ch=5 v=0.2582
    OK ch=7 v=0.5031
    OK ch=1 v=0.1284
    OK ch=3 v=0.2210
    OK ch=7 v=0.5020
    OK ch=1 v=0.1944
    OK ch=3 v=0.2442
    OK ch=5 v=0.2560
    OK ch=7 v=0.5061
    OK ch=1 v=0.2160
    OK ch=3 v=0.2375
    OK ch=7 v=0.5041
    OK ch=1 v=0.2440
    OK ch=3 v=0.2439
    OK ch=5 v=0.2539
    OK ch=7 v=0.5050
    OK ch=1 v=0.1709
    OK ch=3 v=0.2294
    OK ch=1 v=0.1215
    OK ch=3 v=0.2113
    OK ch=5 v=0.2548
    OK ch=7 v=0.5036
    OK ch=1 v=0.1485
    OK ch=5 v=0.2559
    OK ch=1 v=0.1979
    OK ch=3 v=0.2247
    OK ch=5 v=0.2539
    OK ch=7 v=0.5047
    OK ch=1 v=0.2719
    OK ch=3 v=0.2513
    OK ch=5 v=0.2532
    OK ch=7 v=0.5038
    OK ch=1 v=0.2661
    OK ch=3 v=0.2585
    OK ch=5 v=0.2520
    OK ch=1 v=0.1998
    OK ch=3 v=0.2296
    OK ch=5 v=0.2548
    OK ch=7 v=0.5064
    OK ch=1 v=0.2100
    OK ch=3 v=0.2361
    OK ch=5 v=0.2558
    OK ch=7 v=0.5074
    OK ch=1 v=0.2216
    OK ch=3 v=0.2465
    OK ch=5 v=0.2552
    OK ch=7 v=0.5064
    OK ch=1 v=0.1889
    OK ch=3 v=0.2409
    OK ch=7 v=0.5042
    OK ch=1 v=0.1902
    OK ch=3 v=0.2298
    OK ch=5 v=0.2559
    OK ch=7 v=0.5049
    OK ch=1 v=0.2207
    OK ch=3 v=0.2404
    OK ch=5 v=0.2545
    OK ch=7 v=0.5024
    OK ch=1 v=0.1550
    OK ch=3 v=0.2265
    OK ch=5 v=0.2558
    OK ch=1 v=0.2127
    OK ch=3 v=0.2358
    OK ch=5 v=0.2539
    OK ch=7 v=0.5054
    OK ch=1 v=0.2233
    OK ch=3 v=0.2391
    OK ch=5 v=0.2527
    OK ch=7 v=0.5045
    OK ch=1 v=0.1789
    OK ch=3 v=0.2315
    OK ch=5 v=0.2535
    OK ch=7 v=0.5031
    OK ch=1 v=0.1407
    OK ch=3 v=0.2130
    OK ch=5 v=0.2557
    OK ch=1 v=0.2014
    OK ch=3 v=0.2375
    OK ch=7 v=0.5023
    OK ch=1 v=0.2542
    OK ch=3 v=0.2449
    OK ch=5 v=0.2539
    OK ch=7 v=0.5051
    OK ch=1 v=0.2596
    OK ch=3 v=0.2541
    OK ch=7 v=0.5043
    OK ch=1 v=0.1934
    OK ch=3 v=0.2233
    OK ch=5 v=0.2572
    OK ch=7 v=0.5054
    OK ch=1 v=0.1994
    OK ch=3 v=0.2327
    OK ch=7 v=0.5087
    OK ch=1 v=0.1452
    OK ch=3 v=0.2164
    OK ch=5 v=0.2585
    OK ch=7 v=0.5032
    OK ch=1 v=0.2334
    OK ch=3 v=0.2478
    OK ch=5 v=0.2573
    OK ch=1 v=0.1669
    OK ch=3 v=0.2243
    OK ch=1 v=0.1802
    OK ch=3 v=0.2256
    OK ch=5 v=0.2557
    OK ch=7 v=0.5038
    OK ch=1 v=0.2455
    OK ch=3 v=0.2474
    OK ch=5 v=0.2542
    OK ch=7 v=0.5051
    OK ch=1 v=0.2487
    OK ch=3 v=0.2558
    OK ch=7 v=0.5027
    OK ch=1 v=0.1828
    OK ch=3 v=0.2231
    OK ch=5 v=0.2564
    OK ch=7 v=0.5015
    OK ch=1 v=0.2021
    OK ch=3 v=0.2332
    OK ch=5 v=0.2557
    OK ch=7 v=0.5033
    OK ch=1 v=0.2084
    OK ch=3 v=0.2463
    OK ch=7 v=0.5018
    OK ch=1 v=0.1907
    OK ch=3 v=0.2290
    OK ch=5 v=0.2565
    OK ch=7 v=0.5058
    OK ch=1 v=0.2248
    OK ch=3 v=0.2385
    OK ch=5 v=0.2549
    OK ch=7 v=0.5063
    OK ch=1 v=0.2118
    OK ch=3 v=0.2426
    OK ch=5 v=0.2560
    OK ch=7 v=0.5034
    OK ch=1 v=0.1249
    OK ch=3 v=0.2151
    OK ch=7 v=0.4997
    OK ch=1 v=0.1910
    OK ch=3 v=0.2431
    OK ch=5 v=0.2549
    OK ch=7 v=0.5051
    OK ch=1 v=0.2039
    OK ch=5 v=0.2529
    OK ch=7 v=0.5028
    OK ch=1 v=0.2238
    OK ch=3 v=0.2348
    OK ch=7 v=0.5076
    OK ch=1 v=0.1575
    OK ch=3 v=0.2138
    OK ch=5 v=0.2547
    OK ch=7 v=0.5068
    OK ch=1 v=0.1684
    OK ch=3 v=0.2201
    OK ch=7 v=0.5034
    OK ch=1 v=0.1710
    OK ch=3 v=0.2276
    OK ch=5 v=0.2556
    OK ch=1 v=0.2292
    OK ch=3 v=0.2503
    OK ch=5 v=0.2538
    OK ch=7 v=0.5057
    OK ch=1 v=0.1929
    OK ch=3 v=0.2370
    OK ch=5 v=0.2546
    OK ch=1 v=0.2590
    OK ch=3 v=0.2606
    OK ch=5 v=0.2531
    OK ch=7 v=0.5078
    OK ch=1 v=0.2340
    OK ch=3 v=0.2493
    OK ch=5 v=0.2549
    OK ch=7 v=0.5035
    OK ch=1 v=0.1641
    OK ch=3 v=0.2257
    OK ch=5 v=0.2561
    OK ch=7 v=0.5017
    OK ch=1 v=0.1521
    OK ch=3 v=0.2115
    OK ch=5 v=0.2566
    OK ch=7 v=0.5046
    OK ch=1 v=0.2024
    OK ch=3 v=0.2269
    OK ch=5 v=0.2555
    OK ch=7 v=0.5074
    OK ch=1 v=0.2605
    OK ch=3 v=0.2474
    OK ch=7 v=0.5044
    OK ch=1 v=0.1923
    OK ch=3 v=0.2279
    OK ch=7 v=0.5037
    OK ch=1 v=0.1896
    OK ch=3 v=0.2412
    OK ch=1 v=0.1564
    OK ch=3 v=0.2310
    OK ch=7 v=0.5014
    OK ch=1 v=0.2225
    OK ch=3 v=0.2573
    OK ch=5 v=0.2538
    OK ch=7 v=0.5049
    OK ch=1 v=0.2145
    OK ch=3 v=0.2445
    OK ch=5 v=0.2545
    OK ch=7 v=0.5032
    OK ch=1 v=0.1571
    OK ch=3 v=0.2224
    OK ch=5 v=0.2561
    OK ch=7 v=0.5021
    OK ch=1 v=0.1623
    OK ch=3 v=0.2181
    OK ch=5 v=0.2573
    OK ch=7 v=0.5015
    OK ch=1 v=0.2183
    OK ch=3 v=0.2309
    OK ch=5 v=0.2547
    OK ch=7 v=0.5048
    OK ch=1 v=0.2797
    OK ch=3 v=0.2599
    OK ch=5 v=0.2531
    OK ch=7 v=0.5065
    OK ch=1 v=0.2302
    OK ch=3 v=0.2531
    OK ch=5 v=0.2568
    OK ch=1 v=0.2178
    OK ch=3 v=0.2372
    OK ch=7 v=0.5078
    OK ch=1 v=0.1517
    OK ch=3 v=0.2155
    OK ch=5 v=0.2577
    OK ch=7 v=0.5049
    OK ch=1 v=0.1536
    OK ch=3 v=0.2183
    OK ch=5 v=0.2562
    OK ch=7 v=0.5061
    OK ch=1 v=0.2327
    OK ch=3 v=0.2402
    OK ch=5 v=0.2535
    OK ch=7 v=0.5056
    OK ch=1 v=0.2610
    OK ch=3 v=0.2536
    OK ch=7 v=0.5049
    OK ch=1 v=0.1948
    OK ch=3 v=0.2237
    OK ch=5 v=0.2548
    OK ch=7 v=0.5021
    OK ch=1 v=0.1984
    OK ch=3 v=0.2321
    OK ch=7 v=0.5032
    OK ch=1 v=0.1549
    OK ch=3 v=0.2205
    OK ch=5 v=0.2541
    OK ch=7 v=0.5025
    OK ch=1 v=0.2431
    OK ch=3 v=0.2492
    OK ch=7 v=0.5052
    OK ch=1 v=0.1769
    OK ch=3 v=0.2283
    OK ch=7 v=0.5007
    OK ch=1 v=0.2278
    OK ch=3 v=0.2502
    OK ch=5 v=0.2521
    OK ch=7 v=0.5029
    OK ch=1 v=0.1929
    OK ch=3 v=0.2400
    OK ch=5 v=0.2538
    OK ch=7 v=0.5051
    OK ch=1 v=0.1593
    OK ch=3 v=0.2247
    OK ch=5 v=0.2560
    OK ch=1 v=0.2078
    OK ch=3 v=0.2418
    OK ch=7 v=0.5026
    OK ch=1 v=0.2738
    OK ch=3 v=0.2525
    OK ch=5 v=0.2547
    OK ch=7 v=0.5036
    OK ch=1 v=0.2533
    OK ch=5 v=0.2567
    OK ch=7 v=0.5053
    OK ch=1 v=0.1916
    OK ch=3 v=0.2261
    OK ch=5 v=0.2605
    OK ch=7 v=0.5066
    OK ch=1 v=0.2154
    OK ch=3 v=0.2386
    OK ch=5 v=0.2567
    OK ch=7 v=0.5049
    OK ch=1 v=0.2180
    OK ch=3 v=0.2440
    OK ch=5 v=0.2559
    OK ch=7 v=0.5043
    OK ch=1 v=0.1655
    OK ch=3 v=0.2311
    OK ch=5 v=0.2585
    OK ch=7 v=0.5029
    OK ch=1 v=0.1288
    OK ch=3 v=0.2158
    OK ch=5 v=0.2556
    OK ch=7 v=0.5909

[trim] ch3 kept at 0.50V -- total offset 576 -> 560 counts.


[trim] ch3 rests at 670 counts (+159 off mid-scale) -- bias -> 0.75V

    OK ch=1 v=0.1373
    OK ch=3 v=0.2107
    OK ch=5 v=0.2541
    OK ch=7 v=0.6790
    OK ch=1 v=0.2256
    OK ch=3 v=0.2379
    OK ch=5 v=0.2516
    OK ch=7 v=0.7548
    OK ch=1 v=0.2762
    OK ch=3 v=0.2485
    OK ch=5 v=0.2532
    OK ch=7 v=0.7501
[   65.2s] DAMPING     ch0:LOCK g=-0.0300 bp=+0.084V ratio=0.14  ch1:LOCK g=-0.0300 bp=+0.003V ratio=0.10  ch2:LOCK g=+0.0100 bp=+0.000V ratio=0.01  ch3:LOCK g=-0.0300 bp=-0.010V ratio=0.02
    OK ch=1 v=0.2518
    OK ch=5 v=0.2581
    OK ch=7 v=0.7462
    OK ch=1 v=0.2427
    OK ch=3 v=0.2374
    OK ch=5 v=0.2613
    OK ch=7 v=0.7410
    OK ch=1 v=0.1851
    OK ch=3 v=0.2294
    OK ch=5 v=0.2658
    OK ch=7 v=0.7381
    OK ch=1 v=0.1353
    OK ch=3 v=0.2174
    OK ch=5 v=0.2690
    OK ch=7 v=0.7407
    OK ch=1 v=0.1413
    OK ch=7 v=0.7471
    OK ch=1 v=0.1909
    OK ch=3 v=0.2415
    OK ch=5 v=0.2669
    OK ch=7 v=0.7481
    OK ch=1 v=0.2790
    OK ch=3 v=0.2667
    OK ch=5 v=0.2658
    OK ch=7 v=0.7530
    OK ch=1 v=0.2027
    OK ch=3 v=0.2568
    OK ch=5 v=0.2668
    OK ch=7 v=0.7543
    OK ch=1 v=0.1482
    OK ch=3 v=0.2364
    OK ch=5 v=0.2660
    OK ch=7 v=0.7556
    OK ch=1 v=0.1688
    OK ch=3 v=0.2340
    OK ch=5 v=0.2602
    OK ch=7 v=0.7597
    OK ch=1 v=0.2399
    OK ch=3 v=0.2430
    OK ch=5 v=0.2541
    OK ch=7 v=0.7605
    OK ch=1 v=0.2823
    OK ch=3 v=0.2590
    OK ch=5 v=0.2506
    OK ch=7 v=0.7589
    OK ch=1 v=0.2657
    OK ch=3 v=0.2596
    OK ch=5 v=0.2481
    OK ch=7 v=0.7573
    OK ch=1 v=0.1946
    OK ch=3 v=0.2361
    OK ch=5 v=0.2463
    OK ch=7 v=0.7526
    OK ch=1 v=0.1407
    OK ch=3 v=0.2136
    OK ch=5 v=0.2471
    OK ch=1 v=0.2068
    OK ch=3 v=0.2338
    OK ch=5 v=0.2446
    OK ch=7 v=0.7556
    OK ch=1 v=0.2256
    OK ch=3 v=0.2330
    OK ch=7 v=0.7526
    OK ch=1 v=0.2441
    OK ch=3 v=0.2344
    OK ch=7 v=0.7564
    OK ch=1 v=0.1779
    OK ch=3 v=0.2036
    OK ch=5 v=0.2486
    OK ch=7 v=0.7557
    OK ch=1 v=0.1752
    OK ch=3 v=0.2209
    OK ch=5 v=0.2506
    OK ch=7 v=0.7611
    OK ch=1 v=0.2138
    OK ch=3 v=0.2382
    OK ch=5 v=0.2521
    OK ch=7 v=0.7633
    OK ch=1 v=0.1925
    OK ch=3 v=0.2444
    OK ch=5 v=0.2534
    OK ch=7 v=0.7650
    OK ch=1 v=0.1043
    OK ch=3 v=0.2182
    OK ch=5 v=0.2576
    OK ch=7 v=0.7623
    OK ch=1 v=0.1117
    OK ch=3 v=0.2131
    OK ch=7 v=0.7631
    OK ch=1 v=0.1778
    OK ch=3 v=0.2453
    OK ch=7 v=0.7615
    OK ch=1 v=0.2439
    OK ch=3 v=0.2492
    OK ch=5 v=0.2533
    OK ch=7 v=0.7609
    OK ch=1 v=0.2583
    OK ch=3 v=0.2539
    OK ch=7 v=0.7576
    OK ch=1 v=0.2031
    OK ch=3 v=0.2304
    OK ch=5 v=0.2550
    OK ch=7 v=0.7540
    OK ch=1 v=0.2211
    OK ch=3 v=0.2373
    OK ch=7 v=0.7525
    OK ch=1 v=0.1549
    OK ch=3 v=0.2083
    OK ch=5 v=0.2572
    OK ch=7 v=0.7510
    OK ch=1 v=0.1773
    OK ch=3 v=0.2183
    OK ch=5 v=0.2553
    OK ch=7 v=0.7477
    OK ch=1 v=0.2389
    OK ch=3 v=0.2399
    OK ch=5 v=0.2546
    OK ch=7 v=0.7468
    OK ch=1 v=0.1983
    OK ch=3 v=0.2362
    OK ch=5 v=0.2563
    OK ch=7 v=0.7446
    OK ch=1 v=0.1553
    OK ch=3 v=0.2232
    OK ch=5 v=0.2583
    OK ch=7 v=0.7477
    OK ch=1 v=0.1560
    OK ch=3 v=0.2190
    OK ch=5 v=0.2602
    OK ch=7 v=0.7509
    OK ch=1 v=0.2444
    OK ch=3 v=0.2510
    OK ch=5 v=0.2574
    OK ch=7 v=0.7495
    OK ch=1 v=0.2777
    OK ch=3 v=0.2603
    OK ch=5 v=0.2613
    OK ch=7 v=0.7513
    OK ch=1 v=0.2280
    OK ch=3 v=0.2568
    OK ch=5 v=0.2590
    OK ch=7 v=0.7566
    OK ch=1 v=0.1613
    OK ch=3 v=0.2308
    OK ch=5 v=0.2547
    OK ch=7 v=0.7582
    OK ch=1 v=0.2061
    OK ch=3 v=0.2389
    OK ch=5 v=0.2215
    OK ch=7 v=0.7758
    OK ch=1 v=0.1893
    OK ch=3 v=0.2320
    OK ch=5 v=0.2376
    OK ch=1 v=0.1176
    OK ch=3 v=0.1636
    OK ch=5 v=0.3092
    OK ch=7 v=0.7186
    OK ch=1 v=0.0347
    OK ch=3 v=0.1111
    OK ch=5 v=0.3922
    OK ch=7 v=0.6357
    OK ch=1 v=0.0904
    OK ch=3 v=0.1459
    OK ch=5 v=0.3940
    OK ch=7 v=0.5935
    OK ch=1 v=0.1785
    OK ch=3 v=0.2340
    OK ch=5 v=0.3059
    OK ch=7 v=0.6352
    OK ch=1 v=0.2668
    OK ch=3 v=0.3223
    OK ch=5 v=0.2175
    OK ch=7 v=0.7235
    OK ch=1 v=0.3550
    OK ch=3 v=0.4105
    OK ch=5 v=0.1294
    OK ch=7 v=0.8117
    OK ch=1 v=0.4484
    OK ch=3 v=0.4363
    OK ch=5 v=0.0360
    OK ch=7 v=0.9051
    OK ch=1 v=0.3601
    OK ch=3 v=0.3480
    OK ch=5 v=0.1243
    OK ch=7 v=0.8167
    OK ch=1 v=0.2721
    OK ch=3 v=0.2600
    OK ch=5 v=0.2123
    OK ch=7 v=0.7287
    OK ch=1 v=0.1893
    OK ch=3 v=0.1772
    OK ch=5 v=0.2951
    OK ch=7 v=0.6460
    OK ch=1 v=0.1013
    OK ch=3 v=0.0892
    OK ch=5 v=0.2402
    OK ch=7 v=0.5972
    OK ch=1 v=0.1893
    OK ch=3 v=0.1772
    OK ch=5 v=0.1521
    OK ch=7 v=0.6853
    OK ch=1 v=0.2775
    OK ch=3 v=0.2653
    OK ch=5 v=0.0640
    OK ch=7 v=0.7734
    OK ch=1 v=0.3604
    OK ch=3 v=0.3483
    OK ch=5 v=0.1469
    OK ch=7 v=0.8563
    OK ch=1 v=0.2722
    OK ch=3 v=0.2601
    OK ch=5 v=0.2351
    OK ch=7 v=0.7682
    OK ch=1 v=0.1787
    OK ch=3 v=0.2558
    OK ch=5 v=0.3286
    OK ch=7 v=0.7735
    OK ch=1 v=0.0908
    OK ch=3 v=0.2110
    OK ch=5 v=0.2931
    OK ch=7 v=0.7581
    OK ch=1 v=0.0626
    OK ch=3 v=0.1334
    OK ch=5 v=0.3349
    OK ch=7 v=0.6768
    OK ch=1 v=0.1507
    OK ch=3 v=0.1299
    OK ch=5 v=0.2894
    OK ch=7 v=0.6265
    OK ch=1 v=0.2388
    OK ch=3 v=0.2180
    OK ch=5 v=0.2013
    OK ch=7 v=0.7146
    OK ch=1 v=0.3270
    OK ch=3 v=0.3062
    OK ch=5 v=0.1130
    OK ch=7 v=0.8029
    OK ch=1 v=0.4205
    OK ch=3 v=0.3997
    OK ch=5 v=0.0195
    OK ch=7 v=0.8963
    OK ch=1 v=0.3322
    OK ch=3 v=0.3114
    OK ch=5 v=0.1078
    OK ch=7 v=0.8081
    OK ch=1 v=0.2442
    OK ch=3 v=0.2234
    OK ch=5 v=0.1959
    OK ch=7 v=0.7200
    OK ch=1 v=0.1505
    OK ch=3 v=0.1297
    OK ch=5 v=0.2895
    OK ch=7 v=0.6264
    OK ch=1 v=0.2389
    OK ch=3 v=0.1828
    OK ch=5 v=0.2018
    OK ch=7 v=0.6374
    OK ch=1 v=0.3270
    OK ch=3 v=0.2709
    OK ch=5 v=0.1216
    OK ch=7 v=0.7255
    OK ch=1 v=0.4205
    OK ch=3 v=0.3644
    OK ch=5 v=0.1305
    OK ch=7 v=0.8189
    OK ch=1 v=0.4217
    OK ch=3 v=0.4126
    OK ch=5 v=0.1601
    OK ch=7 v=0.9070
    OK ch=1 v=0.4733
    OK ch=3 v=0.5000
    OK ch=5 v=0.1635
    OK ch=7 v=1.0000
    OK ch=1 v=0.5000
    OK ch=5 v=0.0752
    OK ch=3 v=0.4623
    OK ch=5 v=0.0257
    OK ch=7 v=0.9505
    OK ch=3 v=0.3908
    OK ch=5 v=0.0458
    OK ch=7 v=0.8790
    OK ch=1 v=0.4603
    OK ch=3 v=0.3245
    OK ch=5 v=0.1120
    OK ch=7 v=0.8127
    OK ch=1 v=0.3722
    OK ch=3 v=0.2364
    OK ch=5 v=0.2002
    OK ch=7 v=0.7246
    OK ch=1 v=0.2841
    OK ch=3 v=0.1483
    OK ch=5 v=0.2883
    OK ch=7 v=0.6365
    OK ch=1 v=0.3721
    OK ch=3 v=0.0603
    OK ch=5 v=0.2002
    OK ch=7 v=0.5484
    OK ch=1 v=0.4585
    OK ch=3 v=0.1414
    OK ch=5 v=0.1106
    OK ch=7 v=0.6421
    OK ch=1 v=0.3646
    OK ch=3 v=0.2352
    OK ch=5 v=0.2045
    OK ch=7 v=0.7359
    OK ch=1 v=0.2711
    OK ch=3 v=0.3287
    OK ch=5 v=0.2980
    OK ch=7 v=0.8159
    OK ch=1 v=0.1774
    OK ch=3 v=0.4224
    OK ch=5 v=0.3917
    OK ch=7 v=0.9096
    OK ch=1 v=0.2655
    OK ch=3 v=0.5000
    OK ch=5 v=0.3036
    OK ch=7 v=0.9977
    OK ch=1 v=0.1717
    OK ch=3 v=0.4062
    OK ch=5 v=0.3974
    OK ch=7 v=0.9039
    OK ch=1 v=0.0837
    OK ch=3 v=0.3182
    OK ch=5 v=0.4854
    OK ch=7 v=0.8159
    OK ch=1 v=0.1773
    OK ch=3 v=0.2246
    OK ch=5 v=0.3917
    OK ch=7 v=0.7223
    OK ch=1 v=0.2657
    OK ch=3 v=0.1362
    OK ch=5 v=0.3034
    OK ch=7 v=0.6339
    OK ch=1 v=0.3538
    OK ch=3 v=0.2011
    OK ch=5 v=0.2153
    OK ch=7 v=0.5739
    OK ch=1 v=0.4419
    OK ch=3 v=0.2394
    OK ch=5 v=0.1272
    OK ch=7 v=0.6620
    OK ch=1 v=0.4457
    OK ch=3 v=0.3275
    OK ch=5 v=0.1734
    OK ch=7 v=0.7501
    OK ch=1 v=0.5000
    OK ch=3 v=0.4103
    OK ch=5 v=0.1546
    OK ch=7 v=0.8329
    OK ch=3 v=0.4013
    OK ch=5 v=0.1367
    OK ch=7 v=0.9209
    OK ch=1 v=0.4339
    OK ch=3 v=0.3398
    OK ch=5 v=0.1888
    OK ch=7 v=0.9070
    OK ch=1 v=0.3459
    OK ch=3 v=0.3280
    OK ch=5 v=0.2126
    OK ch=7 v=0.8934
    OK ch=1 v=0.4289
    OK ch=3 v=0.4110
    OK ch=5 v=0.1619
    OK ch=7 v=0.9764
    OK ch=1 v=0.5000
    OK ch=3 v=0.4988
    OK ch=5 v=0.0888
    OK ch=7 v=0.9830
    OK ch=1 v=0.4448
    OK ch=3 v=0.4254
    OK ch=5 v=0.0841
    OK ch=7 v=0.8945
    OK ch=1 v=0.3512
    OK ch=3 v=0.3318
    OK ch=5 v=0.1776
    OK ch=7 v=0.8010
    OK ch=1 v=0.2934
    OK ch=3 v=0.2383
    OK ch=5 v=0.2661
    OK ch=7 v=0.7075
    OK ch=1 v=0.3143
    OK ch=3 v=0.1977
    OK ch=5 v=0.2219
    OK ch=7 v=0.6588
    OK ch=1 v=0.2885
    OK ch=3 v=0.1558
    OK ch=5 v=0.2306
    OK ch=7 v=0.6657
    OK ch=1 v=0.2003
    OK ch=3 v=0.1182
    OK ch=5 v=0.2386
    OK ch=7 v=0.6790
    OK ch=1 v=0.1668
    OK ch=3 v=0.1060
    OK ch=5 v=0.3110
    OK ch=7 v=0.6483
    OK ch=1 v=0.1607
    OK ch=3 v=0.1342
    OK ch=5 v=0.3486
    OK ch=7 v=0.6010
    OK ch=1 v=0.0727
    OK ch=3 v=0.1496
    OK ch=5 v=0.3338
    OK ch=7 v=0.6377
    OK ch=1 v=0.0220
    OK ch=3 v=0.2033
    OK ch=5 v=0.3948
    OK ch=7 v=0.6602
    OK ch=1 v=0.0000
    OK ch=3 v=0.2150
    OK ch=5 v=0.4486
    OK ch=7 v=0.6932
    OK ch=1 v=0.0736
    OK ch=3 v=0.2873
    OK ch=5 v=0.4043
    OK ch=7 v=0.7290
    OK ch=1 v=0.1616
    OK ch=3 v=0.3480
    OK ch=5 v=0.3164
    OK ch=7 v=0.7717
    OK ch=1 v=0.2496
    OK ch=3 v=0.3399
    OK ch=5 v=0.2283
    OK ch=7 v=0.8151
    OK ch=1 v=0.3380
    OK ch=3 v=0.3205
    OK ch=5 v=0.1678
    OK ch=7 v=0.8192
    OK ch=1 v=0.3913
    OK ch=3 v=0.2899
    OK ch=5 v=0.1507
    OK ch=7 v=0.7892
    OK ch=1 v=0.4711
    OK ch=3 v=0.2917
    OK ch=5 v=0.1527
    OK ch=7 v=0.7970
    OK ch=1 v=0.5000
    OK ch=3 v=0.3010
    OK ch=5 v=0.1704
    OK ch=7 v=0.7860
    OK ch=1 v=0.4063
    OK ch=3 v=0.2500
    OK ch=5 v=0.2500
    OK ch=7 v=0.7500

!! ch3 runaway -- freezing all channels, entering FAULT.

    OK ch=1 v=0.3181
    OK ch=1 v=0.2906
    OK ch=1 v=0.2683
    OK ch=1 v=0.2500
[   70.2s] FAULT       ch0:.... g=+0.0000 bp=+0.265V ratio=1.34  ch1:.... g=+0.0000 bp=-0.004V ratio=1.43  ch2:.... g=+0.0000 bp=+0.131V ratio=1.35  ch3:.... g=+0.0000 bp=-0.123V ratio=1.96

[recovered] re-engaging on the baseline already in hand -- the previous engagement was healthy, so this baseline is known good and the fault was a transient -- measuring a new floor now would measure the ringdown (1/4 before a forced re-calibration). Gain ramps from zero.

    OK ch=1 v=0.2547
    OK ch=3 v=0.2518
    OK ch=5 v=0.2495
    OK ch=7 v=0.7514
    OK ch=1 v=0.2815
    OK ch=3 v=0.2657
    OK ch=5 v=0.2323
    OK ch=7 v=0.7690
[   75.2s] DAMPING     ch0:.... g=-0.0009 bp=+0.198V ratio=0.29  ch1:.... g=-0.0009 bp=-0.155V ratio=1.02  ch2:.... g=+0.0009 bp=+0.283V ratio=0.31  ch3:.... g=-0.0009 bp=-0.167V ratio=1.26
    OK ch=1 v=0.2906
    OK ch=3 v=0.2770
    OK ch=5 v=0.2236
    OK ch=7 v=0.7785
    OK ch=1 v=0.2814
    OK ch=3 v=0.2808
    OK ch=5 v=0.2276
    OK ch=7 v=0.7853
    OK ch=1 v=0.2644
    OK ch=3 v=0.2839
    OK ch=5 v=0.2263
    OK ch=7 v=0.7885
    OK ch=1 v=0.2912
    OK ch=3 v=0.2957
    OK ch=5 v=0.2452
    OK ch=7 v=0.7831
    OK ch=1 v=0.2851
    OK ch=3 v=0.2898
    OK ch=5 v=0.2476
    OK ch=7 v=0.7770
    OK ch=1 v=0.2873
    OK ch=3 v=0.2820
    OK ch=5 v=0.2616
    OK ch=7 v=0.7660
    OK ch=1 v=0.2708
    OK ch=3 v=0.2616
    OK ch=5 v=0.2752
    OK ch=7 v=0.7503
    OK ch=1 v=0.2210
    OK ch=3 v=0.2387
    OK ch=5 v=0.2612
    OK ch=7 v=0.7447
    OK ch=1 v=0.2094
    OK ch=3 v=0.2267
    OK ch=5 v=0.2720
    OK ch=7 v=0.7273
    OK ch=1 v=0.2123
    OK ch=3 v=0.2187
    OK ch=5 v=0.2778
    OK ch=7 v=0.7186
    OK ch=1 v=0.2252
    OK ch=5 v=0.2844
    OK ch=1 v=0.2542
    OK ch=3 v=0.2259
    OK ch=5 v=0.3016
    OK ch=7 v=0.7159
    OK ch=1 v=0.2333
    OK ch=3 v=0.2304
    OK ch=5 v=0.3188
    OK ch=7 v=0.7201
    OK ch=1 v=0.1611
    OK ch=3 v=0.2235
    OK ch=5 v=0.3297
    OK ch=7 v=0.7251
    OK ch=1 v=0.1048
    OK ch=3 v=0.2246
    OK ch=5 v=0.3447
    OK ch=7 v=0.7327
    OK ch=1 v=0.0987
    OK ch=3 v=0.2384
    OK ch=5 v=0.3026
    OK ch=7 v=0.7599
    OK ch=1 v=0.1780
    OK ch=3 v=0.2740
    OK ch=5 v=0.2717
    OK ch=7 v=0.7815
    OK ch=1 v=0.2551
    OK ch=3 v=0.3052
    OK ch=5 v=0.2525
    OK ch=7 v=0.7967
    OK ch=1 v=0.2638
    OK ch=3 v=0.2951
    OK ch=5 v=0.2233
    OK ch=7 v=0.8208
    OK ch=1 v=0.2779
    OK ch=3 v=0.2905
    OK ch=5 v=0.2126
    OK ch=7 v=0.7961
    OK ch=1 v=0.3322
    OK ch=3 v=0.2811
    OK ch=5 v=0.2026
    OK ch=7 v=0.8019
    OK ch=1 v=0.3744
    OK ch=3 v=0.2818
    OK ch=7 v=0.8024
    OK ch=1 v=0.3085
    OK ch=3 v=0.2618
    OK ch=5 v=0.2005
    OK ch=7 v=0.7703
    OK ch=1 v=0.3148
    OK ch=3 v=0.2495
    OK ch=5 v=0.1873
    OK ch=7 v=0.7535
    OK ch=1 v=0.4031
    OK ch=3 v=0.2722
    OK ch=5 v=0.1684
    OK ch=7 v=0.7480
    OK ch=1 v=0.4259
    OK ch=3 v=0.2667
    OK ch=5 v=0.1425
    OK ch=7 v=0.7558
    OK ch=1 v=0.3697
    OK ch=3 v=0.2496
    OK ch=5 v=0.1104
    OK ch=7 v=0.7650
    OK ch=1 v=0.3505
    OK ch=3 v=0.2548
    OK ch=5 v=0.1204
    OK ch=7 v=0.7695
    OK ch=1 v=0.3138
    OK ch=3 v=0.2689
    OK ch=5 v=0.1853
    OK ch=7 v=0.7819
    OK ch=1 v=0.2833
    OK ch=3 v=0.3003
    OK ch=5 v=0.2734
    OK ch=7 v=0.7851
    OK ch=1 v=0.1950
    OK ch=3 v=0.3119
    OK ch=5 v=0.3307
    OK ch=7 v=0.7830
    OK ch=1 v=0.1070
    OK ch=3 v=0.2827
    OK ch=5 v=0.3279
    OK ch=7 v=0.7804
    OK ch=1 v=0.0729
    OK ch=3 v=0.2688
    OK ch=5 v=0.3491
    OK ch=7 v=0.7637
    OK ch=1 v=0.1614
    OK ch=3 v=0.2719
    OK ch=5 v=0.3382
    OK ch=7 v=0.7523
    OK ch=1 v=0.1993
    OK ch=3 v=0.2680
    OK ch=5 v=0.3273
    OK ch=7 v=0.7379
    OK ch=1 v=0.2219
    OK ch=3 v=0.2557
    OK ch=5 v=0.3307
    OK ch=7 v=0.7150
    OK ch=1 v=0.1335
    OK ch=3 v=0.1920
    OK ch=5 v=0.3104
    OK ch=7 v=0.7051
    OK ch=1 v=0.1721
    OK ch=3 v=0.1860
    OK ch=5 v=0.2885
    OK ch=7 v=0.6946
    OK ch=1 v=0.2561
    OK ch=3 v=0.2054
    OK ch=5 v=0.2551
    OK ch=7 v=0.6897
    OK ch=1 v=0.3337
    OK ch=3 v=0.2391
    OK ch=5 v=0.2376
    OK ch=7 v=0.6957
    OK ch=1 v=0.3152
    OK ch=3 v=0.2567
    OK ch=5 v=0.2529
    OK ch=7 v=0.7059
    OK ch=1 v=0.2272
    OK ch=3 v=0.2414
    OK ch=5 v=0.2373
    OK ch=7 v=0.7385
    OK ch=1 v=0.2258
    OK ch=3 v=0.2615
    OK ch=5 v=0.2334
    OK ch=7 v=0.7641
    OK ch=1 v=0.2972
    OK ch=3 v=0.2948
    OK ch=5 v=0.2351
    OK ch=7 v=0.7967
    OK ch=1 v=0.3347
    OK ch=3 v=0.3152
    OK ch=5 v=0.2313
    OK ch=7 v=0.8269
    OK ch=1 v=0.2948
    OK ch=3 v=0.3221
    OK ch=5 v=0.2288
    OK ch=7 v=0.8118
    OK ch=1 v=0.2431
    OK ch=3 v=0.2926
    OK ch=5 v=0.2214
    OK ch=7 v=0.8231
    OK ch=1 v=0.2735
    OK ch=3 v=0.2784
    OK ch=5 v=0.2221
    OK ch=7 v=0.8157
    OK ch=1 v=0.3616
    OK ch=3 v=0.2984
    OK ch=5 v=0.2155
    OK ch=7 v=0.8050
    OK ch=1 v=0.4216
    OK ch=3 v=0.2921
    OK ch=5 v=0.1927
    OK ch=7 v=0.7901
    OK ch=1 v=0.3832
    OK ch=3 v=0.2775
    OK ch=5 v=0.1890
    OK ch=7 v=0.7702
    OK ch=1 v=0.2948
    OK ch=3 v=0.2192
    OK ch=7 v=0.7655
    OK ch=1 v=0.2907
    OK ch=3 v=0.2416
    OK ch=5 v=0.1864
    OK ch=7 v=0.7679
    OK ch=1 v=0.2568
    OK ch=3 v=0.2469
    OK ch=5 v=0.2055
    OK ch=7 v=0.7545
    OK ch=1 v=0.1687
    OK ch=3 v=0.2236
    OK ch=5 v=0.2223
    OK ch=7 v=0.7586
    OK ch=1 v=0.1907
    OK ch=3 v=0.2383
    OK ch=5 v=0.2629
    OK ch=1 v=0.1609
    OK ch=3 v=0.2482
    OK ch=5 v=0.2932
    OK ch=7 v=0.7524
    OK ch=1 v=0.1034
    OK ch=3 v=0.2380
    OK ch=5 v=0.2927
    OK ch=7 v=0.7603
    OK ch=1 v=0.1748
    OK ch=3 v=0.2587
    OK ch=5 v=0.3057
    OK ch=7 v=0.7544
    OK ch=1 v=0.2574
    OK ch=3 v=0.2838
    OK ch=5 v=0.3148
    OK ch=7 v=0.7482
    OK ch=1 v=0.2069
    OK ch=3 v=0.2706
    OK ch=5 v=0.3030
    OK ch=7 v=0.7497
    OK ch=1 v=0.1742
    OK ch=3 v=0.2558
    OK ch=5 v=0.3000
    OK ch=7 v=0.7382
    OK ch=1 v=0.1330
    OK ch=3 v=0.2233
    OK ch=5 v=0.2787
    OK ch=1 v=0.1993
    OK ch=3 v=0.2537
    OK ch=5 v=0.2691
    OK ch=7 v=0.7374
    OK ch=1 v=0.2846
    OK ch=3 v=0.2584
    OK ch=5 v=0.2613
    OK ch=7 v=0.7324
    OK ch=1 v=0.2367
    OK ch=3 v=0.2352
    OK ch=5 v=0.2394
    OK ch=7 v=0.7393
    OK ch=1 v=0.3192
    OK ch=3 v=0.2559
    OK ch=5 v=0.2376
    OK ch=7 v=0.7429
    OK ch=1 v=0.3745
    OK ch=3 v=0.2798
    OK ch=5 v=0.2394
    OK ch=7 v=0.7512
    OK ch=1 v=0.3524
    OK ch=3 v=0.2868
    OK ch=5 v=0.2291
    OK ch=7 v=0.7686
    OK ch=1 v=0.2640
    OK ch=3 v=0.2753
    OK ch=5 v=0.2333
    OK ch=7 v=0.7599
    OK ch=1 v=0.2192
    OK ch=3 v=0.2567
    OK ch=5 v=0.2296
    OK ch=7 v=0.7745
    OK ch=1 v=0.2873
    OK ch=3 v=0.2738
    OK ch=5 v=0.2319
    OK ch=7 v=0.7827
    OK ch=1 v=0.3757
    OK ch=3 v=0.3165
    OK ch=5 v=0.2281
    OK ch=1 v=0.3095
    OK ch=3 v=0.2817
    OK ch=5 v=0.2194
    OK ch=7 v=0.7870
    OK ch=1 v=0.3220
    OK ch=3 v=0.2839
    OK ch=5 v=0.2295
    OK ch=7 v=0.7837
    OK ch=1 v=0.3585
    OK ch=3 v=0.2929
    OK ch=5 v=0.2328
    OK ch=7 v=0.7805
    OK ch=1 v=0.2701
    OK ch=3 v=0.2767
    OK ch=5 v=0.2262
    OK ch=7 v=0.7755
    OK ch=1 v=0.2207
    OK ch=3 v=0.2601
    OK ch=5 v=0.2366
    OK ch=7 v=0.7645
    OK ch=1 v=0.1839
    OK ch=3 v=0.2338
    OK ch=5 v=0.2376
    OK ch=7 v=0.7637
    OK ch=1 v=0.2722
    OK ch=3 v=0.2619
    OK ch=5 v=0.2467
    OK ch=7 v=0.7602
    OK ch=1 v=0.3159
    OK ch=3 v=0.2747
    OK ch=5 v=0.2505
    OK ch=7 v=0.7541
    OK ch=1 v=0.2279
    OK ch=3 v=0.2569
    OK ch=5 v=0.2493
    OK ch=7 v=0.7560
    OK ch=1 v=0.1395
    OK ch=3 v=0.2277
    OK ch=5 v=0.2772
    OK ch=7 v=0.7468
    OK ch=1 v=0.1187
    OK ch=3 v=0.2185
    OK ch=5 v=0.2703
    OK ch=7 v=0.7513
    OK ch=1 v=0.1934
    OK ch=3 v=0.2429
    OK ch=5 v=0.2652
    OK ch=1 v=0.1855
    OK ch=3 v=0.2444
    OK ch=5 v=0.2724
    OK ch=7 v=0.7481
    OK ch=1 v=0.2592
    OK ch=3 v=0.2624
    OK ch=5 v=0.2664
    OK ch=7 v=0.7563
    OK ch=1 v=0.2986
    OK ch=3 v=0.2805
    OK ch=5 v=0.2652
    OK ch=7 v=0.7519
    OK ch=1 v=0.2530
    OK ch=3 v=0.2747
    OK ch=5 v=0.2563
    OK ch=7 v=0.7564
    OK ch=1 v=0.1647
    OK ch=3 v=0.2322
    OK ch=5 v=0.2499
    OK ch=7 v=0.7611
    OK ch=1 v=0.2030
    OK ch=3 v=0.2396
    OK ch=5 v=0.2552
    OK ch=7 v=0.7580
    OK ch=1 v=0.2758
    OK ch=3 v=0.2566
    OK ch=5 v=0.2378
    OK ch=7 v=0.7677
    OK ch=1 v=0.3460
    OK ch=3 v=0.2899
    OK ch=5 v=0.2330
    OK ch=7 v=0.7630
    OK ch=1 v=0.2631
    OK ch=3 v=0.2663
    OK ch=5 v=0.2377
    OK ch=7 v=0.7643
    OK ch=1 v=0.2267
    OK ch=3 v=0.2444
    OK ch=5 v=0.2309
    OK ch=7 v=0.7731
    OK ch=1 v=0.3152
    OK ch=3 v=0.2802
    OK ch=5 v=0.2329
    OK ch=7 v=0.7659
    OK ch=1 v=0.3623
    OK ch=3 v=0.2870
    OK ch=5 v=0.2264
    OK ch=7 v=0.7722
    OK ch=1 v=0.3222
    OK ch=3 v=0.2854
    OK ch=5 v=0.2315
    OK ch=7 v=0.7715
    OK ch=1 v=0.2339
    OK ch=3 v=0.2570
    OK ch=5 v=0.2393
    OK ch=7 v=0.7672
    OK ch=1 v=0.2020
    OK ch=3 v=0.2449
    OK ch=5 v=0.2297
    OK ch=7 v=0.7718
    OK ch=1 v=0.2872
    OK ch=3 v=0.2701
    OK ch=5 v=0.2417
    OK ch=7 v=0.7659
    OK ch=1 v=0.3370
    OK ch=3 v=0.2895
    OK ch=5 v=0.2462
    OK ch=7 v=0.7670
    OK ch=1 v=0.2779
    OK ch=3 v=0.2827
    OK ch=5 v=0.2471
    OK ch=7 v=0.7643
    OK ch=1 v=0.2183
    OK ch=3 v=0.2636
    OK ch=5 v=0.2574
    OK ch=7 v=0.7561
    OK ch=1 v=0.2443
    OK ch=3 v=0.2528
    OK ch=5 v=0.2543
    OK ch=7 v=0.7605
    OK ch=1 v=0.2948
    OK ch=3 v=0.2699
    OK ch=5 v=0.2658
    OK ch=7 v=0.7541
    OK ch=1 v=0.2230
    OK ch=3 v=0.2579
    OK ch=5 v=0.2591
    OK ch=7 v=0.7519
    OK ch=1 v=0.1621
    OK ch=3 v=0.2346
    OK ch=5 v=0.2583
    OK ch=7 v=0.7503
    OK ch=1 v=0.2308
    OK ch=3 v=0.2449
    OK ch=5 v=0.2683
    OK ch=7 v=0.7448
    OK ch=1 v=0.2747
    OK ch=3 v=0.2595
    OK ch=5 v=0.2569
    OK ch=7 v=0.7549
    OK ch=1 v=0.2785
    OK ch=3 v=0.2789
    OK ch=5 v=0.2557
    OK ch=7 v=0.7494
    OK ch=1 v=0.2203
    OK ch=3 v=0.2582
    OK ch=5 v=0.2539
    OK ch=7 v=0.7524
    OK ch=1 v=0.1912
    OK ch=3 v=0.2388
    OK ch=5 v=0.2520
    OK ch=7 v=0.8455

[trim] ch3 kept at 0.75V -- total offset 560 -> 532 counts.


[trim] ch3 rests at 657 counts (+145 off mid-scale) -- bias -> 1.00V

    OK ch=1 v=0.2805
    OK ch=3 v=0.2724
    OK ch=5 v=0.2539
    OK ch=7 v=0.9348
    OK ch=1 v=0.2930
    OK ch=3 v=0.2778
    OK ch=5 v=0.2395
    OK ch=7 v=1.0149
    OK ch=1 v=0.2250
    OK ch=3 v=0.2582
    OK ch=5 v=0.2468
    OK ch=7 v=1.0076
[   80.2s] DAMPING     ch0:.... g=-0.0303 bp=-0.065V ratio=0.22  ch1:.... g=-0.0300 bp=-0.010V ratio=0.17  ch2:.... g=+0.0100 bp=-0.133V ratio=0.19  ch3:.... g=-0.0302 bp=-0.056V ratio=0.22
    OK ch=1 v=0.2808
    OK ch=3 v=0.2566
    OK ch=5 v=0.2452
    OK ch=7 v=1.0098
    OK ch=1 v=0.2726
    OK ch=3 v=0.2645
    OK ch=5 v=0.2387
    OK ch=7 v=1.0024
    OK ch=1 v=0.2383
    OK ch=3 v=0.2458
    OK ch=5 v=0.2469
    OK ch=7 v=0.9996
    OK ch=1 v=0.3055
    OK ch=3 v=0.2666
    OK ch=5 v=0.2460
    OK ch=7 v=1.0152
    OK ch=1 v=0.2871
    OK ch=3 v=0.2828
    OK ch=5 v=0.2497
    OK ch=7 v=1.0105
    OK ch=1 v=0.2201
    OK ch=3 v=0.2632
    OK ch=5 v=0.2437
    OK ch=7 v=1.0192
    OK ch=1 v=0.2662
    OK ch=3 v=0.2706
    OK ch=5 v=0.2486
    OK ch=7 v=1.0233
    OK ch=1 v=0.3369
    OK ch=3 v=0.2964
    OK ch=5 v=0.2545
    OK ch=7 v=1.0224
    OK ch=1 v=0.2619
    OK ch=3 v=0.2846
    OK ch=5 v=0.2442
    OK ch=7 v=1.0207
    OK ch=1 v=0.1984
    OK ch=3 v=0.2531
    OK ch=5 v=0.2485
    OK ch=7 v=1.0144
    OK ch=1 v=0.2636
    OK ch=3 v=0.2589
    OK ch=7 v=1.0167
    OK ch=1 v=0.2111
    OK ch=3 v=0.2471
    OK ch=5 v=0.2470
    OK ch=7 v=1.0142
    OK ch=1 v=0.2443
    OK ch=3 v=0.2491
    OK ch=7 v=1.0017
    OK ch=1 v=0.2389
    OK ch=3 v=0.2520
    OK ch=5 v=0.2395
    OK ch=7 v=1.0069
    OK ch=1 v=0.2688
    OK ch=3 v=0.2532
    OK ch=5 v=0.2477
    OK ch=7 v=1.0086
    OK ch=1 v=0.3461
    OK ch=3 v=0.2824
    OK ch=5 v=0.2486
    OK ch=7 v=1.0077
    OK ch=1 v=0.2527
    OK ch=3 v=0.2572
    OK ch=5 v=0.2416
    OK ch=7 v=1.0103
    OK ch=1 v=0.2349
    OK ch=3 v=0.2480
    OK ch=5 v=0.2518
    OK ch=7 v=1.0069
    OK ch=1 v=0.2371
    OK ch=3 v=0.2637
    OK ch=5 v=0.2510
    OK ch=7 v=1.0142
    OK ch=1 v=0.1878
    OK ch=3 v=0.2398
    OK ch=5 v=0.2518
    OK ch=7 v=1.0123
    OK ch=1 v=0.2733
    OK ch=3 v=0.2679
    OK ch=5 v=0.2474
    OK ch=7 v=1.0187
    OK ch=1 v=0.2419
    OK ch=3 v=0.2690
    OK ch=5 v=0.2453
    OK ch=7 v=1.0205
    OK ch=1 v=0.1956
    OK ch=3 v=0.2464
    OK ch=5 v=0.2551
    OK ch=7 v=1.0127
    OK ch=1 v=0.2492
    OK ch=3 v=0.2569
    OK ch=5 v=0.2403
    OK ch=7 v=1.0197
    OK ch=1 v=0.3184
    OK ch=3 v=0.2800
    OK ch=7 v=1.0141
    OK ch=1 v=0.2748
    OK ch=3 v=0.2616
    OK ch=5 v=0.2463
    OK ch=7 v=1.0119
    OK ch=1 v=0.2853
    OK ch=3 v=0.2719
    OK ch=5 v=0.2380
    OK ch=7 v=1.0177
    OK ch=1 v=0.2662
    OK ch=3 v=0.2704
    OK ch=5 v=0.2431
    OK ch=7 v=1.0079
    OK ch=1 v=0.1873
    OK ch=3 v=0.2372
    OK ch=5 v=0.2412
    OK ch=7 v=1.0105
    OK ch=1 v=0.2761
    OK ch=3 v=0.2605
    OK ch=5 v=0.2456
    OK ch=7 v=1.0121
    OK ch=1 v=0.3322
    OK ch=3 v=0.2811
    OK ch=5 v=0.2474
    OK ch=7 v=1.0084
    OK ch=1 v=0.2513
    OK ch=3 v=0.2688
    OK ch=5 v=0.2404
    OK ch=7 v=1.0098
    OK ch=1 v=0.2493
    OK ch=3 v=0.2583
    OK ch=5 v=0.2560
    OK ch=1 v=0.2015
    OK ch=3 v=0.2446
    OK ch=1 v=0.2516
    OK ch=3 v=0.2617
    OK ch=5 v=0.2488
    OK ch=7 v=1.0150
    OK ch=1 v=0.2953
    OK ch=3 v=0.2859
    OK ch=5 v=0.2498
    OK ch=7 v=1.0072
    OK ch=1 v=0.2207
    OK ch=3 v=0.2581
    OK ch=5 v=0.2542
    OK ch=7 v=1.0063
    OK ch=1 v=0.2545
    OK ch=3 v=0.2589
    OK ch=5 v=0.2574
    OK ch=7 v=1.0081
    OK ch=1 v=0.3408
    OK ch=3 v=0.2901
    OK ch=5 v=0.2506
    OK ch=1 v=0.2706
    OK ch=3 v=0.2644
    OK ch=5 v=0.2445
    OK ch=7 v=1.0053
    OK ch=1 v=0.2948
    OK ch=3 v=0.2779
    OK ch=5 v=0.2532
    OK ch=7 v=1.0062
    OK ch=1 v=0.2434
    OK ch=3 v=0.2634
    OK ch=5 v=0.2526
    OK ch=1 v=0.2593
    OK ch=5 v=0.2451
    OK ch=7 v=1.0107
    OK ch=1 v=0.2437
    OK ch=3 v=0.2514
    OK ch=5 v=0.2465
    OK ch=7 v=1.0064
    OK ch=1 v=0.2547
    OK ch=3 v=0.2614
    OK ch=5 v=0.2476
    OK ch=7 v=1.0079
    OK ch=1 v=0.1721
    OK ch=3 v=0.2325
    OK ch=7 v=1.0113
    OK ch=1 v=0.2121
    OK ch=3 v=0.2509
    OK ch=5 v=0.2482
    OK ch=7 v=1.0052
    OK ch=1 v=0.2648
    OK ch=3 v=0.2589
    OK ch=5 v=0.2394
    OK ch=7 v=1.0194
    OK ch=1 v=0.3203
    OK ch=3 v=0.2817
    OK ch=5 v=0.2453
    OK ch=7 v=1.0181
    OK ch=1 v=0.2215
    OK ch=3 v=0.2453
    OK ch=7 v=1.0211
    OK ch=1 v=0.2153
    OK ch=3 v=0.2600
    OK ch=5 v=0.2395
    OK ch=1 v=0.2870
    OK ch=3 v=0.2872
    OK ch=5 v=0.2431
    OK ch=7 v=1.0168
    OK ch=1 v=0.2142
    OK ch=3 v=0.2545
    OK ch=5 v=0.2455
    OK ch=7 v=1.0181
    OK ch=1 v=0.2174
    OK ch=3 v=0.2455
    OK ch=5 v=0.2433
    OK ch=7 v=1.0155
    OK ch=1 v=0.3106
    OK ch=3 v=0.2748
    OK ch=7 v=1.0129
    OK ch=1 v=0.2439
    OK ch=3 v=0.2516
    OK ch=5 v=0.2397
    OK ch=7 v=1.0164
    OK ch=1 v=0.3106
    OK ch=3 v=0.2793
    OK ch=5 v=0.2514
    OK ch=7 v=1.0123
    OK ch=1 v=0.2165
    OK ch=3 v=0.2454
    OK ch=5 v=0.2461
    OK ch=7 v=1.0085
    OK ch=1 v=0.2772
    OK ch=3 v=0.2657
    OK ch=5 v=0.2434
    OK ch=7 v=1.0097
    OK ch=1 v=0.2995
    OK ch=3 v=0.2785
    OK ch=5 v=0.2528
    OK ch=7 v=1.0057
    OK ch=1 v=0.2109
    OK ch=3 v=0.2436
    OK ch=5 v=0.2508
    OK ch=7 v=1.0104
    OK ch=1 v=0.2479
    OK ch=3 v=0.2537
    OK ch=5 v=0.2519
    OK ch=7 v=1.0093
    OK ch=1 v=0.3066
    OK ch=3 v=0.2775
    OK ch=5 v=0.2473
    OK ch=7 v=1.0133
    OK ch=1 v=0.2210
    OK ch=3 v=0.2567
    OK ch=5 v=0.2544
    OK ch=7 v=1.0087
    OK ch=1 v=0.2076
    OK ch=3 v=0.2493
    OK ch=7 v=1.0041
    OK ch=1 v=0.2467
    OK ch=3 v=0.2640
    OK ch=5 v=0.2436
    OK ch=7 v=1.0103
    OK ch=1 v=0.2483
    OK ch=3 v=0.2569
    OK ch=5 v=0.2486
    OK ch=7 v=1.0089
    OK ch=1 v=0.3354
    OK ch=3 v=0.2802
    OK ch=5 v=0.2473
    OK ch=7 v=1.0121
    OK ch=1 v=0.3209
    OK ch=3 v=0.2852
    OK ch=5 v=0.2437
    OK ch=7 v=1.0126
    OK ch=1 v=0.2349
    OK ch=3 v=0.2634
    OK ch=5 v=0.2494
    OK ch=7 v=1.0056
    OK ch=1 v=0.2030
    OK ch=3 v=0.2425
    OK ch=5 v=0.2476
    OK ch=7 v=1.0136
    OK ch=1 v=0.2742
    OK ch=3 v=0.2620
    OK ch=1 v=0.3219
    OK ch=3 v=0.2861
    OK ch=7 v=1.0094
    OK ch=1 v=0.2999
    OK ch=3 v=0.2758
    OK ch=5 v=0.2410
    OK ch=7 v=1.0160
    OK ch=1 v=0.2263
    OK ch=3 v=0.2599
    OK ch=5 v=0.2455
    OK ch=7 v=1.0078
    OK ch=1 v=0.2077
    OK ch=3 v=0.2439
    OK ch=5 v=0.2484
    OK ch=7 v=1.0125
    OK ch=1 v=0.2917
    OK ch=3 v=0.2711
    OK ch=5 v=0.2443
    OK ch=7 v=1.0153
    OK ch=1 v=0.2771
    OK ch=3 v=0.2773
    OK ch=7 v=1.0109
    OK ch=1 v=0.2907
    OK ch=3 v=0.2705
    OK ch=5 v=0.2468
    OK ch=7 v=1.0126
    OK ch=1 v=0.2635
    OK ch=3 v=0.2676
    OK ch=5 v=0.2491
    OK ch=1 v=0.2763
    OK ch=3 v=0.2719
    OK ch=5 v=0.2509
    OK ch=7 v=1.0086
    OK ch=1 v=0.2155
    OK ch=3 v=0.2536
    OK ch=5 v=0.2442
    OK ch=7 v=1.0123
    OK ch=1 v=0.1857
    OK ch=3 v=0.2367
    OK ch=5 v=0.2532
    OK ch=7 v=1.0080
    OK ch=1 v=0.2410
    OK ch=3 v=0.2463
    OK ch=5 v=0.2517
    OK ch=7 v=1.0085
    OK ch=1 v=0.3122
    OK ch=3 v=0.2799
    OK ch=5 v=0.2426
    OK ch=7 v=1.0145
    OK ch=1 v=0.2537
    OK ch=3 v=0.2681
    OK ch=5 v=0.2492
    OK ch=7 v=1.0110
    OK ch=1 v=0.1984
    OK ch=3 v=0.2476
    OK ch=7 v=1.0118
    OK ch=1 v=0.2605
    OK ch=3 v=0.2685
    OK ch=5 v=0.2476
    OK ch=7 v=1.0095
    OK ch=1 v=0.2351
    OK ch=3 v=0.2516
    OK ch=7 v=1.0086
    OK ch=1 v=0.2160
    OK ch=3 v=0.2464
    OK ch=5 v=0.2437
    OK ch=7 v=1.0119
    OK ch=1 v=0.3153
    OK ch=3 v=0.2806
    OK ch=5 v=0.2482
    OK ch=7 v=1.0103
    OK ch=1 v=0.2746
    OK ch=3 v=0.2730
    OK ch=5 v=0.2460
    OK ch=7 v=1.0140
    OK ch=1 v=0.2089
    OK ch=3 v=0.2561
    OK ch=5 v=0.2443
    OK ch=1 v=0.2750
    OK ch=3 v=0.2773
    OK ch=5 v=0.2483
    OK ch=1 v=0.2776
    OK ch=3 v=0.2602
    OK ch=7 v=1.0172
    OK ch=1 v=0.2061
    OK ch=3 v=0.2388
    OK ch=5 v=0.2461
    OK ch=7 v=1.0160
    OK ch=1 v=0.2559
    OK ch=3 v=0.2600
    OK ch=5 v=0.2487
    OK ch=7 v=1.0116
    OK ch=1 v=0.2816
    OK ch=3 v=0.2755
    OK ch=5 v=0.2423
    OK ch=7 v=1.0151
    OK ch=1 v=0.2159
    OK ch=3 v=0.2575
    OK ch=5 v=0.2478
    OK ch=7 v=1.0095
    OK ch=1 v=0.2306
    OK ch=3 v=0.2471
    OK ch=7 v=1.0113
    OK ch=1 v=0.2097
    OK ch=3 v=0.2490
    OK ch=5 v=0.2419
    OK ch=1 v=0.2815
    OK ch=3 v=0.2742
    OK ch=5 v=0.2444
    OK ch=7 v=1.0102
    OK ch=1 v=0.2495
    OK ch=3 v=0.2566
    OK ch=5 v=0.2525
    OK ch=1 v=0.2881
    OK ch=3 v=0.2779
    OK ch=5 v=0.2472
    OK ch=7 v=1.0141
    OK ch=1 v=0.2642
    OK ch=3 v=0.2722
    OK ch=5 v=0.2478
    OK ch=7 v=1.0071
    OK ch=1 v=0.2539
    OK ch=3 v=0.2560
    OK ch=5 v=0.2464
    OK ch=7 v=1.0108
    OK ch=1 v=0.3147
    OK ch=3 v=0.2819
    OK ch=5 v=0.2514
    OK ch=7 v=1.0095
    OK ch=1 v=0.2227
    OK ch=3 v=0.2509
    OK ch=7 v=1.0089
    OK ch=1 v=0.2038
    OK ch=3 v=0.2455
    OK ch=5 v=0.2468
    OK ch=7 v=1.0109
    OK ch=1 v=0.2971
    OK ch=3 v=0.2704
    OK ch=5 v=0.2510
    OK ch=7 v=1.0094
    OK ch=1 v=0.3240
    OK ch=3 v=0.2845
    OK ch=5 v=0.2474
    OK ch=7 v=1.0146
    OK ch=1 v=0.2351
    OK ch=3 v=0.2566
    OK ch=5 v=0.2485
    OK ch=7 v=1.0075
    OK ch=1 v=0.2092
    OK ch=3 v=0.2463
    OK ch=1 v=0.2591
    OK ch=3 v=0.2641
    OK ch=5 v=0.2451
    OK ch=7 v=1.0122
    OK ch=1 v=0.3241
    OK ch=3 v=0.2799
    OK ch=5 v=0.2475
    OK ch=7 v=1.0136
    OK ch=1 v=0.2966
    OK ch=5 v=0.2466
    OK ch=7 v=1.0121
[   85.3s] DAMPING     ch0:.... g=-0.0300 bp=+0.144V ratio=0.14  ch1:.... g=-0.0300 bp=+0.045V ratio=0.10  ch2:.... g=+0.0100 bp=-0.017V ratio=0.02  ch3:.... g=-0.0300 bp=-0.007V ratio=0.05
    OK ch=1 v=0.2716
    OK ch=3 v=0.2671
    OK ch=5 v=0.2421
    OK ch=7 v=1.0152
    OK ch=1 v=0.2254
    OK ch=3 v=0.2582
    OK ch=5 v=0.2471
    OK ch=7 v=1.0123
    OK ch=1 v=0.1834
    OK ch=3 v=0.2378
    OK ch=5 v=0.2489
    OK ch=1 v=0.2470
    OK ch=3 v=0.2638
    OK ch=5 v=0.2416
    OK ch=7 v=1.0171
    OK ch=1 v=0.2232
    OK ch=3 v=0.2510
    OK ch=5 v=0.2445
    OK ch=7 v=1.0101
    OK ch=1 v=0.3048
    OK ch=3 v=0.2717
    OK ch=5 v=0.2434
    OK ch=7 v=1.0139
    OK ch=1 v=0.2381
    OK ch=3 v=0.2614
    OK ch=5 v=0.2483
    OK ch=7 v=1.0123
    OK ch=1 v=0.2671
    OK ch=3 v=0.2602
    OK ch=5 v=0.2452
    OK ch=7 v=1.0149
    OK ch=1 v=0.2919
    OK ch=3 v=0.2781
    OK ch=7 v=1.0161
    OK ch=1 v=0.2948
    OK ch=3 v=0.2718
    OK ch=5 v=0.2519
    OK ch=7 v=1.0111
    OK ch=1 v=0.2430
    OK ch=3 v=0.2642
    OK ch=5 v=0.2484
    OK ch=7 v=1.0121
    OK ch=1 v=0.1846
    OK ch=3 v=0.2422
    OK ch=7 v=1.0060
    OK ch=1 v=0.2509
    OK ch=3 v=0.2725
    OK ch=5 v=0.2501
    OK ch=1 v=0.3029
    OK ch=3 v=0.2713
    OK ch=5 v=0.2481
    OK ch=7 v=1.0103
    OK ch=1 v=0.2957
    OK ch=3 v=0.2723
    OK ch=5 v=0.2491
    OK ch=7 v=1.0070
    OK ch=1 v=0.2066
    OK ch=3 v=0.2442
    OK ch=5 v=0.2502
    OK ch=1 v=0.2696
    OK ch=3 v=0.2653
    OK ch=5 v=0.2460
    OK ch=7 v=1.0131
    OK ch=1 v=0.2720
    OK ch=3 v=0.2672
    OK ch=5 v=0.2517
    OK ch=7 v=1.0084
    OK ch=1 v=0.1894
    OK ch=3 v=0.2427
    OK ch=5 v=0.2506
    OK ch=7 v=1.0112
    OK ch=1 v=0.2637
    OK ch=3 v=0.2574
    OK ch=5 v=0.2438
    OK ch=7 v=1.0132
    OK ch=1 v=0.3257
    OK ch=3 v=0.2798
    OK ch=5 v=0.2483
    OK ch=7 v=1.0096
    OK ch=1 v=0.2533
    OK ch=3 v=0.2672
    OK ch=5 v=0.2461
    OK ch=7 v=1.0132
    OK ch=1 v=0.2289
    OK ch=3 v=0.2517
    OK ch=5 v=0.2487
    OK ch=7 v=1.0099
    OK ch=1 v=0.2787
    OK ch=3 v=0.2728
    OK ch=5 v=0.2429
    OK ch=7 v=1.0158
    OK ch=1 v=0.2052
    OK ch=3 v=0.2496
    OK ch=5 v=0.2477
    OK ch=7 v=1.0129
    OK ch=1 v=0.2537
    OK ch=3 v=0.2552
    OK ch=7 v=1.0118
    OK ch=1 v=0.2115
    OK ch=3 v=0.2479
    OK ch=5 v=0.2399
    OK ch=7 v=1.0127
    OK ch=1 v=0.3058
    OK ch=3 v=0.2833
    OK ch=5 v=0.2428
    OK ch=7 v=1.0135
    OK ch=1 v=0.3078
    OK ch=5 v=0.2466
    OK ch=1 v=0.2578
    OK ch=3 v=0.2517
    OK ch=7 v=1.0158
    OK ch=1 v=0.2738
    OK ch=3 v=0.2712
    OK ch=5 v=0.2454
    OK ch=7 v=1.0127
    OK ch=1 v=0.2528
    OK ch=3 v=0.2667
    OK ch=5 v=0.2475
    OK ch=7 v=1.0101
    OK ch=1 v=0.1925
    OK ch=3 v=0.2465
    OK ch=5 v=0.2492
    OK ch=7 v=1.0111
    OK ch=1 v=0.2315
    OK ch=3 v=0.2449
    OK ch=5 v=0.2538
    OK ch=7 v=1.0090
    OK ch=1 v=0.2779
    OK ch=3 v=0.2616
    OK ch=5 v=0.2456
    OK ch=7 v=1.0117
    OK ch=1 v=0.3021
    OK ch=3 v=0.2815
    OK ch=5 v=0.2473
    OK ch=7 v=1.0109
    OK ch=1 v=0.2143
    OK ch=3 v=0.2537
    OK ch=5 v=0.2544
    OK ch=7 v=1.0075
    OK ch=1 v=0.1994
    OK ch=3 v=0.2425
    OK ch=5 v=0.2481
    OK ch=7 v=1.0106
    OK ch=1 v=0.2697
    OK ch=3 v=0.2619
    OK ch=7 v=1.0069
    OK ch=1 v=0.2398
    OK ch=3 v=0.2567
    OK ch=5 v=0.2493
    OK ch=7 v=1.0089
    OK ch=1 v=0.3030
    OK ch=3 v=0.2720
    OK ch=5 v=0.2486
    OK ch=7 v=1.0140
    OK ch=1 v=0.3321
    OK ch=3 v=0.2857
    OK ch=5 v=0.2503
    OK ch=7 v=1.0107
    OK ch=1 v=0.2469
    OK ch=3 v=0.2690
    OK ch=5 v=0.2448
    OK ch=1 v=0.2523
    OK ch=3 v=0.2683
    OK ch=5 v=0.2466
    OK ch=7 v=1.0085
    OK ch=1 v=0.2133
    OK ch=3 v=0.2416
    OK ch=5 v=0.2509
    OK ch=7 v=1.0117
    OK ch=1 v=0.2874
    OK ch=3 v=0.2715
    OK ch=5 v=0.2420
    OK ch=7 v=1.0123
    OK ch=1 v=0.2251
    OK ch=3 v=0.2548
    OK ch=5 v=0.2453
    OK ch=1 v=0.2732
    OK ch=3 v=0.2696
    OK ch=5 v=0.2460
    OK ch=7 v=1.0156
    OK ch=1 v=0.2354
    OK ch=3 v=0.2577
    OK ch=5 v=0.2450
    OK ch=7 v=1.0126
    OK ch=1 v=0.2364
    OK ch=3 v=0.2503
    OK ch=5 v=0.2460
    OK ch=1 v=0.2463
    OK ch=3 v=0.2644
    OK ch=5 v=0.2401
    OK ch=7 v=1.0148
    OK ch=1 v=0.2336
    OK ch=3 v=0.2571
    OK ch=5 v=0.2457
    OK ch=7 v=1.0128

*** LOCKED -- 12.3s after gain was applied (t=87.5s total) ***

    OK ch=1 v=0.2802
    OK ch=3 v=0.2605
    OK ch=5 v=0.2489
    OK ch=1 v=0.2251
    OK ch=3 v=0.2501
    OK ch=5 v=0.2439
    OK ch=7 v=1.0148
    OK ch=1 v=0.3134
    OK ch=3 v=0.2794
    OK ch=5 v=0.2462
    OK ch=7 v=1.0138
    OK ch=1 v=0.3182
    OK ch=3 v=0.2871
    OK ch=7 v=1.0149
    OK ch=1 v=0.2497
    OK ch=3 v=0.2619
    OK ch=5 v=0.2490
    OK ch=7 v=1.0162
    OK ch=1 v=0.2833
    OK ch=3 v=0.2721
    OK ch=5 v=0.2508
    OK ch=7 v=1.0075
    OK ch=1 v=0.2280
    OK ch=3 v=0.2618
    OK ch=5 v=0.2465
    OK ch=7 v=1.0082
    OK ch=1 v=0.1918
    OK ch=3 v=0.2469
    OK ch=5 v=0.2535
    OK ch=7 v=1.0070
    OK ch=1 v=0.2015
    OK ch=3 v=0.2402
    OK ch=7 v=1.0037
    OK ch=1 v=0.2677
    OK ch=3 v=0.2692
    OK ch=5 v=0.2439
    OK ch=7 v=1.0065
    OK ch=1 v=0.2421
    OK ch=3 v=0.2524
    OK ch=5 v=0.2484
    OK ch=1 v=0.3089
    OK ch=3 v=0.2822
    OK ch=5 v=0.2500
    OK ch=7 v=1.0109
    OK ch=1 v=0.2672
    OK ch=3 v=0.2700
    OK ch=5 v=0.2491
    OK ch=1 v=0.3206
    OK ch=3 v=0.2787
    OK ch=5 v=0.2482
    OK ch=7 v=1.0116
    OK ch=1 v=0.2958
    OK ch=3 v=0.2782
    OK ch=1 v=0.2461
    OK ch=3 v=0.2486
    OK ch=5 v=0.2471
    OK ch=7 v=1.0132
    OK ch=1 v=0.1795
    OK ch=3 v=0.2374
    OK ch=5 v=0.2512
    OK ch=1 v=0.2457
    OK ch=3 v=0.2684
    OK ch=5 v=0.2493
    OK ch=7 v=1.0116
    OK ch=1 v=0.2281
    OK ch=3 v=0.2567
    OK ch=5 v=0.2429
    OK ch=7 v=1.0148
    OK ch=1 v=0.2323
    OK ch=3 v=0.2508
    OK ch=5 v=0.2447
    OK ch=7 v=1.0108
    OK ch=1 v=0.2688
    OK ch=3 v=0.2578
    OK ch=5 v=0.2455
    OK ch=7 v=1.0115
    OK ch=1 v=0.3207
    OK ch=3 v=0.2752
    OK ch=5 v=0.2414
    OK ch=7 v=1.0151
    OK ch=1 v=0.3403
    OK ch=3 v=0.2883
    OK ch=5 v=0.2439
    OK ch=7 v=1.0145
    OK ch=1 v=0.2700
    OK ch=3 v=0.2753
    OK ch=7 v=1.0132
    OK ch=1 v=0.2682
    OK ch=3 v=0.2660
    OK ch=5 v=0.2464
    OK ch=7 v=1.0195
    OK ch=1 v=0.2181
    OK ch=3 v=0.2561
    OK ch=5 v=0.2490
    OK ch=7 v=1.0119
    OK ch=1 v=0.1686
    OK ch=3 v=0.2374
    OK ch=5 v=0.2446
    OK ch=7 v=1.0101
    OK ch=1 v=0.1959
    OK ch=3 v=0.2394
    OK ch=5 v=0.2501
    OK ch=7 v=1.0077
    OK ch=1 v=0.2851
    OK ch=3 v=0.2696
    OK ch=5 v=0.2463
    OK ch=7 v=1.0143
    OK ch=1 v=0.3299
    OK ch=3 v=0.2824
    OK ch=5 v=0.2423
    OK ch=7 v=1.0132
    OK ch=1 v=0.2882
    OK ch=3 v=0.2788
    OK ch=5 v=0.2487
    OK ch=7 v=1.0110
    OK ch=1 v=0.1992
    OK ch=3 v=0.2429
    OK ch=5 v=0.2531
    OK ch=1 v=0.2654
    OK ch=3 v=0.2701
    OK ch=5 v=0.2514
    OK ch=3 v=0.2641
    OK ch=5 v=0.2522
    OK ch=7 v=1.0096
    OK ch=1 v=0.1992
    OK ch=3 v=0.2477
    OK ch=5 v=0.2473
    OK ch=7 v=1.0086
    OK ch=1 v=0.2054
    OK ch=3 v=0.2455
    OK ch=5 v=0.2491
    OK ch=7 v=1.0070
    OK ch=1 v=0.2989
    OK ch=3 v=0.2726
    OK ch=5 v=0.2508
    OK ch=7 v=1.0097
    OK ch=1 v=0.2626
    OK ch=3 v=0.2702
    OK ch=5 v=0.2462
    OK ch=7 v=1.0064
    OK ch=1 v=0.2702
    OK ch=3 v=0.2623
    OK ch=5 v=0.2494
    OK ch=7 v=1.0081
    OK ch=1 v=0.3095
    OK ch=3 v=0.2759
    OK ch=5 v=0.2470
    OK ch=7 v=1.0134
    OK ch=1 v=0.2112
    OK ch=3 v=0.2500
    OK ch=5 v=0.2497
    OK ch=7 v=1.0104
    OK ch=1 v=0.2594
    OK ch=3 v=0.2595
    OK ch=5 v=0.2459
    OK ch=7 v=1.0128
    OK ch=1 v=0.2901
    OK ch=3 v=0.2717
    OK ch=5 v=0.2445
    OK ch=7 v=1.0164
    OK ch=1 v=0.2627
    OK ch=3 v=0.2692
    OK ch=5 v=0.2486
    OK ch=7 v=1.0107
    OK ch=1 v=0.1792
    OK ch=3 v=0.2406
    OK ch=5 v=0.2444
    OK ch=7 v=1.0135
    OK ch=1 v=0.2267
    OK ch=3 v=0.2515
    OK ch=7 v=1.0121
    OK ch=1 v=0.2327
    OK ch=3 v=0.2572
    OK ch=5 v=0.2468
    OK ch=7 v=1.0104
    OK ch=1 v=0.2838
    OK ch=3 v=0.2657
    OK ch=5 v=0.2440
    OK ch=7 v=1.0162
    OK ch=1 v=0.3292
    OK ch=3 v=0.2908
    OK ch=5 v=0.2451
    OK ch=7 v=1.0131
    OK ch=1 v=0.2669
    OK ch=3 v=0.2759
    OK ch=5 v=0.2433
    OK ch=7 v=1.0118
    OK ch=1 v=0.2005
    OK ch=3 v=0.2515
    OK ch=5 v=0.2474
    OK ch=7 v=1.0125
    OK ch=1 v=0.2338
    OK ch=3 v=0.2483
    OK ch=5 v=0.2527
    OK ch=1 v=0.2219
    OK ch=3 v=0.2552
    OK ch=5 v=0.2454
    OK ch=1 v=0.2926
    OK ch=3 v=0.2795
    OK ch=5 v=0.2437
    OK ch=7 v=1.0114
    OK ch=1 v=0.2735
    OK ch=3 v=0.2675
    OK ch=5 v=0.2492
    OK ch=7 v=1.0097
    OK ch=1 v=0.2140
    OK ch=3 v=0.2437
    OK ch=5 v=0.2512
    OK ch=7 v=1.0111
    OK ch=1 v=0.3128
    OK ch=3 v=0.2811
    OK ch=5 v=0.2491
    OK ch=7 v=1.0092
    OK ch=1 v=0.2181
    OK ch=3 v=0.2491
    OK ch=5 v=0.2472
    OK ch=7 v=1.0086
    OK ch=1 v=0.2584
    OK ch=3 v=0.2556
    OK ch=5 v=0.2518
    OK ch=7 v=1.0062
    OK ch=1 v=0.3189
    OK ch=3 v=0.2813
    OK ch=5 v=0.2486
    OK ch=7 v=1.0114
    OK ch=1 v=0.2305
    OK ch=3 v=0.2569
    OK ch=5 v=0.2454
    OK ch=7 v=1.0125
    OK ch=1 v=0.2004
    OK ch=3 v=0.2462
    OK ch=5 v=0.2505
    OK ch=7 v=1.0102
    OK ch=1 v=0.2795
    OK ch=3 v=0.2609
    OK ch=5 v=0.2474
    OK ch=7 v=1.0149
    OK ch=1 v=0.3122
    OK ch=3 v=0.2829
    OK ch=5 v=0.2449
    OK ch=7 v=1.0111
    OK ch=1 v=0.2687
    OK ch=3 v=0.2726
    OK ch=5 v=0.2466
    OK ch=7 v=1.0082
    OK ch=1 v=0.1953
    OK ch=3 v=0.2424
    OK ch=5 v=0.2460
    OK ch=7 v=1.0136
[   90.3s] DAMPING     ch0:LOCK g=-0.0300 bp=-0.061V ratio=0.13  ch1:LOCK g=-0.0300 bp=-0.018V ratio=0.10  ch2:LOCK g=+0.0100 bp=-0.006V ratio=0.02  ch3:LOCK g=-0.0300 bp=-0.003V ratio=0.04
    OK ch=1 v=0.2837
    OK ch=3 v=0.2699
    OK ch=5 v=0.2471
    OK ch=7 v=1.0150
    OK ch=1 v=0.3119
    OK ch=3 v=0.2792
    OK ch=5 v=0.2424
    OK ch=7 v=1.0140
    OK ch=1 v=0.2258
    OK ch=3 v=0.2582
    OK ch=5 v=0.2451
    OK ch=7 v=1.0116
    OK ch=1 v=0.2044
    OK ch=3 v=0.2430
    OK ch=5 v=0.2492
    OK ch=7 v=1.0076
    OK ch=1 v=0.2447
    OK ch=3 v=0.2530
    OK ch=5 v=0.2436
    OK ch=7 v=1.0175
    OK ch=1 v=0.3105
    OK ch=3 v=0.2784
    OK ch=5 v=0.2468
    OK ch=7 v=1.0148
    OK ch=1 v=0.2610
    OK ch=3 v=0.2728
    OK ch=7 v=1.0129
    OK ch=1 v=0.2785
    OK ch=3 v=0.2699
    OK ch=7 v=1.0144
    OK ch=1 v=0.2124
    OK ch=3 v=0.2453
    OK ch=5 v=0.2504
    OK ch=7 v=1.0090
    OK ch=1 v=0.2142
    OK ch=3 v=0.2475
    OK ch=5 v=0.2463
    OK ch=7 v=1.0095
    OK ch=1 v=0.2803
    OK ch=3 v=0.2663
    OK ch=7 v=1.0113
    OK ch=1 v=0.2411
    OK ch=3 v=0.2570
    OK ch=5 v=0.2528
    OK ch=7 v=1.0069
    OK ch=1 v=0.3089
    OK ch=3 v=0.2803
    OK ch=5 v=0.2487
    OK ch=7 v=1.0098
    OK ch=1 v=0.3010
    OK ch=3 v=0.2828
    OK ch=5 v=0.2479
    OK ch=1 v=0.2790
    OK ch=3 v=0.2660
    OK ch=5 v=0.2513
    OK ch=7 v=1.0104
    OK ch=1 v=0.2405
    OK ch=3 v=0.2613
    OK ch=5 v=0.2502
    OK ch=7 v=1.0121
    OK ch=1 v=0.1888
    OK ch=3 v=0.2377
    OK ch=5 v=0.2528
    OK ch=7 v=1.0077
    OK ch=1 v=0.2834
    OK ch=3 v=0.2708
    OK ch=5 v=0.2450
    OK ch=7 v=1.0108
    OK ch=1 v=0.1993
    OK ch=3 v=0.2448
    OK ch=5 v=0.2488
    OK ch=7 v=1.0095
    OK ch=1 v=0.2741
    OK ch=3 v=0.2590
    OK ch=5 v=0.2461
    OK ch=1 v=0.2223
    OK ch=3 v=0.2487
    OK ch=5 v=0.2427
    OK ch=7 v=1.0123
    OK ch=1 v=0.3113
    OK ch=3 v=0.2774
    OK ch=5 v=0.2458
    OK ch=7 v=1.0117
    OK ch=1 v=0.3182
    OK ch=3 v=0.2870
    OK ch=7 v=1.0140
    OK ch=1 v=0.2620
    OK ch=3 v=0.2647
    OK ch=7 v=1.0162
    OK ch=1 v=0.1959
    OK ch=3 v=0.2465
    OK ch=5 v=0.2491
    OK ch=7 v=1.0082
    OK ch=1 v=0.1931
    OK ch=3 v=0.2452
    OK ch=5 v=0.2461
    OK ch=7 v=1.0155
    OK ch=1 v=0.2816
    OK ch=3 v=0.2747
    OK ch=5 v=0.2437
    OK ch=7 v=1.0166
    OK ch=1 v=0.3129
    OK ch=3 v=0.2840
    OK ch=5 v=0.2456
    OK ch=7 v=1.0090
    OK ch=1 v=0.2383
    OK ch=3 v=0.2660
    OK ch=5 v=0.2430
    OK ch=7 v=1.0141
    OK ch=1 v=0.1862
    OK ch=3 v=0.2400
    OK ch=5 v=0.2471
    OK ch=7 v=1.0128
    OK ch=1 v=0.2302
    OK ch=3 v=0.2467
    OK ch=5 v=0.2487
    OK ch=1 v=0.2083
    OK ch=3 v=0.2458
    OK ch=5 v=0.2460
    OK ch=7 v=1.0101
    OK ch=1 v=0.2983
    OK ch=3 v=0.2698
    OK ch=5 v=0.2467
    OK ch=1 v=0.2425
    OK ch=3 v=0.2593
    OK ch=7 v=1.0113
    OK ch=1 v=0.2231
    OK ch=3 v=0.2548
    OK ch=5 v=0.2499
    OK ch=7 v=1.0105
    OK ch=1 v=0.3219
    OK ch=3 v=0.2869
    OK ch=5 v=0.2517
    OK ch=7 v=1.0095
    OK ch=1 v=0.2280
    OK ch=3 v=0.2635
    OK ch=5 v=0.2487
    OK ch=7 v=1.0078
    OK ch=1 v=0.2503
    OK ch=3 v=0.2578
    OK ch=5 v=0.2530
    OK ch=7 v=1.0067
    OK ch=1 v=0.3204
    OK ch=3 v=0.2769
    OK ch=5 v=0.2510
    OK ch=7 v=1.0131
    OK ch=1 v=0.2369
    OK ch=3 v=0.2632
    OK ch=5 v=0.2488
    OK ch=7 v=1.0103
    OK ch=1 v=0.2078
    OK ch=3 v=0.2440
    OK ch=5 v=0.2500
    OK ch=7 v=1.0070
    OK ch=1 v=0.2937
    OK ch=3 v=0.2684
    OK ch=5 v=0.2463
    OK ch=7 v=1.0163
    OK ch=1 v=0.2848
    OK ch=3 v=0.2740
    OK ch=5 v=0.2478
    OK ch=7 v=1.0106
    OK ch=1 v=0.2224
    OK ch=3 v=0.2580
    OK ch=5 v=0.2433
    OK ch=7 v=1.0076
    OK ch=1 v=0.2200
    OK ch=3 v=0.2451
    OK ch=5 v=0.2449
    OK ch=7 v=1.0133
    OK ch=1 v=0.3090
    OK ch=3 v=0.2760
    OK ch=5 v=0.2462
    OK ch=7 v=1.0114
    OK ch=1 v=0.2654
    OK ch=3 v=0.2709
    OK ch=5 v=0.2428
    OK ch=7 v=1.0135
    OK ch=1 v=0.2149
    OK ch=3 v=0.2528
    OK ch=5 v=0.2462
    OK ch=1 v=0.2327
    OK ch=3 v=0.2607
    OK ch=5 v=0.2442
    OK ch=7 v=1.0150
    OK ch=1 v=0.2644
    OK ch=3 v=0.2563
    OK ch=5 v=0.2449
    OK ch=7 v=1.0184
    OK ch=1 v=0.2899
    OK ch=3 v=0.2764
    OK ch=5 v=0.2457
    OK ch=7 v=1.0138
    OK ch=1 v=0.2045
    OK ch=3 v=0.2470
    OK ch=5 v=0.2430
    OK ch=7 v=1.0164
    OK ch=1 v=0.2354
    OK ch=3 v=0.2545
    OK ch=5 v=0.2490
    OK ch=7 v=1.0113
    OK ch=1 v=0.3216
    OK ch=3 v=0.2835
    OK ch=5 v=0.2464
    OK ch=7 v=1.0147
    OK ch=1 v=0.3083
    OK ch=7 v=1.0115
    OK ch=1 v=0.2579
    OK ch=3 v=0.2566
    OK ch=5 v=0.2493
    OK ch=7 v=1.0047
    OK ch=1 v=0.2142
    OK ch=3 v=0.2438
    OK ch=5 v=0.2519
    OK ch=7 v=1.0094
    OK ch=1 v=0.2982
    OK ch=3 v=0.2737
    OK ch=5 v=0.2502
    OK ch=1 v=0.2658
    OK ch=3 v=0.2625
    OK ch=7 v=1.0066
    OK ch=1 v=0.1941
    OK ch=3 v=0.2417
    OK ch=5 v=0.2496
    OK ch=1 v=0.2430
    OK ch=3 v=0.2641
    OK ch=5 v=0.2505
    OK ch=7 v=1.0087
    OK ch=1 v=0.2297
    OK ch=3 v=0.2553
    OK ch=5 v=0.2530
    OK ch=7 v=1.0011
    OK ch=1 v=0.2192
    OK ch=3 v=0.2483
    OK ch=5 v=0.2477
    OK ch=7 v=1.0083
    OK ch=1 v=0.2729
    OK ch=3 v=0.2607
    OK ch=5 v=0.2463
    OK ch=7 v=1.0112
    OK ch=1 v=0.3491
    OK ch=3 v=0.2898
    OK ch=5 v=0.2481
    OK ch=7 v=1.0122
    OK ch=1 v=0.2981
    OK ch=3 v=0.2819
    OK ch=7 v=1.0136
    OK ch=1 v=0.2611
    OK ch=3 v=0.2627
    OK ch=5 v=0.2489
    OK ch=1 v=0.1948
    OK ch=3 v=0.2465
    OK ch=5 v=0.2499
    OK ch=7 v=1.0130
    OK ch=1 v=0.1901
    OK ch=3 v=0.2409
    OK ch=5 v=0.2465
    OK ch=7 v=1.0148
    OK ch=1 v=0.2785
    OK ch=3 v=0.2768
    OK ch=7 v=1.0128
    OK ch=1 v=0.2340
    OK ch=3 v=0.2535
    OK ch=5 v=0.2439
    OK ch=7 v=1.0121
    OK ch=1 v=0.2531
    OK ch=3 v=0.2568
    OK ch=5 v=0.2410
    OK ch=1 v=0.2434
    OK ch=3 v=0.2640
    OK ch=5 v=0.2446
    OK ch=7 v=1.0115
    OK ch=1 v=0.2240
    OK ch=3 v=0.2527
    OK ch=7 v=1.0126
    OK ch=1 v=0.2617
    OK ch=3 v=0.2680
    OK ch=5 v=0.2435
    OK ch=7 v=1.0136
    OK ch=1 v=0.2972
    OK ch=5 v=0.2446
    OK ch=1 v=0.3328
    OK ch=3 v=0.2863
    OK ch=5 v=0.2437
    OK ch=7 v=1.0159
    OK ch=1 v=0.2339
    OK ch=3 v=0.2542
    OK ch=5 v=0.2484
    OK ch=7 v=1.0146
    OK ch=1 v=0.2693
    OK ch=3 v=0.2668
    OK ch=5 v=0.2502
    OK ch=1 v=0.2044
    OK ch=3 v=0.2536
    OK ch=5 v=0.2478
    OK ch=1 v=0.2705
    OK ch=3 v=0.2778
    OK ch=5 v=0.2464
    OK ch=7 v=1.0133
    OK ch=1 v=0.2627
    OK ch=3 v=0.2700
    OK ch=5 v=0.2521
    OK ch=7 v=1.0051
    OK ch=1 v=0.1984
    OK ch=3 v=0.2402
    OK ch=5 v=0.2497
    OK ch=7 v=1.0104
    OK ch=1 v=0.2868
    OK ch=3 v=0.2686
    OK ch=5 v=0.2475
    OK ch=7 v=1.0093
    OK ch=1 v=0.3226
    OK ch=3 v=0.2787
    OK ch=5 v=0.2469
    OK ch=7 v=1.0098
    OK ch=1 v=0.2316
    OK ch=3 v=0.2604
    OK ch=5 v=0.2505
    OK ch=1 v=0.2827
    OK ch=3 v=0.2706
    OK ch=5 v=0.2499
    OK ch=7 v=1.0088
    OK ch=1 v=0.1996
    OK ch=3 v=0.2453
    OK ch=5 v=0.2460
    OK ch=7 v=1.0097
    OK ch=1 v=0.2024
    OK ch=3 v=0.2387
    OK ch=5 v=0.2482
    OK ch=7 v=1.0083
    OK ch=1 v=0.2961
    OK ch=3 v=0.2699
    OK ch=5 v=0.2475
    OK ch=7 v=1.0117
    OK ch=1 v=0.3092
    OK ch=3 v=0.2813
    OK ch=5 v=0.2428
    OK ch=7 v=1.0147
    OK ch=1 v=0.2550
    OK ch=3 v=0.2697
    OK ch=5 v=0.2463
    OK ch=7 v=1.0107
    OK ch=1 v=0.2084
    OK ch=3 v=0.2496
    OK ch=7 v=1.0126
    OK ch=1 v=0.2649
    OK ch=3 v=0.2674
    OK ch=1 v=0.2351
    OK ch=3 v=0.2540
    OK ch=5 v=0.2476
    OK ch=1 v=0.2368
    OK ch=3 v=0.2570
    OK ch=5 v=0.2460
    OK ch=7 v=1.0121
    OK ch=1 v=0.2865
    OK ch=3 v=0.2656
    OK ch=5 v=0.2451
    OK ch=7 v=1.0152
    OK ch=1 v=0.3341
    OK ch=3 v=0.2878
    OK ch=5 v=0.2479
    OK ch=7 v=1.0119
    OK ch=1 v=0.2400
    OK ch=3 v=0.2518
    OK ch=5 v=0.2457
    OK ch=1 v=0.2321
    OK ch=3 v=0.2626
    OK ch=5 v=0.2466
    OK ch=1 v=0.2995
    OK ch=3 v=0.2792
    OK ch=5 v=0.2497
    OK ch=7 v=1.0128
    OK ch=1 v=0.2501
    OK ch=3 v=0.2649
    OK ch=7 v=1.0112
    OK ch=1 v=0.2909
    OK ch=3 v=0.2718
    OK ch=5 v=0.2480
    OK ch=7 v=1.0097
    OK ch=1 v=0.1921
    OK ch=3 v=0.2407
    OK ch=5 v=0.2491
    OK ch=7 v=1.0088
    OK ch=1 v=0.2500
    OK ch=3 v=0.2503
    OK ch=5 v=0.2485
    OK ch=7 v=1.0108
    OK ch=1 v=0.3030
    OK ch=3 v=0.2752
    OK ch=5 v=0.2502
    OK ch=7 v=1.0091
    OK ch=1 v=0.2490
    OK ch=3 v=0.2646
    OK ch=5 v=0.2460
    OK ch=7 v=1.0097
    OK ch=1 v=0.2213
    OK ch=3 v=0.2459
    OK ch=5 v=0.2494
    OK ch=7 v=1.0073
    OK ch=1 v=0.2866
    OK ch=3 v=0.2711
    OK ch=7 v=1.0132
    OK ch=1 v=0.3015
    OK ch=3 v=0.2753
    OK ch=5 v=0.2473
    OK ch=7 v=1.0139
    OK ch=1 v=0.2156
    OK ch=3 v=0.2563
    OK ch=5 v=0.2480
    OK ch=7 v=1.0097
    OK ch=1 v=0.2066
    OK ch=3 v=0.2426
    OK ch=5 v=0.2459
    OK ch=1 v=0.2169
    OK ch=3 v=0.2511
    OK ch=5 v=0.2480
    OK ch=7 v=1.0080
    OK ch=1 v=0.2909
    OK ch=3 v=0.3401
    OK ch=5 v=0.2456
    OK ch=7 v=1.0148

[trim] ch3 kept at 1.00V -- total offset 532 -> 507 counts.


[trim] ch1 rests at 645 counts (+134 off mid-scale) -- bias -> 0.50V

    OK ch=1 v=0.3397
    OK ch=3 v=0.4328
    OK ch=5 v=0.2410
    OK ch=7 v=1.0161
    OK ch=1 v=0.2908
    OK ch=3 v=0.5208
    OK ch=5 v=0.2436
    OK ch=7 v=1.0100
    OK ch=1 v=0.2081
    OK ch=3 v=0.4956
    OK ch=7 v=1.0117
    OK ch=1 v=0.2742
    OK ch=3 v=0.5080
    OK ch=5 v=0.2406
    OK ch=7 v=1.0108
    OK ch=1 v=0.2621
    OK ch=3 v=0.5056
    OK ch=5 v=0.2397
    OK ch=7 v=1.0062
[   95.3s] DAMPING     ch0:LOCK g=-0.0300 bp=+0.061V ratio=0.13  ch1:LOCK g=-0.0300 bp=-0.012V ratio=0.10  ch2:LOCK g=+0.0100 bp=+0.059V ratio=0.03  ch3:LOCK g=-0.0300 bp=-0.012V ratio=0.04
    OK ch=1 v=0.1941
    OK ch=3 v=0.4823
    OK ch=5 v=0.2380
    OK ch=7 v=1.0096
    OK ch=1 v=0.1559
    OK ch=3 v=0.4713
    OK ch=5 v=0.2443
    OK ch=7 v=1.0123
    OK ch=1 v=0.1960
    OK ch=3 v=0.4832
    OK ch=5 v=0.2459
    OK ch=7 v=1.0150
    OK ch=1 v=0.2557
    OK ch=3 v=0.5085
    OK ch=5 v=0.2415
    OK ch=7 v=1.0212
    OK ch=1 v=0.2997
    OK ch=3 v=0.5380
    OK ch=5 v=0.2484
    OK ch=7 v=1.0234
    OK ch=1 v=0.2496
    OK ch=3 v=0.5289
    OK ch=5 v=0.2506
    OK ch=7 v=1.0249
    OK ch=1 v=0.1898
    OK ch=3 v=0.5045
    OK ch=5 v=0.2496
    OK ch=7 v=1.0220
    OK ch=1 v=0.2290
    OK ch=3 v=0.5037
    OK ch=5 v=0.2490
    OK ch=7 v=1.0202
    OK ch=1 v=0.2923
    OK ch=3 v=0.5208
    OK ch=5 v=0.2453
    OK ch=7 v=1.0181
    OK ch=1 v=0.3283
    OK ch=3 v=0.5372
    OK ch=7 v=1.0131
    OK ch=1 v=0.2622
    OK ch=3 v=0.5008
    OK ch=5 v=0.2436
    OK ch=7 v=1.0096
    OK ch=1 v=0.2685
    OK ch=3 v=0.5055
    OK ch=5 v=0.2393
    OK ch=7 v=1.0085
    OK ch=1 v=0.3163
    OK ch=3 v=0.5236
    OK ch=5 v=0.2447
    OK ch=7 v=1.0028
    OK ch=1 v=0.3021
    OK ch=3 v=0.5245
    OK ch=5 v=0.2441
    OK ch=7 v=1.0020
    OK ch=1 v=0.2137
    OK ch=3 v=0.4954
    OK ch=5 v=0.2453
    OK ch=7 v=0.9969
    OK ch=1 v=0.2115
    OK ch=3 v=0.4927
    OK ch=5 v=0.2481
    OK ch=7 v=1.0013
    OK ch=1 v=0.2731
    OK ch=3 v=0.5084
    OK ch=5 v=0.2488
    OK ch=7 v=1.0073
    OK ch=1 v=0.3534
    OK ch=3 v=0.5470
    OK ch=5 v=0.2525
    OK ch=7 v=1.0092
    OK ch=1 v=0.3075
    OK ch=3 v=0.5431
    OK ch=7 v=1.0108
    OK ch=1 v=0.2727
    OK ch=3 v=0.5213
    OK ch=5 v=0.2546
    OK ch=7 v=1.0128
    OK ch=1 v=0.2847
    OK ch=3 v=0.5333
    OK ch=5 v=0.2585
    OK ch=7 v=1.0120
    OK ch=1 v=0.2490
    OK ch=3 v=0.5286
    OK ch=5 v=0.2562
    OK ch=7 v=1.0131
    OK ch=1 v=0.2010
    OK ch=3 v=0.5108
    OK ch=5 v=0.2527
    OK ch=7 v=1.0095
    OK ch=1 v=0.1865
    OK ch=3 v=0.4959
    OK ch=5 v=0.2535
    OK ch=7 v=1.0062
    OK ch=1 v=0.2601
    OK ch=3 v=0.5030
    OK ch=5 v=0.2486
    OK ch=7 v=1.0101
    OK ch=1 v=0.3204
    OK ch=3 v=0.5239
    OK ch=5 v=0.2454
    OK ch=7 v=1.0058
    OK ch=1 v=0.3101
    OK ch=3 v=0.5266
    OK ch=5 v=0.2440
    OK ch=1 v=0.2685
    OK ch=3 v=0.5076
    OK ch=7 v=1.0107
    OK ch=1 v=0.1968
    OK ch=3 v=0.4822
    OK ch=5 v=0.2485
    OK ch=7 v=1.0064
    OK ch=1 v=0.2396
    OK ch=3 v=0.5006
    OK ch=5 v=0.2454
    OK ch=7 v=1.0088
    OK ch=1 v=0.2739
    OK ch=3 v=0.5168
    OK ch=5 v=0.2427
    OK ch=7 v=1.0131
    OK ch=1 v=0.2661
    OK ch=3 v=0.5230
    OK ch=5 v=0.2470
    OK ch=1 v=0.2167
    OK ch=3 v=0.4984
    OK ch=5 v=0.2489
    OK ch=7 v=1.0149
    OK ch=1 v=0.2498
    OK ch=3 v=0.5148
    OK ch=5 v=0.2466
    OK ch=7 v=1.0169
    OK ch=1 v=0.2233
    OK ch=3 v=0.5135
    OK ch=5 v=0.2449
    OK ch=7 v=1.0178
    OK ch=1 v=0.1820
    OK ch=3 v=0.4954
    OK ch=5 v=0.2466
    OK ch=7 v=1.0168
    OK ch=1 v=0.2274
    OK ch=3 v=0.4962
    OK ch=1 v=0.2767
    OK ch=3 v=0.5105
    OK ch=5 v=0.2459
    OK ch=7 v=1.0204
    OK ch=1 v=0.3203
    OK ch=3 v=0.5284
    OK ch=5 v=0.2401
    OK ch=7 v=1.0194
    OK ch=1 v=0.2886
    OK ch=3 v=0.5266
    OK ch=5 v=0.2435
    OK ch=7 v=1.0182
    OK ch=1 v=0.2221
    OK ch=3 v=0.5060
    OK ch=5 v=0.2448
    OK ch=7 v=1.0138
    OK ch=1 v=0.1909
    OK ch=3 v=0.4837
    OK ch=5 v=0.2432
    OK ch=7 v=1.0104
    OK ch=1 v=0.2499
    OK ch=3 v=0.4997
    OK ch=5 v=0.2424
    OK ch=7 v=1.0085
    OK ch=1 v=0.3140
    OK ch=3 v=0.5198
    OK ch=5 v=0.2408
    OK ch=7 v=1.0099
    OK ch=1 v=0.2781
    OK ch=3 v=0.5240
    OK ch=5 v=0.2454
    OK ch=7 v=1.0128
    OK ch=1 v=0.2195
    OK ch=3 v=0.5071
    OK ch=5 v=0.2466
    OK ch=7 v=1.0114
    OK ch=1 v=0.1957
    OK ch=3 v=0.4924
    OK ch=7 v=1.0132
    OK ch=1 v=0.2584
    OK ch=3 v=0.5176
    OK ch=5 v=0.2489
    OK ch=7 v=1.0092
    OK ch=1 v=0.2474
    OK ch=3 v=0.5038
    OK ch=5 v=0.2500
    OK ch=1 v=0.2852
    OK ch=3 v=0.5269
    OK ch=5 v=0.2486
    OK ch=7 v=1.0118
    OK ch=1 v=0.2510
    OK ch=3 v=0.5199
    OK ch=5 v=0.2513
    OK ch=7 v=1.0111
    OK ch=1 v=0.2339
    OK ch=3 v=0.5059
    OK ch=5 v=0.2529
    OK ch=7 v=1.0121
    OK ch=1 v=0.2832
    OK ch=3 v=0.5164
    OK ch=1 v=0.3321
    OK ch=3 v=0.5332
    OK ch=5 v=0.2522
    OK ch=7 v=1.0106
    OK ch=1 v=0.3370
    OK ch=3 v=0.5401
    OK ch=5 v=0.2501
    OK ch=7 v=1.0091
    OK ch=1 v=0.2773
    OK ch=3 v=0.5287
    OK ch=7 v=1.0061
    OK ch=1 v=0.2535
    OK ch=3 v=0.5094
    OK ch=5 v=0.2544
    OK ch=7 v=1.0070
    OK ch=1 v=0.2697
    OK ch=3 v=0.5153
    OK ch=5 v=0.2500
    OK ch=7 v=1.0090
    OK ch=1 v=0.2148
    OK ch=3 v=0.5053
    OK ch=5 v=0.2477
    OK ch=7 v=1.0035
    OK ch=1 v=0.1929
    OK ch=3 v=0.4904
    OK ch=5 v=0.2511
    OK ch=7 v=1.0045
    OK ch=1 v=0.2202
    OK ch=5 v=0.2474
    OK ch=7 v=1.0065
    OK ch=1 v=0.2553
    OK ch=3 v=0.5097
    OK ch=5 v=0.2465
    OK ch=7 v=1.0052
    OK ch=1 v=0.2594
    OK ch=3 v=0.5109
    OK ch=5 v=0.2452
    OK ch=7 v=1.0065
    OK ch=1 v=0.2906
    OK ch=3 v=0.5193
    OK ch=5 v=0.2471
    OK ch=7 v=1.0126
    OK ch=1 v=0.3415
    OK ch=3 v=0.5385
    OK ch=5 v=0.2502
    OK ch=7 v=1.0151
    OK ch=1 v=0.3050
    OK ch=5 v=0.2453
    OK ch=7 v=1.0170
    OK ch=1 v=0.2730
    OK ch=3 v=0.5210
    OK ch=5 v=0.2458
    OK ch=7 v=1.0197
    OK ch=1 v=0.2817
    OK ch=3 v=0.5231
    OK ch=5 v=0.2487
    OK ch=7 v=1.0175
    OK ch=1 v=0.2536
    OK ch=3 v=0.5185
    OK ch=5 v=0.2445
    OK ch=7 v=1.0160
    OK ch=1 v=0.1655
    OK ch=3 v=0.4900
    OK ch=5 v=0.2451
    OK ch=7 v=1.0128
    OK ch=1 v=0.1805
    OK ch=3 v=0.4817
    OK ch=5 v=0.2427
    OK ch=7 v=1.0150
    OK ch=1 v=0.2805
    OK ch=3 v=0.5118
    OK ch=5 v=0.2411
    OK ch=7 v=1.0104
    OK ch=1 v=0.2965
    OK ch=3 v=0.5230
    OK ch=5 v=0.2402
    OK ch=7 v=1.0110
    OK ch=1 v=0.2080
    OK ch=3 v=0.4946
    OK ch=5 v=0.2428
    OK ch=7 v=1.0123
    OK ch=1 v=0.2112
    OK ch=3 v=0.4925
    OK ch=5 v=0.2475
    OK ch=1 v=0.2204
    OK ch=3 v=0.5058
    OK ch=5 v=0.2487
    OK ch=7 v=1.0129
    OK ch=1 v=0.2259
    OK ch=3 v=0.5052
    OK ch=5 v=0.2481
    OK ch=7 v=1.0136
    OK ch=1 v=0.3142
    OK ch=3 v=0.5341
    OK ch=1 v=0.3380
    OK ch=3 v=0.5403
    OK ch=5 v=0.2463
    OK ch=7 v=1.0146
    OK ch=1 v=0.2756
    OK ch=3 v=0.5306
    OK ch=5 v=0.2518
    OK ch=7 v=1.0135
    OK ch=1 v=0.2137
    OK ch=3 v=0.5090
    OK ch=5 v=0.2534
    OK ch=1 v=0.2661
    OK ch=3 v=0.5151
    OK ch=5 v=0.2483
    OK ch=7 v=1.0114
    OK ch=1 v=0.2722
    OK ch=3 v=0.5176
    OK ch=7 v=1.0107
    OK ch=1 v=0.2804
    OK ch=3 v=0.5126
    OK ch=5 v=0.2515
    OK ch=7 v=1.0117
    OK ch=1 v=0.2301
    OK ch=3 v=0.5040
    OK ch=5 v=0.2489
    OK ch=7 v=1.0094
    OK ch=1 v=0.1975
    OK ch=3 v=0.4913
    OK ch=5 v=0.2475
    OK ch=7 v=1.0049
    OK ch=1 v=0.2055
    OK ch=3 v=0.4864
    OK ch=5 v=0.2481
    OK ch=1 v=0.2562
    OK ch=3 v=0.5094
    OK ch=5 v=0.2458
    OK ch=7 v=1.0061
    OK ch=1 v=0.2550
    OK ch=3 v=0.5061
    OK ch=5 v=0.2469
    OK ch=7 v=1.0083
    OK ch=1 v=0.2783
    OK ch=3 v=0.5123
    OK ch=5 v=0.2447
    OK ch=7 v=1.0114
    OK ch=1 v=0.3238
    OK ch=3 v=0.5283
    OK ch=5 v=0.2460
    OK ch=7 v=1.0122
    OK ch=1 v=0.3403
    OK ch=3 v=0.5458
    OK ch=5 v=0.2474
    OK ch=1 v=0.2741
    OK ch=3 v=0.5195
    OK ch=5 v=0.2490
    OK ch=7 v=1.0171
    OK ch=1 v=0.2841
    OK ch=3 v=0.5262
    OK ch=5 v=0.2507
    OK ch=7 v=1.0163
    OK ch=1 v=0.2813
    OK ch=3 v=0.5321
    OK ch=5 v=0.2490
    OK ch=7 v=1.0155
    OK ch=1 v=0.1930
    OK ch=3 v=0.5019
    OK ch=5 v=0.2461
    OK ch=7 v=1.0114
    OK ch=1 v=0.1797
    OK ch=3 v=0.4864
    OK ch=5 v=0.2467
    OK ch=7 v=1.0105
    OK ch=1 v=0.2321
    OK ch=3 v=0.4950
    OK ch=5 v=0.2433
    OK ch=7 v=1.0083
    OK ch=1 v=0.3206
    OK ch=3 v=0.5298
    OK ch=5 v=0.2438
    OK ch=7 v=1.0101
    OK ch=1 v=0.3182
    OK ch=3 v=0.5336
    OK ch=5 v=0.2455
    OK ch=7 v=1.0052
    OK ch=1 v=0.2393
    OK ch=3 v=0.5134
    OK ch=7 v=1.0090
    OK ch=1 v=0.2792
    OK ch=3 v=0.5195
    OK ch=5 v=0.2463
    OK ch=7 v=1.0130
    OK ch=1 v=0.1915
    OK ch=3 v=0.4946
    OK ch=5 v=0.2508
    OK ch=7 v=1.0101
    OK ch=1 v=0.1726
    OK ch=3 v=0.4857
    OK ch=7 v=1.0114
    OK ch=1 v=0.2387
    OK ch=3 v=0.5203
    OK ch=5 v=0.2498
    OK ch=7 v=1.0130
    OK ch=1 v=0.2551
    OK ch=3 v=0.5160
    OK ch=5 v=0.2485
    OK ch=1 v=0.3045
    OK ch=3 v=0.5287
    OK ch=5 v=0.2477
    OK ch=7 v=1.0102
    OK ch=1 v=0.2531
    OK ch=3 v=0.5178
    OK ch=5 v=0.2524
    OK ch=7 v=1.0124
    OK ch=1 v=0.2026
    OK ch=3 v=0.4973
    OK ch=5 v=0.2504
    OK ch=1 v=0.2687
    OK ch=3 v=0.5214
    OK ch=5 v=0.2456
    OK ch=7 v=1.0159
    OK ch=1 v=0.2752
    OK ch=3 v=0.5184
    OK ch=5 v=0.2481
    OK ch=7 v=1.0116
    OK ch=1 v=0.2152
    OK ch=3 v=0.4969
    OK ch=5 v=0.2494
    OK ch=7 v=1.0095
    OK ch=1 v=0.2142
    OK ch=3 v=0.4925
    OK ch=5 v=0.2468
    OK ch=7 v=1.0110
    OK ch=1 v=0.2726
    OK ch=3 v=0.5075
    OK ch=5 v=0.2433
    OK ch=7 v=1.0126
    OK ch=1 v=0.3463
    OK ch=3 v=0.5371
    OK ch=5 v=0.2412
    OK ch=7 v=1.0136
    OK ch=1 v=0.3017
    OK ch=3 v=0.5293
    OK ch=5 v=0.2454
    OK ch=7 v=1.0107
    OK ch=1 v=0.2254
    OK ch=3 v=0.5053
    OK ch=5 v=0.2446
    OK ch=7 v=1.0115
    OK ch=1 v=0.2048
    OK ch=3 v=0.4927
    OK ch=5 v=0.2452
    OK ch=7 v=1.0139
    OK ch=1 v=0.2636
    OK ch=3 v=0.5070
    OK ch=5 v=0.2458
    OK ch=7 v=1.0157
    OK ch=1 v=0.3093
    OK ch=3 v=0.5259
    OK ch=5 v=0.2449
[  100.4s] DAMPING     ch0:LOCK g=-0.0300 bp=+0.084V ratio=0.15  ch1:LOCK g=-0.0300 bp=+0.002V ratio=0.11  ch2:LOCK g=+0.0100 bp=+0.033V ratio=0.03  ch3:LOCK g=-0.0300 bp=+0.016V ratio=0.04
    OK ch=1 v=0.2492
    OK ch=3 v=0.5090
    OK ch=5 v=0.2457
    OK ch=7 v=1.0141
    OK ch=1 v=0.2915
    OK ch=3 v=0.5285
    OK ch=5 v=0.2468
    OK ch=7 v=1.0079
    OK ch=1 v=0.2563
    OK ch=3 v=0.5239
    OK ch=7 v=1.0148
    OK ch=1 v=0.2483
    OK ch=3 v=0.5099
    OK ch=5 v=0.2483
    OK ch=7 v=1.0126
    OK ch=1 v=0.2653
    OK ch=3 v=0.5162
    OK ch=5 v=0.2464
    OK ch=1 v=0.2243
    OK ch=3 v=0.4980
    OK ch=7 v=1.0120
    OK ch=1 v=0.1761
    OK ch=3 v=0.4927
    OK ch=5 v=0.2513
    OK ch=7 v=1.0080
    OK ch=1 v=0.1977
    OK ch=3 v=0.4877
    OK ch=5 v=0.2502
    OK ch=1 v=0.2640
    OK ch=3 v=0.5191
    OK ch=5 v=0.2463
    OK ch=7 v=1.0089
    OK ch=1 v=0.2491
    OK ch=3 v=0.5159
    OK ch=5 v=0.2475
    OK ch=7 v=1.0065
    OK ch=1 v=0.2348
    OK ch=3 v=0.5053
    OK ch=5 v=0.2500
    OK ch=1 v=0.2616
    OK ch=3 v=0.5202
    OK ch=5 v=0.2526
    OK ch=7 v=1.0060
    OK ch=1 v=0.2537
    OK ch=3 v=0.5120
    OK ch=5 v=0.2535
    OK ch=7 v=1.0091
    OK ch=1 v=0.2664
    OK ch=3 v=0.5098
    OK ch=5 v=0.2489
    OK ch=7 v=1.0097
    OK ch=1 v=0.3117
    OK ch=3 v=0.5246
    OK ch=5 v=0.2509
    OK ch=7 v=1.0131
    OK ch=1 v=0.3319
    OK ch=3 v=0.5409
    OK ch=5 v=0.2527
    OK ch=7 v=1.0123
    OK ch=1 v=0.2898
    OK ch=3 v=0.5323
    OK ch=5 v=0.2493
    OK ch=7 v=1.0132
    OK ch=1 v=0.2246
    OK ch=3 v=0.5087
    OK ch=7 v=1.0094
    OK ch=1 v=0.2677
    OK ch=3 v=0.5165
    OK ch=5 v=0.2472
    OK ch=7 v=1.0118
    OK ch=1 v=0.1896
    OK ch=3 v=0.4917
    OK ch=5 v=0.2466
    OK ch=7 v=1.0112
    OK ch=1 v=0.1931
    OK ch=3 v=0.4849
    OK ch=5 v=0.2455
    OK ch=7 v=1.0102
    OK ch=1 v=0.2481
    OK ch=3 v=0.4974
    OK ch=5 v=0.2410
    OK ch=7 v=1.0094
    OK ch=1 v=0.3363
    OK ch=3 v=0.5314
    OK ch=5 v=0.2417
    OK ch=7 v=1.0149
    OK ch=1 v=0.3115
    OK ch=3 v=0.5324
    OK ch=5 v=0.2432
    OK ch=7 v=1.0136
    OK ch=1 v=0.2302
    OK ch=3 v=0.5126
    OK ch=5 v=0.2412
    OK ch=1 v=0.2772
    OK ch=3 v=0.5228
    OK ch=5 v=0.2420
    OK ch=7 v=1.0155
    OK ch=1 v=0.2364
    OK ch=3 v=0.5131
    OK ch=5 v=0.2441
    OK ch=7 v=1.0168
    OK ch=1 v=0.1916
    OK ch=3 v=0.4954
    OK ch=5 v=0.2476
    OK ch=1 v=0.2577
    OK ch=3 v=0.5230
    OK ch=5 v=0.2459
    OK ch=1 v=0.2483
    OK ch=3 v=0.5008
    OK ch=5 v=0.2449
    OK ch=1 v=0.2174
    OK ch=5 v=0.2456
    OK ch=7 v=1.0118
    OK ch=1 v=0.2835
    OK ch=3 v=0.5280
    OK ch=5 v=0.2465
    OK ch=7 v=1.0148
    OK ch=1 v=0.2865
    OK ch=3 v=0.5270
    OK ch=7 v=1.0092
    OK ch=1 v=0.2589
    OK ch=3 v=0.5046
    OK ch=5 v=0.2456
    OK ch=7 v=1.0109
    OK ch=1 v=0.2711
    OK ch=3 v=0.5190
    OK ch=5 v=0.2499
    OK ch=7 v=1.0100
    OK ch=1 v=0.2287
    OK ch=3 v=0.5063
    OK ch=5 v=0.2527
    OK ch=7 v=1.0078
    OK ch=1 v=0.1861
    OK ch=3 v=0.4920
    OK ch=5 v=0.2514
    OK ch=1 v=0.2577
    OK ch=3 v=0.5170
    OK ch=5 v=0.2502
    OK ch=7 v=1.0073
    OK ch=1 v=0.2296
    OK ch=3 v=0.5028
    OK ch=7 v=1.0052
    OK ch=1 v=0.2957
    OK ch=3 v=0.5256
    OK ch=5 v=0.2517
    OK ch=1 v=0.2650
    OK ch=3 v=0.5065
    OK ch=5 v=0.2543
    OK ch=7 v=1.0073
    OK ch=1 v=0.2847
    OK ch=3 v=0.5134
    OK ch=5 v=0.2497
    OK ch=7 v=1.0085
    OK ch=1 v=0.3044
    OK ch=3 v=0.5273
    OK ch=7 v=1.0136
    OK ch=1 v=0.2498
    OK ch=3 v=0.5112
    OK ch=5 v=0.2528
    OK ch=7 v=1.0106
    OK ch=1 v=0.2695
    OK ch=3 v=0.5206
    OK ch=5 v=0.2498
    OK ch=7 v=1.0116
    OK ch=1 v=0.2660
    OK ch=3 v=0.5239
    OK ch=5 v=0.2473
    OK ch=1 v=0.2159
    OK ch=3 v=0.4983
    OK ch=7 v=1.0097
    OK ch=1 v=0.1726
    OK ch=3 v=0.4917
    OK ch=5 v=0.2445
    OK ch=7 v=1.0085
    OK ch=1 v=0.1958
    OK ch=3 v=0.4930
    OK ch=5 v=0.2437
    OK ch=7 v=1.0095
    OK ch=1 v=0.2731
    OK ch=3 v=0.5085
    OK ch=5 v=0.2431
    OK ch=7 v=1.0130
    OK ch=1 v=0.3225
    OK ch=3 v=0.5276
    OK ch=5 v=0.2386
    OK ch=7 v=1.0156
    OK ch=1 v=0.3325
    OK ch=3 v=0.5388
    OK ch=5 v=0.2424
    OK ch=7 v=1.0171
    OK ch=1 v=0.2443
    OK ch=3 v=0.5102
    OK ch=5 v=0.2449
    OK ch=7 v=1.0153
    OK ch=1 v=0.1888
    OK ch=3 v=0.4949
    OK ch=5 v=0.2469
    OK ch=7 v=1.0111
    OK ch=1 v=0.2207
    OK ch=3 v=0.4960
    OK ch=7 v=1.0127
    OK ch=1 v=0.2256
    OK ch=3 v=0.5075
    OK ch=5 v=0.2463
    OK ch=7 v=1.0137
    OK ch=1 v=0.2815
    OK ch=3 v=0.5182
    OK ch=5 v=0.2474
    OK ch=1 v=0.2518
    OK ch=7 v=1.0121
    OK ch=1 v=0.2319
    OK ch=3 v=0.5074
    OK ch=5 v=0.2485
    OK ch=1 v=0.2981
    OK ch=3 v=0.5330
    OK ch=5 v=0.2458
    OK ch=1 v=0.3119
    OK ch=3 v=0.5255
    OK ch=5 v=0.2489
    OK ch=7 v=1.0106
    OK ch=1 v=0.3151
    OK ch=3 v=0.5283
    OK ch=5 v=0.2503
    OK ch=7 v=1.0138
    OK ch=1 v=0.2629
    OK ch=3 v=0.5168
    OK ch=5 v=0.2493
    OK ch=7 v=1.0111
    OK ch=1 v=0.2037
    OK ch=3 v=0.5008
    OK ch=5 v=0.2513
    OK ch=7 v=1.0071
    OK ch=1 v=0.1759
    OK ch=3 v=0.4791
    OK ch=5 v=0.2525
    OK ch=7 v=1.0077
    OK ch=1 v=0.2097
    OK ch=3 v=0.4894
    OK ch=5 v=0.2497
    OK ch=7 v=1.0057
    OK ch=1 v=0.2792
    OK ch=3 v=0.5121
    OK ch=5 v=0.2466
    OK ch=7 v=1.0087
    OK ch=1 v=0.3287
    OK ch=3 v=0.5336
    OK ch=5 v=0.2442
    OK ch=7 v=1.0116
    OK ch=1 v=0.2832
    OK ch=3 v=0.5293
    OK ch=5 v=0.2486
    OK ch=1 v=0.2880
    OK ch=3 v=0.5202
    OK ch=7 v=1.0125
    OK ch=1 v=0.2218
    OK ch=3 v=0.4916
    OK ch=5 v=0.2459
    OK ch=7 v=1.0139
    OK ch=3 v=0.4990
    OK ch=5 v=0.2477
    OK ch=7 v=1.0123
    OK ch=3 v=0.5047
    OK ch=5 v=0.2486
    OK ch=1 v=0.2714
    OK ch=3 v=0.5161
    OK ch=5 v=0.2445
    OK ch=7 v=1.0152
    OK ch=1 v=0.3352
    OK ch=3 v=0.5365
    OK ch=5 v=0.2431
    OK ch=7 v=1.0161
    OK ch=1 v=0.3148
    OK ch=1 v=0.2873
    OK ch=3 v=0.5146
    OK ch=7 v=1.0153
    OK ch=1 v=0.2212
    OK ch=3 v=0.4985
    OK ch=5 v=0.2449
    OK ch=7 v=1.0113
    OK ch=1 v=0.1901
    OK ch=3 v=0.4921
    OK ch=5 v=0.2478
    OK ch=7 v=1.0102
    OK ch=1 v=0.2784
    OK ch=3 v=0.5157
    OK ch=5 v=0.2459
    OK ch=7 v=1.0126
    OK ch=1 v=0.3266
    OK ch=3 v=0.5353
    OK ch=5 v=0.2438
    OK ch=7 v=1.0101
    OK ch=1 v=0.2831
    OK ch=3 v=0.5304
    OK ch=5 v=0.2469
    OK ch=7 v=1.0112
    OK ch=1 v=0.2110
    OK ch=3 v=0.5050
    OK ch=5 v=0.2484
    OK ch=7 v=1.0090
    OK ch=1 v=0.1826
    OK ch=3 v=0.4916
    OK ch=5 v=0.2496
    OK ch=7 v=1.0083
    OK ch=1 v=0.2101
    OK ch=5 v=0.2489
    OK ch=7 v=1.0093
    OK ch=1 v=0.2701
    OK ch=3 v=0.5181
    OK ch=1 v=0.2499
    OK ch=3 v=0.5134
    OK ch=5 v=0.2511
    OK ch=7 v=1.0082
    OK ch=1 v=0.2392
    OK ch=3 v=0.5036
    OK ch=7 v=1.0093
    OK ch=1 v=0.2959
    OK ch=3 v=0.5296
    OK ch=5 v=0.2487
    OK ch=7 v=1.0102
    OK ch=1 v=0.2423
    OK ch=3 v=0.5069
    OK ch=5 v=0.2529
    OK ch=7 v=1.0111
    OK ch=1 v=0.2569
    OK ch=3 v=0.5095
    OK ch=5 v=0.2536
    OK ch=1 v=0.2579
    OK ch=3 v=0.5194
    OK ch=5 v=0.2495
    OK ch=7 v=1.0106
    OK ch=1 v=0.2482
    OK ch=3 v=0.5102
    OK ch=1 v=0.2888
    OK ch=3 v=0.5137
    OK ch=5 v=0.2471
    OK ch=7 v=1.0122
    OK ch=1 v=0.3265
    OK ch=3 v=0.5298
    OK ch=5 v=0.2479
    OK ch=7 v=1.0149
    OK ch=1 v=0.2691
    OK ch=3 v=0.5229
    OK ch=5 v=0.2463
    OK ch=7 v=1.0096
    OK ch=1 v=0.2026
    OK ch=3 v=0.5000
    OK ch=5 v=0.2451
    OK ch=1 v=0.2687
    OK ch=3 v=0.5203
    OK ch=5 v=0.2423
    OK ch=7 v=1.0136
    OK ch=1 v=0.2773
    OK ch=3 v=0.5188
    OK ch=5 v=0.2438
    OK ch=7 v=1.0116
    OK ch=1 v=0.2124
    OK ch=3 v=0.4973
    OK ch=5 v=0.2425
    OK ch=7 v=1.0125
    OK ch=1 v=0.1989
    OK ch=3 v=0.4879
    OK ch=5 v=0.2433
    OK ch=7 v=1.0111
    OK ch=1 v=0.2495
    OK ch=3 v=0.5001
    OK ch=5 v=0.2423
    OK ch=7 v=1.0145
    OK ch=1 v=0.3336
    OK ch=3 v=0.5296
    OK ch=5 v=0.2415
    OK ch=7 v=1.0175
    OK ch=1 v=0.3178
    OK ch=3 v=0.5387
    OK ch=5 v=0.2442
    OK ch=7 v=1.0169
    OK ch=1 v=0.2424
    OK ch=3 v=0.5191
    OK ch=5 v=0.2451
    OK ch=7 v=1.0181
    OK ch=1 v=0.1912
    OK ch=3 v=0.4929
    OK ch=5 v=0.2485
    OK ch=7 v=1.0167
    OK ch=1 v=0.2409
    OK ch=3 v=0.5019
    OK ch=7 v=1.0129
    OK ch=1 v=0.2300
    OK ch=3 v=0.5103
    OK ch=5 v=0.2454
    OK ch=7 v=1.0114
    OK ch=1 v=0.2273
    OK ch=3 v=0.5066
    OK ch=5 v=0.2468
    OK ch=7 v=1.0094
    OK ch=1 v=0.3157
    OK ch=3 v=0.5269
    OK ch=5 v=0.2492
    OK ch=7 v=1.0106
    OK ch=1 v=0.3348
    OK ch=3 v=0.5349
    OK ch=5 v=0.2475
    OK ch=7 v=1.0062
    OK ch=1 v=0.2863
    OK ch=3 v=0.5268
    OK ch=5 v=0.2501
    OK ch=7 v=1.0071
    OK ch=1 v=0.1979
    OK ch=3 v=0.4916
    OK ch=5 v=0.2536
    OK ch=7 v=1.0076
    OK ch=1 v=0.1922
    OK ch=3 v=0.4887
    OK ch=5 v=0.2552
    OK ch=7 v=1.0069
    OK ch=1 v=0.2626
    OK ch=3 v=0.5074
    OK ch=5 v=0.2543
    OK ch=7 v=1.0062
    OK ch=1 v=0.3221
    OK ch=3 v=0.5329
    OK ch=5 v=0.2476
    OK ch=7 v=1.0094
    OK ch=1 v=0.2791
    OK ch=3 v=0.5269
    OK ch=5 v=0.2508
    OK ch=7 v=1.0052
    OK ch=1 v=0.2096
    OK ch=3 v=0.5029
    OK ch=5 v=0.2520
    OK ch=7 v=1.0059
    OK ch=1 v=0.1969
    OK ch=3 v=0.4932
    OK ch=5 v=0.2500
    OK ch=7 v=1.0084
    OK ch=1 v=0.2481
    OK ch=3 v=0.5030
    OK ch=5 v=0.2469
    OK ch=7 v=1.0140
    OK ch=1 v=0.3119
    OK ch=3 v=0.5238
    OK ch=5 v=0.2438
    OK ch=7 v=1.0180
    OK ch=1 v=0.3145
    OK ch=3 v=0.5389
    OK ch=5 v=0.2458
    OK ch=7 v=1.0143
    OK ch=1 v=0.2465
    OK ch=3 v=0.5180
    OK ch=7 v=1.0104
    OK ch=1 v=0.2878
    OK ch=3 v=0.5204
    OK ch=5 v=0.2423
    OK ch=7 v=1.0160
    OK ch=1 v=0.2864
    OK ch=3 v=0.5233
    OK ch=5 v=0.2438
    OK ch=7 v=1.0170
[  105.4s] DAMPING     ch0:LOCK g=-0.0300 bp=+0.129V ratio=0.16  ch1:LOCK g=-0.0300 bp=+0.051V ratio=0.13  ch2:LOCK g=+0.0100 bp=-0.008V ratio=0.06  ch3:LOCK g=-0.0300 bp=+0.001V ratio=0.10
    OK ch=1 v=0.1980
    OK ch=3 v=0.4948
    OK ch=5 v=0.2446
    OK ch=7 v=1.0128
    OK ch=1 v=0.1849
    OK ch=3 v=0.4861
    OK ch=5 v=0.2437
    OK ch=7 v=1.0102
    OK ch=1 v=0.2539
    OK ch=3 v=0.5011
    OK ch=5 v=0.2423
    OK ch=7 v=1.0113
    OK ch=1 v=0.3305
    OK ch=3 v=0.5329
    OK ch=5 v=0.2407
    OK ch=7 v=1.0173
    OK ch=1 v=0.3017
    OK ch=3 v=0.5305
    OK ch=5 v=0.2455
    OK ch=7 v=1.0161
    OK ch=1 v=0.2265
    OK ch=3 v=0.5093
    OK ch=5 v=0.2463
    OK ch=7 v=1.0128
    OK ch=1 v=0.1991
    OK ch=3 v=0.4899
    OK ch=5 v=0.2472
    OK ch=1 v=0.2361
    OK ch=3 v=0.5116
    OK ch=5 v=0.2483
    OK ch=7 v=1.0108
    OK ch=1 v=0.2210
    OK ch=3 v=0.5037
    OK ch=5 v=0.2496
    OK ch=7 v=1.0127
    OK ch=1 v=0.2314
    OK ch=3 v=0.5000
    OK ch=5 v=0.2489
    OK ch=1 v=0.2569
    OK ch=3 v=0.5154
    OK ch=7 v=1.0094
    OK ch=1 v=0.3230
    OK ch=3 v=0.5403
    OK ch=5 v=0.2502
    OK ch=7 v=1.0115
    OK ch=1 v=0.2563
    OK ch=3 v=0.5193
    OK ch=5 v=0.2529
    OK ch=7 v=1.0072
    OK ch=1 v=0.2224
    OK ch=3 v=0.5000
    OK ch=7 v=1.0090
    OK ch=1 v=0.2885
    OK ch=3 v=0.5273
    OK ch=5 v=0.2493
    OK ch=7 v=1.0100
    OK ch=1 v=0.2640
    OK ch=3 v=0.5171
    OK ch=7 v=1.0085
    OK ch=1 v=0.3065
    OK ch=3 v=0.5243
    OK ch=5 v=0.2507
    OK ch=7 v=1.0092
    OK ch=1 v=0.2515
    OK ch=3 v=0.5087
    OK ch=5 v=0.2485
    OK ch=1 v=0.2815
    OK ch=3 v=0.5099
    OK ch=5 v=0.2468
    OK ch=7 v=1.0110
    OK ch=1 v=0.2891
    OK ch=3 v=0.5201
    OK ch=1 v=0.2448
    OK ch=3 v=0.5112
    OK ch=1 v=0.1956
    OK ch=3 v=0.4962
    OK ch=7 v=1.0088
    OK ch=1 v=0.2617
    OK ch=3 v=0.5156
    OK ch=5 v=0.2454
    OK ch=7 v=1.0125
    OK ch=1 v=0.2650
    OK ch=3 v=0.5181
    OK ch=5 v=0.2445
    OK ch=7 v=1.0097
    OK ch=1 v=0.2236
    OK ch=3 v=0.5036
    OK ch=5 v=0.2437
    OK ch=7 v=1.0111
    OK ch=1 v=0.2054
    OK ch=3 v=0.4959
    OK ch=5 v=0.2452
    OK ch=7 v=1.0117
    OK ch=1 v=0.2746
    OK ch=3 v=0.5088
    OK ch=5 v=0.2428
    OK ch=7 v=1.0165
    OK ch=1 v=0.3199
    OK ch=3 v=0.5304
    OK ch=5 v=0.2420
    OK ch=7 v=1.0179
    OK ch=1 v=0.3095
    OK ch=3 v=0.5350
    OK ch=5 v=0.2462
    OK ch=7 v=1.0134
    OK ch=1 v=0.2211
    OK ch=3 v=0.5041
    OK ch=5 v=0.2478
    OK ch=7 v=1.0140
    OK ch=1 v=0.1855
    OK ch=3 v=0.4917
    OK ch=7 v=1.0118
    OK ch=1 v=0.2516
    OK ch=3 v=0.5237
    OK ch=5 v=0.2455
    OK ch=7 v=1.0123
    OK ch=1 v=0.2478
    OK ch=3 v=0.5138
    OK ch=5 v=0.2476
    OK ch=7 v=1.0096
    OK ch=1 v=0.2457
    OK ch=3 v=0.5010
    OK ch=5 v=0.2511
    OK ch=7 v=1.0085
    OK ch=1 v=0.2883
    OK ch=3 v=0.5134
    OK ch=5 v=0.2482
    OK ch=7 v=1.0116
    OK ch=1 v=0.3187
    OK ch=3 v=0.5283
    OK ch=7 v=1.0098
    OK ch=1 v=0.2491
    OK ch=3 v=0.5073
    OK ch=5 v=0.2527
    OK ch=1 v=0.1929
    OK ch=3 v=0.4989
    OK ch=5 v=0.2540
    OK ch=7 v=1.0080
    OK ch=1 v=0.1907
    OK ch=3 v=0.4956
    OK ch=5 v=0.2521
    OK ch=1 v=0.2570
    OK ch=3 v=0.5238
    OK ch=5 v=0.2499
    OK ch=1 v=0.3118
    OK ch=3 v=0.5246
    OK ch=5 v=0.2509
    OK ch=7 v=1.0099
    OK ch=1 v=0.3154
    OK ch=3 v=0.5299
    OK ch=5 v=0.2487
    OK ch=1 v=0.2493
    OK ch=3 v=0.4959
    OK ch=5 v=0.2509
    OK ch=7 v=1.0048
    OK ch=1 v=0.2436
    OK ch=3 v=0.5049
    OK ch=5 v=0.2484
    OK ch=7 v=1.0143
    OK ch=1 v=0.2853
    OK ch=3 v=0.5256
    OK ch=5 v=0.2460
    OK ch=7 v=1.0165
    OK ch=1 v=0.2674
    OK ch=3 v=0.5238
    OK ch=5 v=0.2472
    OK ch=7 v=1.0130
    OK ch=1 v=0.2128
    OK ch=3 v=0.5051
    OK ch=1 v=0.1804
    OK ch=3 v=0.4852
    OK ch=5 v=0.2429
    OK ch=1 v=0.2458
    OK ch=3 v=0.5074
    OK ch=5 v=0.2402
    OK ch=7 v=1.0111
    OK ch=1 v=0.2289
    OK ch=3 v=0.5034
    OK ch=5 v=0.2407
    OK ch=7 v=1.0131
    OK ch=1 v=0.2640
    OK ch=3 v=0.5041
    OK ch=5 v=0.2420
    OK ch=7 v=1.0152
    OK ch=1 v=0.3157
    OK ch=3 v=0.5229
    OK ch=5 v=0.2404
    OK ch=7 v=1.0141
    OK ch=1 v=0.3262
    OK ch=3 v=0.5335
    OK ch=5 v=0.2416
    OK ch=7 v=1.0175
    OK ch=1 v=0.2380
    OK ch=3 v=0.5162
    OK ch=5 v=0.2459
    OK ch=7 v=1.0145
    OK ch=1 v=0.1877
    OK ch=3 v=0.4974
    OK ch=5 v=0.2471
    OK ch=7 v=1.0125
    OK ch=1 v=0.2118
    OK ch=3 v=0.4947
    OK ch=5 v=0.2465
    OK ch=1 v=0.2764
    OK ch=3 v=0.5245
    OK ch=7 v=1.0109
    OK ch=1 v=0.3358
    OK ch=3 v=0.5383
    OK ch=7 v=1.0115
    OK ch=1 v=0.2697
    OK ch=3 v=0.5093
    OK ch=5 v=0.2508
    OK ch=1 v=0.2210
    OK ch=3 v=0.5085
    OK ch=5 v=0.2527
    OK ch=7 v=1.0089
    OK ch=1 v=0.1976
    OK ch=3 v=0.4967
    OK ch=5 v=0.2510
    OK ch=7 v=1.0066
    OK ch=1 v=0.2465
    OK ch=3 v=0.5036
    OK ch=7 v=1.0055
    OK ch=1 v=0.2657
    OK ch=3 v=0.5197
    OK ch=5 v=0.2532
    OK ch=7 v=1.0022
    OK ch=1 v=0.2383
    OK ch=3 v=0.5052
    OK ch=7 v=1.0072
    OK ch=1 v=0.3044
    OK ch=3 v=0.5358
    OK ch=5 v=0.2484
    OK ch=7 v=1.0120
    OK ch=1 v=0.2729
    OK ch=3 v=0.5228
    OK ch=5 v=0.2514
    OK ch=7 v=1.0086
    OK ch=1 v=0.2235
    OK ch=3 v=0.5012
    OK ch=5 v=0.2524
    OK ch=7 v=1.0070
    OK ch=1 v=0.2346
    OK ch=3 v=0.4977
    OK ch=5 v=0.2513
    OK ch=7 v=1.0087
    OK ch=1 v=0.2942
    OK ch=3 v=0.5153
    OK ch=5 v=0.2479
    OK ch=7 v=1.0127
    OK ch=1 v=0.3229
    OK ch=3 v=0.5296
    OK ch=5 v=0.2460
    OK ch=7 v=1.0111
    OK ch=1 v=0.3079
    OK ch=3 v=0.5331
    OK ch=5 v=0.2473
    OK ch=7 v=1.0147
    OK ch=1 v=0.2195
    OK ch=3 v=0.5014
    OK ch=5 v=0.2481
    OK ch=7 v=1.0121
    OK ch=1 v=0.1838
    OK ch=3 v=0.4910
    OK ch=5 v=0.2448
    OK ch=7 v=1.0151
    OK ch=1 v=0.2440
    OK ch=3 v=0.5016
    OK ch=5 v=0.2428
    OK ch=1 v=0.2412
    OK ch=3 v=0.5024
    OK ch=5 v=0.2402
    OK ch=7 v=1.0144
    OK ch=1 v=0.3090
    OK ch=3 v=0.5220
    OK ch=7 v=1.0119
    OK ch=1 v=0.2505
    OK ch=3 v=0.5151
    OK ch=5 v=0.2424
    OK ch=7 v=1.0136
    OK ch=1 v=0.2370
    OK ch=3 v=0.5081
    OK ch=7 v=1.0143
    OK ch=1 v=0.2940
    OK ch=3 v=0.5334
    OK ch=5 v=0.2431
    OK ch=7 v=1.0135
    OK ch=1 v=0.2494
    OK ch=3 v=0.5171
    OK ch=5 v=0.2449
    OK ch=7 v=1.0147
    OK ch=1 v=0.2691
    OK ch=3 v=0.5111
    OK ch=7 v=1.0182
    OK ch=1 v=0.2477
    OK ch=3 v=0.5138
    OK ch=5 v=0.2473
    OK ch=7 v=1.0131
    OK ch=1 v=0.2233
    OK ch=3 v=0.5034
    OK ch=5 v=0.2494
    OK ch=7 v=1.0121
    OK ch=1 v=0.2521
    OK ch=3 v=0.5071
    OK ch=7 v=1.0113
    OK ch=1 v=0.2404
    OK ch=3 v=0.5120
    OK ch=7 v=1.0085
    OK ch=1 v=0.2933
    OK ch=3 v=0.5314
    OK ch=5 v=0.2475
    OK ch=7 v=1.0097
    OK ch=1 v=0.2430
    OK ch=3 v=0.5130
    OK ch=5 v=0.2525
    OK ch=7 v=1.0081
    OK ch=1 v=0.2336
    OK ch=3 v=0.4997
    OK ch=5 v=0.2536
    OK ch=7 v=1.0089
    OK ch=1 v=0.2757
    OK ch=3 v=0.5100
    OK ch=5 v=0.2496
    OK ch=7 v=1.0099
    OK ch=1 v=0.3385
    OK ch=3 v=0.5362
    OK ch=7 v=1.0107
    OK ch=1 v=0.2724
    OK ch=3 v=0.5058
    OK ch=5 v=0.2529
    OK ch=7 v=1.0063
    OK ch=1 v=0.2607
    OK ch=3 v=0.5097
    OK ch=5 v=0.2509
    OK ch=7 v=1.0083
    OK ch=1 v=0.2851
    OK ch=3 v=0.5228
    OK ch=5 v=0.2493
    OK ch=7 v=1.0088
    OK ch=1 v=0.2231
    OK ch=3 v=0.5108
    OK ch=5 v=0.2478
    OK ch=7 v=1.0101
    OK ch=1 v=0.1946
    OK ch=3 v=0.4961
    OK ch=5 v=0.2471
    OK ch=1 v=0.2607
    OK ch=3 v=0.5253
    OK ch=5 v=0.2448
    OK ch=7 v=1.0117
    OK ch=1 v=0.2745
    OK ch=3 v=0.5210
    OK ch=5 v=0.2440
    OK ch=7 v=1.0111
    OK ch=1 v=0.2212
    OK ch=3 v=0.5006
    OK ch=7 v=1.0125
    OK ch=1 v=0.2874
    OK ch=3 v=0.5260
    OK ch=1 v=0.2980
    OK ch=3 v=0.5248
    OK ch=5 v=0.2434
    OK ch=7 v=1.0149
    OK ch=1 v=0.2098
    OK ch=3 v=0.4977
    OK ch=5 v=0.2439
    OK ch=7 v=1.0168
    OK ch=1 v=0.2312
    OK ch=3 v=0.4990
    OK ch=5 v=0.2444
    OK ch=1 v=0.2642
    OK ch=3 v=0.5211
    OK ch=7 v=1.0148
    OK ch=1 v=0.3302
    OK ch=3 v=0.5365
    OK ch=5 v=0.2430
    OK ch=7 v=1.0181
    OK ch=1 v=0.3136
    OK ch=3 v=0.5373
    OK ch=5 v=0.2441
    OK ch=7 v=1.0151
    OK ch=1 v=0.2308
    OK ch=3 v=0.5119
    OK ch=5 v=0.2466
    OK ch=7 v=1.0118
    OK ch=1 v=0.1896
    OK ch=3 v=0.4946
    OK ch=5 v=0.2489
    OK ch=7 v=1.0106
    OK ch=1 v=0.2076
    OK ch=3 v=0.4928
    OK ch=5 v=0.2495
    OK ch=7 v=1.0093
    OK ch=1 v=0.2959
    OK ch=3 v=0.5193
    OK ch=5 v=0.2456
    OK ch=1 v=0.2329
    OK ch=3 v=0.4987
    OK ch=5 v=0.2488
    OK ch=7 v=1.0076
    OK ch=1 v=0.2444
    OK ch=3 v=0.5022
    OK ch=5 v=0.2508
    OK ch=7 v=1.0050
    OK ch=1 v=0.2988
    OK ch=3 v=0.5232
    OK ch=7 v=1.0080
    OK ch=1 v=0.2344
    OK ch=3 v=0.5064
    OK ch=5 v=0.2515
    OK ch=7 v=1.0086
    OK ch=1 v=0.2724
    OK ch=3 v=0.5177
    OK ch=7 v=1.0111
    OK ch=1 v=0.2120
    OK ch=3 v=0.5056
    OK ch=5 v=0.2534
    OK ch=7 v=1.0071
    OK ch=1 v=0.2166
    OK ch=3 v=0.5006
    OK ch=7 v=1.0079
    OK ch=1 v=0.2711
    OK ch=3 v=0.5260
    OK ch=5 v=0.2507
    OK ch=7 v=1.0093
    OK ch=1 v=0.2398
    OK ch=3 v=0.5126
    OK ch=5 v=0.2469
    OK ch=7 v=1.0084
    OK ch=1 v=0.2735
    OK ch=3 v=0.5115
    OK ch=5 v=0.2492
    OK ch=7 v=1.0967

[trim] ch1 kept at 0.50V -- total offset 507 -> 472 counts.


[trim] ch3 rests at 647 counts (+136 off mid-scale) -- bias -> 1.25V

    OK ch=1 v=0.3080
    OK ch=3 v=0.5222
    OK ch=5 v=0.2460
    OK ch=7 v=1.1848
    OK ch=1 v=0.3094
    OK ch=3 v=0.5311
    OK ch=5 v=0.2452
    OK ch=7 v=1.2635
    OK ch=1 v=0.2211
    OK ch=3 v=0.5060
    OK ch=5 v=0.2459
    OK ch=7 v=1.2579
    OK ch=1 v=0.2000
    OK ch=3 v=0.4882
    OK ch=5 v=0.2486
    OK ch=7 v=1.2514
    OK ch=1 v=0.2392
    OK ch=3 v=0.4926
    OK ch=7 v=1.2507
    OK ch=1 v=0.2515
    OK ch=3 v=0.5023
    OK ch=5 v=0.2477
    OK ch=7 v=1.2459
[  110.4s] DAMPING     ch0:LOCK g=-0.0300 bp=-0.054V ratio=0.12  ch1:LOCK g=-0.0300 bp=-0.052V ratio=0.12  ch2:LOCK g=+0.0100 bp=-0.030V ratio=0.05  ch3:LOCK g=-0.0300 bp=-0.061V ratio=0.12
    OK ch=1 v=0.2687
    OK ch=3 v=0.5065
    OK ch=5 v=0.2500
    OK ch=7 v=1.2497
    OK ch=1 v=0.3056
    OK ch=3 v=0.5221
    OK ch=5 v=0.2526
    OK ch=7 v=1.2558
    OK ch=1 v=0.3338
    OK ch=3 v=0.5408
    OK ch=5 v=0.2541
    OK ch=7 v=1.2635
    OK ch=1 v=0.2790
    OK ch=3 v=0.5422
    OK ch=5 v=0.2579
    OK ch=7 v=1.2641
    OK ch=1 v=0.2070
    OK ch=3 v=0.5230
    OK ch=5 v=0.2560
    OK ch=7 v=1.2629
    OK ch=1 v=0.1923
    OK ch=3 v=0.5065
    OK ch=5 v=0.2543
    OK ch=7 v=1.2698
    OK ch=1 v=0.2862
    OK ch=3 v=0.5369
    OK ch=5 v=0.2488
    OK ch=7 v=1.2684
    OK ch=1 v=0.3115
    OK ch=3 v=0.5381
    OK ch=5 v=0.2464
    OK ch=1 v=0.2567
    OK ch=3 v=0.5073
    OK ch=5 v=0.2455
    OK ch=7 v=1.2616
    OK ch=1 v=0.2905
    OK ch=3 v=0.5138
    OK ch=5 v=0.2448
    OK ch=7 v=1.2611
    OK ch=1 v=0.2528
    OK ch=3 v=0.5084
    OK ch=5 v=0.2408
    OK ch=1 v=0.2792
    OK ch=3 v=0.5051
    OK ch=5 v=0.2398
    OK ch=7 v=1.2589
    OK ch=1 v=0.2914
    OK ch=3 v=0.5130
    OK ch=5 v=0.2406
    OK ch=7 v=1.2571
    OK ch=1 v=0.2463
    OK ch=3 v=0.5040
    OK ch=5 v=0.2423
    OK ch=7 v=1.2562
    OK ch=1 v=0.1673
    OK ch=3 v=0.4777
    OK ch=5 v=0.2472
    OK ch=7 v=1.2582
    OK ch=1 v=0.2001
    OK ch=3 v=0.4854
    OK ch=5 v=0.2444
    OK ch=7 v=1.2660
    OK ch=1 v=0.2728
    OK ch=3 v=0.5091
    OK ch=5 v=0.2463
    OK ch=7 v=1.2673
    OK ch=1 v=0.3045
    OK ch=3 v=0.5368
    OK ch=7 v=1.2679
    OK ch=1 v=0.2427
    OK ch=3 v=0.5127
    OK ch=5 v=0.2470
    OK ch=7 v=1.2722
    OK ch=1 v=0.2621
    OK ch=3 v=0.5209
    OK ch=5 v=0.2482
    OK ch=7 v=1.2750
    OK ch=1 v=0.2607
    OK ch=3 v=0.5276
    OK ch=5 v=0.2496
    OK ch=7 v=1.2702
    OK ch=1 v=0.2050
    OK ch=3 v=0.5114
    OK ch=5 v=0.2503
    OK ch=7 v=1.2669
    OK ch=1 v=0.1703
    OK ch=3 v=0.4917
    OK ch=5 v=0.2479
    OK ch=7 v=1.2635
    OK ch=1 v=0.1776
    OK ch=3 v=0.4814
    OK ch=5 v=0.2446
    OK ch=7 v=1.2591
    OK ch=1 v=0.2660
    OK ch=3 v=0.5078
    OK ch=5 v=0.2419
    OK ch=7 v=1.2620
    OK ch=1 v=0.3276
    OK ch=3 v=0.5247
    OK ch=7 v=1.2572
    OK ch=1 v=0.2615
    OK ch=3 v=0.4948
    OK ch=5 v=0.2428
    OK ch=7 v=1.2547
    OK ch=1 v=0.2549
    OK ch=3 v=0.5038
    OK ch=5 v=0.2463
    OK ch=7 v=1.2586
    OK ch=1 v=0.2932
    OK ch=3 v=0.5283
    OK ch=5 v=0.2474
    OK ch=7 v=1.2579
    OK ch=1 v=0.2545
    OK ch=3 v=0.5195
    OK ch=5 v=0.2489
    OK ch=1 v=0.2755
    OK ch=3 v=0.5149
    OK ch=5 v=0.2507
    OK ch=7 v=1.2600
    OK ch=1 v=0.2866
    OK ch=3 v=0.5247
    OK ch=5 v=0.2496
    OK ch=7 v=1.2623
    OK ch=1 v=0.1986
    OK ch=3 v=0.5023
    OK ch=5 v=0.2527
    OK ch=7 v=1.2613
    OK ch=1 v=0.1858
    OK ch=3 v=0.4949
    OK ch=5 v=0.2545
    OK ch=7 v=1.2589
    OK ch=1 v=0.2411
    OK ch=3 v=0.5061
    OK ch=5 v=0.2502
    OK ch=7 v=1.2617
    OK ch=1 v=0.3293
    OK ch=3 v=0.5412
    OK ch=5 v=0.2485
    OK ch=7 v=1.2611
    OK ch=1 v=0.3314
    OK ch=3 v=0.5398
    OK ch=7 v=1.2588
    OK ch=1 v=0.2696
    OK ch=3 v=0.5125
    OK ch=5 v=0.2492
    OK ch=7 v=1.2580
    OK ch=1 v=0.2905
    OK ch=3 v=0.5212
    OK ch=5 v=0.2483
    OK ch=7 v=1.2569
    OK ch=1 v=0.2485
    OK ch=3 v=0.5165
    OK ch=7 v=1.2562
    OK ch=1 v=0.2768
    OK ch=3 v=0.5139
    OK ch=5 v=0.2470
    OK ch=7 v=1.2578
    OK ch=1 v=0.2929
    OK ch=3 v=0.5212
    OK ch=5 v=0.2462
    OK ch=7 v=1.2610
    OK ch=1 v=0.2522
    OK ch=3 v=0.5139
    OK ch=1 v=0.2025
    OK ch=3 v=0.4858
    OK ch=1 v=0.1801
    OK ch=3 v=0.4797
    OK ch=5 v=0.2472
    OK ch=7 v=1.2604
    OK ch=1 v=0.2526
    OK ch=3 v=0.5018
    OK ch=1 v=0.2974
    OK ch=3 v=0.5219
    OK ch=5 v=0.2453
    OK ch=7 v=1.2611
    OK ch=1 v=0.2987
    OK ch=3 v=0.5307
    OK ch=5 v=0.2444
    OK ch=7 v=1.2617
    OK ch=1 v=0.2388
    OK ch=3 v=0.5175
    OK ch=5 v=0.2481
    OK ch=7 v=1.2643
    OK ch=1 v=0.1715
    OK ch=3 v=0.4885
    OK ch=5 v=0.2487
    OK ch=7 v=1.2674
    OK ch=1 v=0.2179
    OK ch=3 v=0.4976
    OK ch=5 v=0.2471
    OK ch=1 v=0.2268
    OK ch=3 v=0.5098
    OK ch=5 v=0.2450
    OK ch=7 v=1.2618
    OK ch=1 v=0.2163
    OK ch=3 v=0.5027
    OK ch=5 v=0.2462
    OK ch=7 v=1.2625
    OK ch=1 v=0.3012
    OK ch=3 v=0.5218
    OK ch=5 v=0.2470
    OK ch=7 v=1.2645
    OK ch=1 v=0.3212
    OK ch=3 v=0.5318
    OK ch=5 v=0.2449
    OK ch=7 v=1.2659
    OK ch=1 v=0.2880
    OK ch=3 v=0.5267
    OK ch=5 v=0.2463
    OK ch=7 v=1.2620
    OK ch=1 v=0.1983
    OK ch=3 v=0.4924
    OK ch=5 v=0.2490
    OK ch=7 v=1.2597
    OK ch=1 v=0.2153
    OK ch=5 v=0.2476
    OK ch=7 v=1.2609
    OK ch=1 v=0.2177
    OK ch=3 v=0.5020
    OK ch=7 v=1.2599
    OK ch=1 v=0.2844
    OK ch=3 v=0.5270
    OK ch=5 v=0.2459
    OK ch=7 v=1.2624
    OK ch=1 v=0.2901
    OK ch=3 v=0.5262
    OK ch=7 v=1.2614
    OK ch=1 v=0.2853
    OK ch=3 v=0.5104
    OK ch=5 v=0.2480
    OK ch=1 v=0.2193
    OK ch=3 v=0.4890
    OK ch=5 v=0.2491
    OK ch=7 v=1.2575
    OK ch=1 v=0.2167
    OK ch=3 v=0.4943
    OK ch=5 v=0.2480
    OK ch=7 v=1.2614
    OK ch=1 v=0.2821
    OK ch=3 v=0.5154
    OK ch=7 v=1.2634
    OK ch=1 v=0.2322
    OK ch=3 v=0.5109
    OK ch=7 v=1.2596
    OK ch=1 v=0.2986
    OK ch=3 v=0.5371
    OK ch=5 v=0.2461
    OK ch=7 v=1.2627
    OK ch=1 v=0.2807
    OK ch=3 v=0.5281
    OK ch=1 v=0.2310
    OK ch=3 v=0.5031
    OK ch=5 v=0.2469
    OK ch=7 v=1.2603
    OK ch=1 v=0.2531
    OK ch=3 v=0.5016
    OK ch=7 v=1.2610
    OK ch=1 v=0.2428
    OK ch=3 v=0.5140
    OK ch=1 v=0.2478
    OK ch=3 v=0.5086
    OK ch=7 v=1.2624
    OK ch=1 v=0.2725
    OK ch=3 v=0.5248
    OK ch=5 v=0.2458
    OK ch=1 v=0.3369
    OK ch=3 v=0.5375
    OK ch=5 v=0.2447
    OK ch=7 v=1.2647
    OK ch=1 v=0.3114
    OK ch=3 v=0.5337
    OK ch=5 v=0.2461
    OK ch=7 v=1.2616
    OK ch=1 v=0.2329
    OK ch=3 v=0.5097
    OK ch=5 v=0.2482
    OK ch=7 v=1.2585
    OK ch=1 v=0.1833
    OK ch=3 v=0.4912
    OK ch=5 v=0.2495
    OK ch=7 v=1.2601
    OK ch=1 v=0.2104
    OK ch=5 v=0.2482
    OK ch=7 v=1.2585
    OK ch=1 v=0.2765
    OK ch=3 v=0.5215
    OK ch=5 v=0.2470
    OK ch=7 v=1.2579
    OK ch=1 v=0.2486
    OK ch=3 v=0.5109
    OK ch=5 v=0.2480
    OK ch=1 v=0.3146
    OK ch=3 v=0.5345
    OK ch=7 v=1.2626
    OK ch=1 v=0.2679
    OK ch=3 v=0.5081
    OK ch=5 v=0.2496
    OK ch=7 v=1.2612
    OK ch=1 v=0.2822
    OK ch=3 v=0.5180
    OK ch=5 v=0.2484
    OK ch=7 v=1.2623
    OK ch=1 v=0.2964
    OK ch=3 v=0.5269
    OK ch=5 v=0.2495
    OK ch=7 v=1.2635
    OK ch=1 v=0.2448
    OK ch=3 v=0.5197
    OK ch=5 v=0.2507
    OK ch=7 v=1.2607
    OK ch=1 v=0.1975
    OK ch=3 v=0.5034
    OK ch=5 v=0.2513
    OK ch=7 v=1.2570
    OK ch=1 v=0.1873
    OK ch=3 v=0.4904
    OK ch=7 v=1.2581
    OK ch=1 v=0.2510
    OK ch=3 v=0.5112
    OK ch=5 v=0.2473
    OK ch=1 v=0.3225
    OK ch=3 v=0.5297
    OK ch=5 v=0.2455
    OK ch=7 v=1.2631
    OK ch=1 v=0.2781
    OK ch=3 v=0.5199
    OK ch=7 v=1.2603
    OK ch=1 v=0.2944
    OK ch=3 v=0.5144
    OK ch=5 v=0.2462
    OK ch=7 v=1.2627
    OK ch=1 v=0.2953
    OK ch=3 v=0.5201
    OK ch=5 v=0.2455
    OK ch=7 v=1.2618
    OK ch=1 v=0.2471
    OK ch=3 v=0.5098
    OK ch=7 v=1.2629
    OK ch=1 v=0.2702
    OK ch=7 v=1.2663
    OK ch=1 v=0.2548
    OK ch=3 v=0.5109
    OK ch=5 v=0.2448
    OK ch=7 v=1.2640
    OK ch=1 v=0.2027
    OK ch=3 v=0.5024
    OK ch=5 v=0.2460
    OK ch=7 v=1.2645
    OK ch=1 v=0.1838
    OK ch=3 v=0.4901
    OK ch=5 v=0.2450
    OK ch=7 v=1.2635
    OK ch=1 v=0.2223
    OK ch=3 v=0.4950
    OK ch=7 v=1.2624
    OK ch=1 v=0.2801
    OK ch=3 v=0.5217
    OK ch=5 v=0.2418
    OK ch=7 v=1.2642
    OK ch=1 v=0.2460
    OK ch=3 v=0.5130
    OK ch=5 v=0.2442
    OK ch=7 v=1.2589
    OK ch=1 v=0.2856
    OK ch=3 v=0.5141
    OK ch=5 v=0.2462
    OK ch=7 v=1.2633
    OK ch=1 v=0.3181
    OK ch=3 v=0.5281
    OK ch=5 v=0.2454
    OK ch=7 v=1.2680
    OK ch=1 v=0.3061
    OK ch=3 v=0.5356
    OK ch=5 v=0.2462
    OK ch=7 v=1.2663
    OK ch=1 v=0.2175
    OK ch=3 v=0.5039
    OK ch=5 v=0.2495
    OK ch=7 v=1.2627
    OK ch=1 v=0.1703
    OK ch=3 v=0.4891
    OK ch=5 v=0.2511
    OK ch=7 v=1.2601
    OK ch=1 v=0.2214
    OK ch=3 v=0.4949
    OK ch=5 v=0.2504
    OK ch=1 v=0.2315
    OK ch=3 v=0.5066
    OK ch=5 v=0.2485
    OK ch=7 v=1.2565
    OK ch=1 v=0.2554
    OK ch=3 v=0.5085
    OK ch=7 v=1.2584
    OK ch=1 v=0.3009
    OK ch=3 v=0.5309
    OK ch=5 v=0.2500
    OK ch=7 v=1.2537
    OK ch=1 v=0.2573
    OK ch=3 v=0.5153
    OK ch=7 v=1.2554
    OK ch=1 v=0.3234
    OK ch=3 v=0.5345
    OK ch=5 v=0.2486
    OK ch=7 v=1.2611
    OK ch=1 v=0.2875
    OK ch=3 v=0.5267
    OK ch=5 v=0.2494
    OK ch=7 v=1.2595
    OK ch=1 v=0.2144
    OK ch=3 v=0.5012
    OK ch=5 v=0.2517
    OK ch=7 v=1.2601
    OK ch=1 v=0.2020
    OK ch=3 v=0.4918
    OK ch=7 v=1.2621
    OK ch=1 v=0.2683
    OK ch=3 v=0.5246
    OK ch=5 v=0.2510
    OK ch=7 v=1.2613
    OK ch=1 v=0.2624
    OK ch=3 v=0.5158
    OK ch=5 v=0.2477
    OK ch=7 v=1.2602
    OK ch=1 v=0.2519
    OK ch=3 v=0.5026
    OK ch=5 v=0.2467
    OK ch=1 v=0.2718
    OK ch=3 v=0.5197
    OK ch=7 v=1.2587
    OK ch=1 v=0.3362
    OK ch=3 v=0.5318
    OK ch=5 v=0.2427
    OK ch=7 v=1.2627
    OK ch=1 v=0.3191
    OK ch=3 v=0.5312
    OK ch=5 v=0.2437
    OK ch=7 v=1.2646
    OK ch=1 v=0.2503
    OK ch=3 v=0.5180
    OK ch=5 v=0.2455
    OK ch=7 v=1.2640
    OK ch=1 v=0.1863
    OK ch=3 v=0.4885
    OK ch=7 v=1.2653
    OK ch=1 v=0.2523
    OK ch=3 v=0.5155
    OK ch=5 v=0.2437
    OK ch=7 v=1.2645
    OK ch=1 v=0.2386
    OK ch=3 v=0.5071
    OK ch=5 v=0.2444
    OK ch=7 v=1.2631
    OK ch=1 v=0.2240
    OK ch=3 v=0.4994
    OK ch=5 v=0.2410
    OK ch=7 v=1.2621
[  115.4s] DAMPING     ch0:LOCK g=-0.0300 bp=-0.052V ratio=0.17  ch1:LOCK g=-0.0300 bp=-0.019V ratio=0.12  ch2:LOCK g=+0.0100 bp=+0.034V ratio=0.04  ch3:LOCK g=-0.0300 bp=+0.005V ratio=0.07
    OK ch=1 v=0.2694
    OK ch=3 v=0.5061
    OK ch=5 v=0.2438
    OK ch=7 v=1.2639
    OK ch=1 v=0.3104
    OK ch=3 v=0.5218
    OK ch=5 v=0.2430
    OK ch=7 v=1.2655
    OK ch=1 v=0.3190
    OK ch=3 v=0.5355
    OK ch=5 v=0.2456
    OK ch=7 v=1.2665
    OK ch=1 v=0.2335
    OK ch=3 v=0.5179
    OK ch=5 v=0.2496
    OK ch=7 v=1.2575
    OK ch=1 v=0.1836
    OK ch=3 v=0.4971
    OK ch=5 v=0.2503
    OK ch=7 v=1.2628
    OK ch=1 v=0.2062
    OK ch=3 v=0.4940
    OK ch=7 v=1.2620
    OK ch=1 v=0.2290
    OK ch=3 v=0.5074
    OK ch=5 v=0.2494
    OK ch=7 v=1.2591
    OK ch=1 v=0.2750
    OK ch=3 v=0.5116
    OK ch=7 v=1.2603
    OK ch=1 v=0.2632
    OK ch=3 v=0.5190
    OK ch=5 v=0.2505
    OK ch=7 v=1.2583
    OK ch=1 v=0.2323
    OK ch=3 v=0.5072
    OK ch=5 v=0.2492
    OK ch=7 v=1.2566
    OK ch=1 v=0.2598
    OK ch=3 v=0.5084
    OK ch=5 v=0.2504
    OK ch=7 v=1.2592
    OK ch=1 v=0.3346
    OK ch=3 v=0.5360
    OK ch=5 v=0.2528
    OK ch=7 v=1.2583
    OK ch=1 v=0.3096
    OK ch=3 v=0.5338
    OK ch=5 v=0.2494
    OK ch=1 v=0.2506
    OK ch=3 v=0.5067
    OK ch=5 v=0.2505
    OK ch=7 v=1.2593
    OK ch=1 v=0.2733
    OK ch=3 v=0.5142
    OK ch=5 v=0.2497
    OK ch=7 v=1.2606
    OK ch=1 v=0.2313
    OK ch=3 v=0.5075
    OK ch=1 v=0.1887
    OK ch=3 v=0.4964
    OK ch=7 v=1.2594
    OK ch=1 v=0.2547
    OK ch=3 v=0.5160
    OK ch=5 v=0.2460
    OK ch=7 v=1.2611
    OK ch=1 v=0.2647
    OK ch=5 v=0.2436
    OK ch=1 v=0.2289
    OK ch=3 v=0.5059
    OK ch=7 v=1.2621
    OK ch=1 v=0.2951
    OK ch=3 v=0.5196
    OK ch=7 v=1.2614
    OK ch=1 v=0.2290
    OK ch=3 v=0.4923
    OK ch=5 v=0.2446
    OK ch=7 v=1.2626
    OK ch=1 v=0.2643
    OK ch=3 v=0.5064
    OK ch=5 v=0.2430
    OK ch=7 v=1.2662
    OK ch=1 v=0.3085
    OK ch=3 v=0.5279
    OK ch=5 v=0.2423
    OK ch=7 v=1.2676
    OK ch=1 v=0.2874
    OK ch=3 v=0.5287
    OK ch=5 v=0.2433
    OK ch=1 v=0.2711
    OK ch=3 v=0.5165
    OK ch=5 v=0.2453
    OK ch=7 v=1.2682
    OK ch=1 v=0.2648
    OK ch=3 v=0.5212
    OK ch=1 v=0.2274
    OK ch=3 v=0.5141
    OK ch=5 v=0.2443
    OK ch=7 v=1.2641
    OK ch=1 v=0.1724
    OK ch=3 v=0.4941
    OK ch=5 v=0.2473
    OK ch=7 v=1.2602
    OK ch=1 v=0.1787
    OK ch=3 v=0.4883
    OK ch=5 v=0.2463
    OK ch=7 v=1.2583
    OK ch=1 v=0.2374
    OK ch=3 v=0.5009
    OK ch=5 v=0.2454
    OK ch=7 v=1.2599
    OK ch=1 v=0.3258
    OK ch=3 v=0.5346
    OK ch=7 v=1.2594
    OK ch=1 v=0.2594
    OK ch=3 v=0.5065
    OK ch=5 v=0.2488
    OK ch=7 v=1.2609
    OK ch=1 v=0.2561
    OK ch=3 v=0.5099
    OK ch=5 v=0.2503
    OK ch=7 v=1.2591
    OK ch=1 v=0.2948
    OK ch=3 v=0.5323
    OK ch=5 v=0.2517
    OK ch=7 v=1.2584
    OK ch=1 v=0.2064
    OK ch=3 v=0.5033
    OK ch=5 v=0.2531
    OK ch=7 v=1.2571
    OK ch=1 v=0.1842
    OK ch=3 v=0.4906
    OK ch=5 v=0.2545
    OK ch=1 v=0.2502
    OK ch=3 v=0.5220
    OK ch=5 v=0.2521
    OK ch=1 v=0.3020
    OK ch=3 v=0.5192
    OK ch=7 v=1.2600
    OK ch=1 v=0.2360
    OK ch=3 v=0.4977
    OK ch=5 v=0.2496
    OK ch=7 v=1.2565
    OK ch=1 v=0.2295
    OK ch=3 v=0.4991
    OK ch=7 v=1.2577
    OK ch=1 v=0.2261
    OK ch=3 v=0.5074
    OK ch=5 v=0.2508
    OK ch=7 v=1.2546
    OK ch=1 v=0.2505
    OK ch=3 v=0.5058
    OK ch=5 v=0.2480
    OK ch=7 v=1.2578
    OK ch=1 v=0.2979
    OK ch=3 v=0.5203
    OK ch=5 v=0.2450
    OK ch=7 v=1.2626
    OK ch=1 v=0.3360
    OK ch=3 v=0.5346
    OK ch=7 v=1.2670
    OK ch=1 v=0.2643
    OK ch=3 v=0.5118
    OK ch=7 v=1.2665
    OK ch=1 v=0.2216
    OK ch=3 v=0.5125
    OK ch=5 v=0.2457
    OK ch=7 v=1.2651
    OK ch=1 v=0.2013
    OK ch=3 v=0.4985
    OK ch=5 v=0.2433
    OK ch=1 v=0.2673
    OK ch=3 v=0.5272
    OK ch=5 v=0.2423
    OK ch=7 v=1.2638
    OK ch=1 v=0.2624
    OK ch=3 v=0.5198
    OK ch=1 v=0.2271
    OK ch=3 v=0.4997
    OK ch=5 v=0.2432
    OK ch=7 v=1.2657
    OK ch=1 v=0.2422
    OK ch=3 v=0.5002
    OK ch=1 v=0.2864
    OK ch=3 v=0.5141
    OK ch=5 v=0.2411
    OK ch=7 v=1.2662
    OK ch=1 v=0.3362
    OK ch=3 v=0.5329
    OK ch=5 v=0.2427
    OK ch=7 v=1.2678
    OK ch=1 v=0.3040
    OK ch=3 v=0.5336
    OK ch=5 v=0.2447
    OK ch=1 v=0.2743
    OK ch=3 v=0.5198
    OK ch=5 v=0.2470
    OK ch=7 v=1.2667
    OK ch=1 v=0.2575
    OK ch=3 v=0.5192
    OK ch=5 v=0.2486
    OK ch=7 v=1.2629
    OK ch=1 v=0.2151
    OK ch=3 v=0.5111
    OK ch=5 v=0.2480
    OK ch=7 v=1.2646

>>> KICK 2/3 REQUESTED at t=120.0s <<<

    OK ch=1 v=0.1694
    OK ch=3 v=0.4966
    OK ch=5 v=0.2471
    OK ch=7 v=1.2679
    OK ch=1 v=0.2078
    OK ch=5 v=0.2476
    OK ch=7 v=1.2655
    OK ch=1 v=0.2227
    OK ch=3 v=0.5072
    OK ch=5 v=0.2430
    OK ch=7 v=1.2646
    OK ch=1 v=0.2246
    OK ch=3 v=0.5026
    OK ch=5 v=0.2423
    OK ch=1 v=0.2908
    OK ch=3 v=0.5322
    OK ch=5 v=0.2404
    OK ch=7 v=1.2718
    OK ch=1 v=0.2794
    OK ch=3 v=0.5199
    OK ch=5 v=0.2428
    OK ch=7 v=1.2632
    OK ch=1 v=0.2281
    OK ch=3 v=0.4916
    OK ch=5 v=0.2451
    OK ch=7 v=1.2602
    OK ch=1 v=0.2682
    OK ch=3 v=0.4999
    OK ch=5 v=0.2440
    OK ch=7 v=1.2558
    OK ch=1 v=0.3164
    OK ch=3 v=0.5239
    OK ch=5 v=0.2464
    OK ch=1 v=0.2447
    OK ch=3 v=0.4992
    OK ch=1 v=0.2887
    OK ch=3 v=0.5188
    OK ch=5 v=0.2447
    OK ch=7 v=1.2614
    OK ch=1 v=0.2764
    OK ch=3 v=0.5234
    OK ch=5 v=0.2470
    OK ch=7 v=1.2620
    OK ch=1 v=0.2135
    OK ch=3 v=0.5055
    OK ch=5 v=0.2506
    OK ch=7 v=1.2606
    OK ch=1 v=0.1779
    OK ch=3 v=0.4907
    OK ch=5 v=0.2516
    OK ch=7 v=1.2593
    OK ch=1 v=0.2101
    OK ch=3 v=0.4952
    OK ch=5 v=0.2510
    OK ch=7 v=1.2621
    OK ch=1 v=0.2907
    OK ch=3 v=0.5217
    OK ch=5 v=0.2477
    OK ch=7 v=1.2611
    OK ch=1 v=0.3300
    OK ch=3 v=0.5314
    OK ch=5 v=0.2534
    OK ch=7 v=1.2621
    OK ch=1 v=0.3088
    OK ch=3 v=0.5337
    OK ch=5 v=0.2496
    OK ch=7 v=1.2631
    OK ch=1 v=0.2205
    OK ch=3 v=0.5089
    OK ch=5 v=0.2468
    OK ch=7 v=1.2625
    OK ch=1 v=0.1865
    OK ch=3 v=0.4961
    OK ch=5 v=0.2455
    OK ch=7 v=1.2642
    OK ch=1 v=0.2471
    OK ch=3 v=0.5078
    OK ch=5 v=0.2482
    OK ch=7 v=1.2598
    OK ch=1 v=0.3354
    OK ch=3 v=0.5363
    OK ch=5 v=0.2411
    OK ch=7 v=1.2617
    OK ch=1 v=0.3173
    OK ch=3 v=0.5329
    OK ch=5 v=0.2398
    OK ch=7 v=1.2595
    OK ch=1 v=0.2237
    OK ch=3 v=0.4987
    OK ch=5 v=0.2435
    OK ch=7 v=1.2563
    OK ch=1 v=0.2534
    OK ch=3 v=0.5031
    OK ch=5 v=0.2484
    OK ch=1 v=0.2326
    OK ch=3 v=0.4969
    OK ch=5 v=0.2465
    OK ch=7 v=1.2519
    OK ch=1 v=0.2233
    OK ch=3 v=0.5023
    OK ch=5 v=0.2503
    OK ch=7 v=1.2580
    OK ch=1 v=0.2748
    OK ch=3 v=0.5155
    OK ch=5 v=0.2486
    OK ch=7 v=1.2642
    OK ch=1 v=0.3350
    OK ch=3 v=0.5326
    OK ch=7 v=1.2635
    OK ch=1 v=0.2688
    OK ch=3 v=0.5174
    OK ch=5 v=0.2539
    OK ch=7 v=1.2606
    OK ch=1 v=0.2290
    OK ch=3 v=0.5105
    OK ch=5 v=0.2516
    OK ch=7 v=1.2626
    OK ch=1 v=0.2835
    OK ch=3 v=0.5237
    OK ch=7 v=1.2674
    OK ch=1 v=0.2282
    OK ch=3 v=0.5071
    OK ch=5 v=0.2495
    OK ch=7 v=1.2653
    OK ch=1 v=0.2775
    OK ch=3 v=0.5165
    OK ch=5 v=0.2480
    OK ch=7 v=1.2564
    OK ch=1 v=0.3070
    OK ch=3 v=0.5282
    OK ch=5 v=0.2504
    OK ch=7 v=1.2576
    OK ch=1 v=0.2801
    OK ch=3 v=0.5253
    OK ch=5 v=0.2424
    OK ch=7 v=1.2605
    OK ch=1 v=0.1917
    OK ch=3 v=0.4915
    OK ch=5 v=0.2410
    OK ch=7 v=1.2615
    OK ch=1 v=0.1824
    OK ch=3 v=0.4772
    OK ch=5 v=0.2434
    OK ch=7 v=1.2629
    OK ch=1 v=0.2525
    OK ch=3 v=0.4981
    OK ch=7 v=1.2604
    OK ch=1 v=0.2269
    OK ch=3 v=0.4987
    OK ch=7 v=1.2615
    OK ch=1 v=0.2931
    OK ch=3 v=0.5346
    OK ch=5 v=0.2417
    OK ch=7 v=1.2654
    OK ch=1 v=0.2627
    OK ch=3 v=0.5250
    OK ch=5 v=0.2451
    OK ch=7 v=1.2674
    OK ch=1 v=0.2282
    OK ch=3 v=0.5050
    OK ch=7 v=1.2656
    OK ch=1 v=0.2943
    OK ch=3 v=0.5322
    OK ch=7 v=1.2663
    OK ch=1 v=0.2775
    OK ch=3 v=0.5159
    OK ch=5 v=0.2477
    OK ch=7 v=1.2697
    OK ch=1 v=0.2977
    OK ch=3 v=0.5256
    OK ch=7 v=1.2672
    OK ch=1 v=0.2312
    OK ch=3 v=0.5018
    OK ch=5 v=0.2509
    OK ch=7 v=1.2646
    OK ch=1 v=0.2753
    OK ch=3 v=0.5243
    OK ch=5 v=0.2458
    OK ch=7 v=1.2670
    OK ch=1 v=0.2479
    OK ch=3 v=0.5204
    OK ch=7 v=1.2648
    OK ch=1 v=0.2528
    OK ch=3 v=0.5087
    OK ch=7 v=1.2630
    OK ch=1 v=0.1866
    OK ch=3 v=0.4884
    OK ch=5 v=0.2448
    OK ch=7 v=1.2580
    OK ch=1 v=0.2150
    OK ch=3 v=0.4907
    OK ch=5 v=0.2436
    OK ch=7 v=1.2598
    OK ch=1 v=0.2978
    OK ch=3 v=0.5166
    OK ch=5 v=0.2461
    OK ch=7 v=1.2533
    OK ch=1 v=0.3262
    OK ch=3 v=0.5265
    OK ch=5 v=0.2451
    OK ch=1 v=0.2600
    OK ch=3 v=0.4996
    OK ch=5 v=0.2489
    OK ch=7 v=1.2509
    OK ch=1 v=0.2517
    OK ch=3 v=0.5070
    OK ch=7 v=1.2600
    OK ch=1 v=0.2098
    OK ch=3 v=0.4972
    OK ch=5 v=0.2532
    OK ch=7 v=1.2612
    OK ch=1 v=0.2962
    OK ch=3 v=0.5266
    OK ch=7 v=1.2629
    OK ch=1 v=0.2299
    OK ch=3 v=0.5083
    OK ch=5 v=0.2521
    OK ch=7 v=1.2570
    OK ch=1 v=0.2391
    OK ch=3 v=0.5136
    OK ch=5 v=0.2502
    OK ch=7 v=1.2631
    OK ch=1 v=0.2983
    OK ch=3 v=0.5284
    OK ch=5 v=0.2552
    OK ch=7 v=1.2580
    OK ch=3 v=0.5415
    OK ch=5 v=0.2480
    OK ch=7 v=1.2631
    OK ch=1 v=0.2660
    OK ch=3 v=0.5188
    OK ch=5 v=0.2467
    OK ch=7 v=1.2673
    OK ch=1 v=0.2808
    OK ch=3 v=0.5204
    OK ch=7 v=1.2663
    OK ch=1 v=0.2145
    OK ch=3 v=0.4914
    OK ch=5 v=0.2475
    OK ch=7 v=1.2611
    OK ch=1 v=0.2271
    OK ch=3 v=0.4958
    OK ch=5 v=0.2493
    OK ch=7 v=1.2599
    OK ch=1 v=0.2940
    OK ch=3 v=0.5185
    OK ch=5 v=0.2437
    OK ch=7 v=1.2542
[  120.4s] DAMPING     ch0:LOCK g=-0.0300 bp=+0.065V ratio=0.11  ch1:LOCK g=-0.0300 bp=+0.022V ratio=0.12  ch2:LOCK g=+0.0100 bp=-0.030V ratio=0.06  ch3:LOCK g=-0.0300 bp=-0.010V ratio=0.11
    OK ch=1 v=0.2946
    OK ch=3 v=0.5254
    OK ch=5 v=0.2397
    OK ch=7 v=1.2628
    OK ch=1 v=0.2403
    OK ch=3 v=0.5112
    OK ch=5 v=0.2422
    OK ch=7 v=1.2605
    OK ch=1 v=0.1723
    OK ch=3 v=0.4831
    OK ch=5 v=0.2463
    OK ch=7 v=1.2570
    OK ch=1 v=0.2196
    OK ch=3 v=0.4921
    OK ch=5 v=0.2440
    OK ch=7 v=1.2616
    OK ch=1 v=0.2944
    OK ch=3 v=0.5169
    OK ch=5 v=0.2428
    OK ch=7 v=1.2626
    OK ch=1 v=0.3177
    OK ch=3 v=0.5347
    OK ch=5 v=0.2453
    OK ch=7 v=1.2660
    OK ch=1 v=0.2791
    OK ch=3 v=0.5328
    OK ch=5 v=0.2470
    OK ch=7 v=1.2686
    OK ch=1 v=0.2139
    OK ch=3 v=0.5120
    OK ch=5 v=0.2508
    OK ch=7 v=1.2640
    OK ch=1 v=0.1878
    OK ch=3 v=0.4905
    OK ch=5 v=0.2484
    OK ch=7 v=1.2679
    OK ch=1 v=0.2494
    OK ch=3 v=0.5037
    OK ch=5 v=0.2475
    OK ch=7 v=1.2729
    OK ch=1 v=0.3137
    OK ch=3 v=0.5282
    OK ch=7 v=1.2599
    OK ch=1 v=0.2474
    OK ch=3 v=0.5080
    OK ch=5 v=0.2465
    OK ch=7 v=1.2586
    OK ch=1 v=0.3075
    OK ch=3 v=0.5305
    OK ch=5 v=0.2472
    OK ch=7 v=1.2555
    OK ch=1 v=0.2670
    OK ch=3 v=0.5174
    OK ch=5 v=0.2448
    OK ch=7 v=1.2603
    OK ch=1 v=0.2104
    OK ch=3 v=0.4988
    OK ch=5 v=0.2466
    OK ch=7 v=1.2568
    OK ch=1 v=0.1858
    OK ch=3 v=0.4822
    OK ch=5 v=0.2459
    OK ch=7 v=1.2577
    OK ch=1 v=0.2285
    OK ch=3 v=0.4925
    OK ch=7 v=1.2593
    OK ch=1 v=0.2747
    OK ch=3 v=0.5187
    OK ch=5 v=0.2428
    OK ch=7 v=1.2602
    OK ch=1 v=0.2559
    OK ch=3 v=0.5099
    OK ch=5 v=0.2516
    OK ch=7 v=1.2483
    OK ch=1 v=0.3062
    OK ch=3 v=0.5216
    OK ch=5 v=0.2501
    OK ch=7 v=1.2639
    OK ch=1 v=0.3282
    OK ch=3 v=0.5338
    OK ch=7 v=1.2651
    OK ch=1 v=0.2622
    OK ch=3 v=0.5016
    OK ch=5 v=0.2574
    OK ch=7 v=1.2609
    OK ch=1 v=0.2263
    OK ch=3 v=0.5127
    OK ch=5 v=0.2466
    OK ch=7 v=1.2730
    OK ch=1 v=0.3000
    OK ch=3 v=0.5368
    OK ch=5 v=0.2453
    OK ch=1 v=0.2339
    OK ch=3 v=0.5057
    OK ch=5 v=0.2514
    OK ch=7 v=1.2651
    OK ch=1 v=0.2559
    OK ch=3 v=0.5094
    OK ch=7 v=1.2625
    OK ch=1 v=0.1987
    OK ch=3 v=0.4976
    OK ch=5 v=0.2509
    OK ch=7 v=1.2494
    OK ch=1 v=0.2233
    OK ch=3 v=0.5000
    OK ch=5 v=0.2397
    OK ch=7 v=1.2595
    OK ch=1 v=0.3117
    OK ch=3 v=0.5285
    OK ch=7 v=1.2585
    OK ch=1 v=0.2456
    OK ch=3 v=0.5033
    OK ch=5 v=0.2433
    OK ch=7 v=1.2543
    OK ch=1 v=0.2592
    OK ch=3 v=0.5062
    OK ch=7 v=1.2606
    OK ch=1 v=0.2247
    OK ch=5 v=0.2458
    OK ch=7 v=1.2585
    OK ch=1 v=0.2907
    OK ch=3 v=0.5346
    OK ch=5 v=0.2453
    OK ch=7 v=1.2625
    OK ch=1 v=0.2874
    OK ch=3 v=0.5303
    OK ch=7 v=1.2610
    OK ch=1 v=0.3052
    OK ch=3 v=0.5286
    OK ch=5 v=0.2491
    OK ch=7 v=1.2657
    OK ch=1 v=0.2545
    OK ch=3 v=0.5185
    OK ch=5 v=0.2545
    OK ch=7 v=1.2607
    OK ch=1 v=0.2025
    OK ch=3 v=0.5043
    OK ch=5 v=0.2514
    OK ch=7 v=1.2647
    OK ch=1 v=0.1894
    OK ch=3 v=0.4900
    OK ch=7 v=1.2654
    OK ch=1 v=0.2517
    OK ch=3 v=0.5166
    OK ch=7 v=1.2595
    OK ch=1 v=0.3141
    OK ch=3 v=0.5323
    OK ch=5 v=0.2473
    OK ch=7 v=1.2634
    OK ch=1 v=0.2258
    OK ch=3 v=0.5065
    OK ch=5 v=0.2480
    OK ch=1 v=0.2920
    OK ch=3 v=0.5257
    OK ch=5 v=0.2438
    OK ch=7 v=1.2652
    OK ch=1 v=0.2891
    OK ch=3 v=0.5207
    OK ch=7 v=1.2641
    OK ch=1 v=0.2757
    OK ch=3 v=0.5002
    OK ch=5 v=0.2457
    OK ch=7 v=1.2558
    OK ch=1 v=0.2815
    OK ch=3 v=0.5107
    OK ch=5 v=0.2436
    OK ch=7 v=1.2591
    OK ch=1 v=0.2162
    OK ch=3 v=0.4980
    OK ch=5 v=0.2461
    OK ch=7 v=1.2547
    OK ch=1 v=0.1770
    OK ch=3 v=0.4881
    OK ch=5 v=0.2447
    OK ch=7 v=1.2610
    OK ch=1 v=0.2396
    OK ch=3 v=0.4967
    OK ch=5 v=0.2368
    OK ch=7 v=1.2590
    OK ch=1 v=0.2995
    OK ch=3 v=0.5131
    OK ch=5 v=0.2475
    OK ch=1 v=0.2334
    OK ch=3 v=0.4470
    OK ch=5 v=0.3136
    OK ch=7 v=1.2067
    OK ch=1 v=0.1454
    OK ch=3 v=0.4020
    OK ch=5 v=0.3484
    OK ch=7 v=1.1799
    OK ch=1 v=0.2085
    OK ch=3 v=0.4742
    OK ch=5 v=0.3147
    OK ch=7 v=1.2129
    OK ch=1 v=0.2373
    OK ch=3 v=0.4653
    OK ch=7 v=1.1452
    OK ch=1 v=0.3034
    OK ch=3 v=0.5091
    OK ch=5 v=0.2563
    OK ch=7 v=1.2044
    OK ch=1 v=0.3919
    OK ch=3 v=0.5976
    OK ch=5 v=0.1679
    OK ch=7 v=1.2929
    OK ch=1 v=0.4847
    OK ch=3 v=0.6904
    OK ch=5 v=0.0751
    OK ch=7 v=1.3856
    OK ch=1 v=0.5000
    OK ch=3 v=0.7500
    OK ch=5 v=0.0017
    OK ch=7 v=1.4847
    OK ch=3 v=0.6556
    OK ch=5 v=0.0961
    OK ch=7 v=1.3903
    OK ch=1 v=0.4288
    OK ch=3 v=0.5844
    OK ch=5 v=0.1673
    OK ch=7 v=1.3191
    OK ch=1 v=0.3346
    OK ch=3 v=0.4902
    OK ch=5 v=0.2615
    OK ch=7 v=1.2249
    OK ch=1 v=0.2415
    OK ch=3 v=0.3972
    OK ch=5 v=0.3546
    OK ch=7 v=1.1318
    OK ch=1 v=0.1480
    OK ch=3 v=0.3308
    OK ch=5 v=0.4481
    OK ch=7 v=1.0383
    OK ch=1 v=0.2422
    OK ch=3 v=0.4250
    OK ch=5 v=0.4377
    OK ch=7 v=1.0000
    OK ch=1 v=0.3364
    OK ch=3 v=0.5192
    OK ch=5 v=0.3435
    OK ch=7 v=1.0942
    OK ch=1 v=0.4292
    OK ch=3 v=0.6109
    OK ch=5 v=0.2507
    OK ch=7 v=1.1870
    OK ch=1 v=0.3355
    OK ch=3 v=0.5172
    OK ch=5 v=0.1570
    OK ch=7 v=1.2807
    OK ch=1 v=0.2364
    OK ch=3 v=0.4181
    OK ch=5 v=0.2562
    OK ch=7 v=1.1815
    OK ch=1 v=0.3300
    OK ch=3 v=0.5117
    OK ch=5 v=0.3499
    OK ch=7 v=1.0878
    OK ch=1 v=0.4236
    OK ch=3 v=0.6029
    OK ch=5 v=0.2563
    OK ch=7 v=1.0000
    OK ch=1 v=0.5000
    OK ch=3 v=0.6915
    OK ch=5 v=0.1677
    OK ch=7 v=1.0886
    OK ch=1 v=0.4122
    OK ch=3 v=0.7500
    OK ch=5 v=0.0880
    OK ch=7 v=1.1763
    OK ch=1 v=0.5000
    OK ch=5 v=0.0000
    OK ch=7 v=1.2700
    OK ch=3 v=0.6785
    OK ch=7 v=1.3414
    OK ch=3 v=0.6343
    OK ch=5 v=0.0142
    OK ch=7 v=1.3857
    OK ch=3 v=0.5627
    OK ch=5 v=0.0857
    OK ch=7 v=1.3142
    OK ch=1 v=0.4340
    OK ch=3 v=0.4967
    OK ch=5 v=0.1518
    OK ch=7 v=1.2481
    OK ch=1 v=0.3444
    OK ch=3 v=0.4071
    OK ch=5 v=0.2413
    OK ch=7 v=1.1586
    OK ch=1 v=0.2501
    OK ch=3 v=0.4732
    OK ch=5 v=0.1783
    OK ch=7 v=1.1380
    OK ch=1 v=0.3421
    OK ch=3 v=0.5652
    OK ch=5 v=0.0862
    OK ch=7 v=1.2300
    OK ch=1 v=0.2542
    OK ch=3 v=0.6531
    OK ch=5 v=0.1742
    OK ch=7 v=1.3179
    OK ch=1 v=0.3483
    OK ch=3 v=0.7472
    OK ch=5 v=0.0801
    OK ch=7 v=1.4120
    OK ch=1 v=0.4416
    OK ch=3 v=0.6538
    OK ch=5 v=0.0000
    OK ch=7 v=1.4556
    OK ch=1 v=0.3482
    OK ch=3 v=0.5604
    OK ch=5 v=0.0934
    OK ch=7 v=1.3622
    OK ch=1 v=0.2599
    OK ch=3 v=0.4722
    OK ch=5 v=0.1816
    OK ch=7 v=1.2739
    OK ch=1 v=0.2449
    OK ch=3 v=0.3730
    OK ch=5 v=0.0825
    OK ch=7 v=1.1748
    OK ch=1 v=0.3387
    OK ch=3 v=0.4668
    OK ch=5 v=0.0378
    OK ch=7 v=1.2686
    OK ch=1 v=0.4328
    OK ch=3 v=0.5610
    OK ch=5 v=0.0651
    OK ch=7 v=1.3627
    OK ch=1 v=0.5000
    OK ch=3 v=0.6544
    OK ch=5 v=0.0000
    OK ch=7 v=1.4562
    OK ch=3 v=0.5613
    OK ch=7 v=1.3631
    OK ch=3 v=0.5118
    OK ch=5 v=0.0270
    OK ch=7 v=1.3136
    OK ch=1 v=0.4335
    OK ch=3 v=0.4453
    OK ch=5 v=0.0935
    OK ch=7 v=1.2471
    OK ch=1 v=0.3457
    OK ch=3 v=0.3576
    OK ch=5 v=0.1813
    OK ch=7 v=1.1593
    OK ch=1 v=0.2608
    OK ch=3 v=0.2726
    OK ch=5 v=0.2662
    OK ch=7 v=1.0744
    OK ch=1 v=0.3575
    OK ch=3 v=0.3693
    OK ch=5 v=0.3629
    OK ch=7 v=1.1710
    OK ch=1 v=0.2691
    OK ch=3 v=0.4576
    OK ch=5 v=0.3525
    OK ch=7 v=1.2594
    OK ch=1 v=0.3626
    OK ch=3 v=0.5511
    OK ch=5 v=0.2590
    OK ch=7 v=1.3529
    OK ch=1 v=0.4512
    OK ch=3 v=0.6397
    OK ch=5 v=0.1705
    OK ch=7 v=1.4414
    OK ch=1 v=0.5000
    OK ch=3 v=0.7331
    OK ch=5 v=0.0771
    OK ch=7 v=1.5000
    OK ch=3 v=0.6393
    OK ch=5 v=0.0000
    OK ch=3 v=0.5897
    OK ch=5 v=0.0101
    OK ch=7 v=1.4504
    OK ch=1 v=0.4849
    OK ch=3 v=0.5810
    OK ch=5 v=0.0817
    OK ch=7 v=1.3787
    OK ch=1 v=0.3912
    OK ch=3 v=0.6013
    OK ch=5 v=0.1753
    OK ch=7 v=1.2851
    OK ch=1 v=0.2979
    OK ch=3 v=0.5080
    OK ch=5 v=0.2521
    OK ch=7 v=1.2932
    OK ch=1 v=0.2093
    OK ch=3 v=0.4194
    OK ch=5 v=0.3407
    OK ch=7 v=1.3673
    OK ch=1 v=0.1158
    OK ch=3 v=0.3259
    OK ch=5 v=0.4342
    OK ch=7 v=1.4527
    OK ch=1 v=0.2092
    OK ch=3 v=0.4193
    OK ch=5 v=0.5000
    OK ch=7 v=1.3593
    OK ch=1 v=0.3030
    OK ch=3 v=0.5131
    OK ch=5 v=0.4062
    OK ch=7 v=1.2655
    OK ch=1 v=0.3913
    OK ch=3 v=0.6013
    OK ch=5 v=0.3179
    OK ch=7 v=1.3400
    OK ch=1 v=0.4793
    OK ch=3 v=0.6893
    OK ch=5 v=0.2299
    OK ch=7 v=1.2593
    OK ch=1 v=0.3911
    OK ch=3 v=0.6012
    OK ch=5 v=0.1417
    OK ch=7 v=1.2621
    OK ch=1 v=0.2972
    OK ch=3 v=0.5073
    OK ch=5 v=0.2356
    OK ch=7 v=1.2500

!! ch3 runaway -- freezing all channels, entering FAULT.

    OK ch=1 v=0.2500
    OK ch=3 v=0.5000
    OK ch=5 v=0.2500
[  125.4s] FAULT       ch0:.... g=+0.0000 bp=+1.558V ratio=2.15  ch1:.... g=+0.0000 bp=+1.382V ratio=3.08  ch2:.... g=+0.0000 bp=+1.652V ratio=1.88  ch3:.... g=+0.0000 bp=+1.258V ratio=3.85
    OK ch=1 v=0.2495
    OK ch=3 v=0.5008
    OK ch=7 v=1.2518

[recovered] re-engaging on the baseline already in hand -- the previous engagement was healthy, so this baseline is known good and the fault was a transient -- measuring a new floor now would measure the ringdown (1/4 before a forced re-calibration). Gain ramps from zero.

    OK ch=1 v=0.2377
    OK ch=3 v=0.5595
    OK ch=5 v=0.2743
    OK ch=7 v=1.1809

[trim] ch3 reverted to 1.00V and frozen -- total offset 472 -> 564 counts.

    OK ch=1 v=0.3169
    OK ch=3 v=0.5908
    OK ch=5 v=0.3524
    OK ch=7 v=1.0821
    OK ch=1 v=0.3144
    OK ch=3 v=0.5024
    OK ch=5 v=0.4086
    OK ch=7 v=0.9937
    OK ch=1 v=0.3168
    OK ch=3 v=0.4315
    OK ch=5 v=0.4161
    OK ch=7 v=0.9059
    OK ch=1 v=0.3012
    OK ch=3 v=0.4447
    OK ch=5 v=0.3646
    OK ch=7 v=0.9322
    OK ch=1 v=0.2681
    OK ch=3 v=0.4634
    OK ch=5 v=0.3286
    OK ch=7 v=0.9549
[  130.5s] DAMPING     ch0:.... g=-0.0052 bp=+1.157V ratio=1.85  ch1:.... g=-0.0052 bp=+0.447V ratio=3.40  ch2:.... g=+0.0052 bp=-0.555V ratio=1.18  ch3:.... g=-0.0052 bp=+0.313V ratio=4.38
    OK ch=1 v=0.2443
    OK ch=3 v=0.4783
    OK ch=5 v=0.3034
    OK ch=7 v=0.9339
    OK ch=1 v=0.2313
    OK ch=5 v=0.2500
    OK ch=7 v=0.8402

!! ch2 railed -- held at bias, 3/4 still damping.

    OK ch=1 v=0.1806
    OK ch=3 v=0.4432
    OK ch=7 v=0.7741
    OK ch=1 v=0.1792
    OK ch=3 v=0.3881
    OK ch=7 v=0.7799
    OK ch=1 v=0.1760
    OK ch=3 v=0.3679
    OK ch=7 v=0.8509
    OK ch=1 v=0.1098
    OK ch=3 v=0.4125
    OK ch=7 v=0.9170
    OK ch=1 v=0.0436
    OK ch=3 v=0.4786
    OK ch=7 v=0.9832
    OK ch=1 v=0.0000
    OK ch=3 v=0.5450
    OK ch=7 v=1.0496
    OK ch=3 v=0.5936
    OK ch=7 v=1.0423
    OK ch=3 v=0.6327
    OK ch=7 v=1.0187
    OK ch=3 v=0.6422
    OK ch=7 v=1.0086
    OK ch=1 v=0.0447
    OK ch=3 v=0.6322
    OK ch=7 v=1.0353
    OK ch=1 v=0.1105
    OK ch=3 v=0.6446
    OK ch=7 v=1.1011
    OK ch=1 v=0.1763
    OK ch=3 v=0.6222
    OK ch=7 v=1.1669
    OK ch=1 v=0.2426
    OK ch=3 v=0.6046
    OK ch=7 v=1.1781
    OK ch=1 v=0.3090
    OK ch=3 v=0.5382
    OK ch=7 v=1.1117
    OK ch=1 v=0.3173
    OK ch=3 v=0.4726
    OK ch=7 v=1.0462
    OK ch=1 v=0.2512
    OK ch=3 v=0.4066
    OK ch=7 v=0.9801
    OK ch=1 v=0.2316
    OK ch=3 v=0.3403
    OK ch=7 v=0.9138
    OK ch=1 v=0.2556
    OK ch=3 v=0.3315
    OK ch=7 v=0.8762
    OK ch=1 v=0.3272
    OK ch=3 v=0.3759
    OK ch=7 v=0.9123
    OK ch=1 v=0.3992
    OK ch=3 v=0.4281
    OK ch=7 v=0.9362
    OK ch=1 v=0.4704
    OK ch=3 v=0.4879
    OK ch=7 v=0.9579
    OK ch=1 v=0.4201
    OK ch=3 v=0.5647
    OK ch=7 v=0.8810
    OK ch=1 v=0.3474
    OK ch=3 v=0.6233
    OK ch=1 v=0.2986
    OK ch=3 v=0.6397
    OK ch=7 v=0.9203
    OK ch=1 v=0.2272
    OK ch=3 v=0.6139
    OK ch=7 v=0.9786
    OK ch=1 v=0.1557
    OK ch=3 v=0.6685
    OK ch=7 v=1.0273
    OK ch=1 v=0.0840
    OK ch=3 v=0.7374
    OK ch=7 v=1.0651
    OK ch=1 v=0.0069
    OK ch=3 v=0.6983
    OK ch=7 v=1.0528
    OK ch=1 v=0.0000
    OK ch=3 v=0.6267
    OK ch=7 v=1.0219
    OK ch=3 v=0.5551
    OK ch=7 v=0.9953
    OK ch=3 v=0.4990
    OK ch=7 v=0.9548
    OK ch=3 v=0.4448
    OK ch=7 v=0.9183
    OK ch=1 v=0.0500
    OK ch=3 v=0.4067
    OK ch=7 v=0.8971
    OK ch=1 v=0.1212
    OK ch=3 v=0.3968
    OK ch=7 v=0.8702
    OK ch=1 v=0.1875
    OK ch=3 v=0.4076
    OK ch=7 v=0.8038
    OK ch=1 v=0.2591
    OK ch=3 v=0.3819
    OK ch=7 v=0.7500
    OK ch=1 v=0.3254
    OK ch=3 v=0.3155
    OK ch=1 v=0.3695
    OK ch=3 v=0.2714
    OK ch=7 v=0.7941
    OK ch=1 v=0.4354
    OK ch=3 v=0.2500
    OK ch=7 v=0.8600
    OK ch=1 v=0.5000
    OK ch=3 v=0.3163
    OK ch=7 v=0.9263
    OK ch=1 v=0.4339
    OK ch=3 v=0.3824
    OK ch=7 v=0.9924
    OK ch=1 v=0.3678
    OK ch=3 v=0.4484
    OK ch=7 v=1.0584
    OK ch=1 v=0.3017
    OK ch=3 v=0.5146
    OK ch=7 v=1.1246
    OK ch=1 v=0.2350
    OK ch=3 v=0.5813
    OK ch=7 v=1.1551
    OK ch=1 v=0.1696
    OK ch=3 v=0.6466
    OK ch=7 v=1.2204
    OK ch=1 v=0.1030
    OK ch=3 v=0.7132
    OK ch=7 v=1.2500
    OK ch=1 v=0.0588
    OK ch=3 v=0.7500
    OK ch=1 v=0.1075
    OK ch=3 v=0.7295
    OK ch=1 v=0.1573
    OK ch=3 v=0.6797
    OK ch=7 v=1.2002
    OK ch=1 v=0.2236
    OK ch=3 v=0.6134
    OK ch=7 v=1.1339
    OK ch=1 v=0.2902
    OK ch=3 v=0.5468
    OK ch=7 v=1.0673
    OK ch=1 v=0.3609
    OK ch=3 v=0.4761
    OK ch=7 v=0.9966
    OK ch=1 v=0.4325
    OK ch=3 v=0.4052
    OK ch=7 v=0.9249
    OK ch=1 v=0.4993
    OK ch=3 v=0.3777
    OK ch=7 v=0.8582
    OK ch=1 v=0.5000
    OK ch=3 v=0.3413
    OK ch=7 v=0.8549
    OK ch=3 v=0.3503
    OK ch=7 v=0.7885
    OK ch=3 v=0.3457
    OK ch=7 v=0.7500
    OK ch=1 v=0.4507
    OK ch=3 v=0.3436
    OK ch=1 v=0.4008
    OK ch=3 v=0.3849
    OK ch=1 v=0.3566
    OK ch=3 v=0.4291
    OK ch=1 v=0.3071
    OK ch=3 v=0.4786
    OK ch=1 v=0.2576
    OK ch=3 v=0.5282
    OK ch=7 v=0.7996
    OK ch=1 v=0.1911
    OK ch=3 v=0.5946
    OK ch=7 v=0.8660
    OK ch=1 v=0.1252
    OK ch=3 v=0.6451
    OK ch=7 v=0.9320
    OK ch=1 v=0.0588
    OK ch=3 v=0.6915
    OK ch=5 v=0.2696
    OK ch=7 v=0.9983

[ch2 back] rail clear 2s -- re-engaging on its pre-event baseline 0.6736V, 4/4 damping.

    OK ch=1 v=0.0000
    OK ch=5 v=0.1758
    OK ch=7 v=1.0921
    OK ch=3 v=0.6616
    OK ch=5 v=0.1044
    OK ch=7 v=1.1634
    OK ch=1 v=0.0714
    OK ch=3 v=0.6296
    OK ch=5 v=0.0813
    OK ch=7 v=1.2349
    OK ch=1 v=0.1703
    OK ch=3 v=0.5307
    OK ch=5 v=0.1296
    OK ch=7 v=1.2497
    OK ch=1 v=0.2643
    OK ch=3 v=0.4639
    OK ch=5 v=0.1747
    OK ch=7 v=1.1557
    OK ch=1 v=0.3579
    OK ch=3 v=0.3812
    OK ch=5 v=0.2043
    OK ch=7 v=1.0621
    OK ch=1 v=0.4511
    OK ch=3 v=0.3491
    OK ch=5 v=0.2138
    OK ch=7 v=0.9689
    OK ch=1 v=0.5000
    OK ch=3 v=0.3648
    OK ch=5 v=0.1549
    OK ch=7 v=0.8746
    OK ch=3 v=0.3675
    OK ch=5 v=0.0694
    OK ch=7 v=0.9626
    OK ch=3 v=0.4337
    OK ch=5 v=0.0031
    OK ch=7 v=1.0289
    OK ch=1 v=0.4338
    OK ch=3 v=0.4848
    OK ch=5 v=0.0198
    OK ch=7 v=1.0951
    OK ch=1 v=0.3408
    OK ch=3 v=0.5657
    OK ch=5 v=0.1128
    OK ch=7 v=1.1856
    OK ch=1 v=0.2468
    OK ch=3 v=0.6116
    OK ch=5 v=0.1840
    OK ch=7 v=1.1896
    OK ch=1 v=0.1536
    OK ch=3 v=0.6209
    OK ch=5 v=0.2620
    OK ch=7 v=1.1495
    OK ch=1 v=0.0593
    OK ch=3 v=0.6459
    OK ch=5 v=0.3017
    OK ch=7 v=1.1237
    OK ch=1 v=0.0000
    OK ch=3 v=0.5885
    OK ch=5 v=0.3211
    OK ch=7 v=1.0304
    OK ch=1 v=0.0935
    OK ch=3 v=0.5015
    OK ch=5 v=0.2771
    OK ch=7 v=0.9369
    OK ch=1 v=0.1821
    OK ch=3 v=0.4713
    OK ch=5 v=0.2551
    OK ch=7 v=0.8987
    OK ch=1 v=0.2701
    OK ch=3 v=0.4138
    OK ch=5 v=0.2105
    OK ch=7 v=0.9330
    OK ch=1 v=0.3578
    OK ch=3 v=0.3569
    OK ch=5 v=0.1782
    OK ch=7 v=0.9359
    OK ch=1 v=0.3669
    OK ch=3 v=0.3317
    OK ch=5 v=0.1853
    OK ch=7 v=0.9273
    OK ch=1 v=0.4385
    OK ch=3 v=0.3987
    OK ch=5 v=0.1945
    OK ch=7 v=0.8347
    OK ch=3 v=0.4723
    OK ch=5 v=0.2499
    OK ch=7 v=0.8214
    OK ch=1 v=0.3668
    OK ch=3 v=0.4986
    OK ch=5 v=0.2818
    OK ch=7 v=0.8449
    OK ch=1 v=0.3327
    OK ch=3 v=0.5773
    OK ch=5 v=0.3115
    OK ch=7 v=0.9044
    OK ch=1 v=0.2394
    OK ch=3 v=0.5944
    OK ch=5 v=0.3743
    OK ch=7 v=0.9652
    OK ch=1 v=0.2729
    OK ch=3 v=0.6279
    OK ch=5 v=0.3276
    OK ch=7 v=1.0585
    OK ch=1 v=0.3609
    OK ch=3 v=0.7054
    OK ch=5 v=0.2568
    OK ch=7 v=1.1162
    OK ch=1 v=0.3269
    OK ch=3 v=0.6951
    OK ch=5 v=0.1939
    OK ch=7 v=1.1294
    OK ch=1 v=0.2880
    OK ch=3 v=0.6704
    OK ch=5 v=0.1547
    OK ch=7 v=1.1381
    OK ch=1 v=0.2911
    OK ch=3 v=0.6184
    OK ch=5 v=0.1343
    OK ch=7 v=1.0552
    OK ch=1 v=0.3791
    OK ch=3 v=0.5428
    OK ch=5 v=0.1241
    OK ch=7 v=0.9822
    OK ch=1 v=0.4673
    OK ch=3 v=0.4928
    OK ch=5 v=0.1285
    OK ch=7 v=0.9461
    OK ch=1 v=0.5000
    OK ch=3 v=0.4603
    OK ch=5 v=0.1259
    OK ch=7 v=0.8883
    OK ch=3 v=0.4189
    OK ch=5 v=0.1055
    OK ch=7 v=0.8741
    OK ch=3 v=0.4226
    OK ch=5 v=0.0949
    OK ch=7 v=0.8882
    OK ch=1 v=0.4337
    OK ch=3 v=0.3944
    OK ch=5 v=0.0976
    OK ch=7 v=0.9144
    OK ch=1 v=0.3455
    OK ch=3 v=0.4227
    OK ch=5 v=0.1235
    OK ch=7 v=0.9622
    OK ch=1 v=0.2572
    OK ch=3 v=0.4738
    OK ch=5 v=0.2118
    OK ch=7 v=1.0010
    OK ch=1 v=0.1690
    OK ch=3 v=0.4990
    OK ch=5 v=0.3000
    OK ch=7 v=1.0404
    OK ch=1 v=0.0809
    OK ch=3 v=0.5130
    OK ch=5 v=0.3460
    OK ch=7 v=1.1058
    OK ch=1 v=0.0000
    OK ch=3 v=0.5532
    OK ch=5 v=0.3690
    OK ch=7 v=1.1188
    OK ch=3 v=0.5623
    OK ch=5 v=0.3199
    OK ch=7 v=1.1066
    OK ch=3 v=0.5181
    OK ch=5 v=0.2692
    OK ch=7 v=1.0755
    OK ch=1 v=0.0218
    OK ch=3 v=0.5175
    OK ch=5 v=0.2244
    OK ch=7 v=1.0351
    OK ch=1 v=0.1096
    OK ch=3 v=0.4613
    OK ch=5 v=0.1735
    OK ch=7 v=0.9994
    OK ch=1 v=0.1985
    OK ch=3 v=0.4262
    OK ch=5 v=0.1381
    OK ch=7 v=0.9450
    OK ch=1 v=0.2861
    OK ch=3 v=0.4194
    OK ch=5 v=0.1234
    OK ch=7 v=0.9221
    OK ch=1 v=0.3739
    OK ch=3 v=0.4095
    OK ch=5 v=0.1052
    OK ch=7 v=0.9191
    OK ch=1 v=0.4570
    OK ch=3 v=0.4230
    OK ch=5 v=0.1125
    OK ch=7 v=0.9072
    OK ch=1 v=0.3689
    OK ch=3 v=0.4429
    OK ch=5 v=0.1170
    OK ch=7 v=0.9167
    OK ch=1 v=0.2889
    OK ch=3 v=0.4668
    OK ch=5 v=0.1397
    OK ch=7 v=0.9429
    OK ch=1 v=0.3748
    OK ch=3 v=0.5390
    OK ch=5 v=0.2071
    OK ch=7 v=0.9730
    OK ch=1 v=0.3847
    OK ch=3 v=0.5871
    OK ch=5 v=0.2322
    OK ch=7 v=1.0268
    OK ch=1 v=0.3533
    OK ch=3 v=0.6320
    OK ch=5 v=0.2689
    OK ch=7 v=1.0534
    OK ch=1 v=0.2648
    OK ch=3 v=0.6092
    OK ch=5 v=0.2891
    OK ch=7 v=1.0778
    OK ch=1 v=0.2163
    OK ch=3 v=0.5948
    OK ch=5 v=0.2775
    OK ch=7 v=1.0755
    OK ch=1 v=0.2955
    OK ch=3 v=0.6174
    OK ch=5 v=0.2553
    OK ch=7 v=1.0619
    OK ch=1 v=0.3840
    OK ch=3 v=0.6262
    OK ch=5 v=0.2040
    OK ch=7 v=1.0403
    OK ch=1 v=0.3940
    OK ch=3 v=0.5808
    OK ch=5 v=0.1824
    OK ch=7 v=0.9827
    OK ch=1 v=0.3398
    OK ch=3 v=0.5052
    OK ch=5 v=0.1655
    OK ch=7 v=0.9482
    OK ch=1 v=0.3711
    OK ch=3 v=0.4397
    OK ch=5 v=0.1376
    OK ch=7 v=0.9176
    OK ch=1 v=0.4597
    OK ch=3 v=0.4392
    OK ch=5 v=0.1394
    OK ch=7 v=0.8941
    OK ch=1 v=0.5000
    OK ch=3 v=0.4504
    OK ch=5 v=0.1683
    OK ch=7 v=0.8885
    OK ch=1 v=0.4113
    OK ch=3 v=0.4284
    OK ch=5 v=0.2108
    OK ch=7 v=0.8954
    OK ch=1 v=0.3234
    OK ch=3 v=0.4498
    OK ch=5 v=0.2609
    OK ch=7 v=0.9090
[  135.5s] DAMPING     ch0:.... g=-0.0350 bp=+0.568V ratio=1.23  ch1:.... g=-0.0350 bp=-0.104V ratio=1.16  ch2:.... g=+0.0116 bp=+0.080V ratio=0.51  ch3:.... g=-0.0350 bp=-0.309V ratio=1.10
    OK ch=1 v=0.2354
    OK ch=3 v=0.4836
    OK ch=5 v=0.2790
    OK ch=7 v=0.9555
    OK ch=1 v=0.2202
    OK ch=3 v=0.5690
    OK ch=5 v=0.3206
    OK ch=7 v=0.9948
    OK ch=1 v=0.1324
    OK ch=3 v=0.5781
    OK ch=5 v=0.3018
    OK ch=7 v=1.0387
    OK ch=1 v=0.0393
    OK ch=3 v=0.5577
    OK ch=5 v=0.2634
    OK ch=7 v=1.0589
    OK ch=1 v=0.1277
    OK ch=3 v=0.5635
    OK ch=5 v=0.2290
    OK ch=7 v=1.0660
    OK ch=1 v=0.2160
    OK ch=3 v=0.5592
    OK ch=5 v=0.1911
    OK ch=7 v=1.0651
    OK ch=1 v=0.3035
    OK ch=3 v=0.5447
    OK ch=5 v=0.1690
    OK ch=7 v=1.0265
    OK ch=1 v=0.2974
    OK ch=3 v=0.4810
    OK ch=5 v=0.1552
    OK ch=7 v=0.9881
    OK ch=1 v=0.3004
    OK ch=3 v=0.4381
    OK ch=5 v=0.1468
    OK ch=7 v=0.9792
    OK ch=1 v=0.3847
    OK ch=3 v=0.4340
    OK ch=5 v=0.1499
    OK ch=7 v=0.9510
    OK ch=1 v=0.4734
    OK ch=3 v=0.4578
    OK ch=5 v=0.1348
    OK ch=7 v=0.9523
    OK ch=1 v=0.4363
    OK ch=3 v=0.4668
    OK ch=5 v=0.1343
    OK ch=7 v=0.9571
    OK ch=1 v=0.3432
    OK ch=3 v=0.4474
    OK ch=5 v=0.1415
    OK ch=7 v=0.9840
    OK ch=1 v=0.3440
    OK ch=3 v=0.4952
    OK ch=5 v=0.1552
    OK ch=7 v=1.0036
    OK ch=1 v=0.2500
    OK ch=3 v=0.5254
    OK ch=5 v=0.1826
    OK ch=7 v=1.0318
    OK ch=1 v=0.1753
    OK ch=3 v=0.5295
    OK ch=5 v=0.2117
    OK ch=7 v=1.0552
    OK ch=1 v=0.2688
    OK ch=3 v=0.5840
    OK ch=5 v=0.2477
    OK ch=7 v=1.0521
    OK ch=1 v=0.2377
    OK ch=3 v=0.5793
    OK ch=5 v=0.2517
    OK ch=7 v=1.0350
    OK ch=1 v=0.1850
    OK ch=3 v=0.5406
    OK ch=5 v=0.2444
    OK ch=7 v=1.0232
    OK ch=1 v=0.2780
    OK ch=3 v=0.5380
    OK ch=5 v=0.2341
    OK ch=7 v=1.0025
    OK ch=1 v=0.3600
    OK ch=3 v=0.5236
    OK ch=5 v=0.2032
    OK ch=7 v=0.9740
    OK ch=1 v=0.3198
    OK ch=3 v=0.4941
    OK ch=5 v=0.1891
    OK ch=7 v=0.9651
    OK ch=1 v=0.2834
    OK ch=3 v=0.4429
    OK ch=5 v=0.1803
    OK ch=7 v=0.9399
    OK ch=1 v=0.3729
    OK ch=3 v=0.4677
    OK ch=5 v=0.1916
    OK ch=7 v=0.9219
    OK ch=1 v=0.4081
    OK ch=3 v=0.4866
    OK ch=5 v=0.2010
    OK ch=7 v=0.9270
    OK ch=1 v=0.3153
    OK ch=3 v=0.4684
    OK ch=5 v=0.2127
    OK ch=7 v=0.9335
    OK ch=1 v=0.2706
    OK ch=3 v=0.4884
    OK ch=5 v=0.2490
    OK ch=7 v=0.9368
    OK ch=1 v=0.3083
    OK ch=3 v=0.5217
    OK ch=5 v=0.2547
    OK ch=7 v=0.9714
    OK ch=1 v=0.3304
    OK ch=3 v=0.5605
    OK ch=7 v=0.9922
    OK ch=1 v=0.2796
    OK ch=3 v=0.5598
    OK ch=5 v=0.2647
    OK ch=7 v=1.0051
    OK ch=1 v=0.2952
    OK ch=3 v=0.5758
    OK ch=5 v=0.2433
    OK ch=7 v=1.0279
    OK ch=1 v=0.3001
    OK ch=3 v=0.5859
    OK ch=5 v=0.2300
    OK ch=7 v=1.0312
    OK ch=1 v=0.2800
    OK ch=3 v=0.5707
    OK ch=5 v=0.2111
    OK ch=7 v=1.0152
    OK ch=1 v=0.2421
    OK ch=3 v=0.5249
    OK ch=5 v=0.1851
    OK ch=7 v=1.0074
    OK ch=1 v=0.2725
    OK ch=3 v=0.5030
    OK ch=5 v=0.1799
    OK ch=7 v=0.9952
    OK ch=1 v=0.3423
    OK ch=3 v=0.4908
    OK ch=5 v=0.1627
    OK ch=7 v=0.9942
    OK ch=1 v=0.4306
    OK ch=3 v=0.5111
    OK ch=5 v=0.1581
    OK ch=7 v=0.9659
    OK ch=1 v=0.4288
    OK ch=3 v=0.5001
    OK ch=5 v=0.1590
    OK ch=1 v=0.3788
    OK ch=3 v=0.4671
    OK ch=5 v=0.1657
    OK ch=7 v=0.9611
    OK ch=1 v=0.3688
    OK ch=3 v=0.4788
    OK ch=5 v=0.1699
    OK ch=7 v=0.9709
    OK ch=1 v=0.3210
    OK ch=3 v=0.4919
    OK ch=5 v=0.1837
    OK ch=7 v=0.9791
    OK ch=1 v=0.2328
    OK ch=3 v=0.4830
    OK ch=5 v=0.1918
    OK ch=7 v=1.0015
    OK ch=1 v=0.1483
    OK ch=3 v=0.4912
    OK ch=5 v=0.2201
    OK ch=7 v=1.0080
    OK ch=1 v=0.1581
    OK ch=3 v=0.5010
    OK ch=5 v=0.2308
    OK ch=7 v=1.0229
    OK ch=1 v=0.2135
    OK ch=3 v=0.5283
    OK ch=7 v=1.0326
    OK ch=1 v=0.2049
    OK ch=3 v=0.5390
    OK ch=5 v=0.2371
    OK ch=7 v=1.0257
    OK ch=1 v=0.1994
    OK ch=3 v=0.5199
    OK ch=5 v=0.2281
    OK ch=7 v=1.0209
    OK ch=1 v=0.2878
    OK ch=3 v=0.5335
    OK ch=5 v=0.2154
    OK ch=7 v=1.0040
    OK ch=1 v=0.3566
    OK ch=3 v=0.5329
    OK ch=5 v=0.1991
    OK ch=7 v=0.9970
    OK ch=1 v=0.3111
    OK ch=3 v=0.4994
    OK ch=5 v=0.1861
    OK ch=7 v=0.9905
    OK ch=1 v=0.2408
    OK ch=3 v=0.4562
    OK ch=5 v=0.1973
    OK ch=7 v=0.9628
    OK ch=1 v=0.2689
    OK ch=3 v=0.4474
    OK ch=5 v=0.1811
    OK ch=7 v=0.9684
    OK ch=1 v=0.3451
    OK ch=3 v=0.4717
    OK ch=5 v=0.1750
    OK ch=7 v=0.9639
    OK ch=1 v=0.3970
    OK ch=3 v=0.5135
    OK ch=5 v=0.1908
    OK ch=7 v=0.9613
    OK ch=1 v=0.3231
    OK ch=3 v=0.5036
    OK ch=5 v=0.1972
    OK ch=7 v=0.9665
    OK ch=1 v=0.2571
    OK ch=3 v=0.5011
    OK ch=5 v=0.2162
    OK ch=7 v=0.9731
    OK ch=1 v=0.2935
    OK ch=3 v=0.5172
    OK ch=5 v=0.2195
    OK ch=7 v=0.9985
    OK ch=1 v=0.3440
    OK ch=3 v=0.5430
    OK ch=5 v=0.2258
    OK ch=7 v=1.0011
    OK ch=1 v=0.3720
    OK ch=3 v=0.5727
    OK ch=5 v=0.2351
    OK ch=7 v=1.0030
    OK ch=1 v=0.2836
    OK ch=3 v=0.5416
    OK ch=5 v=0.2190
    OK ch=7 v=1.0134
    OK ch=1 v=0.2418
    OK ch=3 v=0.5340
    OK ch=7 v=1.0089
    OK ch=1 v=0.3080
    OK ch=3 v=0.5646
    OK ch=5 v=0.2140
    OK ch=7 v=0.9984
    OK ch=1 v=0.3281
    OK ch=3 v=0.5356
    OK ch=5 v=0.1953
    OK ch=7 v=0.9977
    OK ch=1 v=0.2943
    OK ch=3 v=0.5044
    OK ch=5 v=0.1875
    OK ch=7 v=0.9838
    OK ch=1 v=0.3549
    OK ch=3 v=0.5014
    OK ch=5 v=0.1848
    OK ch=7 v=0.9751
    OK ch=1 v=0.4041
    OK ch=3 v=0.5041
    OK ch=5 v=0.1810
    OK ch=7 v=0.9721
    OK ch=1 v=0.3753
    OK ch=3 v=0.5097
    OK ch=5 v=0.1912
    OK ch=7 v=0.9585
    OK ch=1 v=0.2966
    OK ch=3 v=0.4882
    OK ch=5 v=0.1905
    OK ch=7 v=0.9664
    OK ch=1 v=0.2525
    OK ch=3 v=0.4821
    OK ch=5 v=0.2029
    OK ch=7 v=0.9785
    OK ch=1 v=0.3363
    OK ch=3 v=0.5127
    OK ch=5 v=0.2207
    OK ch=7 v=0.9765
    OK ch=1 v=0.3159
    OK ch=3 v=0.5271
    OK ch=5 v=0.2172
    OK ch=7 v=0.9979
    OK ch=1 v=0.2845
    OK ch=3 v=0.5415
    OK ch=5 v=0.2291
    OK ch=7 v=1.0024
    OK ch=1 v=0.1961
    OK ch=3 v=0.5057
    OK ch=5 v=0.2358
    OK ch=7 v=0.9994
    OK ch=1 v=0.1704
    OK ch=3 v=0.4992
    OK ch=5 v=0.2282
    OK ch=7 v=1.0063
    OK ch=1 v=0.2551
    OK ch=3 v=0.5156
    OK ch=5 v=0.2182
    OK ch=7 v=1.0015
    OK ch=1 v=0.3363
    OK ch=3 v=0.5352
    OK ch=5 v=0.1978
    OK ch=7 v=1.0042
    OK ch=1 v=0.3176
    OK ch=3 v=0.5235
    OK ch=5 v=0.2019
    OK ch=7 v=0.9918
    OK ch=1 v=0.2680
    OK ch=3 v=0.4931
    OK ch=5 v=0.1972
    OK ch=7 v=0.9821
    OK ch=1 v=0.2749
    OK ch=3 v=0.4710
    OK ch=5 v=0.1807
    OK ch=7 v=0.9861
    OK ch=1 v=0.3464
    OK ch=3 v=0.4926
    OK ch=5 v=0.1839
    OK ch=7 v=0.9761
    OK ch=1 v=0.3734
    OK ch=3 v=0.4984
    OK ch=5 v=0.1824
    OK ch=7 v=0.9849
    OK ch=1 v=0.2970
    OK ch=3 v=0.4947
    OK ch=5 v=0.1842
    OK ch=7 v=0.9825
    OK ch=1 v=0.2546
    OK ch=3 v=0.4811
    OK ch=5 v=0.1874
    OK ch=7 v=0.9838
    OK ch=1 v=0.2597
    OK ch=3 v=0.4889
    OK ch=5 v=0.1953
    OK ch=7 v=0.9923
    OK ch=1 v=0.3312
    OK ch=3 v=0.5246
    OK ch=5 v=0.2081
    OK ch=7 v=0.9956
    OK ch=1 v=0.3507
    OK ch=3 v=0.5409
    OK ch=5 v=0.2020
    OK ch=7 v=1.0129
    OK ch=1 v=0.3419
    OK ch=3 v=0.5547
    OK ch=5 v=0.2046
    OK ch=7 v=1.0191
    OK ch=1 v=0.2536
    OK ch=3 v=0.5264
    OK ch=5 v=0.2211
    OK ch=7 v=1.0017
    OK ch=1 v=0.2122
    OK ch=3 v=0.5024
    OK ch=5 v=0.2095
    OK ch=7 v=1.0081
    OK ch=1 v=0.2743
    OK ch=3 v=0.5151
    OK ch=5 v=0.2074
    OK ch=7 v=0.9987
    OK ch=1 v=0.3627
    OK ch=3 v=0.5396
    OK ch=5 v=0.1993
    OK ch=7 v=0.9884
    OK ch=1 v=0.3635
    OK ch=3 v=0.5275
    OK ch=5 v=0.1973
    OK ch=7 v=0.9829
    OK ch=1 v=0.2954
    OK ch=3 v=0.5055
    OK ch=5 v=0.2029
    OK ch=7 v=0.9724
    OK ch=1 v=0.2577
    OK ch=3 v=0.4719
    OK ch=5 v=0.1939
    OK ch=7 v=0.9699
    OK ch=1 v=0.3086
    OK ch=3 v=0.4906
    OK ch=5 v=0.2037
    OK ch=7 v=0.9680
    OK ch=1 v=0.3646
    OK ch=3 v=0.5129
    OK ch=5 v=0.2098
    OK ch=7 v=0.9698
    OK ch=1 v=0.3191
    OK ch=3 v=0.5184
    OK ch=5 v=0.2120
    OK ch=7 v=0.9779
    OK ch=1 v=0.2565
    OK ch=3 v=0.5116
    OK ch=5 v=0.2232
    OK ch=7 v=0.9762
    OK ch=1 v=0.2408
    OK ch=3 v=0.5025
    OK ch=5 v=0.2255
    OK ch=7 v=0.9806
    OK ch=1 v=0.3291
    OK ch=3 v=0.5304
    OK ch=5 v=0.2261
    OK ch=7 v=0.9965
    OK ch=1 v=0.3560
    OK ch=3 v=0.5467
    OK ch=5 v=0.2235
    OK ch=7 v=0.9932
    OK ch=1 v=0.3201
    OK ch=3 v=0.5414
    OK ch=5 v=0.2136
    OK ch=7 v=0.9968
    OK ch=1 v=0.2317
    OK ch=3 v=0.5071
    OK ch=5 v=0.2148
    OK ch=7 v=0.9977
    OK ch=1 v=0.2351
    OK ch=3 v=0.4917
    OK ch=5 v=0.2031
    OK ch=7 v=0.9940
    OK ch=1 v=0.3168
    OK ch=3 v=0.5082
    OK ch=5 v=0.1962
    OK ch=7 v=0.9918
    OK ch=1 v=0.3749
    OK ch=3 v=0.5297
    OK ch=5 v=0.1859
    OK ch=7 v=0.9894
    OK ch=1 v=0.3423
    OK ch=3 v=0.5148
    OK ch=5 v=0.1880
    OK ch=7 v=0.9855
    OK ch=1 v=0.2882
    OK ch=3 v=0.4962
    OK ch=5 v=0.1946
    OK ch=7 v=0.9791
    OK ch=1 v=0.2763
    OK ch=3 v=0.4794
    OK ch=5 v=0.1838
    OK ch=7 v=0.9832
    OK ch=1 v=0.3340
    OK ch=3 v=0.4997
    OK ch=5 v=0.1891
    OK ch=7 v=0.9890
    OK ch=1 v=0.3557
    OK ch=3 v=0.5271
    OK ch=5 v=0.1985
    OK ch=7 v=0.9919
    OK ch=1 v=0.2724
    OK ch=3 v=0.5085
    OK ch=5 v=0.1965
    OK ch=7 v=0.9931
    OK ch=1 v=0.2279
    OK ch=3 v=0.5041
    OK ch=5 v=0.2063
    OK ch=7 v=0.9969
    OK ch=1 v=0.2302
    OK ch=3 v=0.4995
    OK ch=5 v=0.2089
    OK ch=7 v=1.0054
    OK ch=1 v=0.3187
    OK ch=3 v=0.5303
    OK ch=5 v=0.2119
    OK ch=7 v=1.0021
[  140.5s] DAMPING     ch0:.... g=-0.0300 bp=+0.002V ratio=0.16  ch1:.... g=-0.0300 bp=+0.001V ratio=0.17  ch2:.... g=+0.0100 bp=+0.073V ratio=0.18  ch3:.... g=-0.0300 bp=+0.028V ratio=0.19
    OK ch=1 v=0.3550
    OK ch=3 v=0.5459
    OK ch=5 v=0.2108
    OK ch=7 v=1.0045
    OK ch=1 v=0.2834
    OK ch=3 v=0.5209
    OK ch=5 v=0.1965
    OK ch=1 v=0.3148
    OK ch=3 v=0.5163
    OK ch=5 v=0.2068
    OK ch=7 v=0.9943
    OK ch=1 v=0.2454
    OK ch=3 v=0.4953
    OK ch=7 v=0.9902
    OK ch=1 v=0.3108
    OK ch=3 v=0.5002
    OK ch=5 v=0.2021
    OK ch=7 v=0.9859
    OK ch=1 v=0.3202
    OK ch=3 v=0.5088
    OK ch=5 v=0.1966
    OK ch=7 v=0.9851
    OK ch=1 v=0.2753
    OK ch=3 v=0.4952
    OK ch=5 v=0.1996
    OK ch=7 v=0.9800
    OK ch=1 v=0.2299
    OK ch=3 v=0.4711
    OK ch=5 v=0.2037
    OK ch=7 v=0.9727
    OK ch=1 v=0.2924
    OK ch=3 v=0.4916
    OK ch=5 v=0.2032
    OK ch=7 v=0.9784
    OK ch=1 v=0.3518
    OK ch=3 v=0.5135
    OK ch=5 v=0.1995
    OK ch=7 v=0.9849
    OK ch=1 v=0.3370
    OK ch=3 v=0.5335
    OK ch=5 v=0.2126
    OK ch=7 v=0.9811
    OK ch=1 v=0.2732
    OK ch=3 v=0.5199
    OK ch=5 v=0.2169
    OK ch=7 v=0.9873
    OK ch=1 v=0.2304
    OK ch=3 v=0.5022
    OK ch=5 v=0.2126
    OK ch=7 v=0.9932
    OK ch=1 v=0.3188
    OK ch=3 v=0.5296
    OK ch=5 v=0.2172
    OK ch=7 v=0.9945
    OK ch=1 v=0.3654
    OK ch=3 v=0.5412
    OK ch=5 v=0.2112
    OK ch=7 v=0.9966
    OK ch=1 v=0.3421
    OK ch=5 v=0.2089
    OK ch=7 v=0.9921
    OK ch=1 v=0.3394
    OK ch=3 v=0.5332
    OK ch=5 v=0.2121
    OK ch=7 v=0.9903
    OK ch=1 v=0.3279
    OK ch=3 v=0.5237
    OK ch=5 v=0.2019
    OK ch=1 v=0.2691
    OK ch=3 v=0.4931
    OK ch=7 v=0.9831
    OK ch=1 v=0.2248
    OK ch=3 v=0.4905
    OK ch=5 v=0.2006
    OK ch=7 v=0.9841
    OK ch=1 v=0.2423
    OK ch=3 v=0.4826
    OK ch=5 v=0.1922
    OK ch=7 v=0.9828
    OK ch=1 v=0.3099
    OK ch=3 v=0.4962
    OK ch=5 v=0.1932
    OK ch=7 v=0.9817
    OK ch=1 v=0.3916
    OK ch=3 v=0.5293
    OK ch=7 v=0.9835
    OK ch=1 v=0.3254
    OK ch=3 v=0.4984
    OK ch=5 v=0.1914
    OK ch=7 v=0.9894
    OK ch=1 v=0.3127
    OK ch=3 v=0.5097
    OK ch=5 v=0.2021
    OK ch=7 v=0.9856
    OK ch=1 v=0.3468
    OK ch=3 v=0.5221
    OK ch=5 v=0.2088
    OK ch=7 v=0.9867
    OK ch=1 v=0.2619
    OK ch=3 v=0.5184
    OK ch=5 v=0.2101
    OK ch=7 v=0.9977
    OK ch=1 v=0.2209
    OK ch=3 v=0.5070
    OK ch=5 v=0.2209
    OK ch=7 v=0.9913
    OK ch=1 v=0.2267
    OK ch=3 v=0.4983
    OK ch=5 v=0.2154
    OK ch=7 v=0.9919
    OK ch=1 v=0.3151
    OK ch=3 v=0.5261
    OK ch=5 v=0.2045
    OK ch=7 v=1.0052
    OK ch=1 v=0.3542
    OK ch=3 v=0.5343
    OK ch=5 v=0.2070
    OK ch=7 v=0.9960
    OK ch=1 v=0.3105
    OK ch=3 v=0.5190
    OK ch=5 v=0.2021
    OK ch=7 v=0.9904
    OK ch=1 v=0.2222
    OK ch=3 v=0.4861
    OK ch=5 v=0.2011
    OK ch=7 v=0.9944
    OK ch=1 v=0.2383
    OK ch=3 v=0.4786
    OK ch=5 v=0.1989
    OK ch=7 v=0.9871
    OK ch=1 v=0.3263
    OK ch=3 v=0.4978
    OK ch=7 v=0.9827
    OK ch=1 v=0.2894
    OK ch=3 v=0.5005
    OK ch=5 v=0.1973
    OK ch=7 v=0.9837
    OK ch=1 v=0.3674
    OK ch=3 v=0.5179
    OK ch=5 v=0.1942
    OK ch=1 v=0.3014
    OK ch=3 v=0.4963
    OK ch=7 v=0.9877
    OK ch=1 v=0.3214
    OK ch=3 v=0.5234
    OK ch=5 v=0.2001
    OK ch=7 v=0.9905
    OK ch=1 v=0.2741
    OK ch=3 v=0.5105
    OK ch=5 v=0.1981
    OK ch=7 v=0.9944
    OK ch=1 v=0.2543
    OK ch=3 v=0.5023
    OK ch=5 v=0.2045
    OK ch=7 v=0.9887
    OK ch=1 v=0.3404
    OK ch=3 v=0.5236
    OK ch=5 v=0.2066
    OK ch=7 v=0.9972
    OK ch=1 v=0.3602
    OK ch=3 v=0.5308
    OK ch=7 v=1.0004
    OK ch=1 v=0.2940
    OK ch=3 v=0.5127
    OK ch=5 v=0.2168
    OK ch=7 v=0.9941
    OK ch=1 v=0.2953
    OK ch=3 v=0.5183
    OK ch=5 v=0.2070
    OK ch=7 v=1.0008
    OK ch=1 v=0.3452
    OK ch=3 v=0.5377
    OK ch=5 v=0.2076
    OK ch=7 v=0.9822
    OK ch=1 v=0.3105
    OK ch=3 v=0.5290
    OK ch=5 v=0.2121
    OK ch=1 v=0.3286
    OK ch=3 v=0.5158
    OK ch=5 v=0.2054
    OK ch=7 v=0.9873
    OK ch=1 v=0.3327
    OK ch=5 v=0.1970
    OK ch=7 v=0.9892
    OK ch=1 v=0.2666
    OK ch=3 v=0.4863
    OK ch=5 v=0.2000
    OK ch=7 v=0.9835
    OK ch=1 v=0.2957
    OK ch=3 v=0.4975
    OK ch=5 v=0.1963
    OK ch=7 v=0.9875
    OK ch=1 v=0.3392
    OK ch=3 v=0.5186
    OK ch=5 v=0.2019
    OK ch=7 v=0.9820
    OK ch=1 v=0.3118
    OK ch=3 v=0.5175
    OK ch=5 v=0.2045
    OK ch=7 v=0.9780
    OK ch=1 v=0.2234
    OK ch=3 v=0.4813
    OK ch=5 v=0.2023
    OK ch=7 v=0.9852
    OK ch=1 v=0.2593
    OK ch=3 v=0.4950
    OK ch=5 v=0.2129
    OK ch=7 v=0.9769
    OK ch=1 v=0.3239
    OK ch=3 v=0.5170
    OK ch=5 v=0.2111
    OK ch=7 v=0.9863
    OK ch=1 v=0.3477
    OK ch=3 v=0.5407
    OK ch=5 v=0.2071
    OK ch=7 v=1.0003
    OK ch=1 v=0.3113
    OK ch=3 v=0.5312
    OK ch=5 v=0.2188
    OK ch=7 v=0.9890
    OK ch=1 v=0.2439
    OK ch=3 v=0.5068
    OK ch=5 v=0.2132
    OK ch=7 v=0.9909
    OK ch=1 v=0.2725
    OK ch=5 v=0.2067
    OK ch=7 v=0.9991
    OK ch=1 v=0.2683
    OK ch=3 v=0.5116
    OK ch=7 v=0.9945
    OK ch=1 v=0.3345
    OK ch=3 v=0.5317
    OK ch=5 v=0.2016
    OK ch=7 v=0.9906
    OK ch=1 v=0.3459
    OK ch=5 v=0.2036
    OK ch=1 v=0.3018
    OK ch=3 v=0.5065
    OK ch=5 v=0.2001
    OK ch=7 v=0.9912
    OK ch=1 v=0.2350
    OK ch=3 v=0.4808
    OK ch=5 v=0.1941
    OK ch=7 v=0.9838
    OK ch=1 v=0.2741
    OK ch=3 v=0.4799
    OK ch=5 v=0.1980
    OK ch=7 v=0.9798
    OK ch=1 v=0.3625
    OK ch=3 v=0.5184
    OK ch=5 v=0.1940
    OK ch=7 v=0.9955
    OK ch=1 v=0.3496
    OK ch=3 v=0.5248
    OK ch=7 v=0.9906
    OK ch=1 v=0.2880
    OK ch=3 v=0.5011
    OK ch=5 v=0.2000
    OK ch=7 v=0.9989
    OK ch=1 v=0.3104
    OK ch=3 v=0.5085
    OK ch=5 v=0.2013
    OK ch=7 v=0.9964
    OK ch=1 v=0.2850
    OK ch=3 v=0.5183
    OK ch=5 v=0.2085
    OK ch=7 v=0.9873
    OK ch=1 v=0.2406
    OK ch=3 v=0.5110
    OK ch=5 v=0.2123
    OK ch=7 v=0.9885
    OK ch=1 v=0.2238
    OK ch=3 v=0.4914
    OK ch=5 v=0.1998
    OK ch=7 v=0.9935
    OK ch=1 v=0.3121
    OK ch=3 v=0.5176
    OK ch=5 v=0.2076
    OK ch=7 v=0.9893
    OK ch=1 v=0.3664
    OK ch=3 v=0.5312
    OK ch=5 v=0.2069
    OK ch=7 v=0.9941
    OK ch=1 v=0.3251
    OK ch=3 v=0.5244
    OK ch=5 v=0.2005
    OK ch=7 v=0.9954
    OK ch=1 v=0.2367
    OK ch=3 v=0.4962
    OK ch=5 v=0.2039
    OK ch=7 v=0.9873
    OK ch=1 v=0.2426
    OK ch=3 v=0.4883
    OK ch=5 v=0.2007
    OK ch=7 v=0.9897
    OK ch=1 v=0.3130
    OK ch=3 v=0.5050
    OK ch=5 v=0.2021
    OK ch=7 v=0.9886
    OK ch=1 v=0.3671
    OK ch=3 v=0.5332
    OK ch=5 v=0.1968
    OK ch=7 v=0.9896
    OK ch=1 v=0.3335
    OK ch=3 v=0.5217
    OK ch=5 v=0.1989
    OK ch=7 v=0.9860
    OK ch=1 v=0.2713
    OK ch=3 v=0.5043
    OK ch=5 v=0.2122
    OK ch=7 v=0.9818
    OK ch=1 v=0.2591
    OK ch=3 v=0.4898
    OK ch=5 v=0.2044
    OK ch=7 v=0.9884
    OK ch=1 v=0.3207
    OK ch=3 v=0.5105
    OK ch=5 v=0.2072
    OK ch=7 v=0.9820
    OK ch=1 v=0.3609
    OK ch=3 v=0.5339
    OK ch=5 v=0.2119
    OK ch=7 v=0.9825
    OK ch=1 v=0.2759
    OK ch=3 v=0.5165
    OK ch=5 v=0.2061
    OK ch=7 v=0.9982
    OK ch=1 v=0.2332
    OK ch=3 v=0.5044
    OK ch=5 v=0.2134
    OK ch=7 v=0.9877
    OK ch=1 v=0.2545
    OK ch=3 v=0.4979
    OK ch=5 v=0.2073
    OK ch=7 v=0.9888
    OK ch=1 v=0.3429
    OK ch=3 v=0.5274
    OK ch=5 v=0.2025
    OK ch=7 v=0.9952
    OK ch=1 v=0.3730
    OK ch=3 v=0.5413
    OK ch=5 v=0.2070
    OK ch=7 v=0.9931
    OK ch=1 v=0.3089
    OK ch=3 v=0.5234
    OK ch=5 v=0.2006
    OK ch=7 v=0.9913
    OK ch=1 v=0.2410
    OK ch=3 v=0.4941
    OK ch=5 v=0.2083
    OK ch=7 v=0.9832
    OK ch=1 v=0.2631
    OK ch=3 v=0.4886
    OK ch=5 v=0.1997
    OK ch=7 v=0.9909
    OK ch=1 v=0.3228
    OK ch=3 v=0.5064
    OK ch=5 v=0.1955
    OK ch=7 v=0.9918
    OK ch=1 v=0.3689
    OK ch=3 v=0.5351
    OK ch=5 v=0.2041
    OK ch=7 v=0.9806
    OK ch=1 v=0.3006
    OK ch=3 v=0.5168
    OK ch=5 v=0.1977
    OK ch=7 v=0.9899
    OK ch=1 v=0.2444
    OK ch=3 v=0.4973
    OK ch=5 v=0.2033
    OK ch=7 v=0.9893
    OK ch=1 v=0.2977
    OK ch=3 v=0.5023
    OK ch=5 v=0.2088
    OK ch=7 v=0.9859
    OK ch=1 v=0.3387
    OK ch=3 v=0.5207
    OK ch=5 v=0.2012
    OK ch=7 v=0.9936
    OK ch=1 v=0.3480
    OK ch=3 v=0.5337
    OK ch=5 v=0.2044
    OK ch=7 v=0.9948
    OK ch=1 v=0.2595
    OK ch=3 v=0.5034
    OK ch=5 v=0.2107
    OK ch=7 v=0.9838
    OK ch=1 v=0.2189
    OK ch=3 v=0.4923
    OK ch=7 v=0.9884
    OK ch=1 v=0.2847
    OK ch=3 v=0.5267
    OK ch=5 v=0.2070
    OK ch=7 v=0.9861
    OK ch=1 v=0.2955
    OK ch=3 v=0.5055
    OK ch=5 v=0.1998
    OK ch=7 v=0.9914
    OK ch=1 v=0.2661
    OK ch=3 v=0.4958
    OK ch=5 v=0.2007
    OK ch=7 v=0.9964
    OK ch=1 v=0.3067
    OK ch=3 v=0.5070
    OK ch=5 v=0.2016
    OK ch=7 v=0.9925
    OK ch=1 v=0.3560
    OK ch=3 v=0.5229
    OK ch=5 v=0.1959
    OK ch=7 v=0.9893
    OK ch=1 v=0.3195
    OK ch=3 v=0.5244
    OK ch=5 v=0.2047
    OK ch=7 v=0.9886
    OK ch=1 v=0.2563
    OK ch=3 v=0.4992
    OK ch=5 v=0.2012
    OK ch=7 v=0.9933
    OK ch=1 v=0.2417
    OK ch=3 v=0.4910
    OK ch=7 v=0.9880
    OK ch=1 v=0.3074
    OK ch=3 v=0.5163
    OK ch=5 v=0.2077
    OK ch=7 v=0.9837
    OK ch=1 v=0.2876
    OK ch=3 v=0.6043
    OK ch=5 v=0.2021
    OK ch=7 v=0.9905

[trim] ch1 rests at 620 counts (+108 off mid-scale) -- bias -> 0.75V

    OK ch=1 v=0.3455
    OK ch=3 v=0.6924
    OK ch=5 v=0.2077
    OK ch=7 v=0.9844
    OK ch=1 v=0.3764
    OK ch=3 v=0.7805
    OK ch=5 v=0.2047
    OK ch=7 v=0.9863
    OK ch=1 v=0.2943
    OK ch=3 v=0.7647
    OK ch=5 v=0.1950
    OK ch=7 v=0.9960
    OK ch=1 v=0.2309
    OK ch=3 v=0.7420
    OK ch=5 v=0.2027
    OK ch=7 v=0.9874
    OK ch=1 v=0.2208
    OK ch=3 v=0.7243
    OK ch=5 v=0.1990
    OK ch=1 v=0.2761
    OK ch=3 v=0.7473
    OK ch=7 v=0.9847
    OK ch=1 v=0.3422
    OK ch=3 v=0.7781
    OK ch=7 v=0.9854
[  145.6s] DAMPING     ch0:.... g=-0.0300 bp=-0.015V ratio=0.16  ch1:.... g=-0.0300 bp=-0.057V ratio=0.17  ch2:.... g=+0.0100 bp=+0.064V ratio=0.04  ch3:.... g=-0.0300 bp=-0.013V ratio=0.04
    OK ch=1 v=0.2880
    OK ch=3 v=0.7466
    OK ch=5 v=0.1951
    OK ch=7 v=0.9952
    OK ch=1 v=0.3190
    OK ch=3 v=0.7579
    OK ch=5 v=0.1978
    OK ch=7 v=1.0017
    OK ch=1 v=0.3315
    OK ch=3 v=0.7756
    OK ch=5 v=0.2036
    OK ch=7 v=0.9984
    OK ch=1 v=0.3060
    OK ch=3 v=0.7748
    OK ch=5 v=0.2013
    OK ch=1 v=0.2787
    OK ch=3 v=0.7618
    OK ch=5 v=0.2104
    OK ch=7 v=0.9959
    OK ch=1 v=0.3234
    OK ch=3 v=0.7730
    OK ch=5 v=0.2121
    OK ch=1 v=0.2573
    OK ch=3 v=0.7374
    OK ch=5 v=0.2031
    OK ch=7 v=0.9899
    OK ch=1 v=0.2758
    OK ch=3 v=0.7541
    OK ch=5 v=0.1985
    OK ch=7 v=0.9922
    OK ch=1 v=0.3428
    OK ch=3 v=0.7781
    OK ch=5 v=0.1971
    OK ch=1 v=0.2860
    OK ch=3 v=0.7529
    OK ch=5 v=0.1886
    OK ch=7 v=0.9955
    OK ch=1 v=0.3352
    OK ch=3 v=0.7694
    OK ch=5 v=0.1920
    OK ch=7 v=0.9876
    OK ch=1 v=0.3493
    OK ch=3 v=0.7795
    OK ch=5 v=0.1896
    OK ch=7 v=0.9895
    OK ch=1 v=0.3095
    OK ch=3 v=0.7725
    OK ch=5 v=0.1935
    OK ch=7 v=0.9858
    OK ch=1 v=0.2366
    OK ch=3 v=0.7436
    OK ch=5 v=0.2122
    OK ch=7 v=0.9732
    OK ch=1 v=0.2628
    OK ch=3 v=0.7423
    OK ch=5 v=0.2081
    OK ch=7 v=0.9789
    OK ch=1 v=0.3280
    OK ch=3 v=0.7658
    OK ch=5 v=0.2101
    OK ch=7 v=0.9839
    OK ch=1 v=0.3639
    OK ch=3 v=0.7926
    OK ch=5 v=0.2152
    OK ch=7 v=0.9825
    OK ch=1 v=0.3163
    OK ch=3 v=0.7839
    OK ch=5 v=0.2192
    OK ch=7 v=0.9863
    OK ch=1 v=0.2558
    OK ch=3 v=0.7642
    OK ch=5 v=0.2255
    OK ch=7 v=0.9886
    OK ch=1 v=0.2665
    OK ch=3 v=0.7541
    OK ch=5 v=0.2192
    OK ch=7 v=0.9932
    OK ch=1 v=0.3363
    OK ch=3 v=0.7707
    OK ch=5 v=0.2219
    OK ch=7 v=0.9826

*** LOCKED -- 16.2s after gain was applied (t=146.4s total) ***

    OK ch=1 v=0.3579
    OK ch=3 v=0.7828
    OK ch=5 v=0.2161
    OK ch=7 v=0.9881
    OK ch=1 v=0.2695
    OK ch=3 v=0.7589
    OK ch=5 v=0.2006
    OK ch=7 v=0.9923
    OK ch=1 v=0.2209
    OK ch=3 v=0.7405
    OK ch=5 v=0.2044
    OK ch=7 v=0.9842
    OK ch=1 v=0.2556
    OK ch=3 v=0.7362
    OK ch=5 v=0.2030
    OK ch=7 v=0.9815
    OK ch=1 v=0.3440
    OK ch=3 v=0.7702
    OK ch=5 v=0.1966
    OK ch=7 v=0.9843
    OK ch=1 v=0.3667
    OK ch=3 v=0.7760
    OK ch=5 v=0.1941
    OK ch=7 v=0.9884
    OK ch=1 v=0.2976
    OK ch=3 v=0.7567
    OK ch=7 v=0.9890
    OK ch=1 v=0.3351
    OK ch=3 v=0.7650
    OK ch=5 v=0.2036
    OK ch=7 v=0.9849
    OK ch=1 v=0.2467
    OK ch=3 v=0.7447
    OK ch=5 v=0.2017
    OK ch=7 v=0.9954
    OK ch=1 v=0.2075
    OK ch=3 v=0.7344
    OK ch=5 v=0.1994
    OK ch=1 v=0.2736
    OK ch=3 v=0.7752
    OK ch=5 v=0.2005
    OK ch=7 v=1.0013
    OK ch=1 v=0.3027
    OK ch=3 v=0.7707
    OK ch=5 v=0.1993
    OK ch=7 v=0.9962
    OK ch=1 v=0.2674
    OK ch=3 v=0.7530
    OK ch=5 v=0.2030
    OK ch=1 v=0.3334
    OK ch=3 v=0.7820
    OK ch=7 v=0.9977
    OK ch=1 v=0.3215
    OK ch=3 v=0.7648
    OK ch=5 v=0.1964
    OK ch=7 v=1.0027
    OK ch=1 v=0.3490
    OK ch=3 v=0.7664
    OK ch=7 v=0.9939
    OK ch=1 v=0.2829
    OK ch=3 v=0.7437
    OK ch=7 v=0.9988
    OK ch=1 v=0.2852
    OK ch=3 v=0.7680
    OK ch=7 v=0.9957
    OK ch=1 v=0.3307
    OK ch=3 v=0.7618
    OK ch=5 v=0.1915
    OK ch=7 v=0.9925
    OK ch=1 v=0.3517
    OK ch=3 v=0.7731
    OK ch=5 v=0.1967
    OK ch=7 v=0.9816
    OK ch=1 v=0.2633
    OK ch=3 v=0.7454
    OK ch=5 v=0.1955
    OK ch=7 v=0.9899
    OK ch=1 v=0.2165
    OK ch=3 v=0.7289
    OK ch=5 v=0.1962
    OK ch=7 v=0.9873
    OK ch=1 v=0.2700
    OK ch=3 v=0.7419
    OK ch=5 v=0.2025
    OK ch=7 v=0.9848
    OK ch=1 v=0.3584
    OK ch=3 v=0.7794
    OK ch=5 v=0.2083
    OK ch=1 v=0.2971
    OK ch=3 v=0.7562
    OK ch=5 v=0.2141
    OK ch=7 v=0.9773
    OK ch=1 v=0.3134
    OK ch=3 v=0.7660
    OK ch=5 v=0.2193
    OK ch=7 v=0.9869
    OK ch=1 v=0.3486
    OK ch=3 v=0.7809
    OK ch=5 v=0.2153
    OK ch=7 v=0.9897
    OK ch=1 v=0.2878
    OK ch=3 v=0.7816
    OK ch=5 v=0.2204
    OK ch=7 v=0.9891
    OK ch=1 v=0.2521
    OK ch=3 v=0.7627
    OK ch=5 v=0.2198
    OK ch=7 v=0.9869
    OK ch=1 v=0.2418
    OK ch=3 v=0.7504
    OK ch=5 v=0.2119
    OK ch=7 v=0.9863
    OK ch=1 v=0.3301
    OK ch=3 v=0.7729
    OK ch=5 v=0.2084
    OK ch=7 v=0.9945
    OK ch=1 v=0.3599
    OK ch=3 v=0.7810
    OK ch=5 v=0.2042
    OK ch=7 v=0.9861
    OK ch=1 v=0.3348
    OK ch=3 v=0.7784
    OK ch=5 v=0.2050
    OK ch=7 v=0.9824
    OK ch=1 v=0.2464
    OK ch=3 v=0.7385
    OK ch=1 v=0.2507
    OK ch=3 v=0.7317
    OK ch=5 v=0.2016
    OK ch=7 v=0.9802
    OK ch=1 v=0.3391
    OK ch=3 v=0.7692
    OK ch=5 v=0.1964
    OK ch=7 v=0.9903
    OK ch=1 v=0.3616
    OK ch=3 v=0.7792
    OK ch=5 v=0.1980
    OK ch=7 v=0.9889
    OK ch=1 v=0.3012
    OK ch=3 v=0.7675
    OK ch=5 v=0.1967
    OK ch=7 v=0.9880
    OK ch=1 v=0.2452
    OK ch=3 v=0.7510
    OK ch=5 v=0.2075
    OK ch=7 v=0.9864
    OK ch=1 v=0.2319
    OK ch=3 v=0.7373
    OK ch=5 v=0.2056
    OK ch=7 v=0.9899
    OK ch=1 v=0.2778
    OK ch=3 v=0.7507
    OK ch=5 v=0.2039
    OK ch=7 v=0.9931
    OK ch=1 v=0.3662
    OK ch=3 v=0.7913
    OK ch=5 v=0.2061
    OK ch=7 v=0.9938
    OK ch=1 v=0.3475
    OK ch=3 v=0.7882
    OK ch=5 v=0.1991
    OK ch=7 v=1.0041
    OK ch=1 v=0.2742
    OK ch=3 v=0.7681
    OK ch=5 v=0.2047
    OK ch=7 v=0.9959
    OK ch=1 v=0.2406
    OK ch=3 v=0.7403
    OK ch=5 v=0.2065
    OK ch=7 v=0.9848
    OK ch=1 v=0.2881
    OK ch=3 v=0.7482
    OK ch=5 v=0.2017
    OK ch=7 v=0.9911
    OK ch=1 v=0.3435
    OK ch=3 v=0.7696
    OK ch=5 v=0.2027
    OK ch=7 v=0.9937
    OK ch=1 v=0.2938
    OK ch=3 v=0.7625
    OK ch=5 v=0.1942
    OK ch=7 v=0.9889
    OK ch=1 v=0.2586
    OK ch=3 v=0.7504
    OK ch=5 v=0.1990
    OK ch=7 v=0.9856
    OK ch=1 v=0.2417
    OK ch=3 v=0.7349
    OK ch=7 v=0.9874
    OK ch=1 v=0.2929
    OK ch=3 v=0.7523
    OK ch=5 v=0.1973
    OK ch=7 v=0.9894
    OK ch=1 v=0.2786
    OK ch=3 v=0.7487
    OK ch=5 v=0.2057
    OK ch=7 v=0.9863
    OK ch=1 v=0.2914
    OK ch=3 v=0.7479
    OK ch=5 v=0.2032
    OK ch=7 v=0.9915
    OK ch=1 v=0.3419
    OK ch=3 v=0.7667
    OK ch=5 v=0.2040
    OK ch=7 v=0.9951
    OK ch=1 v=0.3675
    OK ch=3 v=0.7904
    OK ch=5 v=0.2112
    OK ch=7 v=0.9867
    OK ch=1 v=0.3092
    OK ch=3 v=0.7756
    OK ch=5 v=0.2089
    OK ch=7 v=0.9918
    OK ch=1 v=0.2476
    OK ch=3 v=0.7574
    OK ch=5 v=0.2125
    OK ch=7 v=0.9929
    OK ch=1 v=0.2724
    OK ch=3 v=0.7509
    OK ch=5 v=0.2062
    OK ch=7 v=0.9963
    OK ch=1 v=0.3423
    OK ch=3 v=0.7688
    OK ch=5 v=0.2056
    OK ch=7 v=0.9872
    OK ch=1 v=0.3658
    OK ch=3 v=0.7837
    OK ch=5 v=0.2075
    OK ch=7 v=0.9848
    OK ch=1 v=0.2984
    OK ch=3 v=0.7693
    OK ch=5 v=0.1965
    OK ch=7 v=0.9893
    OK ch=1 v=0.2632
    OK ch=3 v=0.7539
    OK ch=5 v=0.2029
    OK ch=7 v=0.9808
    OK ch=1 v=0.2482
    OK ch=3 v=0.7407
    OK ch=5 v=0.2037
    OK ch=7 v=0.9766
    OK ch=1 v=0.3214
    OK ch=3 v=0.7564
    OK ch=5 v=0.1920
    OK ch=7 v=0.9923
    OK ch=1 v=0.3601
    OK ch=3 v=0.7743
    OK ch=5 v=0.1981
    OK ch=7 v=0.9910
    OK ch=1 v=0.3425
    OK ch=3 v=0.7802
    OK ch=5 v=0.2006
    OK ch=7 v=0.9928
    OK ch=1 v=0.2541
    OK ch=3 v=0.7534
    OK ch=5 v=0.2117
    OK ch=7 v=0.9862
    OK ch=1 v=0.2409
    OK ch=3 v=0.7466
    OK ch=5 v=0.2088
    OK ch=7 v=0.9886
    OK ch=1 v=0.2925
    OK ch=3 v=0.7578
    OK ch=5 v=0.2045
    OK ch=7 v=0.9965
    OK ch=1 v=0.3808
    OK ch=3 v=0.7940
    OK ch=5 v=0.2155
    OK ch=7 v=0.9850
    OK ch=1 v=0.3426
    OK ch=3 v=0.7888
    OK ch=5 v=0.2138
    OK ch=7 v=0.9891
    OK ch=1 v=0.2643
    OK ch=3 v=0.7632
    OK ch=5 v=0.2110
    OK ch=7 v=0.9912
    OK ch=1 v=0.2367
    OK ch=3 v=0.7429
    OK ch=5 v=0.2072
    OK ch=7 v=0.9922
    OK ch=1 v=0.3042
    OK ch=3 v=0.7522
    OK ch=5 v=0.2047
    OK ch=7 v=0.9879
    OK ch=1 v=0.3550
    OK ch=3 v=0.7722
    OK ch=7 v=0.9888
    OK ch=1 v=0.2846
    OK ch=3 v=0.7500
    OK ch=5 v=0.1993
    OK ch=1 v=0.2206
    OK ch=3 v=0.7325
    OK ch=5 v=0.1984
    OK ch=7 v=0.9846
    OK ch=1 v=0.2730
    OK ch=3 v=0.7469
    OK ch=5 v=0.2005
    OK ch=7 v=0.9864
    OK ch=1 v=0.3408
    OK ch=3 v=0.7650
    OK ch=7 v=0.9822
    OK ch=1 v=0.2747
    OK ch=3 v=0.7490
    OK ch=5 v=0.1961
    OK ch=7 v=0.9908
    OK ch=1 v=0.2755
    OK ch=3 v=0.7526
    OK ch=5 v=0.2025
    OK ch=7 v=0.9939
    OK ch=1 v=0.3637
    OK ch=3 v=0.7817
    OK ch=5 v=0.2079
    OK ch=7 v=0.9896
    OK ch=1 v=0.3531
    OK ch=3 v=0.7862
    OK ch=7 v=0.9911
    OK ch=1 v=0.2896
    OK ch=3 v=0.7623
    OK ch=5 v=0.2093
    OK ch=7 v=0.9886
    OK ch=1 v=0.3121
    OK ch=3 v=0.7651
    OK ch=5 v=0.2037
    OK ch=7 v=0.9930
    OK ch=1 v=0.2652
    OK ch=3 v=0.7640
    OK ch=5 v=0.2010
    OK ch=7 v=1.0006
    OK ch=1 v=0.2266
    OK ch=3 v=0.7487
    OK ch=5 v=0.2019
    OK ch=7 v=0.9978
    OK ch=1 v=0.2316
    OK ch=3 v=0.7388
    OK ch=5 v=0.1955
    OK ch=1 v=0.3033
    OK ch=3 v=0.7632
    OK ch=5 v=0.2013
    OK ch=7 v=0.9789
    OK ch=1 v=0.3038
    OK ch=3 v=0.7490
    OK ch=5 v=0.1946
    OK ch=7 v=0.9931
    OK ch=1 v=0.3411
    OK ch=3 v=0.7644
    OK ch=5 v=0.1932
    OK ch=7 v=0.9894
    OK ch=1 v=0.3761
    OK ch=3 v=0.7820
    OK ch=5 v=0.1966
    OK ch=7 v=0.9884
    OK ch=1 v=0.3220
    OK ch=3 v=0.7735
    OK ch=5 v=0.2027
    OK ch=7 v=0.9836
    OK ch=1 v=0.2538
    OK ch=3 v=0.7513
    OK ch=5 v=0.2042
    OK ch=7 v=0.9905
    OK ch=1 v=0.2478
    OK ch=3 v=0.7427
    OK ch=5 v=0.2047
    OK ch=7 v=0.9889
    OK ch=1 v=0.3361
    OK ch=3 v=0.7715
    OK ch=5 v=0.2097
    OK ch=7 v=0.9794
    OK ch=1 v=0.3720
    OK ch=3 v=0.7876
    OK ch=5 v=0.2145
    OK ch=7 v=0.9883
    OK ch=1 v=0.3225
    OK ch=3 v=0.7787
    OK ch=5 v=0.2127
    OK ch=7 v=0.9917
[  150.6s] DAMPING     ch0:LOCK g=-0.0300 bp=+0.121V ratio=0.17  ch1:LOCK g=-0.0300 bp=+0.043V ratio=0.13  ch2:LOCK g=+0.0100 bp=+0.003V ratio=0.07  ch3:LOCK g=-0.0300 bp=+0.002V ratio=0.08
    OK ch=1 v=0.2458
    OK ch=3 v=0.7541
    OK ch=7 v=0.9881
    OK ch=1 v=0.3119
    OK ch=3 v=0.7710
    OK ch=5 v=0.2097
    OK ch=7 v=0.9938
    OK ch=1 v=0.3161
    OK ch=3 v=0.7666
    OK ch=5 v=0.2104
    OK ch=7 v=0.9890
    OK ch=1 v=0.2657
    OK ch=3 v=0.7575
    OK ch=7 v=0.9825
    OK ch=1 v=0.3229
    OK ch=3 v=0.7697
    OK ch=5 v=0.2095
    OK ch=7 v=0.9905
    OK ch=1 v=0.2347
    OK ch=3 v=0.7400
    OK ch=5 v=0.2007
    OK ch=7 v=0.9875
    OK ch=1 v=0.2464
    OK ch=3 v=0.7375
    OK ch=5 v=0.2063
    OK ch=7 v=0.9762
    OK ch=1 v=0.3091
    OK ch=3 v=0.7496
    OK ch=5 v=0.2029
    OK ch=7 v=0.9804
    OK ch=1 v=0.3759
    OK ch=3 v=0.7813
    OK ch=5 v=0.1944
    OK ch=7 v=0.9966
    OK ch=1 v=0.3378
    OK ch=5 v=0.2020
    OK ch=7 v=0.9917
    OK ch=1 v=0.3072
    OK ch=3 v=0.7606
    OK ch=7 v=0.9952
    OK ch=1 v=0.2435
    OK ch=3 v=0.7457
    OK ch=5 v=0.2085
    OK ch=7 v=0.9910
    OK ch=1 v=0.2589
    OK ch=3 v=0.7489
    OK ch=5 v=0.2100
    OK ch=7 v=0.9896
    OK ch=1 v=0.3384
    OK ch=3 v=0.7776
    OK ch=5 v=0.2005
    OK ch=7 v=0.9951
    OK ch=1 v=0.3579
    OK ch=3 v=0.7830
    OK ch=5 v=0.2068
    OK ch=7 v=0.9895
    OK ch=1 v=0.2999
    OK ch=3 v=0.7736
    OK ch=7 v=0.9883
    OK ch=1 v=0.3042
    OK ch=3 v=0.7608
    OK ch=5 v=0.1978
    OK ch=7 v=1.0016
    OK ch=1 v=0.3129
    OK ch=3 v=0.7677
    OK ch=5 v=0.1990
    OK ch=7 v=0.9982
    OK ch=1 v=0.2735
    OK ch=3 v=0.7580
    OK ch=5 v=0.2003
    OK ch=7 v=0.9952
    OK ch=1 v=0.2247
    OK ch=3 v=0.7395
    OK ch=5 v=0.1993
    OK ch=7 v=0.9909
    OK ch=1 v=0.2323
    OK ch=3 v=0.7306
    OK ch=5 v=0.2007
    OK ch=7 v=0.9856
    OK ch=1 v=0.2776
    OK ch=3 v=0.7417
    OK ch=5 v=0.1964
    OK ch=7 v=0.9867
    OK ch=1 v=0.3478
    OK ch=3 v=0.7671
    OK ch=5 v=0.1986
    OK ch=1 v=0.3031
    OK ch=3 v=0.7569
    OK ch=5 v=0.2078
    OK ch=7 v=0.9824
    OK ch=1 v=0.3600
    OK ch=3 v=0.7780
    OK ch=5 v=0.1992
    OK ch=7 v=0.9944
    OK ch=1 v=0.3429
    OK ch=3 v=0.7835
    OK ch=5 v=0.2056
    OK ch=7 v=0.9890
    OK ch=1 v=0.2777
    OK ch=3 v=0.7685
    OK ch=5 v=0.2095
    OK ch=1 v=0.3233
    OK ch=7 v=0.9904
    OK ch=1 v=0.2736
    OK ch=3 v=0.7535
    OK ch=5 v=0.2129
    OK ch=1 v=0.2956
    OK ch=3 v=0.7637
    OK ch=5 v=0.2097
    OK ch=1 v=0.2306
    OK ch=3 v=0.7344
    OK ch=5 v=0.2035
    OK ch=7 v=0.9921
    OK ch=1 v=0.2873
    OK ch=3 v=0.7498
    OK ch=7 v=0.9892
    OK ch=1 v=0.2546
    OK ch=3 v=0.7516
    OK ch=5 v=0.2108
    OK ch=7 v=0.9850
    OK ch=1 v=0.2945
    OK ch=3 v=0.7563
    OK ch=5 v=0.2005
    OK ch=7 v=0.9912
    OK ch=1 v=0.3671
    OK ch=3 v=0.7773
    OK ch=5 v=0.2048
    OK ch=7 v=0.9847
    OK ch=1 v=0.3649
    OK ch=3 v=0.7829
    OK ch=7 v=0.9805
    OK ch=1 v=0.2988
    OK ch=3 v=0.7506
    OK ch=5 v=0.1981
    OK ch=7 v=0.9931
    OK ch=1 v=0.3137
    OK ch=3 v=0.7649
    OK ch=5 v=0.2033
    OK ch=1 v=0.2478
    OK ch=3 v=0.7441
    OK ch=5 v=0.2065
    OK ch=7 v=0.9847
    OK ch=1 v=0.2617
    OK ch=3 v=0.7477
    OK ch=7 v=0.9880
    OK ch=1 v=0.2870
    OK ch=3 v=0.7658
    OK ch=5 v=0.2081
    OK ch=7 v=0.9795
    OK ch=1 v=0.2736
    OK ch=3 v=0.7600
    OK ch=5 v=0.2035
    OK ch=7 v=0.9789
    OK ch=1 v=0.3366
    OK ch=3 v=0.7716
    OK ch=5 v=0.1984
    OK ch=7 v=0.9982
    OK ch=1 v=0.3706
    OK ch=3 v=0.7920
    OK ch=5 v=0.2062
    OK ch=7 v=0.9953
    OK ch=1 v=0.3085
    OK ch=3 v=0.7738
    OK ch=5 v=0.2048
    OK ch=1 v=0.3326
    OK ch=3 v=0.7687
    OK ch=5 v=0.2077
    OK ch=7 v=0.9923
    OK ch=1 v=0.3316
    OK ch=3 v=0.7701
    OK ch=5 v=0.2096
    OK ch=7 v=0.9870
    OK ch=1 v=0.2783
    OK ch=3 v=0.7605
    OK ch=5 v=0.2070
    OK ch=7 v=0.9879
    OK ch=1 v=0.2290
    OK ch=3 v=0.7432
    OK ch=5 v=0.2078
    OK ch=7 v=0.9863
    OK ch=1 v=0.2308
    OK ch=3 v=0.7353
    OK ch=5 v=0.2038
    OK ch=7 v=0.9871
    OK ch=1 v=0.2852
    OK ch=3 v=0.7457
    OK ch=5 v=0.1986
    OK ch=7 v=0.9905
    OK ch=1 v=0.3594
    OK ch=3 v=0.7703
    OK ch=5 v=0.2024
    OK ch=1 v=0.2876
    OK ch=3 v=0.7514
    OK ch=5 v=0.1966
    OK ch=7 v=0.9989
    OK ch=1 v=0.3550
    OK ch=3 v=0.7780
    OK ch=5 v=0.2018
    OK ch=7 v=0.9868
    OK ch=1 v=0.3476
    OK ch=3 v=0.7831
    OK ch=5 v=0.2071
    OK ch=1 v=0.2814
    OK ch=3 v=0.7504
    OK ch=5 v=0.2047
    OK ch=7 v=0.9897
    OK ch=1 v=0.2923
    OK ch=3 v=0.7600
    OK ch=1 v=0.2888
    OK ch=3 v=0.7692
    OK ch=5 v=0.2060
    OK ch=7 v=0.9892
    OK ch=1 v=0.2433
    OK ch=3 v=0.7496
    OK ch=5 v=0.2045
    OK ch=7 v=0.9881
    OK ch=1 v=0.2510
    OK ch=3 v=0.7434
    OK ch=5 v=0.2060
    OK ch=1 v=0.2887
    OK ch=3 v=0.7655
    OK ch=7 v=0.9912
    OK ch=1 v=0.3520
    OK ch=3 v=0.7765
    OK ch=5 v=0.1998
    OK ch=7 v=0.9938
    OK ch=1 v=0.3559
    OK ch=3 v=0.7845
    OK ch=5 v=0.2021
    OK ch=7 v=0.9882
    OK ch=1 v=0.2944
    OK ch=3 v=0.7624
    OK ch=5 v=0.2033
    OK ch=7 v=0.9887
    OK ch=1 v=0.2266
    OK ch=3 v=0.7377
    OK ch=5 v=0.2007
    OK ch=7 v=0.9949
    OK ch=1 v=0.2577
    OK ch=3 v=0.7391
    OK ch=5 v=0.2043
    OK ch=7 v=0.9859
    OK ch=1 v=0.3211
    OK ch=3 v=0.7585
    OK ch=5 v=0.2011
    OK ch=7 v=0.9866
    OK ch=1 v=0.3778
    OK ch=3 v=0.7849
    OK ch=5 v=0.1994
    OK ch=7 v=0.9947
    OK ch=1 v=0.3288
    OK ch=3 v=0.7805
    OK ch=5 v=0.2011
    OK ch=1 v=0.3213
    OK ch=3 v=0.7647
    OK ch=5 v=0.2045
    OK ch=7 v=0.9927
    OK ch=1 v=0.3368
    OK ch=3 v=0.7697
    OK ch=5 v=0.2078
    OK ch=7 v=0.9909
    OK ch=1 v=0.2483
    OK ch=3 v=0.7510
    OK ch=7 v=0.9874
    OK ch=1 v=0.3048
    OK ch=3 v=0.7621
    OK ch=5 v=0.2044
    OK ch=7 v=0.9919
    OK ch=1 v=0.3139
    OK ch=3 v=0.7703
    OK ch=5 v=0.2028
    OK ch=7 v=0.9943
    OK ch=1 v=0.2680
    OK ch=3 v=0.7579
    OK ch=5 v=0.2035
    OK ch=7 v=0.9903
    OK ch=1 v=0.2417
    OK ch=3 v=0.7370
    OK ch=5 v=0.2094
    OK ch=7 v=0.9820
    OK ch=1 v=0.2935
    OK ch=3 v=0.7515
    OK ch=5 v=0.2100
    OK ch=7 v=0.9830
    OK ch=1 v=0.3474
    OK ch=3 v=0.7654
    OK ch=5 v=0.2024
    OK ch=7 v=0.9913
    OK ch=1 v=0.3209
    OK ch=3 v=0.7787
    OK ch=7 v=0.9852
    OK ch=1 v=0.3277
    OK ch=3 v=0.7719
    OK ch=5 v=0.2031
    OK ch=7 v=0.9925
    OK ch=1 v=0.3289
    OK ch=5 v=0.2009
    OK ch=1 v=0.2785
    OK ch=3 v=0.7592
    OK ch=5 v=0.2032
    OK ch=7 v=0.9914
    OK ch=1 v=0.2142
    OK ch=3 v=0.7427
    OK ch=5 v=0.2081
    OK ch=7 v=0.9835
    OK ch=1 v=0.2848
    OK ch=3 v=0.7479
    OK ch=5 v=0.2029
    OK ch=7 v=0.9912
    OK ch=1 v=0.3689
    OK ch=3 v=0.7832
    OK ch=5 v=0.2082
    OK ch=7 v=0.9827
    OK ch=1 v=0.3294
    OK ch=3 v=0.7773
    OK ch=5 v=0.2061
    OK ch=7 v=0.9872
    OK ch=1 v=0.2363
    OK ch=3 v=0.7413
    OK ch=5 v=0.2055
    OK ch=7 v=0.9856
    OK ch=1 v=0.3046
    OK ch=3 v=0.7574
    OK ch=5 v=0.2041
    OK ch=7 v=0.9939
    OK ch=1 v=0.3458
    OK ch=3 v=0.7725
    OK ch=5 v=0.2000
    OK ch=1 v=0.2957
    OK ch=3 v=0.7567
    OK ch=5 v=0.2065
    OK ch=7 v=0.9856
    OK ch=1 v=0.3092
    OK ch=3 v=0.7721
    OK ch=7 v=0.9898
    OK ch=1 v=0.3185
    OK ch=5 v=0.2035
    OK ch=7 v=0.9905
    OK ch=1 v=0.3154
    OK ch=3 v=0.7642
    OK ch=5 v=0.1999
    OK ch=7 v=0.9963
    OK ch=1 v=0.3066
    OK ch=3 v=0.7633
    OK ch=5 v=0.1984
    OK ch=7 v=0.9951
    OK ch=1 v=0.2294
    OK ch=3 v=0.7389
    OK ch=5 v=0.2050
    OK ch=7 v=0.9834
    OK ch=1 v=0.2242
    OK ch=3 v=0.7345
    OK ch=5 v=0.2067
    OK ch=7 v=0.9867
    OK ch=1 v=0.2848
    OK ch=3 v=0.7476
    OK ch=5 v=0.1998
    OK ch=7 v=0.9918
    OK ch=1 v=0.3533
    OK ch=3 v=0.7838
    OK ch=5 v=0.1975
    OK ch=1 v=0.3733
    OK ch=3 v=0.7818
    OK ch=5 v=0.2034
    OK ch=7 v=0.9886
    OK ch=1 v=0.3452
    OK ch=3 v=0.7788
    OK ch=5 v=0.2046
    OK ch=7 v=0.9893
    OK ch=1 v=0.2520
    OK ch=3 v=0.7485
    OK ch=5 v=0.2067
    OK ch=1 v=0.3022
    OK ch=3 v=0.7670
    OK ch=7 v=0.9917
    OK ch=1 v=0.3287
    OK ch=5 v=0.2008
    OK ch=7 v=0.9987
    OK ch=1 v=0.2940
    OK ch=3 v=0.7512
    OK ch=5 v=0.2099
    OK ch=7 v=0.9843
    OK ch=1 v=0.2927
    OK ch=3 v=0.7629
    OK ch=5 v=0.2073
    OK ch=7 v=0.9874
    OK ch=1 v=0.2459
    OK ch=3 v=0.7403
    OK ch=5 v=0.2022
    OK ch=7 v=0.9909
    OK ch=1 v=0.3387
    OK ch=3 v=0.7759
    OK ch=5 v=0.2045
    OK ch=7 v=0.9897
    OK ch=1 v=0.3105
    OK ch=3 v=0.7689
    OK ch=5 v=0.2039
    OK ch=7 v=0.9858
    OK ch=1 v=0.2450
    OK ch=3 v=0.7407
    OK ch=5 v=0.2013
    OK ch=7 v=0.9864
    OK ch=1 v=0.2742
    OK ch=3 v=0.7480
    OK ch=5 v=0.2019
    OK ch=7 v=0.9888
    OK ch=1 v=0.3437
    OK ch=3 v=0.7700
    OK ch=5 v=0.2042
    OK ch=7 v=0.9895
    OK ch=1 v=0.3129
    OK ch=3 v=0.7748
    OK ch=5 v=0.2077
    OK ch=7 v=0.9851
    OK ch=1 v=0.2592
    OK ch=3 v=0.7502
    OK ch=5 v=0.2048
    OK ch=7 v=0.9896
    OK ch=1 v=0.3526
    OK ch=3 v=0.7769
    OK ch=7 v=0.9962
    OK ch=1 v=0.2885
    OK ch=3 v=0.7570
    OK ch=5 v=0.2069
    OK ch=7 v=0.9894
    OK ch=1 v=0.3540
    OK ch=3 v=0.7831
    OK ch=5 v=0.2087
    OK ch=1 v=0.2879
    OK ch=3 v=0.7568
    OK ch=5 v=0.2114
    OK ch=7 v=0.9758
    OK ch=1 v=0.2980
    OK ch=3 v=0.7597
    OK ch=5 v=0.2057
    OK ch=7 v=0.9915
    OK ch=1 v=0.3282
    OK ch=3 v=0.7734
    OK ch=5 v=0.2038
    OK ch=1 v=0.2792
    OK ch=3 v=0.7543
    OK ch=5 v=0.1994
    OK ch=7 v=0.9922
    OK ch=1 v=0.3230
    OK ch=3 v=0.7696
    OK ch=5 v=0.2028
    OK ch=7 v=0.9798
    OK ch=1 v=0.2879
    OK ch=3 v=0.7634
    OK ch=5 v=0.2033
    OK ch=7 v=0.9893
[  155.6s] DAMPING     ch0:LOCK g=-0.0300 bp=+0.054V ratio=0.12  ch1:LOCK g=-0.0300 bp=+0.030V ratio=0.10  ch2:LOCK g=+0.0100 bp=-0.017V ratio=0.03  ch3:LOCK g=-0.0300 bp=-0.014V ratio=0.05
    OK ch=1 v=0.2218
    OK ch=3 v=0.7325
    OK ch=7 v=0.9856
    OK ch=1 v=0.2438
    OK ch=3 v=0.7400
    OK ch=5 v=0.2011
    OK ch=1 v=0.2824
    OK ch=3 v=0.7562
    OK ch=5 v=0.2032
    OK ch=7 v=0.9844
    OK ch=1 v=0.3642
    OK ch=3 v=0.7728
    OK ch=5 v=0.2005
    OK ch=7 v=0.9980
    OK ch=1 v=0.3415
    OK ch=3 v=0.7802
    OK ch=7 v=0.9985
    OK ch=1 v=0.3288
    OK ch=3 v=0.7694
    OK ch=5 v=0.2072
    OK ch=7 v=0.9961
    OK ch=1 v=0.3297
    OK ch=3 v=0.7751
    OK ch=5 v=0.2064
    OK ch=7 v=0.9951
    OK ch=1 v=0.2779
    OK ch=3 v=0.7662
    OK ch=5 v=0.2105
    OK ch=7 v=0.9903
    OK ch=1 v=0.2076
    OK ch=3 v=0.7357
    OK ch=5 v=0.2055
    OK ch=7 v=0.9911
    OK ch=1 v=0.2735
    OK ch=3 v=0.7451
    OK ch=5 v=0.2027
    OK ch=7 v=0.9845
    OK ch=1 v=0.3480
    OK ch=3 v=0.7730
    OK ch=5 v=0.2058
    OK ch=7 v=0.9860
    OK ch=1 v=0.3266
    OK ch=3 v=0.7720
    OK ch=5 v=0.2012
    OK ch=7 v=0.9909
    OK ch=1 v=0.2745
    OK ch=3 v=0.7577
    OK ch=5 v=0.1990
    OK ch=7 v=0.9935
    OK ch=1 v=0.2632
    OK ch=3 v=0.7428
    OK ch=5 v=0.2008
    OK ch=7 v=0.9866
    OK ch=1 v=0.3449
    OK ch=3 v=0.7683
    OK ch=5 v=0.1988
    OK ch=7 v=0.9874
    OK ch=1 v=0.3615
    OK ch=3 v=0.7803
    OK ch=5 v=0.2065
    OK ch=7 v=0.9801
    OK ch=1 v=0.2682
    OK ch=3 v=0.7513
    OK ch=5 v=0.2020
    OK ch=7 v=0.9905
    OK ch=1 v=0.2704
    OK ch=3 v=0.7489
    OK ch=5 v=0.2073
    OK ch=1 v=0.2786
    OK ch=3 v=0.7617
    OK ch=5 v=0.2086
    OK ch=7 v=0.9871
    OK ch=1 v=0.2660
    OK ch=3 v=0.7514
    OK ch=5 v=0.2071
    OK ch=7 v=0.9894
    OK ch=1 v=0.2960
    OK ch=3 v=0.7595
    OK ch=7 v=0.9899
    OK ch=1 v=0.2840
    OK ch=3 v=0.7634
    OK ch=5 v=0.2028
    OK ch=7 v=0.9923
    OK ch=1 v=0.3374
    OK ch=3 v=0.7700
    OK ch=5 v=0.2047
    OK ch=7 v=0.9896
    OK ch=1 v=0.3800
    OK ch=3 v=0.7859
    OK ch=5 v=0.2065
    OK ch=7 v=0.9936
    OK ch=1 v=0.3629
    OK ch=5 v=0.2038
    OK ch=7 v=0.9916
    OK ch=1 v=0.3090
    OK ch=3 v=0.7637
    OK ch=5 v=0.2046
    OK ch=7 v=0.9953
    OK ch=1 v=0.2453
    OK ch=3 v=0.7547
    OK ch=5 v=0.2038
    OK ch=7 v=0.9890
    OK ch=1 v=0.2681
    OK ch=3 v=0.7427
    OK ch=7 v=0.9879
    OK ch=1 v=0.2690
    OK ch=5 v=0.2045
    OK ch=7 v=0.9845
    OK ch=1 v=0.2662
    OK ch=3 v=0.7544
    OK ch=5 v=0.1986
    OK ch=7 v=0.9874
    OK ch=1 v=0.2717
    OK ch=3 v=0.7499
    OK ch=5 v=0.2020
    OK ch=7 v=0.9819
    OK ch=1 v=0.2939
    OK ch=3 v=0.7564
    OK ch=5 v=0.2061
    OK ch=7 v=0.9849
    OK ch=1 v=0.3866
    OK ch=3 v=0.7913
    OK ch=5 v=0.2036
    OK ch=7 v=0.9920
    OK ch=1 v=0.2932
    OK ch=3 v=0.7679
    OK ch=5 v=0.2079
    OK ch=7 v=0.9856
    OK ch=1 v=0.2745
    OK ch=3 v=0.7533
    OK ch=5 v=0.2051
    OK ch=7 v=0.9988
    OK ch=1 v=0.3574
    OK ch=3 v=0.7804
    OK ch=5 v=0.2067
    OK ch=7 v=0.9931
    OK ch=1 v=0.3396
    OK ch=3 v=0.7818
    OK ch=5 v=0.2078
    OK ch=7 v=0.9907
    OK ch=1 v=0.2703
    OK ch=3 v=0.7602
    OK ch=5 v=0.2057
    OK ch=7 v=0.9919
    OK ch=1 v=0.2285
    OK ch=3 v=0.7351
    OK ch=5 v=0.2027
    OK ch=1 v=0.2875
    OK ch=3 v=0.7592
    OK ch=5 v=0.1992
    OK ch=7 v=0.9913
    OK ch=1 v=0.2646
    OK ch=3 v=0.7429
    OK ch=5 v=0.2005
    OK ch=7 v=0.9879
    OK ch=1 v=0.3130
    OK ch=3 v=0.7576
    OK ch=5 v=0.2010
    OK ch=1 v=0.2754
    OK ch=3 v=0.7538
    OK ch=5 v=0.1958
    OK ch=7 v=0.9904
    OK ch=1 v=0.3501
    OK ch=3 v=0.7692
    OK ch=5 v=0.1977
    OK ch=7 v=0.9871
    OK ch=1 v=0.3832
    OK ch=3 v=0.7837
    OK ch=5 v=0.2029
    OK ch=1 v=0.3123
    OK ch=3 v=0.7609
    OK ch=5 v=0.2013
    OK ch=7 v=0.9939
    OK ch=1 v=0.3199
    OK ch=3 v=0.7697
    OK ch=5 v=0.2037
    OK ch=1 v=0.2964
    OK ch=3 v=0.7638
    OK ch=5 v=0.2071
    OK ch=7 v=0.9910
    OK ch=1 v=0.2638
    OK ch=3 v=0.7625
    OK ch=5 v=0.2102
    OK ch=7 v=0.9862
    OK ch=1 v=0.2656
    OK ch=3 v=0.7503
    OK ch=5 v=0.2074
    OK ch=7 v=0.9899
    OK ch=1 v=0.3420
    OK ch=3 v=0.7776
    OK ch=7 v=0.9880
    OK ch=1 v=0.2761
    OK ch=3 v=0.7457
    OK ch=5 v=0.2040
    OK ch=7 v=0.9904
    OK ch=1 v=0.2984
    OK ch=3 v=0.7585
    OK ch=1 v=0.3198
    OK ch=3 v=0.7769
    OK ch=5 v=0.2034
    OK ch=7 v=0.9891
    OK ch=1 v=0.2744
    OK ch=3 v=0.7623
    OK ch=7 v=0.9863
    OK ch=1 v=0.3426
    OK ch=3 v=0.7747
    OK ch=5 v=0.2045
    OK ch=7 v=0.9843
    OK ch=1 v=0.2485
    OK ch=3 v=0.7379
    OK ch=5 v=0.2025
    OK ch=7 v=0.9927
    OK ch=1 v=0.2708
    OK ch=3 v=0.7436
    OK ch=5 v=0.2002
    OK ch=7 v=0.9907
    OK ch=1 v=0.3636
    OK ch=3 v=0.7796
    OK ch=5 v=0.2064
    OK ch=7 v=0.9864
    OK ch=1 v=0.2938
    OK ch=3 v=0.7681
    OK ch=5 v=0.2009
    OK ch=1 v=0.3475
    OK ch=3 v=0.7750
    OK ch=5 v=0.2069
    OK ch=1 v=0.2814
    OK ch=3 v=0.7466
    OK ch=5 v=0.2141
    OK ch=7 v=0.9801
    OK ch=1 v=0.2867
    OK ch=3 v=0.7518
    OK ch=5 v=0.2079
    OK ch=7 v=0.9925
    OK ch=1 v=0.3519
    OK ch=3 v=0.7831
    OK ch=5 v=0.2050
    OK ch=7 v=0.9882
    OK ch=1 v=0.2531
    OK ch=3 v=0.7493
    OK ch=7 v=0.9904
    OK ch=1 v=0.2744
    OK ch=3 v=0.7638
    OK ch=5 v=0.1996
    OK ch=7 v=0.9978
    OK ch=1 v=0.3010
    OK ch=3 v=0.7572
    OK ch=5 v=0.2053
    OK ch=7 v=0.9837
    OK ch=1 v=0.3553
    OK ch=3 v=0.7773
    OK ch=5 v=0.1971
    OK ch=7 v=0.9961
    OK ch=1 v=0.2871
    OK ch=3 v=0.7655
    OK ch=5 v=0.2044
    OK ch=7 v=0.9888
    OK ch=1 v=0.2831
    OK ch=3 v=0.7491
    OK ch=5 v=0.2001
    OK ch=7 v=0.9923
    OK ch=1 v=0.3301
    OK ch=3 v=0.7623
    OK ch=7 v=0.9929
    OK ch=1 v=0.2637
    OK ch=3 v=0.7431
    OK ch=5 v=0.2054
    OK ch=7 v=0.9872
    OK ch=1 v=0.3354
    OK ch=3 v=0.7733
    OK ch=5 v=0.2021
    OK ch=7 v=0.9888
    OK ch=1 v=0.2550
    OK ch=3 v=0.7533
    OK ch=5 v=0.2101
    OK ch=7 v=0.9823
    OK ch=1 v=0.2837
    OK ch=5 v=0.2058
    OK ch=7 v=0.9886
    OK ch=1 v=0.2769
    OK ch=3 v=0.7539
    OK ch=5 v=0.2038
    OK ch=7 v=0.9900
    OK ch=1 v=0.3631
    OK ch=3 v=0.7849
    OK ch=5 v=0.2028
    OK ch=7 v=1.0016
    OK ch=1 v=0.2653
    OK ch=3 v=0.7562
    OK ch=5 v=0.2081
    OK ch=7 v=0.9850
    OK ch=1 v=0.3383
    OK ch=3 v=0.7707
    OK ch=7 v=0.9895
    OK ch=1 v=0.2846
    OK ch=3 v=0.7490
    OK ch=7 v=0.9890
    OK ch=1 v=0.2511
    OK ch=3 v=0.7500
    OK ch=5 v=0.2058
    OK ch=7 v=0.9806
    OK ch=1 v=0.2729
    OK ch=3 v=0.7523
    OK ch=5 v=0.2038
    OK ch=7 v=0.9830
    OK ch=1 v=0.3309
    OK ch=3 v=0.7670
    OK ch=5 v=0.2002
    OK ch=7 v=0.9814
    OK ch=1 v=0.3612
    OK ch=3 v=0.7856
    OK ch=5 v=0.1941
    OK ch=7 v=1.0040
    OK ch=1 v=0.3058
    OK ch=3 v=0.7734
    OK ch=5 v=0.1997
    OK ch=7 v=0.9950
    OK ch=1 v=0.2435
    OK ch=3 v=0.7455
    OK ch=5 v=0.2040
    OK ch=7 v=0.9889
    OK ch=1 v=0.2904
    OK ch=3 v=0.7483
    OK ch=5 v=0.2070
    OK ch=7 v=0.9878
    OK ch=1 v=0.3424
    OK ch=3 v=0.7677
    OK ch=5 v=0.2053
    OK ch=7 v=0.9904
    OK ch=1 v=0.3575
    OK ch=3 v=0.7774
    OK ch=7 v=0.9917
    OK ch=1 v=0.2930
    OK ch=3 v=0.7602
    OK ch=7 v=0.9923
    OK ch=1 v=0.2356
    OK ch=3 v=0.7444
    OK ch=5 v=0.2090
    OK ch=7 v=0.9832
    OK ch=1 v=0.2822
    OK ch=3 v=0.7584
    OK ch=5 v=0.2097
    OK ch=7 v=0.9843
    OK ch=1 v=0.3431
    OK ch=3 v=0.7788
    OK ch=5 v=0.2055
    OK ch=1 v=0.2771
    OK ch=3 v=0.7504
    OK ch=5 v=0.2008
    OK ch=7 v=0.9952
    OK ch=1 v=0.2716
    OK ch=5 v=0.1977
    OK ch=7 v=0.9984
    OK ch=1 v=0.2709
    OK ch=3 v=0.7636
    OK ch=5 v=0.2037
    OK ch=7 v=0.9893
    OK ch=1 v=0.2725
    OK ch=3 v=0.7535
    OK ch=5 v=0.2047
    OK ch=7 v=0.9881
    OK ch=1 v=0.3134
    OK ch=3 v=0.7583
    OK ch=5 v=0.2035
    OK ch=1 v=0.3188
    OK ch=3 v=0.7700
    OK ch=5 v=0.2042
    OK ch=7 v=0.9802
    OK ch=1 v=0.2877
    OK ch=3 v=0.7575
    OK ch=5 v=0.2031
    OK ch=1 v=0.3208
    OK ch=3 v=0.7780
    OK ch=7 v=0.9917
    OK ch=1 v=0.3706
    OK ch=3 v=0.7876
    OK ch=5 v=0.2025
    OK ch=7 v=0.9951
    OK ch=1 v=0.2820
    OK ch=3 v=0.7557
    OK ch=5 v=0.2076
    OK ch=7 v=0.9917
    OK ch=1 v=0.2514
    OK ch=3 v=0.7423
    OK ch=5 v=0.2065
    OK ch=7 v=0.9926
    OK ch=1 v=0.3446
    OK ch=3 v=0.7690
    OK ch=5 v=0.2090
    OK ch=1 v=0.3328
    OK ch=3 v=0.7644
    OK ch=5 v=0.2075
    OK ch=7 v=0.9916
    OK ch=1 v=0.3024
    OK ch=3 v=0.7725
    OK ch=5 v=0.2006
    OK ch=7 v=0.9937
    OK ch=1 v=0.2644
    OK ch=3 v=0.7454
    OK ch=5 v=0.2071
    OK ch=7 v=0.9842
    OK ch=1 v=0.3213
    OK ch=3 v=0.7651
    OK ch=7 v=0.9831
    OK ch=1 v=0.2695
    OK ch=3 v=0.8365
    OK ch=5 v=0.2050
    OK ch=7 v=0.9896

[trim] ch1 kept at 0.75V -- total offset 489 -> 477 counts.


[trim] ch1 rests at 601 counts (+89 off mid-scale) -- bias -> 1.00V

    OK ch=1 v=0.3459
    OK ch=3 v=0.9298
    OK ch=5 v=0.1990
    OK ch=7 v=0.9888
    OK ch=1 v=0.3024
    OK ch=3 v=1.0163
    OK ch=5 v=0.1950
    OK ch=7 v=0.9901
    OK ch=1 v=0.2448
    OK ch=3 v=0.9959
    OK ch=5 v=0.1912
    OK ch=7 v=0.9913
    OK ch=1 v=0.2744
    OK ch=3 v=0.9845
    OK ch=5 v=0.1946
    OK ch=7 v=0.9851
    OK ch=1 v=0.3568
    OK ch=3 v=1.0140
    OK ch=5 v=0.1908
    OK ch=7 v=0.9845
    OK ch=1 v=0.3363
    OK ch=3 v=1.0171
    OK ch=5 v=0.1950
    OK ch=7 v=0.9782
    OK ch=1 v=0.2430
    OK ch=3 v=0.9899
    OK ch=5 v=0.1997
    OK ch=7 v=0.9943
    OK ch=1 v=0.2752
    OK ch=3 v=0.9963
    OK ch=5 v=0.2068
    OK ch=7 v=1.0015
[  160.6s] DAMPING     ch0:LOCK g=-0.0300 bp=-0.072V ratio=0.13  ch1:LOCK g=-0.0300 bp=-0.084V ratio=0.15  ch2:LOCK g=+0.0100 bp=+0.109V ratio=0.08  ch3:LOCK g=-0.0300 bp=+0.004V ratio=0.06
    OK ch=1 v=0.3244
    OK ch=3 v=1.0159
    OK ch=5 v=0.2080
    OK ch=7 v=1.0043
    OK ch=1 v=0.3090
    OK ch=3 v=1.0329
    OK ch=5 v=0.2110
    OK ch=7 v=0.9989
    OK ch=1 v=0.2222
    OK ch=3 v=0.9998
    OK ch=5 v=0.2041
    OK ch=7 v=1.0020
    OK ch=1 v=0.2566
    OK ch=3 v=1.0009
    OK ch=7 v=0.9985
    OK ch=1 v=0.3023
    OK ch=3 v=1.0215
    OK ch=5 v=0.1974
    OK ch=7 v=1.0005
    OK ch=1 v=0.2854
    OK ch=3 v=1.0099
    OK ch=5 v=0.1930
    OK ch=7 v=0.9890
    OK ch=1 v=0.3561
    OK ch=3 v=1.0183
    OK ch=5 v=0.1972
    OK ch=7 v=0.9791
    OK ch=1 v=0.3877
    OK ch=3 v=1.0296
    OK ch=5 v=0.1899
    OK ch=7 v=0.9860
    OK ch=1 v=0.3648
    OK ch=3 v=1.0288
    OK ch=5 v=0.1919
    OK ch=1 v=0.3225
    OK ch=3 v=1.0114
    OK ch=5 v=0.1940
    OK ch=7 v=0.9901
    OK ch=1 v=0.3233
    OK ch=3 v=1.0153
    OK ch=5 v=0.2006
    OK ch=7 v=0.9858
    OK ch=1 v=0.2806
    OK ch=3 v=1.0109
    OK ch=5 v=0.2029
    OK ch=7 v=0.9884
    OK ch=1 v=0.2167
    OK ch=3 v=0.9894
    OK ch=5 v=0.2139
    OK ch=7 v=0.9776
    OK ch=1 v=0.3153
    OK ch=3 v=1.0196
    OK ch=5 v=0.2123
    OK ch=7 v=0.9929
    OK ch=1 v=0.2710
    OK ch=3 v=1.0159
    OK ch=5 v=0.2222
    OK ch=7 v=0.9758
    OK ch=1 v=0.3138
    OK ch=3 v=1.0215
    OK ch=7 v=0.9877
    OK ch=1 v=0.2501
    OK ch=3 v=1.0075
    OK ch=5 v=0.2201
    OK ch=7 v=0.9893
    OK ch=1 v=0.3421
    OK ch=3 v=1.0331
    OK ch=5 v=0.2170
    OK ch=7 v=0.9935
    OK ch=1 v=0.3174
    OK ch=3 v=1.0317
    OK ch=5 v=0.2141
    OK ch=7 v=0.9848
    OK ch=1 v=0.2710
    OK ch=3 v=1.0127
    OK ch=5 v=0.2131
    OK ch=7 v=0.9828
    OK ch=1 v=0.2605
    OK ch=3 v=0.9940
    OK ch=5 v=0.2079
    OK ch=7 v=0.9853
    OK ch=1 v=0.3486
    OK ch=3 v=1.0209
    OK ch=5 v=0.2026
    OK ch=7 v=0.9830
    OK ch=1 v=0.3472
    OK ch=5 v=0.1979
    OK ch=7 v=0.9854
    OK ch=1 v=0.3230
    OK ch=3 v=1.0056
    OK ch=5 v=0.1957
    OK ch=7 v=0.9828
    OK ch=1 v=0.3117
    OK ch=3 v=1.0083
    OK ch=5 v=0.1988
    OK ch=7 v=0.9840
    OK ch=1 v=0.2290
    OK ch=3 v=0.9876
    OK ch=5 v=0.2033
    OK ch=7 v=0.9823
    OK ch=1 v=0.2480
    OK ch=3 v=0.9861
    OK ch=5 v=0.2026
    OK ch=7 v=0.9913
    OK ch=1 v=0.3314
    OK ch=3 v=1.0203
    OK ch=5 v=0.2020
    OK ch=7 v=0.9929
    OK ch=1 v=0.2522
    OK ch=3 v=1.0019
    OK ch=5 v=0.2030
    OK ch=7 v=0.9969
    OK ch=1 v=0.3158
    OK ch=3 v=1.0193
    OK ch=5 v=0.1988
    OK ch=7 v=1.0065
    OK ch=1 v=0.2918
    OK ch=3 v=1.0209
    OK ch=5 v=0.2013
    OK ch=7 v=0.9899
    OK ch=1 v=0.2943
    OK ch=3 v=1.0075
    OK ch=7 v=1.0027
    OK ch=1 v=0.2376
    OK ch=3 v=0.9935
    OK ch=5 v=0.1949
    OK ch=7 v=1.0041
    OK ch=1 v=0.3265
    OK ch=3 v=1.0170
    OK ch=5 v=0.1911
    OK ch=7 v=0.9973
    OK ch=1 v=0.3661
    OK ch=3 v=1.0304
    OK ch=5 v=0.1920
    OK ch=7 v=0.9947
    OK ch=1 v=0.3294
    OK ch=3 v=1.0203
    OK ch=5 v=0.1910
    OK ch=7 v=0.9880
    OK ch=1 v=0.2403
    OK ch=3 v=0.9815
    OK ch=5 v=0.1902
    OK ch=7 v=0.9865
    OK ch=1 v=0.2525
    OK ch=3 v=0.9831
    OK ch=5 v=0.1979
    OK ch=7 v=0.9785
    OK ch=1 v=0.3456
    OK ch=3 v=1.0181
    OK ch=5 v=0.1940
    OK ch=7 v=0.9923
    OK ch=1 v=0.3252
    OK ch=3 v=1.0252
    OK ch=5 v=0.2063
    OK ch=7 v=0.9876
    OK ch=1 v=0.2596
    OK ch=3 v=1.0106
    OK ch=5 v=0.2111
    OK ch=7 v=0.9894
    OK ch=1 v=0.2469
    OK ch=3 v=0.9994
    OK ch=5 v=0.2155
    OK ch=7 v=0.9884
    OK ch=1 v=0.3362
    OK ch=3 v=1.0255
    OK ch=5 v=0.2193
    OK ch=7 v=0.9838
    OK ch=1 v=0.3756
    OK ch=3 v=1.0385
    OK ch=5 v=0.2167
    OK ch=7 v=0.9895
    OK ch=1 v=0.2823
    OK ch=3 v=1.0202
    OK ch=5 v=0.2159
    OK ch=1 v=0.3305
    OK ch=3 v=1.0294
    OK ch=5 v=0.2171
    OK ch=7 v=0.9917
    OK ch=1 v=0.2333
    OK ch=3 v=0.9920
    OK ch=5 v=0.2156
    OK ch=1 v=0.2534
    OK ch=3 v=1.0043
    OK ch=5 v=0.2095
    OK ch=7 v=0.9857
    OK ch=1 v=0.3228
    OK ch=3 v=1.0109
    OK ch=5 v=0.2064
    OK ch=7 v=0.9835
    OK ch=1 v=0.3730
    OK ch=3 v=1.0263
    OK ch=5 v=0.2032
    OK ch=7 v=0.9795
    OK ch=1 v=0.3637
    OK ch=3 v=1.0295
    OK ch=5 v=0.2022
    OK ch=7 v=0.9803
    OK ch=1 v=0.2749
    OK ch=3 v=0.9940
    OK ch=5 v=0.1986
    OK ch=7 v=0.9830
    OK ch=1 v=0.2563
    OK ch=3 v=0.9905
    OK ch=5 v=0.2021
    OK ch=7 v=0.9866
    OK ch=1 v=0.3495
    OK ch=3 v=1.0268
    OK ch=5 v=0.2049
    OK ch=1 v=0.3062
    OK ch=3 v=1.0121
    OK ch=5 v=0.2040
    OK ch=7 v=0.9915
    OK ch=1 v=0.3382
    OK ch=3 v=1.0306
    OK ch=5 v=0.2080
    OK ch=7 v=0.9889
    OK ch=1 v=0.2545
    OK ch=3 v=1.0070
    OK ch=5 v=0.2086
    OK ch=7 v=0.9868
    OK ch=1 v=0.2332
    OK ch=3 v=0.9948
    OK ch=7 v=0.9879
    OK ch=1 v=0.2757
    OK ch=3 v=1.0154
    OK ch=5 v=0.2038
    OK ch=7 v=1.0020
    OK ch=1 v=0.2876
    OK ch=3 v=1.0049
    OK ch=5 v=0.1981
    OK ch=7 v=0.9975
    OK ch=1 v=0.3614
    OK ch=3 v=1.0309
    OK ch=5 v=0.1957
    OK ch=7 v=1.0005
    OK ch=1 v=0.3238
    OK ch=3 v=1.0245
    OK ch=5 v=0.1969
    OK ch=7 v=0.9954
    OK ch=1 v=0.2642
    OK ch=3 v=0.9951
    OK ch=5 v=0.1943
    OK ch=7 v=0.9940
    OK ch=1 v=0.3401
    OK ch=3 v=1.0181
    OK ch=5 v=0.1958
    OK ch=7 v=0.9870
    OK ch=1 v=0.2464
    OK ch=3 v=0.9908
    OK ch=1 v=0.2377
    OK ch=3 v=0.9828
    OK ch=5 v=0.1995
    OK ch=7 v=0.9854
    OK ch=1 v=0.3042
    OK ch=3 v=0.9930
    OK ch=5 v=0.2015
    OK ch=7 v=0.9870
    OK ch=1 v=0.3581
    OK ch=3 v=1.0211
    OK ch=7 v=0.9881
    OK ch=1 v=0.2862
    OK ch=3 v=1.0053
    OK ch=5 v=0.2036
    OK ch=7 v=0.9969
    OK ch=1 v=0.3322
    OK ch=3 v=1.0290
    OK ch=5 v=0.2089
    OK ch=7 v=0.9890
    OK ch=1 v=0.2881
    OK ch=3 v=1.0214
    OK ch=5 v=0.2117
    OK ch=7 v=0.9864
    OK ch=1 v=0.2300
    OK ch=3 v=0.9912
    OK ch=5 v=0.2087
    OK ch=7 v=0.9973
    OK ch=1 v=0.3184
    OK ch=3 v=1.0191
    OK ch=5 v=0.2103
    OK ch=7 v=0.9903
    OK ch=1 v=0.3358
    OK ch=3 v=1.0298
    OK ch=5 v=0.2092
    OK ch=7 v=0.9850
    OK ch=1 v=0.2714
    OK ch=3 v=1.0100
    OK ch=5 v=0.2057
    OK ch=1 v=0.3281
    OK ch=3 v=1.0244
    OK ch=5 v=0.2020
    OK ch=7 v=0.9938
    OK ch=1 v=0.2540
    OK ch=3 v=0.9996
    OK ch=5 v=0.2046
    OK ch=7 v=0.9848
    OK ch=1 v=0.2617
    OK ch=3 v=0.9900
    OK ch=5 v=0.2013
    OK ch=7 v=0.9813
    OK ch=1 v=0.3187
    OK ch=3 v=1.0056
    OK ch=5 v=0.1990
    OK ch=7 v=0.9895
    OK ch=1 v=0.3626
    OK ch=3 v=1.0276
    OK ch=5 v=0.1959
    OK ch=7 v=0.9923
    OK ch=1 v=0.3693
    OK ch=3 v=1.0370
    OK ch=5 v=0.2000
    OK ch=7 v=0.9850
    OK ch=1 v=0.3088
    OK ch=3 v=1.0247
    OK ch=5 v=0.2063
    OK ch=7 v=0.9819
    OK ch=1 v=0.2224
    OK ch=3 v=0.9904
    OK ch=7 v=0.9959
    OK ch=1 v=0.2887
    OK ch=3 v=1.0218
    OK ch=5 v=0.2108
    OK ch=7 v=0.9898
    OK ch=1 v=0.2877
    OK ch=3 v=1.0152
    OK ch=5 v=0.2142
    OK ch=1 v=0.3327
    OK ch=3 v=1.0282
    OK ch=5 v=0.2073
    OK ch=7 v=0.9954
    OK ch=1 v=0.2624
    OK ch=3 v=1.0025
    OK ch=5 v=0.2109
    OK ch=7 v=0.9888
    OK ch=1 v=0.2984
    OK ch=3 v=1.0067
    OK ch=7 v=0.9867
    OK ch=1 v=0.2653
    OK ch=5 v=0.2031
    OK ch=7 v=0.9942
    OK ch=1 v=0.3321
    OK ch=3 v=1.0328
    OK ch=5 v=0.2058
    OK ch=7 v=0.9948
    OK ch=1 v=0.3361
    OK ch=3 v=1.0280
    OK ch=7 v=0.9883
    OK ch=1 v=0.3302
    OK ch=3 v=1.0100
    OK ch=5 v=0.2033
    OK ch=7 v=0.9825
    OK ch=1 v=0.3394
    OK ch=3 v=1.0159
    OK ch=5 v=0.2041
    OK ch=7 v=0.9858
    OK ch=1 v=0.2505
    OK ch=3 v=0.9985
    OK ch=5 v=0.2005
    OK ch=7 v=0.9914
    OK ch=1 v=0.2075
    OK ch=3 v=0.9846
    OK ch=5 v=0.1995
    OK ch=7 v=0.9883
    OK ch=1 v=0.2883
    OK ch=3 v=0.9959
    OK ch=5 v=0.2041
    OK ch=7 v=0.9894
    OK ch=1 v=0.3197
    OK ch=3 v=1.0195
    OK ch=5 v=0.1984
    OK ch=7 v=0.9908
    OK ch=1 v=0.2829
    OK ch=3 v=0.9980
    OK ch=5 v=0.2041
    OK ch=7 v=0.9871
    OK ch=1 v=0.3490
    OK ch=3 v=1.0277
    OK ch=5 v=0.1999
    OK ch=7 v=0.9977
    OK ch=1 v=0.2679
    OK ch=3 v=1.0085
    OK ch=5 v=0.2071
    OK ch=7 v=0.9893
    OK ch=1 v=0.2794
    OK ch=3 v=1.0007
    OK ch=5 v=0.2036
    OK ch=7 v=0.9958
    OK ch=1 v=0.3314
    OK ch=3 v=1.0153
    OK ch=5 v=0.2022
    OK ch=7 v=0.9922
    OK ch=1 v=0.3328
    OK ch=3 v=1.0308
    OK ch=5 v=0.1992
    OK ch=7 v=0.9959
    OK ch=1 v=0.2533
    OK ch=3 v=0.9999
    OK ch=5 v=0.2060
    OK ch=7 v=0.9834
    OK ch=1 v=0.2554
    OK ch=3 v=0.9938
    OK ch=5 v=0.2009
    OK ch=7 v=0.9887
    OK ch=1 v=0.3472
    OK ch=3 v=1.0206
    OK ch=5 v=0.1953
    OK ch=7 v=0.9909
    OK ch=1 v=0.3275
    OK ch=3 v=1.0246
    OK ch=5 v=0.1970
    OK ch=7 v=0.9894
    OK ch=1 v=0.2534
    OK ch=3 v=0.9964
    OK ch=5 v=0.2031
    OK ch=1 v=0.2858
    OK ch=3 v=1.0113
    OK ch=5 v=0.1975
    OK ch=7 v=0.9936
    OK ch=1 v=0.2808
    OK ch=3 v=0.9980
    OK ch=5 v=0.2025
    OK ch=7 v=0.9848
    OK ch=1 v=0.3690
    OK ch=3 v=1.0345
    OK ch=5 v=0.2017
    OK ch=7 v=0.9929
    OK ch=1 v=0.2747
    OK ch=3 v=1.0056
    OK ch=5 v=0.2133
    OK ch=7 v=0.9779
    OK ch=1 v=0.3058
    OK ch=3 v=1.0122
    OK ch=5 v=0.2099
    OK ch=7 v=0.9912
    OK ch=1 v=0.3203
    OK ch=3 v=1.0279
    OK ch=5 v=0.2143
    OK ch=7 v=0.9894
    OK ch=1 v=0.2720
    OK ch=3 v=1.0023
    OK ch=5 v=0.2150
    OK ch=7 v=0.9915
[  165.7s] DAMPING     ch0:LOCK g=-0.0300 bp=-0.027V ratio=0.11  ch1:LOCK g=-0.0300 bp=-0.007V ratio=0.11  ch2:LOCK g=+0.0100 bp=-0.043V ratio=0.07  ch3:LOCK g=-0.0300 bp=+0.004V ratio=0.07
    OK ch=1 v=0.3187
    OK ch=3 v=1.0151
    OK ch=5 v=0.2105
    OK ch=7 v=0.9899
    OK ch=1 v=0.3463
    OK ch=3 v=1.0321
    OK ch=5 v=0.2093
    OK ch=7 v=0.9837
    OK ch=1 v=0.2581
    OK ch=3 v=1.0017
    OK ch=5 v=0.2049
    OK ch=7 v=0.9894
    OK ch=1 v=0.2380
    OK ch=3 v=0.9912
    OK ch=5 v=0.2032
    OK ch=7 v=0.9871
    OK ch=1 v=0.3318
    OK ch=3 v=1.0212
    OK ch=5 v=0.2022
    OK ch=7 v=0.9877
    OK ch=1 v=0.3290
    OK ch=3 v=1.0253
    OK ch=5 v=0.2007
    OK ch=7 v=0.9851
    OK ch=1 v=0.2865
    OK ch=3 v=1.0082
    OK ch=5 v=0.2043
    OK ch=7 v=0.9806
    OK ch=1 v=0.2591
    OK ch=3 v=0.9912
    OK ch=5 v=0.2025
    OK ch=7 v=0.9847
    OK ch=1 v=0.3480
    OK ch=3 v=1.0236
    OK ch=7 v=0.9911
    OK ch=1 v=0.2817
    OK ch=3 v=1.0015
    OK ch=5 v=0.2051
    OK ch=7 v=0.9886
    OK ch=1 v=0.2973
    OK ch=3 v=1.0091
    OK ch=5 v=0.2063
    OK ch=7 v=0.9933
    OK ch=1 v=0.3152
    OK ch=3 v=1.0287
    OK ch=5 v=0.2003
    OK ch=7 v=1.0031
    OK ch=1 v=0.2954
    OK ch=3 v=1.0125
    OK ch=5 v=0.2026
    OK ch=7 v=0.9980
    OK ch=1 v=0.3047
    OK ch=3 v=1.0196
    OK ch=5 v=0.2058
    OK ch=7 v=0.9856
    OK ch=1 v=0.2652
    OK ch=3 v=0.9980
    OK ch=7 v=0.9904
    OK ch=1 v=0.2403
    OK ch=3 v=0.9971
    OK ch=5 v=0.1989
    OK ch=7 v=0.9931
    OK ch=1 v=0.3111
    OK ch=3 v=1.0072
    OK ch=7 v=0.9898
    OK ch=1 v=0.2632
    OK ch=3 v=1.0000
    OK ch=5 v=0.1960
    OK ch=7 v=0.9889
    OK ch=1 v=0.3515
    OK ch=3 v=1.0228
    OK ch=5 v=0.1985
    OK ch=7 v=0.9898
    OK ch=1 v=0.3705
    OK ch=3 v=1.0350
    OK ch=5 v=0.1978
    OK ch=1 v=0.3039
    OK ch=3 v=0.9984
    OK ch=5 v=0.2041
    OK ch=7 v=0.9834
    OK ch=1 v=0.3182
    OK ch=3 v=1.0139
    OK ch=5 v=0.2016
    OK ch=7 v=0.9910
    OK ch=1 v=0.3081
    OK ch=3 v=1.0193
    OK ch=5 v=0.2024
    OK ch=7 v=0.9940
    OK ch=1 v=0.2551
    OK ch=3 v=1.0081
    OK ch=5 v=0.2073
    OK ch=7 v=0.9905
    OK ch=1 v=0.2189
    OK ch=3 v=0.9920
    OK ch=5 v=0.2088
    OK ch=7 v=0.9881
    OK ch=1 v=0.2489
    OK ch=3 v=0.9912
    OK ch=7 v=0.9891
    OK ch=1 v=0.3151
    OK ch=3 v=1.0235
    OK ch=5 v=0.2120
    OK ch=7 v=0.9857
    OK ch=1 v=0.2889
    OK ch=3 v=1.0151
    OK ch=5 v=0.2078
    OK ch=7 v=0.9873
    OK ch=1 v=0.2802
    OK ch=3 v=1.0035
    OK ch=5 v=0.2070
    OK ch=7 v=0.9883
    OK ch=1 v=0.3684
    OK ch=3 v=1.0268
    OK ch=5 v=0.2077
    OK ch=7 v=0.9866
    OK ch=1 v=0.3901
    OK ch=3 v=1.0363
    OK ch=5 v=0.2046
    OK ch=7 v=0.9874
    OK ch=1 v=0.3273
    OK ch=3 v=1.0254
    OK ch=5 v=0.2034
    OK ch=1 v=0.2865
    OK ch=3 v=1.0058
    OK ch=5 v=0.2005
    OK ch=7 v=0.9903
    OK ch=1 v=0.3159
    OK ch=3 v=1.0152
    OK ch=5 v=0.1990
    OK ch=7 v=0.9956
    OK ch=1 v=0.2916
    OK ch=3 v=1.0140
    OK ch=5 v=0.2020
    OK ch=7 v=0.9898
    OK ch=1 v=0.2428
    OK ch=3 v=1.0008
    OK ch=7 v=0.9874
    OK ch=1 v=0.3091
    OK ch=3 v=1.0093
    OK ch=5 v=0.2049
    OK ch=1 v=0.2564
    OK ch=3 v=0.9869
    OK ch=5 v=0.2081
    OK ch=7 v=0.9809
    OK ch=1 v=0.3030
    OK ch=3 v=1.0051
    OK ch=5 v=0.2061
    OK ch=1 v=0.2471
    OK ch=3 v=1.0013
    OK ch=5 v=0.2005
    OK ch=7 v=0.9933
    OK ch=1 v=0.2530
    OK ch=3 v=1.0024
    OK ch=5 v=0.2032
    OK ch=1 v=0.3191
    OK ch=3 v=1.0332
    OK ch=5 v=0.2067
    OK ch=7 v=0.9908
    OK ch=1 v=0.3006
    OK ch=3 v=1.0219
    OK ch=5 v=0.2084
    OK ch=7 v=0.9899
    OK ch=1 v=0.2866
    OK ch=3 v=1.0058
    OK ch=5 v=0.2077
    OK ch=7 v=0.9908
    OK ch=1 v=0.3187
    OK ch=3 v=1.0118
    OK ch=5 v=0.2060
    OK ch=7 v=0.9917
    OK ch=1 v=0.3662
    OK ch=3 v=1.0315
    OK ch=5 v=0.2067
    OK ch=1 v=0.2946
    OK ch=3 v=1.0066
    OK ch=5 v=0.2039
    OK ch=1 v=0.2838
    OK ch=3 v=1.0138
    OK ch=5 v=0.2045
    OK ch=7 v=0.9894
    OK ch=1 v=0.2536
    OK ch=3 v=0.9994
    OK ch=5 v=0.2057
    OK ch=7 v=0.9841
    OK ch=1 v=0.2753
    OK ch=3 v=0.9975
    OK ch=5 v=0.2002
    OK ch=7 v=0.9885
    OK ch=1 v=0.3359
    OK ch=3 v=1.0130
    OK ch=7 v=0.9920
    OK ch=1 v=0.2742
    OK ch=3 v=1.0016
    OK ch=5 v=0.2030
    OK ch=7 v=0.9859
    OK ch=1 v=0.3139
    OK ch=3 v=1.0099
    OK ch=5 v=0.2004
    OK ch=7 v=0.9905
    OK ch=1 v=0.3497
    OK ch=3 v=1.0243
    OK ch=5 v=0.2029
    OK ch=7 v=0.9887
    OK ch=1 v=0.3484
    OK ch=3 v=1.0308
    OK ch=5 v=0.2041
    OK ch=7 v=0.9910
    OK ch=1 v=0.2925
    OK ch=3 v=1.0194
    OK ch=5 v=0.2065
    OK ch=7 v=0.9897
    OK ch=1 v=0.2349
    OK ch=3 v=0.9977
    OK ch=7 v=0.9905
    OK ch=1 v=0.3010
    OK ch=3 v=1.0200
    OK ch=7 v=0.9915
    OK ch=1 v=0.2798
    OK ch=3 v=0.9957
    OK ch=5 v=0.2055
    OK ch=7 v=0.9888
    OK ch=1 v=0.3222
    OK ch=3 v=1.0117
    OK ch=5 v=0.2029
    OK ch=7 v=0.9917
    OK ch=1 v=0.3168
    OK ch=3 v=1.0252
    OK ch=5 v=0.1978
    OK ch=7 v=0.9960
    OK ch=1 v=0.2648
    OK ch=3 v=1.0134
    OK ch=7 v=0.9942
    OK ch=1 v=0.3309
    OK ch=3 v=1.0189
    OK ch=5 v=0.2016
    OK ch=7 v=0.9911
    OK ch=1 v=0.3370
    OK ch=3 v=1.0231
    OK ch=5 v=0.2011
    OK ch=7 v=0.9894
    OK ch=1 v=0.2487
    OK ch=3 v=0.9903
    OK ch=5 v=0.1981
    OK ch=7 v=0.9853
    OK ch=1 v=0.2468
    OK ch=3 v=0.9871
    OK ch=5 v=0.2021
    OK ch=7 v=0.9835
    OK ch=1 v=0.3103
    OK ch=3 v=1.0039
    OK ch=5 v=0.2007
    OK ch=7 v=0.9875
    OK ch=1 v=0.3753
    OK ch=3 v=1.0337
    OK ch=5 v=0.2002
    OK ch=7 v=0.9925
    OK ch=1 v=0.3298
    OK ch=3 v=1.0328
    OK ch=5 v=0.2018
    OK ch=1 v=0.3202
    OK ch=3 v=1.0146
    OK ch=5 v=0.2089
    OK ch=7 v=0.9890
    OK ch=1 v=0.3331
    OK ch=3 v=1.0214
    OK ch=5 v=0.2131
    OK ch=7 v=0.9882
    OK ch=1 v=0.2587
    OK ch=3 v=1.0058
    OK ch=5 v=0.2138
    OK ch=7 v=0.9815
    OK ch=1 v=0.2258
    OK ch=3 v=0.9941
    OK ch=7 v=0.9832
    OK ch=1 v=0.2919
    OK ch=3 v=1.0230
    OK ch=5 v=0.2098
    OK ch=7 v=0.9878
    OK ch=1 v=0.2928
    OK ch=3 v=1.0179
    OK ch=5 v=0.2079
    OK ch=7 v=0.9886
    OK ch=1 v=0.2608
    OK ch=3 v=0.9924
    OK ch=5 v=0.2110
    OK ch=7 v=0.9893
    OK ch=1 v=0.2932
    OK ch=3 v=0.9994
    OK ch=5 v=0.2043
    OK ch=7 v=0.9955
    OK ch=1 v=0.3505
    OK ch=3 v=1.0217
    OK ch=5 v=0.2025
    OK ch=7 v=0.9969
    OK ch=1 v=0.3339
    OK ch=3 v=1.0283
    OK ch=5 v=0.2075
    OK ch=7 v=0.9758
    OK ch=1 v=0.2726
    OK ch=3 v=1.0107
    OK ch=5 v=0.2080
    OK ch=7 v=0.9804
    OK ch=1 v=0.2428
    OK ch=3 v=0.9925
    OK ch=5 v=0.2089
    OK ch=7 v=0.9860
    OK ch=1 v=0.3143
    OK ch=3 v=1.0089
    OK ch=5 v=0.2006
    OK ch=7 v=0.9934
    OK ch=1 v=0.3546
    OK ch=3 v=1.0261
    OK ch=7 v=0.9890
    OK ch=1 v=0.2885
    OK ch=3 v=0.9991
    OK ch=5 v=0.1991
    OK ch=7 v=0.9981
    OK ch=1 v=0.2919
    OK ch=3 v=1.0052
    OK ch=5 v=0.2011
    OK ch=1 v=0.2450
    OK ch=3 v=0.9966
    OK ch=5 v=0.2021
    OK ch=7 v=0.9875
    OK ch=1 v=0.3333
    OK ch=3 v=1.0238
    OK ch=5 v=0.2030
    OK ch=7 v=0.9925
    OK ch=1 v=0.3602
    OK ch=3 v=1.0353
    OK ch=5 v=0.1939
    OK ch=7 v=0.9992
    OK ch=1 v=0.3127
    OK ch=3 v=1.0276
    OK ch=5 v=0.1951
    OK ch=7 v=0.9954
    OK ch=1 v=0.2268
    OK ch=3 v=0.9920
    OK ch=5 v=0.2034
    OK ch=7 v=0.9771
    OK ch=1 v=0.2531
    OK ch=3 v=0.9887
    OK ch=5 v=0.2014
    OK ch=7 v=0.9895
    OK ch=1 v=0.3234
    OK ch=3 v=1.0094
    OK ch=7 v=0.9940
    OK ch=1 v=0.2674
    OK ch=3 v=0.9966
    OK ch=5 v=0.1948
    OK ch=7 v=0.9969
    OK ch=1 v=0.3556
    OK ch=3 v=1.0264
    OK ch=5 v=0.2014
    OK ch=7 v=0.9876
    OK ch=1 v=0.3666
    OK ch=3 v=1.0375
    OK ch=5 v=0.2040
    OK ch=7 v=0.9898
    OK ch=1 v=0.3081
    OK ch=3 v=1.0243
    OK ch=5 v=0.2054
    OK ch=7 v=0.9886
    OK ch=1 v=0.2192
    OK ch=3 v=0.9889
    OK ch=7 v=0.9873
    OK ch=1 v=0.2857
    OK ch=3 v=1.0170
    OK ch=5 v=0.2100
    OK ch=7 v=0.9864
    OK ch=1 v=0.2566
    OK ch=3 v=0.9989
    OK ch=5 v=0.2107
    OK ch=7 v=0.9883
    OK ch=1 v=0.2720
    OK ch=3 v=0.9970
    OK ch=5 v=0.2091
    OK ch=1 v=0.2728
    OK ch=3 v=1.0074
    OK ch=5 v=0.2047
    OK ch=7 v=0.9894
    OK ch=1 v=0.3231
    OK ch=3 v=1.0119
    OK ch=5 v=0.2080
    OK ch=7 v=0.9875
    OK ch=1 v=0.3915
    OK ch=3 v=1.0373
    OK ch=7 v=0.9822
    OK ch=1 v=0.3237
    OK ch=3 v=1.0188
    OK ch=5 v=0.2103
    OK ch=7 v=0.9895
    OK ch=1 v=0.2829
    OK ch=5 v=0.2068
    OK ch=7 v=0.9902
    OK ch=1 v=0.3005
    OK ch=3 v=1.0205
    OK ch=5 v=0.2074
    OK ch=7 v=0.9878
    OK ch=1 v=0.2459
    OK ch=3 v=0.9907
    OK ch=7 v=0.9858
    OK ch=1 v=0.2821
    OK ch=3 v=1.0106
    OK ch=5 v=0.2028
    OK ch=7 v=0.9867
    OK ch=1 v=0.2792
    OK ch=3 v=0.9971
    OK ch=5 v=0.2045
    OK ch=7 v=0.9882
    OK ch=1 v=0.3674
    OK ch=3 v=1.0313
    OK ch=5 v=0.1996
    OK ch=7 v=0.9903
    OK ch=1 v=0.3012
    OK ch=3 v=1.0192
    OK ch=7 v=0.9929
    OK ch=1 v=0.3490
    OK ch=3 v=1.0324
    OK ch=5 v=0.2032
    OK ch=7 v=0.9876
    OK ch=1 v=0.2598
    OK ch=3 v=0.9972
    OK ch=5 v=0.2021
    OK ch=7 v=0.9907
    OK ch=1 v=0.2410
    OK ch=3 v=0.9897
    OK ch=5 v=0.2031
    OK ch=7 v=0.9944
    OK ch=1 v=0.2982
    OK ch=3 v=1.0021
    OK ch=5 v=0.2002
    OK ch=7 v=0.9921
    OK ch=1 v=0.3847
    OK ch=3 v=1.0373
    OK ch=5 v=0.2035
    OK ch=7 v=0.9883
    OK ch=1 v=0.3371
    OK ch=3 v=1.0311
    OK ch=5 v=0.2053
    OK ch=7 v=0.9914
    OK ch=1 v=0.2507
    OK ch=3 v=0.9946
    OK ch=5 v=0.2066
    OK ch=7 v=0.9865
    OK ch=1 v=0.3313
    OK ch=3 v=1.0163
    OK ch=5 v=0.2029
    OK ch=7 v=0.9925
[  170.7s] DAMPING     ch0:LOCK g=-0.0300 bp=+0.083V ratio=0.15  ch1:LOCK g=-0.0300 bp=+0.020V ratio=0.11  ch2:LOCK g=+0.0100 bp=+0.010V ratio=0.06  ch3:LOCK g=-0.0300 bp=+0.005V ratio=0.05
    OK ch=1 v=0.2457
    OK ch=3 v=1.0019
    OK ch=5 v=0.1998
    OK ch=1 v=0.2715
    OK ch=3 v=1.0107
    OK ch=5 v=0.2010
    OK ch=7 v=0.9876
    OK ch=1 v=0.2643
    OK ch=3 v=0.9924
    OK ch=5 v=0.2002
    OK ch=7 v=0.9986
    OK ch=1 v=0.3574
    OK ch=3 v=1.0199
    OK ch=5 v=0.2051
    OK ch=7 v=0.9876
    OK ch=1 v=0.3166
    OK ch=3 v=1.0232
    OK ch=5 v=0.2025
    OK ch=1 v=0.3335
    OK ch=3 v=1.0172
    OK ch=5 v=0.2079
    OK ch=1 v=0.2675
    OK ch=3 v=0.9913
    OK ch=5 v=0.2107
    OK ch=7 v=0.9773
    OK ch=1 v=0.2598
    OK ch=3 v=0.9958
    OK ch=5 v=0.2093
    OK ch=7 v=0.9873
    OK ch=1 v=0.3516
    OK ch=3 v=1.0261
    OK ch=5 v=0.2054
    OK ch=7 v=0.9855
    OK ch=1 v=0.2886
    OK ch=3 v=1.0195
    OK ch=7 v=0.9926
    OK ch=1 v=0.3417
    OK ch=3 v=1.0233
    OK ch=7 v=0.9908
    OK ch=1 v=0.2754
    OK ch=3 v=0.9923
    OK ch=5 v=0.2027
    OK ch=7 v=0.9936
    OK ch=1 v=0.3113
    OK ch=3 v=1.0126
    OK ch=5 v=0.2012
    OK ch=7 v=0.9962
    OK ch=1 v=0.3387
    OK ch=3 v=1.0276
    OK ch=7 v=0.9929
    OK ch=1 v=0.3127
    OK ch=3 v=1.0113
    OK ch=5 v=0.2051
    OK ch=7 v=0.9851
    OK ch=1 v=0.3078
    OK ch=3 v=1.0202
    OK ch=5 v=0.2000
    OK ch=7 v=0.9916
    OK ch=1 v=0.2599
    OK ch=3 v=1.0079
    OK ch=5 v=0.2015
    OK ch=7 v=0.9884
    OK ch=1 v=0.2393
    OK ch=3 v=0.9862
    OK ch=5 v=0.2049
    OK ch=7 v=0.9857
    OK ch=1 v=0.3383
    OK ch=3 v=1.0233
    OK ch=5 v=0.1991
    OK ch=7 v=0.9890
    OK ch=1 v=0.2647
    OK ch=3 v=1.0022
    OK ch=5 v=0.2042
    OK ch=7 v=0.9828
    OK ch=1 v=0.3458
    OK ch=3 v=1.0242
    OK ch=5 v=0.2021
    OK ch=7 v=0.9947
    OK ch=1 v=0.3266
    OK ch=3 v=1.0276
    OK ch=5 v=0.2065
    OK ch=7 v=0.9878
    OK ch=1 v=0.2376
    OK ch=3 v=0.9954
    OK ch=5 v=0.2075
    OK ch=7 v=0.9907
    OK ch=1 v=0.2654
    OK ch=3 v=0.9975
    OK ch=5 v=0.2113
    OK ch=7 v=0.9850
    OK ch=1 v=0.3580
    OK ch=3 v=1.0299
    OK ch=5 v=0.2056
    OK ch=7 v=0.9971
    OK ch=1 v=0.3081
    OK ch=3 v=1.0231
    OK ch=5 v=0.2145
    OK ch=7 v=0.9814
    OK ch=1 v=0.2594
    OK ch=3 v=1.0046
    OK ch=5 v=0.2089
    OK ch=7 v=0.9883
    OK ch=1 v=0.2934
    OK ch=3 v=1.0013
    OK ch=5 v=0.2079
    OK ch=7 v=0.9810
    OK ch=1 v=0.3612
    OK ch=3 v=1.0253
    OK ch=5 v=0.2020
    OK ch=7 v=0.9923
    OK ch=1 v=0.3175
    OK ch=3 v=1.0212
    OK ch=5 v=0.1977
    OK ch=7 v=0.9936
    OK ch=1 v=0.2430
    OK ch=3 v=0.9924
    OK ch=5 v=0.2070
    OK ch=7 v=0.9832
    OK ch=1 v=0.2886
    OK ch=3 v=0.9978
    OK ch=5 v=0.2049
    OK ch=7 v=0.9896
    OK ch=1 v=0.3467
    OK ch=3 v=1.0192
    OK ch=7 v=0.9828
    OK ch=1 v=0.2841
    OK ch=3 v=1.0022
    OK ch=5 v=0.2040
    OK ch=7 v=0.9933
    OK ch=1 v=0.3396
    OK ch=3 v=1.0252
    OK ch=5 v=0.2021
    OK ch=7 v=0.9887
    OK ch=1 v=0.2410
    OK ch=3 v=0.9968
    OK ch=5 v=0.2041
    OK ch=7 v=0.9930
    OK ch=1 v=0.3144
    OK ch=3 v=1.0164
    OK ch=5 v=0.1984
    OK ch=7 v=0.9970
    OK ch=1 v=0.3042
    OK ch=3 v=1.0228
    OK ch=5 v=0.1990
    OK ch=1 v=0.3211
    OK ch=3 v=1.0239
    OK ch=5 v=0.2013
    OK ch=1 v=0.3277
    OK ch=3 v=1.0191
    OK ch=5 v=0.1985
    OK ch=7 v=0.9918
    OK ch=1 v=0.2822
    OK ch=3 v=1.0102
    OK ch=5 v=0.1976
    OK ch=1 v=0.3215
    OK ch=3 v=1.0182
    OK ch=5 v=0.2001
    OK ch=7 v=0.9894
    OK ch=1 v=0.2489
    OK ch=3 v=0.9906
    OK ch=5 v=0.2027
    OK ch=7 v=0.9885
    OK ch=1 v=0.2283
    OK ch=3 v=0.9884
    OK ch=5 v=0.2010
    OK ch=7 v=0.9918
    OK ch=1 v=0.3215
    OK ch=3 v=1.0100
    OK ch=5 v=0.2023
    OK ch=7 v=0.9866
    OK ch=1 v=0.3522
    OK ch=3 v=1.0335
    OK ch=5 v=0.2016
    OK ch=7 v=0.9841
    OK ch=1 v=0.3189
    OK ch=3 v=1.0256
    OK ch=5 v=0.2058
    OK ch=7 v=0.9820
    OK ch=1 v=0.2395
    OK ch=3 v=0.9934
    OK ch=5 v=0.2065
    OK ch=7 v=0.9925
    OK ch=1 v=0.3382
    OK ch=3 v=1.0257
    OK ch=5 v=0.2097
    OK ch=7 v=0.9874
    OK ch=1 v=0.2527
    OK ch=3 v=1.0004
    OK ch=5 v=0.2106
    OK ch=7 v=0.9851
    OK ch=1 v=0.3217
    OK ch=3 v=1.0142
    OK ch=5 v=0.2123
    OK ch=7 v=0.9888
    OK ch=1 v=0.3201
    OK ch=3 v=1.0259
    OK ch=5 v=0.2072
    OK ch=7 v=0.9921
    OK ch=1 v=0.2425
    OK ch=3 v=0.9948
    OK ch=5 v=0.2152
    OK ch=7 v=0.9814
    OK ch=1 v=0.2654
    OK ch=3 v=0.9963
    OK ch=5 v=0.2114
    OK ch=7 v=0.9883
    OK ch=1 v=0.3586
    OK ch=3 v=1.0246
    OK ch=5 v=0.2057
    OK ch=7 v=0.9868
    OK ch=1 v=0.3114
    OK ch=3 v=1.0239
    OK ch=5 v=0.2016
    OK ch=7 v=0.9924
    OK ch=1 v=0.2499
    OK ch=3 v=1.0019
    OK ch=5 v=0.2028
    OK ch=7 v=0.9891
    OK ch=1 v=0.2750
    OK ch=3 v=0.9958
    OK ch=5 v=0.2002
    OK ch=7 v=0.9922
    OK ch=1 v=0.3637
    OK ch=3 v=1.0286
    OK ch=5 v=0.2027
    OK ch=7 v=0.9895
    OK ch=1 v=0.3506
    OK ch=3 v=1.0299
    OK ch=5 v=0.2020
    OK ch=7 v=0.9844
    OK ch=1 v=0.2579
    OK ch=3 v=0.9954
    OK ch=5 v=0.2030
    OK ch=1 v=0.2944
    OK ch=3 v=1.0153
    OK ch=7 v=0.9920
    OK ch=1 v=0.3457
    OK ch=3 v=1.0249
    OK ch=5 v=0.1954
    OK ch=7 v=1.0004
    OK ch=1 v=0.2480
    OK ch=3 v=0.9956
    OK ch=5 v=0.2007
    OK ch=7 v=0.9901
    OK ch=1 v=0.3419
    OK ch=3 v=1.0176
    OK ch=5 v=0.2022
    OK ch=7 v=0.9938
    OK ch=1 v=0.3181
    OK ch=3 v=1.0238
    OK ch=7 v=0.9892
    OK ch=1 v=0.3443
    OK ch=3 v=1.0247
    OK ch=5 v=0.2015
    OK ch=7 v=0.9943
    OK ch=1 v=0.3107
    OK ch=3 v=1.0198
    OK ch=5 v=0.1996
    OK ch=1 v=0.3042
    OK ch=3 v=1.0111
    OK ch=5 v=0.1971
    OK ch=7 v=0.9965
    OK ch=1 v=0.2542
    OK ch=3 v=0.9995
    OK ch=5 v=0.2017
    OK ch=7 v=0.9859
    OK ch=1 v=0.2222
    OK ch=3 v=0.9874
    OK ch=7 v=0.9872
    OK ch=1 v=0.2900
    OK ch=3 v=1.0116
    OK ch=5 v=0.2003
    OK ch=7 v=0.9903
    OK ch=1 v=0.2579
    OK ch=3 v=0.9911
    OK ch=1 v=0.3079
    OK ch=3 v=1.0062
    OK ch=5 v=0.2029
    OK ch=1 v=0.2925
    OK ch=3 v=1.0018
    OK ch=5 v=0.2081
    OK ch=7 v=0.9825
    OK ch=1 v=0.3624
    OK ch=3 v=1.0284
    OK ch=5 v=0.2063
    OK ch=7 v=0.9936
    OK ch=1 v=0.2800
    OK ch=3 v=1.0179
    OK ch=5 v=0.2128
    OK ch=7 v=0.9835
    OK ch=1 v=0.3190
    OK ch=3 v=1.0152
    OK ch=5 v=0.2153
    OK ch=7 v=0.9875
    OK ch=1 v=0.3518
    OK ch=3 v=1.0330
    OK ch=5 v=0.2116
    OK ch=7 v=0.9844
    OK ch=1 v=0.2586
    OK ch=3 v=1.0025
    OK ch=5 v=0.2083
    OK ch=7 v=0.9928
    OK ch=1 v=0.2822
    OK ch=3 v=0.9979
    OK ch=5 v=0.2110
    OK ch=7 v=0.9873
    OK ch=1 v=0.3311
    OK ch=3 v=1.0149
    OK ch=5 v=0.2080
    OK ch=7 v=0.9918
    OK ch=1 v=0.3544
    OK ch=3 v=1.0298
    OK ch=5 v=0.2040
    OK ch=7 v=0.9872
    OK ch=1 v=0.2654
    OK ch=3 v=1.0073
    OK ch=5 v=0.2003
    OK ch=7 v=0.9849
    OK ch=1 v=0.2326
    OK ch=3 v=0.9886
    OK ch=5 v=0.1998
    OK ch=7 v=0.9886
    OK ch=1 v=0.2953
    OK ch=3 v=1.0032
    OK ch=5 v=0.1983
    OK ch=1 v=0.2788
    OK ch=3 v=1.0018
    OK ch=5 v=0.2001
    OK ch=7 v=0.9854
    OK ch=1 v=0.3630
    OK ch=3 v=1.0278
    OK ch=5 v=0.1981
    OK ch=7 v=0.9933
    OK ch=1 v=0.3678
    OK ch=3 v=1.0365
    OK ch=5 v=0.2012
    OK ch=7 v=0.9889
    OK ch=1 v=0.2820
    OK ch=3 v=1.0182
    OK ch=5 v=0.2023
    OK ch=1 v=0.3315
    OK ch=3 v=1.0269
    OK ch=5 v=0.2081
    OK ch=7 v=0.9875
    OK ch=1 v=0.2476
    OK ch=3 v=0.9995
    OK ch=5 v=0.2087
    OK ch=7 v=0.9928
    OK ch=1 v=0.2732
    OK ch=3 v=0.9964
    OK ch=5 v=0.2059
    OK ch=7 v=0.9972
    OK ch=1 v=0.3364
    OK ch=3 v=1.0175
    OK ch=5 v=0.2035
    OK ch=1 v=0.2660
    OK ch=3 v=0.9984
    OK ch=5 v=0.1987
    OK ch=7 v=0.9960
    OK ch=1 v=0.3417
    OK ch=3 v=1.0346
    OK ch=5 v=0.2026
    OK ch=7 v=0.9848
    OK ch=1 v=0.2471
    OK ch=3 v=0.9972
    OK ch=7 v=0.9855
    OK ch=1 v=0.2451
    OK ch=3 v=0.9986
    OK ch=5 v=0.2021
    OK ch=1 v=0.3064
    OK ch=3 v=1.0185
    OK ch=5 v=0.1988
    OK ch=7 v=0.9891
    OK ch=1 v=0.2790
    OK ch=3 v=1.0045
    OK ch=5 v=0.1998
    OK ch=7 v=0.9877
    OK ch=1 v=0.2761
    OK ch=3 v=0.9955
    OK ch=5 v=0.2044
    OK ch=1 v=0.3118
    OK ch=3 v=1.0098
    OK ch=5 v=0.2073
    OK ch=7 v=0.9850
    OK ch=1 v=0.3151
    OK ch=3 v=1.0074
    OK ch=5 v=0.2054
    OK ch=7 v=0.9918
    OK ch=1 v=0.3659
    OK ch=3 v=1.0231
    OK ch=5 v=0.2108
    OK ch=7 v=0.9865
    OK ch=1 v=0.3501
    OK ch=3 v=1.0370
    OK ch=5 v=0.2081
    OK ch=7 v=0.9959
    OK ch=1 v=0.2613
    OK ch=3 v=0.9483
    OK ch=5 v=0.2133
    OK ch=7 v=0.9883

[trim] ch1 reverted to 0.75V and frozen -- total offset 477 -> 481 counts.

    OK ch=1 v=0.2515
    OK ch=3 v=0.8595
    OK ch=7 v=0.9895
    OK ch=1 v=0.2621
    OK ch=3 v=0.7890
    OK ch=5 v=0.2044
    OK ch=7 v=0.9945
    OK ch=1 v=0.2701
    OK ch=3 v=0.7573
    OK ch=5 v=0.2050
    OK ch=1 v=0.3250
    OK ch=3 v=0.7765
    OK ch=5 v=0.2096
    OK ch=7 v=0.9884
    OK ch=1 v=0.3138
    OK ch=3 v=0.7688
    OK ch=5 v=0.2049
    OK ch=7 v=0.9952
    OK ch=1 v=0.3541
    OK ch=3 v=0.7844
    OK ch=5 v=0.2041
    OK ch=7 v=0.9929
    OK ch=1 v=0.3855
    OK ch=3 v=0.8034
    OK ch=5 v=0.2057
    OK ch=7 v=0.9896
    OK ch=1 v=0.2863
    OK ch=3 v=0.7547
    OK ch=5 v=0.2064
    OK ch=7 v=0.9830
    OK ch=1 v=0.3682
    OK ch=3 v=0.7800
    OK ch=5 v=0.2030
    OK ch=7 v=0.9819
    OK ch=1 v=0.3231
    OK ch=3 v=0.7690
    OK ch=7 v=0.9754
[  175.7s] DAMPING     ch0:LOCK g=-0.0300 bp=+0.181V ratio=0.19  ch1:LOCK g=-0.0300 bp=+0.100V ratio=0.20  ch2:LOCK g=+0.0100 bp=-0.046V ratio=0.06  ch3:LOCK g=-0.0300 bp=-0.023V ratio=0.07
    OK ch=1 v=0.3409
    OK ch=3 v=0.7674
    OK ch=5 v=0.1995
    OK ch=7 v=0.9855
    OK ch=1 v=0.3365
    OK ch=3 v=0.7680
    OK ch=5 v=0.2027
    OK ch=7 v=0.9864
    OK ch=1 v=0.2425
    OK ch=3 v=0.7339
    OK ch=5 v=0.2141
    OK ch=7 v=0.9734
    OK ch=1 v=0.2606
    OK ch=3 v=0.7394
    OK ch=5 v=0.2166
    OK ch=7 v=0.9765
    OK ch=1 v=0.3277
    OK ch=3 v=0.7647
    OK ch=5 v=0.2157
    OK ch=7 v=0.9850
    OK ch=1 v=0.2897
    OK ch=3 v=0.7738
    OK ch=5 v=0.2147
    OK ch=7 v=0.9928
    OK ch=1 v=0.2403
    OK ch=3 v=0.7506
    OK ch=5 v=0.2153
    OK ch=1 v=0.2467
    OK ch=3 v=0.7591
    OK ch=5 v=0.2125
    OK ch=7 v=0.9994
    OK ch=1 v=0.2786
    OK ch=3 v=0.7549
    OK ch=5 v=0.2079
    OK ch=7 v=0.9954
    OK ch=1 v=0.3579
    OK ch=3 v=0.7825
    OK ch=5 v=0.2002
    OK ch=7 v=1.0008
    OK ch=1 v=0.3323
    OK ch=3 v=0.7751
    OK ch=5 v=0.2010
    OK ch=7 v=0.9919
    OK ch=1 v=0.2390
    OK ch=3 v=0.7375
    OK ch=5 v=0.1976
    OK ch=7 v=0.9949
    OK ch=1 v=0.2833
    OK ch=3 v=0.7394
    OK ch=5 v=0.1989
    OK ch=7 v=0.9886
    OK ch=1 v=0.3470
    OK ch=3 v=0.7599
    OK ch=5 v=0.1943
    OK ch=7 v=0.9899
    OK ch=1 v=0.3226
    OK ch=3 v=0.7625
    OK ch=5 v=0.1917
    OK ch=7 v=0.9829
    OK ch=1 v=0.2542
    OK ch=3 v=0.7365
    OK ch=5 v=0.1924
    OK ch=7 v=0.9933
    OK ch=1 v=0.3264
    OK ch=3 v=0.7695
    OK ch=5 v=0.1869
    OK ch=7 v=0.9992
    OK ch=1 v=0.2642
    OK ch=3 v=0.7555
    OK ch=5 v=0.1959
    OK ch=7 v=0.9940
    OK ch=1 v=0.3014
    OK ch=3 v=0.7587
    OK ch=5 v=0.1944
    OK ch=7 v=1.0010
    OK ch=1 v=0.3391
    OK ch=3 v=0.7810
    OK ch=5 v=0.2005
    OK ch=7 v=0.9951
    OK ch=1 v=0.2922
    OK ch=3 v=0.7715
    OK ch=5 v=0.2046
    OK ch=7 v=0.9936
    OK ch=1 v=0.2471
    OK ch=3 v=0.7463
    OK ch=5 v=0.2069
    OK ch=7 v=0.9875
    OK ch=1 v=0.3417
    OK ch=3 v=0.7791
    OK ch=5 v=0.2051
    OK ch=7 v=0.9968
    OK ch=1 v=0.3285
    OK ch=3 v=0.7785
    OK ch=7 v=0.9939
    OK ch=1 v=0.3294
    OK ch=3 v=0.7707
    OK ch=5 v=0.2044
    OK ch=7 v=0.9866
    OK ch=1 v=0.3130
    OK ch=3 v=0.7673
    OK ch=5 v=0.2069
    OK ch=7 v=0.9818
    OK ch=1 v=0.2284
    OK ch=3 v=0.7397
    OK ch=5 v=0.2107
    OK ch=7 v=0.9809
    OK ch=1 v=0.2347
    OK ch=3 v=0.7341
    OK ch=5 v=0.2068
    OK ch=7 v=0.9847
    OK ch=1 v=0.3280
    OK ch=3 v=0.7669
    OK ch=5 v=0.2110
    OK ch=7 v=0.9814
    OK ch=1 v=0.3475
    OK ch=3 v=0.7817
    OK ch=7 v=0.9757
    OK ch=1 v=0.3323
    OK ch=3 v=0.7670
    OK ch=5 v=0.2123
    OK ch=7 v=0.9835
    OK ch=1 v=0.3333
    OK ch=3 v=0.7773
    OK ch=5 v=0.2183
    OK ch=7 v=0.9824
    OK ch=1 v=0.2695
    OK ch=3 v=0.7626
    OK ch=5 v=0.2195
    OK ch=7 v=0.9854
    OK ch=1 v=0.2581
    OK ch=3 v=0.7477
    OK ch=5 v=0.2141
    OK ch=7 v=0.9905
    OK ch=1 v=0.3176
    OK ch=3 v=0.7778
    OK ch=5 v=0.2147
    OK ch=7 v=0.9858
    OK ch=1 v=0.2337
    OK ch=3 v=0.7513
    OK ch=5 v=0.2124
    OK ch=7 v=0.9846
    OK ch=1 v=0.2965
    OK ch=3 v=0.7583
    OK ch=5 v=0.2020
    OK ch=7 v=0.9926
    OK ch=1 v=0.3667
    OK ch=3 v=0.7792
    OK ch=5 v=0.2044
    OK ch=7 v=0.9853
    OK ch=1 v=0.3254
    OK ch=3 v=0.7753
    OK ch=5 v=0.2001
    OK ch=7 v=0.9905
    OK ch=1 v=0.2621
    OK ch=3 v=0.7527
    OK ch=5 v=0.1985
    OK ch=7 v=0.9916
    OK ch=1 v=0.2682
    OK ch=3 v=0.7419
    OK ch=5 v=0.1921
    OK ch=7 v=0.9948
    OK ch=1 v=0.3344
    OK ch=3 v=0.7574
    OK ch=5 v=0.1934
    OK ch=7 v=0.9879
    OK ch=1 v=0.3334
    OK ch=3 v=0.7723
    OK ch=5 v=0.1905
    OK ch=7 v=0.9943
    OK ch=1 v=0.2483
    OK ch=3 v=0.7456
    OK ch=5 v=0.1968
    OK ch=7 v=0.9914
    OK ch=1 v=0.2451

>>> KICK 3/3 REQUESTED at t=180.0s <<<

    OK ch=3 v=0.7396
    OK ch=5 v=0.1990
    OK ch=7 v=0.9949
    OK ch=1 v=0.3342
    OK ch=3 v=0.7762
    OK ch=5 v=0.1920
    OK ch=7 v=0.9943
    OK ch=1 v=0.2721
    OK ch=3 v=0.7519
    OK ch=5 v=0.2027
    OK ch=7 v=0.9923
    OK ch=3 v=0.7490
    OK ch=5 v=0.2049
    OK ch=7 v=0.9953
    OK ch=1 v=0.3052
    OK ch=3 v=0.7728
    OK ch=5 v=0.2057
    OK ch=7 v=0.9916
    OK ch=1 v=0.2768
    OK ch=3 v=0.7590
    OK ch=5 v=0.2076
    OK ch=7 v=0.9907
    OK ch=1 v=0.2726
    OK ch=3 v=0.7508
    OK ch=5 v=0.2049
    OK ch=7 v=0.9944
    OK ch=1 v=0.3277
    OK ch=3 v=0.7618
    OK ch=7 v=0.9906
    OK ch=1 v=0.2864
    OK ch=3 v=0.7596
    OK ch=5 v=0.2004
    OK ch=7 v=0.9964
    OK ch=1 v=0.2707
    OK ch=3 v=0.7512
    OK ch=5 v=0.2013
    OK ch=1 v=0.3369
    OK ch=3 v=0.7794
    OK ch=5 v=0.2055
    OK ch=7 v=0.9877
    OK ch=1 v=0.3037
    OK ch=3 v=0.7622
    OK ch=5 v=0.2070
    OK ch=7 v=0.9821
    OK ch=1 v=0.2756
    OK ch=3 v=0.7474
    OK ch=5 v=0.2083
    OK ch=7 v=0.9833
    OK ch=1 v=0.3138
    OK ch=3 v=0.7550
    OK ch=5 v=0.2064
    OK ch=7 v=0.9855
    OK ch=1 v=0.3921
    OK ch=3 v=0.7886
    OK ch=5 v=0.2072
    OK ch=7 v=0.9826
    OK ch=1 v=0.3528
    OK ch=3 v=0.7854
    OK ch=5 v=0.2081
    OK ch=7 v=0.9858
    OK ch=1 v=0.2776
    OK ch=3 v=0.7643
    OK ch=5 v=0.2099
    OK ch=7 v=0.9867
    OK ch=1 v=0.2375
    OK ch=3 v=0.7402
    OK ch=5 v=0.2119
    OK ch=7 v=0.9833
    OK ch=1 v=0.2595
    OK ch=3 v=0.7466
    OK ch=5 v=0.2079
    OK ch=7 v=0.9910
    OK ch=1 v=0.3228
    OK ch=3 v=0.7663
    OK ch=5 v=0.2044
    OK ch=7 v=0.9933
    OK ch=1 v=0.3638
    OK ch=3 v=0.7941
    OK ch=5 v=0.1994
    OK ch=1 v=0.3139
    OK ch=3 v=0.7712
    OK ch=5 v=0.2063
    OK ch=7 v=0.9926
    OK ch=1 v=0.2845
    OK ch=3 v=0.7691
    OK ch=5 v=0.2012
    OK ch=7 v=0.9910
    OK ch=1 v=0.2540
    OK ch=3 v=0.7526
    OK ch=7 v=0.9901
    OK ch=1 v=0.3200
    OK ch=3 v=0.7814
    OK ch=5 v=0.2046
    OK ch=7 v=0.9849
    OK ch=1 v=0.3209
    OK ch=3 v=0.7672
    OK ch=5 v=0.2035
    OK ch=7 v=0.9827
    OK ch=1 v=0.2717
    OK ch=3 v=0.7477
    OK ch=5 v=0.2056
    OK ch=7 v=0.9860
    OK ch=1 v=0.2685
    OK ch=3 v=0.7463
    OK ch=5 v=0.2024
    OK ch=7 v=0.9869
    OK ch=1 v=0.3571
    OK ch=3 v=0.7758
    OK ch=5 v=0.2034
    OK ch=7 v=0.9824
    OK ch=1 v=0.3657
    OK ch=3 v=0.7806
    OK ch=5 v=0.2059
    OK ch=7 v=0.9845
    OK ch=1 v=0.2728
    OK ch=3 v=0.7565
    OK ch=5 v=0.2083
    OK ch=7 v=0.9883
    OK ch=1 v=0.2414
    OK ch=3 v=0.7443
    OK ch=5 v=0.2108
    OK ch=7 v=0.9945
    OK ch=1 v=0.3343
    OK ch=3 v=0.7702
    OK ch=5 v=0.2084
    OK ch=7 v=0.9963
    OK ch=1 v=0.3360
    OK ch=3 v=0.7750
    OK ch=5 v=0.2055
    OK ch=7 v=0.9943
    OK ch=1 v=0.2475
    OK ch=3 v=0.7439
    OK ch=5 v=0.2062
    OK ch=7 v=0.9898
    OK ch=1 v=0.2252
    OK ch=3 v=0.7316
    OK ch=7 v=0.9864
    OK ch=1 v=0.2915
    OK ch=3 v=0.7654
    OK ch=5 v=0.1960
    OK ch=7 v=0.9962
    OK ch=1 v=0.2792
    OK ch=3 v=0.7556
    OK ch=1 v=0.2800
    OK ch=3 v=0.7447
    OK ch=7 v=0.9934
    OK ch=1 v=0.3090
    OK ch=3 v=0.7642
    OK ch=5 v=0.2014
    OK ch=7 v=0.9876
    OK ch=1 v=0.3166
    OK ch=3 v=0.7540
    OK ch=5 v=0.1987
    OK ch=7 v=0.9889
    OK ch=1 v=0.3487
    OK ch=3 v=0.7766
    OK ch=5 v=0.1994
    OK ch=7 v=0.9869
    OK ch=1 v=0.2713
    OK ch=3 v=0.7499
    OK ch=5 v=0.1977
    OK ch=7 v=0.9965
    OK ch=1 v=0.3537
    OK ch=3 v=0.7744
    OK ch=5 v=0.2019
    OK ch=7 v=0.9941
    OK ch=1 v=0.3114
    OK ch=3 v=0.7718
    OK ch=5 v=0.2034
    OK ch=7 v=0.9881
    OK ch=1 v=0.2430
    OK ch=3 v=0.7457
    OK ch=5 v=0.2068
    OK ch=7 v=0.9907
    OK ch=1 v=0.2670
    OK ch=3 v=0.7515
    OK ch=5 v=0.2001
    OK ch=7 v=0.9974
    OK ch=1 v=0.3603
    OK ch=3 v=0.7844
    OK ch=5 v=0.2026
    OK ch=7 v=0.9918
    OK ch=1 v=0.2869
    OK ch=3 v=0.7728
    OK ch=5 v=0.2011
    OK ch=7 v=0.9883
    OK ch=1 v=0.2621
    OK ch=3 v=0.7536
    OK ch=5 v=0.2065
    OK ch=7 v=0.9842
    OK ch=1 v=0.2962
    OK ch=3 v=0.7530
    OK ch=5 v=0.2019
    OK ch=7 v=0.9885
    OK ch=1 v=0.3782
    OK ch=3 v=0.7839
    OK ch=5 v=0.2051
    OK ch=7 v=0.9860
    OK ch=1 v=0.3296
    OK ch=3 v=0.7779
    OK ch=5 v=0.2044
    OK ch=7 v=0.9878
    OK ch=1 v=0.2546
    OK ch=3 v=0.7529
    OK ch=5 v=0.2083
    OK ch=1 v=0.3148
    OK ch=3 v=0.7670
    OK ch=5 v=0.2120
    OK ch=7 v=0.9809
    OK ch=1 v=0.2493
    OK ch=3 v=0.7446
    OK ch=5 v=0.2160
    OK ch=7 v=0.9837
    OK ch=1 v=0.2578
    OK ch=3 v=0.7419
    OK ch=5 v=0.2094
    OK ch=7 v=0.9877
    OK ch=1 v=0.3511
    OK ch=3 v=0.7756
    OK ch=5 v=0.2115
    OK ch=7 v=0.9871
    OK ch=1 v=0.2807
    OK ch=3 v=0.7658
    OK ch=5 v=0.2084
    OK ch=7 v=0.9894
    OK ch=1 v=0.3201
    OK ch=3 v=0.7649
    OK ch=5 v=0.2116
    OK ch=7 v=0.9798
    OK ch=1 v=0.3429
    OK ch=3 v=0.7817
    OK ch=5 v=0.2040
    OK ch=7 v=0.9925
    OK ch=1 v=0.2470
    OK ch=3 v=0.7444
    OK ch=5 v=0.2085
    OK ch=7 v=0.9882
    OK ch=1 v=0.3207
    OK ch=3 v=0.7640
    OK ch=5 v=0.2008
    OK ch=7 v=0.9918
    OK ch=1 v=0.3051
    OK ch=3 v=0.7676
    OK ch=7 v=0.9884
    OK ch=1 v=0.3293
    OK ch=3 v=0.7688
    OK ch=5 v=0.1993
    OK ch=7 v=0.9907
    OK ch=1 v=0.3354
    OK ch=3 v=0.7732
    OK ch=7 v=0.9887
    OK ch=1 v=0.3162
    OK ch=3 v=0.7570
    OK ch=5 v=0.1999
    OK ch=7 v=0.9899
    OK ch=1 v=0.2785
    OK ch=3 v=0.7591
    OK ch=5 v=0.1967
    OK ch=7 v=0.9936
    OK ch=1 v=0.2533
    OK ch=3 v=0.7496
    OK ch=5 v=0.2010
    OK ch=7 v=0.9871
    OK ch=1 v=0.2350
    OK ch=3 v=0.7340
    OK ch=5 v=0.1951
    OK ch=7 v=0.9983
    OK ch=1 v=0.3229
    OK ch=3 v=0.7719
    OK ch=5 v=0.1985
    OK ch=7 v=0.9970
[  180.8s] DAMPING     ch0:LOCK g=-0.0300 bp=+0.040V ratio=0.13  ch1:LOCK g=-0.0300 bp=-0.003V ratio=0.12  ch2:LOCK g=+0.0100 bp=+0.059V ratio=0.09  ch3:LOCK g=-0.0300 bp=+0.012V ratio=0.09
    OK ch=1 v=0.3489
    OK ch=3 v=0.7815
    OK ch=5 v=0.2008
    OK ch=7 v=0.9926
    OK ch=1 v=0.2560
    OK ch=3 v=0.7551
    OK ch=5 v=0.2027
    OK ch=7 v=0.9857
    OK ch=1 v=0.3068
    OK ch=3 v=0.7599
    OK ch=5 v=0.2042
    OK ch=7 v=0.9948
    OK ch=1 v=0.2841
    OK ch=3 v=0.7614
    OK ch=5 v=0.2066
    OK ch=7 v=0.9870
    OK ch=1 v=0.2788
    OK ch=3 v=0.7483
    OK ch=5 v=0.2072
    OK ch=7 v=0.9943
    OK ch=1 v=0.3210
    OK ch=3 v=0.7744
    OK ch=5 v=0.1973
    OK ch=7 v=0.9966
    OK ch=1 v=0.2592
    OK ch=3 v=0.7476
    OK ch=5 v=0.2073
    OK ch=7 v=0.9858
    OK ch=1 v=0.2656
    OK ch=3 v=0.7434
    OK ch=5 v=0.2083
    OK ch=1 v=0.2676
    OK ch=3 v=0.7557
    OK ch=5 v=0.2042
    OK ch=1 v=0.3390
    OK ch=3 v=0.7825
    OK ch=5 v=0.2076
    OK ch=7 v=0.9841
    OK ch=1 v=0.2741
    OK ch=3 v=0.7538
    OK ch=5 v=0.2009
    OK ch=7 v=0.9892
    OK ch=1 v=0.3444
    OK ch=3 v=0.7648
    OK ch=5 v=0.2083
    OK ch=7 v=0.9867
    OK ch=1 v=0.3674
    OK ch=3 v=0.7777
    OK ch=5 v=0.2127
    OK ch=7 v=0.9861
    OK ch=1 v=0.3073
    OK ch=3 v=0.7730
    OK ch=7 v=0.9816
    OK ch=1 v=0.3094
    OK ch=5 v=0.2107
    OK ch=7 v=0.9871
    OK ch=1 v=0.3173
    OK ch=5 v=0.2066
    OK ch=7 v=0.9917
    OK ch=1 v=0.3214
    OK ch=3 v=0.7684
    OK ch=5 v=0.2082
    OK ch=7 v=0.9934
    OK ch=1 v=0.2790
    OK ch=3 v=0.7597
    OK ch=5 v=0.2070
    OK ch=7 v=0.9878
    OK ch=1 v=0.2020
    OK ch=3 v=0.7281
    OK ch=5 v=0.2039
    OK ch=7 v=0.9887
    OK ch=1 v=0.2664
    OK ch=3 v=0.7436
    OK ch=5 v=0.2007
    OK ch=7 v=0.9823
    OK ch=1 v=0.3558
    OK ch=3 v=0.7780
    OK ch=5 v=0.1934
    OK ch=7 v=0.9955
    OK ch=1 v=0.3149
    OK ch=3 v=0.7727
    OK ch=5 v=0.1986
    OK ch=7 v=0.9912
    OK ch=1 v=0.2659
    OK ch=3 v=0.7561
    OK ch=5 v=0.2003
    OK ch=1 v=0.3158
    OK ch=3 v=0.7713
    OK ch=5 v=0.1991
    OK ch=7 v=0.9881
    OK ch=1 v=0.2711
    OK ch=3 v=0.7527
    OK ch=5 v=0.1959
    OK ch=7 v=0.9937
    OK ch=1 v=0.3592
    OK ch=3 v=0.7712
    OK ch=5 v=0.2019
    OK ch=7 v=0.9908
    OK ch=1 v=0.3696
    OK ch=3 v=0.7816
    OK ch=5 v=0.2050
    OK ch=7 v=0.9920
    OK ch=1 v=0.3302
    OK ch=3 v=0.7759
    OK ch=5 v=0.2089
    OK ch=7 v=0.9911
    OK ch=1 v=0.2414
    OK ch=3 v=0.7399
    OK ch=5 v=0.2060
    OK ch=7 v=0.9937
    OK ch=1 v=0.2341
    OK ch=3 v=0.7348
    OK ch=5 v=0.2111
    OK ch=7 v=0.9843
    OK ch=1 v=0.3273
    OK ch=3 v=0.7661
    OK ch=5 v=0.2058
    OK ch=7 v=0.9923
    OK ch=1 v=0.3193
    OK ch=3 v=0.7738
    OK ch=5 v=0.2085
    OK ch=7 v=0.9844
    OK ch=1 v=0.2688
    OK ch=3 v=0.7570
    OK ch=5 v=0.2075
    OK ch=1 v=0.3175
    OK ch=3 v=0.7695
    OK ch=5 v=0.2013
    OK ch=7 v=0.9922
    OK ch=1 v=0.2583
    OK ch=3 v=0.7352
    OK ch=5 v=0.2058
    OK ch=7 v=0.9871
    OK ch=1 v=0.3510
    OK ch=3 v=0.7734
    OK ch=5 v=0.2037
    OK ch=7 v=0.9907
    OK ch=1 v=0.2565
    OK ch=3 v=0.7481
    OK ch=5 v=0.2015
    OK ch=7 v=0.9885
    OK ch=1 v=0.2977
    OK ch=3 v=0.7551
    OK ch=5 v=0.1991
    OK ch=7 v=0.9966
    OK ch=1 v=0.3520
    OK ch=3 v=0.7733
    OK ch=7 v=0.9942
    OK ch=1 v=0.2993
    OK ch=3 v=0.7570
    OK ch=5 v=0.2078
    OK ch=7 v=0.9814
    OK ch=1 v=0.3334
    OK ch=3 v=0.7785
    OK ch=5 v=0.2007
    OK ch=7 v=0.9928
    OK ch=1 v=0.3024
    OK ch=3 v=0.7741
    OK ch=1 v=0.2531
    OK ch=3 v=0.7471
    OK ch=5 v=0.2019
    OK ch=7 v=0.9975
    OK ch=1 v=0.2484
    OK ch=3 v=0.7443
    OK ch=5 v=0.2026
    OK ch=7 v=0.9903
    OK ch=1 v=0.3120
    OK ch=3 v=0.7642
    OK ch=5 v=0.1947
    OK ch=7 v=0.9929
    OK ch=1 v=0.3563
    OK ch=3 v=0.7834
    OK ch=5 v=0.2043
    OK ch=7 v=0.9849
    OK ch=1 v=0.2975
    OK ch=3 v=0.7651
    OK ch=5 v=0.2169
    OK ch=7 v=0.9801
    OK ch=1 v=0.2473
    OK ch=3 v=0.7427
    OK ch=7 v=0.9814
    OK ch=1 v=0.3121
    OK ch=3 v=0.7667
    OK ch=5 v=0.2047
    OK ch=7 v=0.9842
    OK ch=1 v=0.3021
    OK ch=3 v=0.7739
    OK ch=5 v=0.1719
    OK ch=7 v=1.0032
    OK ch=1 v=0.3901
    OK ch=3 v=0.8159
    OK ch=5 v=0.0990
    OK ch=7 v=1.0435
    OK ch=1 v=0.4829
    OK ch=3 v=0.8589
    OK ch=5 v=0.0942
    OK ch=7 v=1.0424
    OK ch=1 v=0.3937
    OK ch=3 v=0.7698
    OK ch=5 v=0.1834
    OK ch=7 v=0.9669
    OK ch=1 v=0.3059
    OK ch=3 v=0.6819
    OK ch=5 v=0.2712
    OK ch=7 v=0.8894
    OK ch=1 v=0.2129
    OK ch=3 v=0.5890
    OK ch=5 v=0.3641
    OK ch=7 v=0.8089
    OK ch=1 v=0.2167
    OK ch=3 v=0.6283
    OK ch=5 v=0.3333
    OK ch=7 v=0.8423
    OK ch=1 v=0.3113
    OK ch=3 v=0.7229
    OK ch=5 v=0.2387
    OK ch=7 v=0.9369
    OK ch=1 v=0.4099
    OK ch=3 v=0.7507
    OK ch=5 v=0.2474
    OK ch=7 v=0.8383
    OK ch=1 v=0.3622
    OK ch=3 v=0.8237
    OK ch=5 v=0.1542
    OK ch=7 v=0.9242
    OK ch=1 v=0.3481
    OK ch=3 v=0.9127
    OK ch=5 v=0.0722
    OK ch=7 v=1.0133
    OK ch=1 v=0.4410
    OK ch=3 v=1.0000
    OK ch=5 v=0.0000
    OK ch=7 v=1.1062
    OK ch=1 v=0.5000
    OK ch=3 v=0.9913
    OK ch=7 v=1.0070
    OK ch=3 v=0.9201
    OK ch=5 v=0.0713
    OK ch=7 v=0.9357
    OK ch=1 v=0.4767
    OK ch=3 v=0.8478
    OK ch=5 v=0.1435
    OK ch=7 v=0.8635
    OK ch=1 v=0.3834
    OK ch=3 v=0.7546
    OK ch=5 v=0.2367
    OK ch=7 v=0.7703
    OK ch=1 v=0.2947
    OK ch=3 v=0.6658
    OK ch=5 v=0.3255
    OK ch=7 v=0.7500
    OK ch=1 v=0.3880
    OK ch=3 v=0.7592
    OK ch=5 v=0.2322
    OK ch=7 v=0.8433
    OK ch=1 v=0.4767
    OK ch=3 v=0.8479
    OK ch=5 v=0.1434
    OK ch=7 v=0.9320
    OK ch=1 v=0.5000
    OK ch=3 v=0.9352
    OK ch=5 v=0.0777
    OK ch=7 v=1.0193
    OK ch=3 v=1.0000
    OK ch=5 v=0.0000
    OK ch=7 v=1.1081
    OK ch=7 v=1.1794
    OK ch=7 v=1.1462
    OK ch=3 v=0.9672
    OK ch=5 v=0.0328
    OK ch=7 v=1.1134
    OK ch=1 v=0.4229
    OK ch=3 v=0.8901
    OK ch=5 v=0.1099
    OK ch=7 v=1.0363
    OK ch=1 v=0.3296
    OK ch=3 v=0.7969
    OK ch=5 v=0.2031
    OK ch=7 v=0.9430
    OK ch=1 v=0.2411
    OK ch=3 v=0.7083
    OK ch=5 v=0.1260
    OK ch=7 v=0.8545
    OK ch=1 v=0.3341
    OK ch=3 v=0.7864
    OK ch=5 v=0.0330
    OK ch=7 v=0.7614
    OK ch=1 v=0.4279
    OK ch=3 v=0.8802
    OK ch=5 v=0.0506
    OK ch=7 v=0.8552
    OK ch=1 v=0.4525
    OK ch=3 v=0.9686
    OK ch=5 v=0.0000
    OK ch=7 v=0.9435
    OK ch=1 v=0.5000
    OK ch=3 v=1.0000
    OK ch=7 v=1.0372
    OK ch=7 v=1.1090
    OK ch=3 v=0.9807
    OK ch=7 v=1.0814
    OK ch=3 v=0.9311
    OK ch=5 v=0.0495
    OK ch=7 v=1.0319
    OK ch=1 v=0.4287
    OK ch=3 v=0.8598
    OK ch=5 v=0.1208
    OK ch=7 v=0.9606
    OK ch=1 v=0.3350
    OK ch=3 v=0.7661
    OK ch=5 v=0.2146
    OK ch=7 v=0.8668
    OK ch=1 v=0.2458
    OK ch=3 v=0.6883
    OK ch=5 v=0.3037
    OK ch=7 v=0.7777
    OK ch=1 v=0.3334
    OK ch=3 v=0.7758
    OK ch=5 v=0.2161
    OK ch=7 v=0.8653
    OK ch=1 v=0.4268
    OK ch=3 v=0.8692
    OK ch=5 v=0.1227
    OK ch=7 v=0.9587
    OK ch=1 v=0.5000
    OK ch=3 v=0.9575
    OK ch=5 v=0.0344
    OK ch=7 v=1.0470
    OK ch=1 v=0.4114
    OK ch=3 v=0.8689
    OK ch=5 v=0.0325
    OK ch=7 v=1.1356
    OK ch=1 v=0.4992
    OK ch=3 v=0.9568
    OK ch=5 v=0.0570
    OK ch=7 v=1.2234
    OK ch=1 v=0.5000
    OK ch=3 v=0.9773
    OK ch=5 v=0.0000
    OK ch=7 v=1.1354
    OK ch=3 v=0.8838
    OK ch=7 v=1.0418
    OK ch=3 v=0.8342
    OK ch=7 v=0.9923
    OK ch=3 v=0.7849
    OK ch=5 v=0.0494
    OK ch=7 v=0.9429
    OK ch=1 v=0.4335
    OK ch=3 v=0.7184
    OK ch=5 v=0.1159
    OK ch=7 v=1.0007
    OK ch=1 v=0.3457
    OK ch=3 v=0.7117
    OK ch=5 v=0.2037
    OK ch=7 v=0.9502
    OK ch=1 v=0.3921
    OK ch=3 v=0.7598
    OK ch=5 v=0.1099
    OK ch=7 v=0.9625
    OK ch=1 v=0.2983
    OK ch=3 v=0.7037
    OK ch=5 v=0.2036
    OK ch=7 v=0.9647
    OK ch=1 v=0.3863
    OK ch=3 v=0.6158
    OK ch=5 v=0.1157
    OK ch=7 v=0.9141
    OK ch=1 v=0.4854
    OK ch=3 v=0.5166
    OK ch=5 v=0.0166
    OK ch=7 v=0.8149
    OK ch=1 v=0.5000
    OK ch=3 v=0.6106
    OK ch=5 v=0.0000
    OK ch=7 v=0.8629
    OK ch=1 v=0.4060
    OK ch=3 v=0.7046
    OK ch=5 v=0.0940
    OK ch=7 v=0.9569
    OK ch=1 v=0.3184
    OK ch=3 v=0.7923
    OK ch=5 v=0.1816
    OK ch=7 v=1.0446
    OK ch=1 v=0.2303
    OK ch=3 v=0.7301
    OK ch=5 v=0.2697
    OK ch=7 v=0.9565
    OK ch=1 v=0.3187
    OK ch=3 v=0.6417
    OK ch=5 v=0.1813
    OK ch=7 v=1.0449
    OK ch=1 v=0.4067
    OK ch=3 v=0.5537
    OK ch=5 v=0.2685
    OK ch=7 v=0.9568
    OK ch=1 v=0.3835
    OK ch=3 v=0.5000
    OK ch=5 v=0.1805
    OK ch=7 v=0.8689
    OK ch=1 v=0.4778
    OK ch=3 v=0.5942
    OK ch=5 v=0.0863
    OK ch=7 v=0.9631
    OK ch=1 v=0.5000
    OK ch=3 v=0.6885
    OK ch=5 v=0.0000
    OK ch=7 v=1.0574
    OK ch=3 v=0.7765
    OK ch=7 v=0.9694
    OK ch=1 v=0.4511
    OK ch=3 v=0.7276
    OK ch=5 v=0.0489
    OK ch=7 v=0.9205
    OK ch=1 v=0.3573
    OK ch=3 v=0.8213
    OK ch=5 v=0.1427
    OK ch=7 v=1.0142
    OK ch=1 v=0.2588
    OK ch=3 v=0.9198
    OK ch=5 v=0.2412
    OK ch=7 v=1.1128
    OK ch=1 v=0.2500
    OK ch=3 v=0.8252
    OK ch=5 v=0.2500
    OK ch=7 v=1.0181

!! ch3 runaway -- freezing all channels, entering FAULT.

    OK ch=3 v=0.7500
    OK ch=7 v=1.0000
[  185.8s] FAULT       ch0:.... g=+0.0000 bp=+0.879V ratio=1.85  ch1:.... g=+0.0000 bp=+0.393V ratio=3.02  ch2:.... g=+0.0000 bp=+1.007V ratio=1.75  ch3:.... g=+0.0000 bp=+0.406V ratio=3.54
[  190.8s] FAULT       ch0:.... g=+0.0000 bp=-0.056V ratio=1.85  ch1:.... g=+0.0000 bp=+0.132V ratio=3.02  ch2:.... g=+0.0000 bp=-0.887V ratio=1.75  ch3:.... g=+0.0000 bp=-0.008V ratio=3.54
    OK ch=1 v=0.2507
    OK ch=5 v=0.2485

[recovered] re-engaging on the baseline already in hand -- the previous engagement was healthy, so this baseline is known good and the fault was a transient -- measuring a new floor now would measure the ringdown (1/4 before a forced re-calibration). Gain ramps from zero.

    OK ch=1 v=0.3004
    OK ch=3 v=0.7342
    OK ch=7 v=0.9807

[trim] ch0 rests at 625 counts (+113 off mid-scale) -- bias -> 0.50V

    OK ch=1 v=0.3664
    OK ch=3 v=0.7357
    OK ch=5 v=0.2526
    OK ch=7 v=0.9763
    OK ch=1 v=0.4546
    OK ch=3 v=0.7173
    OK ch=5 v=0.2653
    OK ch=7 v=0.9552
    OK ch=1 v=0.5429
    OK ch=3 v=0.6479
    OK ch=5 v=0.2178
    OK ch=7 v=0.8669
    OK ch=1 v=0.6310
    OK ch=3 v=0.6209
    OK ch=5 v=0.1501
    OK ch=7 v=0.8973
    OK ch=1 v=0.6373
    OK ch=3 v=0.6792
    OK ch=5 v=0.0768
    OK ch=7 v=0.9542
    OK ch=1 v=0.5491
    OK ch=3 v=0.7301
    OK ch=5 v=0.1030
    OK ch=7 v=1.0213
    OK ch=1 v=0.5090
    OK ch=3 v=0.8183
    OK ch=5 v=0.1573
    OK ch=7 v=1.0677
    OK ch=1 v=0.4208
    OK ch=3 v=0.7301
    OK ch=5 v=0.2455
    OK ch=7 v=1.1082
    OK ch=1 v=0.3325
    OK ch=3 v=0.7699
    OK ch=5 v=0.3338
    OK ch=7 v=1.1638
    OK ch=1 v=0.4204
    OK ch=3 v=0.8366
    OK ch=5 v=0.3618
    OK ch=7 v=1.1402
    OK ch=1 v=0.5085
    OK ch=3 v=0.8268
    OK ch=5 v=0.2897
    OK ch=7 v=1.0667
    OK ch=1 v=0.5914
    OK ch=3 v=0.7899
    OK ch=5 v=0.2068
    OK ch=7 v=0.9839
    OK ch=1 v=0.6794
    OK ch=3 v=0.8388
    OK ch=5 v=0.2948
    OK ch=7 v=0.8958
    OK ch=1 v=0.5914
    OK ch=3 v=0.7508
    OK ch=5 v=0.2068
    OK ch=7 v=0.8947
    OK ch=1 v=0.5033
    OK ch=3 v=0.6627
    OK ch=5 v=0.1187
    OK ch=7 v=0.9230
    OK ch=1 v=0.5490
    OK ch=3 v=0.5850
    OK ch=5 v=0.0499
    OK ch=7 v=0.8942
    OK ch=1 v=0.6425
    OK ch=3 v=0.5632
    OK ch=5 v=0.0220
    OK ch=7 v=0.8007
    OK ch=1 v=0.7306
    OK ch=3 v=0.6041
    OK ch=7 v=0.7500
    OK ch=1 v=0.7500
    OK ch=3 v=0.6605
    OK ch=5 v=0.0000
    OK ch=7 v=0.7776
    OK ch=1 v=0.6961
    OK ch=3 v=0.7345
    OK ch=5 v=0.0882
    OK ch=7 v=0.8658
    OK ch=1 v=0.6080
    OK ch=3 v=0.8083
    OK ch=5 v=0.1763
    OK ch=7 v=0.9539
    OK ch=1 v=0.5200
    OK ch=3 v=0.8633
    OK ch=5 v=0.2643
    OK ch=7 v=1.0420
    OK ch=1 v=0.4371
    OK ch=3 v=0.8892
    OK ch=5 v=0.3472
    OK ch=7 v=1.1248
    OK ch=1 v=0.3491
    OK ch=3 v=0.9349
    OK ch=5 v=0.3146
    OK ch=7 v=1.2128
    OK ch=1 v=0.2610
    OK ch=3 v=0.8649
    OK ch=5 v=0.2265
    OK ch=7 v=1.2500
    OK ch=1 v=0.3494
    OK ch=3 v=0.7766
    OK ch=5 v=0.1382
    OK ch=7 v=1.1617
    OK ch=1 v=0.4374
    OK ch=3 v=0.6885
    OK ch=5 v=0.0833
    OK ch=7 v=1.0736
    OK ch=1 v=0.5255
    OK ch=3 v=0.6313
    OK ch=5 v=0.0866
    OK ch=7 v=0.9856
    OK ch=1 v=0.5541
    OK ch=3 v=0.5754
    OK ch=5 v=0.1110
    OK ch=7 v=0.8972
    OK ch=1 v=0.6422
    OK ch=3 v=0.5000
    OK ch=5 v=0.0251
    OK ch=7 v=0.8091
    OK ch=1 v=0.7303
    OK ch=5 v=0.0000
    OK ch=7 v=0.7730
    OK ch=1 v=0.7481
    OK ch=7 v=0.8026
    OK ch=1 v=0.7222
    OK ch=3 v=0.5109
    OK ch=5 v=0.0495
    OK ch=7 v=0.8329
    OK ch=1 v=0.6607
    OK ch=3 v=0.5991
    OK ch=5 v=0.1376
    OK ch=7 v=0.9020
    OK ch=1 v=0.5725
    OK ch=3 v=0.6872
    OK ch=5 v=0.1966
    OK ch=7 v=0.9901
    OK ch=1 v=0.4844
    OK ch=3 v=0.7753
    OK ch=5 v=0.2847
    OK ch=7 v=1.0782
    OK ch=1 v=0.4015
    OK ch=3 v=0.8047
    OK ch=5 v=0.3289
    OK ch=7 v=1.1612
    OK ch=1 v=0.4461
    OK ch=3 v=0.8456
    OK ch=5 v=0.3750
    OK ch=7 v=1.1823
    OK ch=1 v=0.5461
    OK ch=3 v=0.9456
    OK ch=5 v=0.4750
    OK ch=7 v=1.0823
    OK ch=1 v=0.6292
    OK ch=3 v=1.0000
    OK ch=5 v=0.4652
    OK ch=7 v=0.9992
    OK ch=1 v=0.7170
    OK ch=3 v=0.9373
    OK ch=5 v=0.3774
    OK ch=7 v=0.9114
    OK ch=1 v=0.6514
    OK ch=3 v=0.8493
    OK ch=5 v=0.2894
    OK ch=7 v=0.8929
    OK ch=1 v=0.5631
    OK ch=3 v=0.7609
    OK ch=5 v=0.2011
    OK ch=7 v=0.9119
    OK ch=1 v=0.4751
    OK ch=3 v=0.6729
    OK ch=5 v=0.1130
    OK ch=7 v=0.8239
    OK ch=1 v=0.5631
    OK ch=3 v=0.5849
    OK ch=5 v=0.0250
    OK ch=7 v=0.7500
    OK ch=1 v=0.6515
    OK ch=3 v=0.5568
    OK ch=5 v=0.0159
    OK ch=1 v=0.7228
    OK ch=3 v=0.5871
    OK ch=5 v=0.0335
    OK ch=1 v=0.7500
    OK ch=3 v=0.6295
    OK ch=5 v=0.0473
    OK ch=7 v=0.8162
    OK ch=1 v=0.6619
    OK ch=3 v=0.7176
    OK ch=5 v=0.0487
    OK ch=7 v=0.9044
    OK ch=1 v=0.5736
    OK ch=3 v=0.8058
    OK ch=5 v=0.1370
    OK ch=7 v=0.9926
    OK ch=1 v=0.4856
    OK ch=3 v=0.8939
    OK ch=5 v=0.2251
    OK ch=7 v=1.0807
    OK ch=1 v=0.3976
    OK ch=3 v=0.9819
    OK ch=5 v=0.3131
    OK ch=7 v=1.1687
    OK ch=1 v=0.3092
    OK ch=3 v=0.8936
    OK ch=5 v=0.3243
    OK ch=7 v=1.2500
    OK ch=1 v=0.2500
    OK ch=3 v=0.8055
    OK ch=5 v=0.2363
    OK ch=7 v=1.2335
    OK ch=3 v=0.7174
    OK ch=5 v=0.1482
    OK ch=7 v=1.1454
    OK ch=1 v=0.3216
    OK ch=3 v=0.6458
    OK ch=5 v=0.0909
    OK ch=7 v=1.0738
    OK ch=1 v=0.4100
    OK ch=3 v=0.6278
    OK ch=5 v=0.0753
    OK ch=7 v=0.9854
    OK ch=1 v=0.4981
    OK ch=3 v=0.5937
    OK ch=5 v=0.0520
    OK ch=7 v=0.8973
    OK ch=1 v=0.5860
    OK ch=3 v=0.5058
    OK ch=5 v=0.0126
    OK ch=7 v=0.8094
    OK ch=1 v=0.6745
    OK ch=3 v=0.5000
    OK ch=5 v=0.0000
    OK ch=7 v=0.7500
    OK ch=1 v=0.7120
    OK ch=5 v=0.0010
    OK ch=7 v=0.7745
    OK ch=1 v=0.6406
    OK ch=3 v=0.5714
    OK ch=5 v=0.0724
    OK ch=7 v=0.8459
    OK ch=1 v=0.5525
    OK ch=3 v=0.6595
    OK ch=5 v=0.1564
    OK ch=7 v=0.9340
    OK ch=1 v=0.5237
    OK ch=3 v=0.7477
    OK ch=5 v=0.2052
    OK ch=7 v=1.0221
    OK ch=1 v=0.4964
    OK ch=3 v=0.8415
    OK ch=5 v=0.2990
    OK ch=7 v=1.1159
    OK ch=1 v=0.5154
    OK ch=3 v=0.8246
    OK ch=5 v=0.3926
    OK ch=7 v=1.2095
    OK ch=1 v=0.6034
    OK ch=3 v=0.9127
    OK ch=5 v=0.4806
    OK ch=7 v=1.1215
    OK ch=1 v=0.6917
    OK ch=3 v=1.0000
    OK ch=5 v=0.4016
    OK ch=7 v=1.0331
    OK ch=1 v=0.6227
    OK ch=5 v=0.3080
    OK ch=7 v=0.9431
    OK ch=1 v=0.6888
    OK ch=5 v=0.2419
    OK ch=7 v=0.9133
    OK ch=1 v=0.7082
    OK ch=3 v=0.9338
    OK ch=5 v=0.1758
    OK ch=7 v=0.8997
    OK ch=1 v=0.6201
    OK ch=3 v=0.8458
    OK ch=5 v=0.0878
    OK ch=7 v=0.8670
    OK ch=1 v=0.7086
    OK ch=3 v=0.7574
    OK ch=5 v=0.0217
    OK ch=7 v=0.7786
    OK ch=1 v=0.7500
    OK ch=3 v=0.6694
    OK ch=5 v=0.0287
    OK ch=7 v=0.7500
    OK ch=3 v=0.5961
    OK ch=5 v=0.0106
    OK ch=3 v=0.6205
    OK ch=5 v=0.0000
    OK ch=1 v=0.7056
    OK ch=3 v=0.6414
    OK ch=5 v=0.0140
    OK ch=1 v=0.6343
    OK ch=3 v=0.6686
    OK ch=5 v=0.0695
    OK ch=7 v=0.8213
    OK ch=1 v=0.5462
    OK ch=3 v=0.7567
    OK ch=5 v=0.1577
    OK ch=7 v=0.9094
    OK ch=1 v=0.4635
    OK ch=3 v=0.8449
    OK ch=5 v=0.2458
    OK ch=7 v=0.9976
    OK ch=1 v=0.3751
    OK ch=3 v=0.8705
    OK ch=5 v=0.3342
    OK ch=7 v=1.0860
    OK ch=1 v=0.2871
    OK ch=3 v=0.8123
    OK ch=5 v=0.3701
    OK ch=7 v=1.1740
    OK ch=1 v=0.2500
    OK ch=3 v=0.7613
    OK ch=5 v=0.2820
    OK ch=7 v=1.2500
    OK ch=3 v=0.7462
    OK ch=5 v=0.1937
    OK ch=7 v=1.2471
    OK ch=3 v=0.6908
    OK ch=5 v=0.1275
    OK ch=7 v=1.1809
    OK ch=3 v=0.6700
    OK ch=5 v=0.0636
    OK ch=7 v=1.1095
    OK ch=1 v=0.3216
    OK ch=3 v=0.6833
    OK ch=5 v=0.0853
    OK ch=7 v=1.0378
    OK ch=1 v=0.4152
    OK ch=3 v=0.5897
    OK ch=5 v=0.1086
    OK ch=7 v=0.9443
    OK ch=1 v=0.5033
    OK ch=3 v=0.5016
    OK ch=5 v=0.0383
    OK ch=7 v=0.8562
    OK ch=1 v=0.5971
    OK ch=3 v=0.5000
    OK ch=5 v=0.0000
    OK ch=7 v=0.7854
    OK ch=1 v=0.6852
    OK ch=3 v=0.5881
    OK ch=7 v=0.8632
    OK ch=1 v=0.7449
    OK ch=3 v=0.6595
    OK ch=5 v=0.0457
    OK ch=7 v=0.9345
    OK ch=1 v=0.6688
    OK ch=3 v=0.7533
    OK ch=5 v=0.1319
    OK ch=7 v=1.0283
    OK ch=1 v=0.5861
    OK ch=3 v=0.8360
    OK ch=5 v=0.2146
    OK ch=7 v=1.1044
    OK ch=1 v=0.4994
    OK ch=3 v=0.8581
    OK ch=5 v=0.3027
    OK ch=7 v=1.1515
    OK ch=1 v=0.5000
    OK ch=3 v=0.7701
    OK ch=5 v=0.2500
    OK ch=7 v=1.0635

!! ch3 runaway -- freezing all channels, entering FAULT.

    OK ch=3 v=0.7500
    OK ch=7 v=1.0000
[  195.8s] FAULT       ch0:.... g=+0.0000 bp=-1.445V ratio=2.19  ch1:.... g=+0.0000 bp=+0.157V ratio=2.12  ch2:.... g=+0.0000 bp=-0.716V ratio=1.15  ch3:.... g=+0.0000 bp=+0.681V ratio=3.08
    OK ch=1 v=0.5008
    OK ch=5 v=0.2490

[recovered] re-engaging on the baseline already in hand -- re-faulted after only 4.1s, so the disturbance is still there and a fresh window would measure it rather than the floor (2/4 before a forced re-calibration). Gain ramps from zero.

    OK ch=1 v=0.4932
    OK ch=3 v=0.7388
    OK ch=5 v=0.2725
    OK ch=7 v=0.9731
    OK ch=1 v=0.5379
    OK ch=3 v=0.7296
    OK ch=5 v=0.2404
    OK ch=7 v=0.9342
    OK ch=1 v=0.6166
    OK ch=3 v=0.6912
    OK ch=5 v=0.2005
    OK ch=7 v=0.9239
    OK ch=1 v=0.5883
    OK ch=3 v=0.6617
    OK ch=5 v=0.1335
    OK ch=7 v=0.9398
    OK ch=1 v=0.5115
    OK ch=3 v=0.6859
    OK ch=5 v=0.1235
    OK ch=7 v=0.9654
    OK ch=1 v=0.4419
    OK ch=3 v=0.7267
    OK ch=5 v=0.1737
    OK ch=7 v=1.0173
    OK ch=1 v=0.3538
    OK ch=3 v=0.7520
    OK ch=5 v=0.2619
    OK ch=7 v=1.0658
    OK ch=1 v=0.2665
    OK ch=3 v=0.7887
    OK ch=5 v=0.3498
    OK ch=7 v=1.1098
    OK ch=1 v=0.2841
    OK ch=3 v=0.8166
    OK ch=5 v=0.4017
    OK ch=7 v=1.1249
    OK ch=1 v=0.3721
    OK ch=3 v=0.8202
    OK ch=5 v=0.3976
    OK ch=7 v=1.0959
    OK ch=1 v=0.4601
    OK ch=3 v=0.8061
    OK ch=5 v=0.3386
    OK ch=7 v=1.0413
    OK ch=1 v=0.5431
    OK ch=3 v=0.7652
    OK ch=5 v=0.2556
    OK ch=7 v=0.9584
    OK ch=1 v=0.6311
    OK ch=3 v=0.7092
    OK ch=5 v=0.1676
    OK ch=7 v=0.9096
    OK ch=1 v=0.6127
    OK ch=3 v=0.6665
    OK ch=5 v=0.0796
    OK ch=7 v=0.9212
    OK ch=1 v=0.5975
    OK ch=3 v=0.6284
    OK ch=5 v=0.0077
    OK ch=7 v=0.9505
    OK ch=1 v=0.5347
    OK ch=3 v=0.6215
    OK ch=5 v=0.0581
    OK ch=7 v=0.9520
    OK ch=1 v=0.5305
    OK ch=3 v=0.6184
    OK ch=5 v=0.0432
    OK ch=7 v=0.8986
[  200.8s] DAMPING     ch0:.... g=-0.0145 bp=-0.126V ratio=1.60  ch1:.... g=-0.0145 bp=-0.450V ratio=1.80  ch2:.... g=+0.0120 bp=+1.007V ratio=1.06  ch3:.... g=-0.0145 bp=-0.011V ratio=2.79
    OK ch=1 v=0.5906
    OK ch=3 v=0.6481
    OK ch=5 v=0.1159
    OK ch=7 v=0.8355
    OK ch=1 v=0.6788
    OK ch=3 v=0.6947
    OK ch=5 v=0.2040
    OK ch=7 v=0.8335
    OK ch=1 v=0.7500
    OK ch=3 v=0.7776
    OK ch=5 v=0.2767
    OK ch=7 v=0.8844
    OK ch=1 v=0.6619
    OK ch=3 v=0.8160
    OK ch=5 v=0.3648
    OK ch=7 v=0.9725
    OK ch=1 v=0.5739
    OK ch=3 v=0.8442
    OK ch=5 v=0.4528
    OK ch=7 v=1.0605
    OK ch=1 v=0.4911
    OK ch=3 v=0.8735
    OK ch=5 v=0.5000
    OK ch=7 v=1.1433
    OK ch=1 v=0.4030
    OK ch=3 v=0.9476
    OK ch=5 v=0.4120
    OK ch=7 v=1.1886
    OK ch=1 v=0.3298
    OK ch=3 v=0.9239
    OK ch=5 v=0.3239
    OK ch=7 v=1.1686
    OK ch=1 v=0.4183
    OK ch=3 v=0.8354
    OK ch=5 v=0.2354
    OK ch=7 v=1.0951
    OK ch=1 v=0.5062
    OK ch=3 v=0.7475
    OK ch=5 v=0.1476
    OK ch=7 v=1.0072
    OK ch=1 v=0.5942
    OK ch=3 v=0.6595
    OK ch=5 v=0.0961
    OK ch=7 v=0.9192
    OK ch=1 v=0.6826
    OK ch=3 v=0.6182
    OK ch=5 v=0.1333
    OK ch=7 v=0.8336
    OK ch=1 v=0.7500
    OK ch=3 v=0.6191
    OK ch=5 v=0.0925
    OK ch=7 v=0.7552
    OK ch=3 v=0.5918
    OK ch=5 v=0.0607
    OK ch=7 v=0.7500
    OK ch=1 v=0.6839
    OK ch=3 v=0.5256
    OK ch=5 v=0.0004
    OK ch=1 v=0.6125
    OK ch=3 v=0.5000
    OK ch=7 v=0.8214
    OK ch=1 v=0.5462
    OK ch=3 v=0.5574
    OK ch=5 v=0.0533
    OK ch=7 v=0.8876
    OK ch=1 v=0.4581
    OK ch=3 v=0.6455
    OK ch=5 v=0.1414
    OK ch=7 v=0.9758
    OK ch=1 v=0.3700
    OK ch=3 v=0.7336
    OK ch=5 v=0.2295
    OK ch=7 v=1.0638
    OK ch=1 v=0.2821
    OK ch=3 v=0.8216
    OK ch=5 v=0.3175
    OK ch=7 v=1.1518
    OK ch=1 v=0.2500
    OK ch=3 v=0.9155
    OK ch=5 v=0.4113
    OK ch=7 v=1.2457
    OK ch=1 v=0.3006
    OK ch=3 v=0.9407
    OK ch=5 v=0.3450
    OK ch=7 v=1.2429
    OK ch=1 v=0.3942
    OK ch=3 v=0.8585
    OK ch=5 v=0.2513
    OK ch=7 v=1.1493
    OK ch=1 v=0.4826
    OK ch=3 v=0.8279
    OK ch=5 v=0.1630
    OK ch=7 v=1.0609
    OK ch=1 v=0.5761
    OK ch=3 v=0.7343
    OK ch=5 v=0.0694
    OK ch=7 v=0.9674
    OK ch=1 v=0.4881
    OK ch=3 v=0.6463
    OK ch=5 v=0.0407
    OK ch=7 v=0.8793
    OK ch=1 v=0.4418
    OK ch=3 v=0.5579
    OK ch=5 v=0.0000
    OK ch=7 v=0.8863
    OK ch=1 v=0.5301
    OK ch=3 v=0.5000
    OK ch=7 v=0.8688
    OK ch=1 v=0.6014
    OK ch=3 v=0.5397
    OK ch=5 v=0.0651
    OK ch=7 v=0.7975
    OK ch=1 v=0.6951
    OK ch=3 v=0.6335
    OK ch=5 v=0.1554
    OK ch=7 v=0.7700
    OK ch=1 v=0.7500
    OK ch=3 v=0.7216
    OK ch=5 v=0.2017
    OK ch=7 v=0.8253
    OK ch=1 v=0.6619
    OK ch=3 v=0.8098
    OK ch=5 v=0.2350
    OK ch=7 v=0.9135
    OK ch=1 v=0.5790
    OK ch=3 v=0.7783
    OK ch=5 v=0.3179
    OK ch=7 v=0.9963
    OK ch=1 v=0.4910
    OK ch=3 v=0.8663
    OK ch=5 v=0.4059
    OK ch=7 v=1.0843
    OK ch=1 v=0.4029
    OK ch=3 v=0.9544
    OK ch=5 v=0.4940
    OK ch=7 v=1.1724
    OK ch=1 v=0.3475
    OK ch=3 v=1.0000
    OK ch=5 v=0.5000
    OK ch=1 v=0.3894
    OK ch=5 v=0.4616
    OK ch=7 v=1.1067
    OK ch=1 v=0.4554
    OK ch=3 v=0.9340
    OK ch=5 v=0.3956
    OK ch=7 v=1.0407
    OK ch=1 v=0.5434
    OK ch=3 v=0.8460
    OK ch=5 v=0.3076
    OK ch=7 v=0.9526
    OK ch=1 v=0.6315
    OK ch=3 v=0.7579
    OK ch=5 v=0.2195
    OK ch=7 v=0.9003
    OK ch=1 v=0.7100
    OK ch=3 v=0.6751
    OK ch=5 v=0.1367
    OK ch=7 v=0.9055
    OK ch=1 v=0.7500
    OK ch=3 v=0.6084
    OK ch=5 v=0.0515
    OK ch=7 v=0.8175
    OK ch=3 v=0.5501
    OK ch=5 v=0.0468
    OK ch=7 v=0.7500
    OK ch=3 v=0.5000
    OK ch=5 v=0.0535
    OK ch=1 v=0.7007
    OK ch=1 v=0.6731
    OK ch=5 v=0.0621
    OK ch=1 v=0.6288
    OK ch=5 v=0.0849
    OK ch=7 v=0.7943
    OK ch=1 v=0.5575
    OK ch=3 v=0.5714
    OK ch=5 v=0.0622
    OK ch=7 v=0.8657
    OK ch=1 v=0.4745
    OK ch=3 v=0.6544
    OK ch=5 v=0.1452
    OK ch=7 v=0.9487
    OK ch=1 v=0.3865
    OK ch=3 v=0.7423
    OK ch=5 v=0.2332
    OK ch=7 v=1.0366
    OK ch=1 v=0.2983
    OK ch=3 v=0.8306
    OK ch=5 v=0.3214
    OK ch=7 v=1.1249
    OK ch=1 v=0.2500
    OK ch=3 v=0.9197
    OK ch=5 v=0.2797
    OK ch=7 v=1.2140
    OK ch=3 v=0.9242
    OK ch=5 v=0.1881
    OK ch=7 v=1.2500
    OK ch=1 v=0.3212
    OK ch=3 v=0.8530
    OK ch=5 v=0.1169
    OK ch=7 v=1.2381
    OK ch=1 v=0.4095
    OK ch=3 v=0.7647
    OK ch=5 v=0.0756
    OK ch=7 v=1.1498
    OK ch=1 v=0.4984
    OK ch=3 v=0.6758
    OK ch=5 v=0.1020
    OK ch=7 v=1.0609
    OK ch=1 v=0.5861
    OK ch=3 v=0.5933
    OK ch=5 v=0.0778
    OK ch=7 v=0.9732
    OK ch=1 v=0.6492
    OK ch=3 v=0.5000
    OK ch=5 v=0.0004
    OK ch=7 v=0.8799
    OK ch=1 v=0.7133
    OK ch=7 v=0.7865
    OK ch=1 v=0.7500
    OK ch=7 v=0.7500
    OK ch=3 v=0.5492
    OK ch=5 v=0.0492
    OK ch=7 v=0.7725
    OK ch=3 v=0.6214
    OK ch=5 v=0.1214
    OK ch=7 v=0.8242
    OK ch=3 v=0.6977
    OK ch=5 v=0.1859
    OK ch=7 v=0.9005
    OK ch=1 v=0.6780
    OK ch=3 v=0.7697
    OK ch=5 v=0.2067
    OK ch=7 v=0.9725
    OK ch=1 v=0.5842
    OK ch=3 v=0.8628
    OK ch=5 v=0.2325
    OK ch=7 v=1.0663
    OK ch=1 v=0.4913
    OK ch=3 v=0.8320
    OK ch=5 v=0.3255
    OK ch=7 v=1.1593
    OK ch=1 v=0.4028
    OK ch=3 v=0.9205
    OK ch=5 v=0.4140
    OK ch=7 v=1.2011
    OK ch=1 v=0.4453
    OK ch=3 v=1.0000
    OK ch=5 v=0.5000
    OK ch=7 v=1.1130
    OK ch=1 v=0.5332
    OK ch=5 v=0.4655
    OK ch=7 v=1.0251
    OK ch=1 v=0.6049
    OK ch=3 v=0.9283
    OK ch=5 v=0.3938
    OK ch=7 v=0.9534
    OK ch=1 v=0.6941
    OK ch=3 v=0.8392
    OK ch=5 v=0.3047
    OK ch=7 v=0.9005
    OK ch=1 v=0.6063
    OK ch=3 v=0.7514
    OK ch=5 v=0.2169
    OK ch=7 v=0.9287
    OK ch=1 v=0.5251
    OK ch=3 v=0.6580
    OK ch=5 v=0.1235
    OK ch=7 v=0.8846
    OK ch=1 v=0.6138
    OK ch=3 v=0.5693
    OK ch=5 v=0.0348
    OK ch=7 v=0.7959
    OK ch=1 v=0.7018
    OK ch=3 v=0.5000
    OK ch=5 v=0.0000
    OK ch=7 v=0.7500
    OK ch=1 v=0.7500
    OK ch=3 v=0.5927
    OK ch=5 v=0.0260
    OK ch=1 v=0.6781
    OK ch=3 v=0.6646
    OK ch=5 v=0.0979
    OK ch=7 v=0.8219
    OK ch=1 v=0.5900
    OK ch=3 v=0.7527
    OK ch=5 v=0.1861
    OK ch=7 v=0.9100
    OK ch=1 v=0.5018
    OK ch=3 v=0.8409
    OK ch=5 v=0.2742
    OK ch=7 v=0.9982
    OK ch=1 v=0.4032
    OK ch=3 v=0.9395
    OK ch=5 v=0.3728
    OK ch=7 v=1.0968
    OK ch=1 v=0.4975
    OK ch=3 v=0.8452
    OK ch=5 v=0.2786
    OK ch=7 v=1.0025

!! ch1, ch3 runaway -- freezing all channels, entering FAULT.

    OK ch=1 v=0.5000
    OK ch=3 v=0.7514
    OK ch=5 v=0.2500
    OK ch=7 v=1.0000
    OK ch=3 v=0.7500
[  205.8s] FAULT       ch0:.... g=+0.0000 bp=+0.619V ratio=1.49  ch1:.... g=+0.0000 bp=-0.886V ratio=2.53  ch2:.... g=+0.0000 bp=+1.520V ratio=1.62  ch3:.... g=+0.0000 bp=-0.636V ratio=2.83
    OK ch=1 v=0.5009
    OK ch=7 v=0.9993

[recovered] re-engaging on the baseline already in hand -- re-faulted after only 4.1s, so the disturbance is still there and a fresh window would measure it rather than the floor (3/4 before a forced re-calibration). Gain ramps from zero.

    OK ch=1 v=0.4567
    OK ch=3 v=0.7444
    OK ch=5 v=0.2135
    OK ch=7 v=1.0015

[trim] ch0 reverted to 0.25V and frozen -- total offset 501 -> 522 counts.

    OK ch=1 v=0.3687
    OK ch=3 v=0.6746
    OK ch=5 v=0.1480
    OK ch=7 v=0.9809
    OK ch=1 v=0.2806
    OK ch=3 v=0.6334
    OK ch=5 v=0.1096
    OK ch=7 v=0.9622
    OK ch=1 v=0.2831
    OK ch=3 v=0.6734
    OK ch=5 v=0.1671
    OK ch=7 v=0.9629
    OK ch=1 v=0.3077
    OK ch=3 v=0.7567
    OK ch=5 v=0.2179
    OK ch=7 v=0.9743
    OK ch=1 v=0.2786
    OK ch=3 v=0.8448
    OK ch=5 v=0.2448
    OK ch=7 v=1.0138
    OK ch=1 v=0.1959
    OK ch=3 v=0.8199
    OK ch=5 v=0.2537
    OK ch=7 v=1.0518
    OK ch=1 v=0.1554
    OK ch=3 v=0.7319
    OK ch=5 v=0.3418
    OK ch=7 v=1.0273
    OK ch=1 v=0.1819
    OK ch=3 v=0.7562
    OK ch=5 v=0.4299
    OK ch=7 v=1.0413
    OK ch=1 v=0.2703
    OK ch=3 v=0.8445
    OK ch=5 v=0.5000
    OK ch=7 v=1.0348
    OK ch=1 v=0.3569
    OK ch=3 v=0.8904
    OK ch=5 v=0.4685
    OK ch=7 v=1.0251
    OK ch=1 v=0.3302
    OK ch=3 v=0.8416
    OK ch=5 v=0.3748
    OK ch=7 v=0.9623
    OK ch=1 v=0.4241
    OK ch=3 v=0.7549
    OK ch=5 v=0.2809
    OK ch=7 v=0.9387
    OK ch=1 v=0.3308
    OK ch=3 v=0.6761
    OK ch=5 v=0.1875
    OK ch=7 v=0.9415
    OK ch=1 v=0.2987
    OK ch=3 v=0.6466
    OK ch=5 v=0.0994
    OK ch=7 v=0.9072
    OK ch=1 v=0.3870
    OK ch=3 v=0.6298
    OK ch=5 v=0.0669
    OK ch=7 v=0.8190
    OK ch=1 v=0.4752
    OK ch=3 v=0.6189
    OK ch=5 v=0.0564
    OK ch=7 v=0.7637
    OK ch=1 v=0.4348
    OK ch=3 v=0.6292
    OK ch=5 v=0.0393
    OK ch=7 v=0.7858
    OK ch=1 v=0.3420
    OK ch=3 v=0.6759
    OK ch=5 v=0.0589
    OK ch=7 v=0.8791
    OK ch=1 v=0.2645
    OK ch=3 v=0.7480
    OK ch=5 v=0.1472
    OK ch=7 v=0.9675
    OK ch=1 v=0.2166
    OK ch=3 v=0.8333
    OK ch=5 v=0.2407
    OK ch=7 v=1.0609
    OK ch=1 v=0.1281
    OK ch=3 v=0.9139
    OK ch=5 v=0.3291
    OK ch=7 v=1.1228
    OK ch=1 v=0.0401
    OK ch=3 v=0.9164
    OK ch=5 v=0.4171
    OK ch=7 v=1.2032
    OK ch=1 v=0.0000
    OK ch=3 v=0.8282
    OK ch=5 v=0.3288
    OK ch=7 v=1.2500
    OK ch=3 v=0.7400
    OK ch=5 v=0.2407
    OK ch=7 v=1.1652
    OK ch=1 v=0.0537
    OK ch=3 v=0.6966
    OK ch=5 v=0.1744
    OK ch=7 v=1.0990
    OK ch=1 v=0.1415
    OK ch=3 v=0.6724
    OK ch=5 v=0.1047
    OK ch=7 v=1.0112
    OK ch=1 v=0.2296
    OK ch=3 v=0.6641
    OK ch=5 v=0.1120
    OK ch=7 v=0.9231
    OK ch=1 v=0.3179
    OK ch=3 v=0.5757
    OK ch=5 v=0.0728
    OK ch=7 v=0.8348
    OK ch=1 v=0.4060
    OK ch=3 v=0.5000
    OK ch=5 v=0.0000
    OK ch=7 v=0.7743
    OK ch=1 v=0.4342
    OK ch=7 v=0.8084
    OK ch=1 v=0.3914
    OK ch=3 v=0.5241
    OK ch=5 v=0.0437
    OK ch=7 v=0.8257
    OK ch=1 v=0.4120
    OK ch=3 v=0.6175
    OK ch=5 v=0.1370
    OK ch=7 v=0.8797
    OK ch=1 v=0.3799
    OK ch=3 v=0.7112
    OK ch=5 v=0.2092
    OK ch=7 v=0.9735
    OK ch=1 v=0.2918
    OK ch=3 v=0.7993
    OK ch=5 v=0.2491
    OK ch=7 v=1.0616
    OK ch=1 v=0.2089
    OK ch=3 v=0.7406
    OK ch=5 v=0.3319
    OK ch=7 v=1.1444
    OK ch=1 v=0.1427
    OK ch=3 v=0.8084
    OK ch=5 v=0.4199
    OK ch=7 v=1.1683
    OK ch=1 v=0.2307
    OK ch=3 v=0.8964
    OK ch=5 v=0.5000
    OK ch=7 v=1.1313
[  210.9s] DAMPING     ch0:.... g=-0.0328 bp=-0.360V ratio=1.90  ch1:.... g=-0.0328 bp=+0.059V ratio=2.19  ch2:.... g=+0.0120 bp=-0.616V ratio=1.31  ch3:.... g=-0.0328 bp=+0.486V ratio=3.14
    OK ch=1 v=0.3137
    OK ch=3 v=0.9794
    OK ch=7 v=1.0482
    OK ch=1 v=0.3798
    OK ch=3 v=1.0000
    OK ch=5 v=0.4340
    OK ch=7 v=0.9822
    OK ch=1 v=0.4281
    OK ch=3 v=0.9314
    OK ch=5 v=0.3459
    OK ch=7 v=0.8948
    OK ch=1 v=0.4111
    OK ch=3 v=0.8434
    OK ch=5 v=0.2580
    OK ch=7 v=0.9130
    OK ch=1 v=0.3228
    OK ch=3 v=0.7551
    OK ch=5 v=0.1696
    OK ch=7 v=0.9102
    OK ch=1 v=0.4109
    OK ch=3 v=0.6671
    OK ch=5 v=0.0816
    OK ch=7 v=0.8921
    OK ch=1 v=0.4989
    OK ch=3 v=0.5790
    OK ch=5 v=0.0094
    OK ch=7 v=0.8040
    OK ch=1 v=0.5000
    OK ch=3 v=0.5223
    OK ch=5 v=0.0000
    OK ch=7 v=0.7500
    OK ch=1 v=0.4630
    OK ch=3 v=0.5859
    OK ch=5 v=0.0882
    OK ch=1 v=0.3968
    OK ch=3 v=0.6192
    OK ch=5 v=0.1544
    OK ch=7 v=0.7754
    OK ch=1 v=0.3087
    OK ch=3 v=0.7074
    OK ch=5 v=0.2426
    OK ch=7 v=0.8636
    OK ch=1 v=0.2206
    OK ch=3 v=0.7954
    OK ch=5 v=0.3306
    OK ch=7 v=0.9516
    OK ch=1 v=0.1326
    OK ch=3 v=0.8835
    OK ch=5 v=0.4186
    OK ch=7 v=1.0397
    OK ch=1 v=0.0496
    OK ch=3 v=0.9509
    OK ch=5 v=0.3901
    OK ch=7 v=1.1226
    OK ch=1 v=0.0000
    OK ch=3 v=0.8628
    OK ch=5 v=0.3021
    OK ch=7 v=1.2106
    OK ch=3 v=0.7748
    OK ch=5 v=0.2141
    OK ch=7 v=1.2500
    OK ch=3 v=0.7088
    OK ch=5 v=0.1481
    OK ch=7 v=1.1839
    OK ch=1 v=0.0661
    OK ch=3 v=0.7040
    OK ch=5 v=0.0819
    OK ch=7 v=1.1178
    OK ch=1 v=0.1489
    OK ch=3 v=0.6653
    OK ch=5 v=0.1389
    OK ch=7 v=1.0350
    OK ch=1 v=0.2371
    OK ch=3 v=0.5900
    OK ch=5 v=0.1788
    OK ch=7 v=0.9468
    OK ch=1 v=0.3251
    OK ch=3 v=0.5019
    OK ch=5 v=0.1144
    OK ch=7 v=0.8588
    OK ch=1 v=0.4135
    OK ch=3 v=0.5000
    OK ch=5 v=0.0261
    OK ch=7 v=0.7705
    OK ch=1 v=0.5000
    OK ch=3 v=0.5493
    OK ch=5 v=0.0000
    OK ch=7 v=0.8446
    OK ch=1 v=0.4719
    OK ch=3 v=0.6374
    OK ch=5 v=0.0655
    OK ch=7 v=0.9326
    OK ch=1 v=0.3836
    OK ch=3 v=0.7256
    OK ch=5 v=0.1538
    OK ch=7 v=1.0209
    OK ch=1 v=0.2954
    OK ch=3 v=0.8138
    OK ch=5 v=0.2052
    OK ch=7 v=1.1091
    OK ch=1 v=0.2074
    OK ch=3 v=0.8638
    OK ch=5 v=0.2805
    OK ch=7 v=1.1971
    OK ch=1 v=0.2040
    OK ch=3 v=0.9454
    OK ch=5 v=0.3685
    OK ch=7 v=1.1582
    OK ch=1 v=0.2920
    OK ch=3 v=1.0000
    OK ch=5 v=0.4565
    OK ch=7 v=1.0703
    OK ch=1 v=0.2754
    OK ch=5 v=0.5000
    OK ch=7 v=0.9819
    OK ch=1 v=0.3414
    OK ch=5 v=0.4339
    OK ch=7 v=0.9349
    OK ch=1 v=0.4075
    OK ch=3 v=0.9339
    OK ch=5 v=0.3678
    OK ch=7 v=0.8987
    OK ch=1 v=0.4776
    OK ch=3 v=0.8459
    OK ch=5 v=0.2798
    OK ch=7 v=0.9168
    OK ch=1 v=0.4708
    OK ch=3 v=0.7578
    OK ch=5 v=0.1918
    OK ch=7 v=0.9186
    OK ch=1 v=0.5000
    OK ch=3 v=0.6695
    OK ch=5 v=0.1034
    OK ch=7 v=0.8302
    OK ch=3 v=0.5813
    OK ch=5 v=0.0527
    OK ch=7 v=0.7500
    OK ch=3 v=0.5731
    OK ch=5 v=0.0591
    OK ch=1 v=0.4779
    OK ch=3 v=0.5376
    OK ch=5 v=0.0676
    OK ch=1 v=0.4117
    OK ch=3 v=0.5559
    OK ch=5 v=0.1062
    OK ch=1 v=0.3403
    OK ch=3 v=0.6025
    OK ch=5 v=0.1614
    OK ch=7 v=0.8214
    OK ch=1 v=0.2522
    OK ch=3 v=0.6907
    OK ch=5 v=0.2496
    OK ch=7 v=0.9096
    OK ch=1 v=0.1641
    OK ch=3 v=0.7787
    OK ch=5 v=0.3376
    OK ch=7 v=0.9976
    OK ch=1 v=0.0702
    OK ch=3 v=0.8726
    OK ch=5 v=0.3790
    OK ch=7 v=1.0915
    OK ch=1 v=0.0000
    OK ch=3 v=0.9455
    OK ch=5 v=0.2854
    OK ch=7 v=1.1850
    OK ch=3 v=0.8554
    OK ch=5 v=0.2208
    OK ch=7 v=1.2500
    OK ch=3 v=0.7838
    OK ch=5 v=0.1495
    OK ch=3 v=0.7341
    OK ch=5 v=0.1273
    OK ch=7 v=1.2013
    OK ch=1 v=0.0663
    OK ch=3 v=0.6912
    OK ch=5 v=0.1204
    OK ch=7 v=1.1351
    OK ch=1 v=0.1541
    OK ch=3 v=0.6592
    OK ch=5 v=0.1381
    OK ch=7 v=1.0472
    OK ch=1 v=0.2426
    OK ch=3 v=0.5707
    OK ch=5 v=0.1021
    OK ch=7 v=0.9587
    OK ch=1 v=0.3306
    OK ch=3 v=0.5000
    OK ch=5 v=0.0194
    OK ch=7 v=0.8707
    OK ch=1 v=0.4187
    OK ch=5 v=0.0000
    OK ch=7 v=0.8142
    OK ch=1 v=0.4848
    OK ch=3 v=0.5382
    OK ch=5 v=0.0129
    OK ch=7 v=0.8474
    OK ch=1 v=0.4580
    OK ch=3 v=0.6264
    OK ch=5 v=0.1011
    OK ch=7 v=0.9075
    OK ch=1 v=0.4644
    OK ch=3 v=0.7145
    OK ch=5 v=0.1814
    OK ch=7 v=0.9934
    OK ch=1 v=0.3762
    OK ch=3 v=0.8027
    OK ch=5 v=0.2109
    OK ch=7 v=1.0414
    OK ch=1 v=0.2882
    OK ch=3 v=0.8716
    OK ch=5 v=0.2989
    OK ch=7 v=1.0518
    OK ch=1 v=0.2002
    OK ch=3 v=0.8946
    OK ch=5 v=0.3869
    OK ch=7 v=1.0868
    OK ch=1 v=0.2270
    OK ch=3 v=0.9829
    OK ch=5 v=0.4752
    OK ch=7 v=1.1047
    OK ch=1 v=0.2500
    OK ch=3 v=0.8948
    OK ch=5 v=0.3871
    OK ch=7 v=1.0166

!! ch3 runaway -- freezing all channels, entering FAULT.

    OK ch=3 v=0.8068
    OK ch=5 v=0.2991
    OK ch=7 v=1.0000
    OK ch=3 v=0.7500
    OK ch=5 v=0.2500
[  215.9s] FAULT       ch0:.... g=+0.0000 bp=-0.136V ratio=2.01  ch1:.... g=+0.0000 bp=+0.917V ratio=2.10  ch2:.... g=+0.0000 bp=-1.750V ratio=1.20  ch3:.... g=+0.0000 bp=+0.356V ratio=3.36
    OK ch=5 v=0.2490

[recovered] re-engaging on the baseline already in hand -- re-faulted after only 4.1s, so the disturbance is still there and a fresh window would measure it rather than the floor (4/4 before a forced re-calibration). Gain ramps from zero.

    OK ch=1 v=0.2710
    OK ch=3 v=0.7373
    OK ch=5 v=0.2332
    OK ch=7 v=0.9963
    OK ch=1 v=0.3066
    OK ch=3 v=0.7169
    OK ch=5 v=0.2117
    OK ch=7 v=0.9439
    OK ch=1 v=0.4012
    OK ch=3 v=0.6983
    OK ch=5 v=0.1940
    OK ch=7 v=0.9111
    OK ch=1 v=0.3643
    OK ch=3 v=0.7066
    OK ch=5 v=0.1823
    OK ch=7 v=0.9091
    OK ch=1 v=0.3000
    OK ch=3 v=0.7306
    OK ch=5 v=0.1955
    OK ch=7 v=0.9543
    OK ch=1 v=0.2622
    OK ch=3 v=0.7523
    OK ch=5 v=0.2453
    OK ch=7 v=1.0255
    OK ch=1 v=0.2140
    OK ch=3 v=0.7922
    OK ch=5 v=0.3338
    OK ch=7 v=1.0621
    OK ch=1 v=0.1200
    OK ch=3 v=0.8238
    OK ch=5 v=0.3592
    OK ch=7 v=1.0782
    OK ch=1 v=0.0630
    OK ch=3 v=0.8216
    OK ch=5 v=0.3219
    OK ch=7 v=1.1080
    OK ch=1 v=0.1078
    OK ch=3 v=0.7762
    OK ch=5 v=0.2399
    OK ch=7 v=1.1294
    OK ch=1 v=0.0862
    OK ch=3 v=0.7188
    OK ch=5 v=0.1890
    OK ch=7 v=1.0864
    OK ch=1 v=0.1242
    OK ch=3 v=0.6916
    OK ch=5 v=0.1460
    OK ch=7 v=0.9987
    OK ch=1 v=0.2176
    OK ch=3 v=0.6752
    OK ch=5 v=0.1240
    OK ch=7 v=0.9314
    OK ch=1 v=0.3065
    OK ch=3 v=0.6813
    OK ch=5 v=0.0929
    OK ch=7 v=0.9017
    OK ch=1 v=0.3942
    OK ch=3 v=0.6377
    OK ch=5 v=0.0624
    OK ch=7 v=0.8828
    OK ch=1 v=0.3646
    OK ch=3 v=0.5562
    OK ch=5 v=0.0000
    OK ch=7 v=0.8869
    OK ch=1 v=0.3433
    OK ch=3 v=0.5538
    OK ch=5 v=0.0126
    OK ch=7 v=0.9117
    OK ch=1 v=0.3206
    OK ch=3 v=0.6472
    OK ch=5 v=0.1060
    OK ch=7 v=0.9441
    OK ch=1 v=0.2319
    OK ch=3 v=0.7355
    OK ch=5 v=0.1709
    OK ch=7 v=1.0020
    OK ch=1 v=0.1382
    OK ch=3 v=0.7902
    OK ch=5 v=0.2463
    OK ch=7 v=1.0738
    OK ch=1 v=0.1223
    OK ch=3 v=0.8180
    OK ch=5 v=0.3395
    OK ch=7 v=1.1162
    OK ch=1 v=0.1546
    OK ch=3 v=0.8317
    OK ch=5 v=0.3980
    OK ch=7 v=1.1284
    OK ch=1 v=0.2108
    OK ch=3 v=0.8468
    OK ch=5 v=0.3954
    OK ch=7 v=1.1163
    OK ch=1 v=0.3044
    OK ch=3 v=0.8300
    OK ch=5 v=0.3641
    OK ch=7 v=1.0228
    OK ch=1 v=0.3933
    OK ch=3 v=0.8352
    OK ch=5 v=0.2752
    OK ch=7 v=0.9448
    OK ch=1 v=0.3146
    OK ch=3 v=0.7641
    OK ch=5 v=0.1826
    OK ch=7 v=0.9359
    OK ch=1 v=0.2369
    OK ch=3 v=0.6762
    OK ch=5 v=0.0946
    OK ch=7 v=0.9478
    OK ch=1 v=0.2583
    OK ch=3 v=0.6073
    OK ch=5 v=0.0076
    OK ch=7 v=0.9640
    OK ch=1 v=0.3464
    OK ch=3 v=0.6029
    OK ch=5 v=0.0000
    OK ch=7 v=0.9384
    OK ch=1 v=0.4345
    OK ch=3 v=0.6153
    OK ch=5 v=0.0428
    OK ch=7 v=0.8503
    OK ch=1 v=0.5000
    OK ch=3 v=0.6364
    OK ch=5 v=0.1312
    OK ch=7 v=0.7845
    OK ch=3 v=0.7011
    OK ch=5 v=0.2193
    OK ch=7 v=0.8128
    OK ch=1 v=0.4351
    OK ch=3 v=0.7726
    OK ch=5 v=0.2908
    OK ch=7 v=0.8819
    OK ch=1 v=0.3472
    OK ch=3 v=0.8304
    OK ch=5 v=0.3788
    OK ch=7 v=0.9699
    OK ch=1 v=0.2528
    OK ch=3 v=0.9247
    OK ch=5 v=0.4731
    OK ch=7 v=1.0642
    OK ch=1 v=0.1596
    OK ch=3 v=1.0000
    OK ch=5 v=0.4465
    OK ch=7 v=1.1574
    OK ch=1 v=0.0602
    OK ch=3 v=0.9006
    OK ch=5 v=0.3471
    OK ch=7 v=1.2274
    OK ch=1 v=0.0000
    OK ch=3 v=0.8117
    OK ch=5 v=0.2581
    OK ch=7 v=1.2170
    OK ch=1 v=0.0933
    OK ch=3 v=0.7184
    OK ch=5 v=0.1649
    OK ch=7 v=1.1237
    OK ch=1 v=0.1864
    OK ch=3 v=0.6253
    OK ch=5 v=0.0745
    OK ch=7 v=1.0306
    OK ch=1 v=0.2755
    OK ch=3 v=0.6380
    OK ch=5 v=0.1266
    OK ch=7 v=0.9415
    OK ch=1 v=0.3633
    OK ch=3 v=0.6261
    OK ch=5 v=0.1280
    OK ch=7 v=0.8537
    OK ch=1 v=0.4565
    OK ch=3 v=0.5329
    OK ch=5 v=0.0856
    OK ch=7 v=0.7605
    OK ch=1 v=0.3685
    OK ch=3 v=0.5000
    OK ch=5 v=0.0696
    OK ch=7 v=0.8161
    OK ch=1 v=0.2803
    OK ch=5 v=0.0442
    OK ch=7 v=0.9043
    OK ch=1 v=0.2141
    OK ch=3 v=0.5662
    OK ch=5 v=0.0538
    OK ch=7 v=0.9704
    OK ch=1 v=0.1259
    OK ch=3 v=0.6544
    OK ch=5 v=0.1420
    OK ch=7 v=1.0586
    OK ch=1 v=0.0371
    OK ch=3 v=0.7432
    OK ch=5 v=0.2308
    OK ch=7 v=1.1475
    OK ch=1 v=0.0000
    OK ch=3 v=0.8308
    OK ch=5 v=0.3184
    OK ch=7 v=1.2351
    OK ch=3 v=0.9178
    OK ch=5 v=0.3548
    OK ch=7 v=1.2500
    OK ch=1 v=0.0721
    OK ch=3 v=0.8923
    OK ch=5 v=0.3052
    OK ch=7 v=1.1779
    OK ch=1 v=0.1606
    OK ch=3 v=0.8334
    OK ch=5 v=0.2195
    OK ch=7 v=1.0894
    OK ch=1 v=0.2486
    OK ch=3 v=0.7494
    OK ch=5 v=0.1402
    OK ch=7 v=1.0014
    OK ch=1 v=0.3418
    OK ch=3 v=0.6813
    OK ch=5 v=0.0744
    OK ch=7 v=0.9082
    OK ch=1 v=0.4306
    OK ch=3 v=0.6724
    OK ch=5 v=0.1632
    OK ch=7 v=0.9009
    OK ch=1 v=0.3778
    OK ch=3 v=0.6363
    OK ch=5 v=0.1463
    OK ch=7 v=0.8895
    OK ch=1 v=0.3804
    OK ch=3 v=0.5986
    OK ch=5 v=0.1272
    OK ch=7 v=0.7964
[  220.9s] DAMPING     ch0:.... g=-0.0350 bp=-0.073V ratio=1.26  ch1:.... g=-0.0350 bp=-0.261V ratio=1.99  ch2:.... g=+0.0120 bp=+0.422V ratio=1.12  ch3:.... g=-0.0350 bp=-0.085V ratio=2.55
    OK ch=1 v=0.4792
    OK ch=3 v=0.6591
    OK ch=5 v=0.1404
    OK ch=7 v=0.7649
    OK ch=1 v=0.5000
    OK ch=3 v=0.6992
    OK ch=5 v=0.2052
    OK ch=7 v=0.7763
    OK ch=3 v=0.7651
    OK ch=5 v=0.2839
    OK ch=7 v=0.8701
    OK ch=1 v=0.4228
    OK ch=3 v=0.8257
    OK ch=5 v=0.3611
    OK ch=7 v=0.9473
    OK ch=1 v=0.3295
    OK ch=3 v=0.9189
    OK ch=5 v=0.4215
    OK ch=7 v=1.0405
    OK ch=1 v=0.2405
    OK ch=3 v=1.0000
    OK ch=5 v=0.3655
    OK ch=7 v=1.1296
    OK ch=1 v=0.1527
    OK ch=3 v=0.9978
    OK ch=5 v=0.2778
    OK ch=7 v=1.2173
    OK ch=1 v=0.0595
    OK ch=3 v=0.9046
    OK ch=5 v=0.1846
    OK ch=7 v=1.2267
    OK ch=1 v=0.1477
    OK ch=3 v=0.8164
    OK ch=5 v=0.1201
    OK ch=7 v=1.1385
    OK ch=1 v=0.2363
    OK ch=3 v=0.7278
    OK ch=5 v=0.1014
    OK ch=7 v=1.0499
    OK ch=1 v=0.3295
    OK ch=3 v=0.6346
    OK ch=5 v=0.1234
    OK ch=7 v=0.9567
    OK ch=1 v=0.4180
    OK ch=3 v=0.6199
    OK ch=5 v=0.1130
    OK ch=7 v=0.8682
    OK ch=1 v=0.5000
    OK ch=3 v=0.6279
    OK ch=5 v=0.0964
    OK ch=7 v=0.7799
    OK ch=1 v=0.4199
    OK ch=3 v=0.5585
    OK ch=5 v=0.0762
    OK ch=7 v=0.7927
    OK ch=1 v=0.3314
    OK ch=3 v=0.5000
    OK ch=5 v=0.0565
    OK ch=7 v=0.8812
    OK ch=1 v=0.2429
    OK ch=3 v=0.5273
    OK ch=5 v=0.0755
    OK ch=7 v=0.9697
    OK ch=1 v=0.1495
    OK ch=3 v=0.6207
    OK ch=5 v=0.1689
    OK ch=7 v=1.0631
    OK ch=1 v=0.0506
    OK ch=3 v=0.7196
    OK ch=5 v=0.2679
    OK ch=7 v=1.1620
    OK ch=1 v=0.0000
    OK ch=3 v=0.8142
    OK ch=5 v=0.3624
    OK ch=7 v=1.2500
    OK ch=3 v=0.8825
    OK ch=5 v=0.3368
    OK ch=7 v=1.2228
    OK ch=1 v=0.0773
    OK ch=3 v=0.8685
    OK ch=5 v=0.2659
    OK ch=7 v=1.1455
    OK ch=1 v=0.1704
    OK ch=3 v=0.7753
    OK ch=5 v=0.1810
    OK ch=7 v=1.0523
    OK ch=1 v=0.2620
    OK ch=3 v=0.7197
    OK ch=5 v=0.1064
    OK ch=7 v=0.9608
    OK ch=1 v=0.3528
    OK ch=3 v=0.6770
    OK ch=5 v=0.0513
    OK ch=7 v=0.8942
    OK ch=1 v=0.3674
    OK ch=3 v=0.6053
    OK ch=5 v=0.0057
    OK ch=7 v=0.9021
    OK ch=1 v=0.3379
    OK ch=3 v=0.6219
    OK ch=5 v=0.0952
    OK ch=7 v=0.8901
    OK ch=1 v=0.4043
    OK ch=3 v=0.6838
    OK ch=5 v=0.1361
    OK ch=7 v=0.8057
    OK ch=1 v=0.4919
    OK ch=3 v=0.7323
    OK ch=5 v=0.1783
    OK ch=7 v=0.8075
    OK ch=1 v=0.5000
    OK ch=3 v=0.7597
    OK ch=5 v=0.2397
    OK ch=7 v=0.8429
    OK ch=1 v=0.4913
    OK ch=3 v=0.8084
    OK ch=5 v=0.2997
    OK ch=7 v=0.9108
    OK ch=1 v=0.4188
    OK ch=3 v=0.8611
    OK ch=5 v=0.3622
    OK ch=7 v=0.9992
    OK ch=1 v=0.3594
    OK ch=3 v=0.9437
    OK ch=5 v=0.4241
    OK ch=7 v=1.0885
    OK ch=1 v=0.2664
    OK ch=3 v=1.0000
    OK ch=5 v=0.4064
    OK ch=7 v=1.1495
    OK ch=1 v=0.2500
    OK ch=3 v=0.9012
    OK ch=5 v=0.3076
    OK ch=7 v=1.0507

!! ch3 runaway -- freezing all channels, entering FAULT.

    OK ch=3 v=0.8022
    OK ch=5 v=0.2500
    OK ch=7 v=1.0000
    OK ch=3 v=0.7500
[  225.9s] FAULT       ch0:.... g=+0.0000 bp=+0.220V ratio=1.49  ch1:.... g=+0.0000 bp=-0.573V ratio=1.67  ch2:.... g=+0.0000 bp=+1.195V ratio=0.98  ch3:.... g=+0.0000 bp=-0.283V ratio=2.25

[recovered] all channels clear for 5s -- re-calibrating (already reused 4 times without a 15s engagement in between) for up to 20s.

[  230.9s] CALIBRATING ch0:.... g=+0.0000 bp=-0.630V ratio=0.00  ch1:.... g=+0.0000 bp=-0.012V ratio=0.00  ch2:.... g=+0.0000 bp=-0.320V ratio=0.00  ch3:.... g=+0.0000 bp=+0.185V ratio=0.00
    OK ch=5 v=0.2495

[DAMPING] baseline set in 6.0s (sub-windows agreed -- stopped early, ceiling is 20s): ch0=0.7427V, ch1=0.4404V, ch2=0.8563V, ch3=0.4656V. Gain schedules -0.035 -> -0.030...

    OK ch=1 v=0.2624
    OK ch=3 v=0.7396
    OK ch=5 v=0.2375
    OK ch=7 v=0.9839
    OK ch=1 v=0.3232
    OK ch=3 v=0.7384
    OK ch=5 v=0.2183
    OK ch=7 v=0.9566
    OK ch=1 v=0.3598
    OK ch=3 v=0.7325
    OK ch=5 v=0.2071
    OK ch=7 v=0.9364
    OK ch=1 v=0.3622
    OK ch=3 v=0.7197
    OK ch=5 v=0.1932
    OK ch=7 v=0.9204
    OK ch=1 v=0.3108
    OK ch=3 v=0.6810
    OK ch=5 v=0.1668
    OK ch=7 v=0.9228
    OK ch=1 v=0.2653
    OK ch=3 v=0.6491
    OK ch=5 v=0.1342
    OK ch=7 v=0.9427
    OK ch=1 v=0.2305
    OK ch=3 v=0.6596
    OK ch=5 v=0.1256
    OK ch=7 v=0.9731
    OK ch=1 v=0.2074
    OK ch=3 v=0.7117
    OK ch=5 v=0.1565
    OK ch=7 v=1.0084
    OK ch=1 v=0.1599
    OK ch=3 v=0.7575
    OK ch=5 v=0.2446
    OK ch=7 v=1.0500
    OK ch=1 v=0.0933
    OK ch=3 v=0.7805
    OK ch=5 v=0.3327
    OK ch=7 v=1.0792
    OK ch=1 v=0.0319
    OK ch=5 v=0.3765
    OK ch=7 v=1.0910
    OK ch=1 v=0.0980
    OK ch=3 v=0.7912
    OK ch=5 v=0.3567
    OK ch=7 v=1.0821
    OK ch=1 v=0.1859
    OK ch=3 v=0.7860
    OK ch=5 v=0.3000
    OK ch=7 v=1.0422
    OK ch=1 v=0.2740
    OK ch=3 v=0.7543
    OK ch=5 v=0.2214
    OK ch=7 v=1.0069
    OK ch=1 v=0.3624
    OK ch=3 v=0.7150
    OK ch=5 v=0.1554
    OK ch=7 v=0.9323
    OK ch=1 v=0.3704
    OK ch=3 v=0.6818
    OK ch=5 v=0.1023
    OK ch=7 v=0.9285
    OK ch=1 v=0.3492
    OK ch=3 v=0.6580
    OK ch=5 v=0.0514
    OK ch=7 v=0.9413
    OK ch=1 v=0.2758
    OK ch=3 v=0.6358
    OK ch=5 v=0.0000
    OK ch=7 v=0.9449
    OK ch=1 v=0.2566
    OK ch=3 v=0.6322
    OK ch=5 v=0.0513
    OK ch=7 v=0.9462
    OK ch=1 v=0.3238
    OK ch=3 v=0.6618
    OK ch=5 v=0.1325
    OK ch=7 v=0.8856
    OK ch=1 v=0.4152
    OK ch=3 v=0.7095
    OK ch=5 v=0.1875
    OK ch=7 v=0.9018
    OK ch=1 v=0.3962
    OK ch=3 v=0.7542
    OK ch=5 v=0.2604
    OK ch=7 v=0.9231
    OK ch=1 v=0.3082
    OK ch=3 v=0.7805
    OK ch=5 v=0.3441
    OK ch=7 v=0.9724
    OK ch=1 v=0.2201
    OK ch=3 v=0.8091
    OK ch=5 v=0.4284
    OK ch=7 v=1.0286
    OK ch=1 v=0.1373
    OK ch=3 v=0.8449
    OK ch=5 v=0.4674
    OK ch=7 v=1.0665
    OK ch=1 v=0.1617
    OK ch=3 v=0.9005
    OK ch=5 v=0.4840
    OK ch=7 v=1.0807
    OK ch=1 v=0.1879
    OK ch=3 v=0.8809
    OK ch=5 v=0.3960
    OK ch=7 v=1.0725
    OK ch=1 v=0.2227
    OK ch=3 v=0.8185
    OK ch=5 v=0.3131
    OK ch=7 v=1.0413
    OK ch=1 v=0.2506
    OK ch=3 v=0.7306
    OK ch=5 v=0.2252
    OK ch=7 v=0.9932
    OK ch=1 v=0.2992
    OK ch=3 v=0.6426
    OK ch=5 v=0.1372
    OK ch=7 v=0.9328
    OK ch=1 v=0.3823
    OK ch=3 v=0.6212
    OK ch=5 v=0.0882
    OK ch=7 v=0.8732
    OK ch=1 v=0.4702
    OK ch=3 v=0.6222
    OK ch=5 v=0.0995
    OK ch=7 v=0.8259
    OK ch=1 v=0.5000
    OK ch=3 v=0.6111
    OK ch=5 v=0.1135
    OK ch=7 v=0.7880
    OK ch=1 v=0.4116
    OK ch=3 v=0.5639
    OK ch=5 v=0.1299
    OK ch=7 v=0.8052
    OK ch=1 v=0.3236
    OK ch=5 v=0.1539
    OK ch=7 v=0.8746
    OK ch=1 v=0.2575
    OK ch=3 v=0.6295
    OK ch=5 v=0.1803
    OK ch=7 v=0.9406
    OK ch=1 v=0.1695
    OK ch=3 v=0.7176
    OK ch=5 v=0.2356
    OK ch=7 v=1.0287
    OK ch=1 v=0.0866
    OK ch=3 v=0.7808
    OK ch=5 v=0.2877
    OK ch=7 v=1.1115
    OK ch=1 v=0.0000
    OK ch=3 v=0.8221
    OK ch=5 v=0.3114
    OK ch=7 v=1.1996
    OK ch=3 v=0.8539
    OK ch=5 v=0.2929
    OK ch=7 v=1.2500
    OK ch=3 v=0.8393
    OK ch=5 v=0.2534
    OK ch=7 v=1.2322
    OK ch=1 v=0.0716
    OK ch=3 v=0.8190
    OK ch=5 v=0.2112
    OK ch=7 v=1.1606
    OK ch=1 v=0.1545
    OK ch=3 v=0.7361
    OK ch=5 v=0.1670
    OK ch=7 v=1.0778
    OK ch=1 v=0.2427
    OK ch=3 v=0.6717
    OK ch=5 v=0.1311
    OK ch=7 v=0.9896
    OK ch=1 v=0.3306
    OK ch=3 v=0.6282
    OK ch=5 v=0.0914
    OK ch=7 v=0.9022
    OK ch=1 v=0.4191
    OK ch=3 v=0.6016
    OK ch=5 v=0.0410
    OK ch=7 v=0.8710
    OK ch=1 v=0.4799
    OK ch=3 v=0.5669
    OK ch=5 v=0.0078
    OK ch=7 v=0.8637
    OK ch=1 v=0.3861
    OK ch=3 v=0.5521
    OK ch=5 v=0.0943
    OK ch=7 v=0.8518
    OK ch=1 v=0.4275
    OK ch=3 v=0.6403
    OK ch=5 v=0.1638
    OK ch=7 v=0.8931
    OK ch=1 v=0.4353
    OK ch=3 v=0.7283
    OK ch=5 v=0.2029
    OK ch=7 v=0.9190
    OK ch=1 v=0.3471
    OK ch=3 v=0.7774
    OK ch=5 v=0.2618
    OK ch=7 v=0.9611
    OK ch=1 v=0.2592
    OK ch=3 v=0.8037
    OK ch=5 v=0.3312
    OK ch=7 v=1.0122
    OK ch=1 v=0.1711
    OK ch=3 v=0.8267
    OK ch=5 v=0.3796
    OK ch=7 v=1.0498
    OK ch=1 v=0.2076
    OK ch=3 v=0.8754
    OK ch=5 v=0.4125
    OK ch=7 v=1.0734
    OK ch=1 v=0.2641
    OK ch=3 v=0.8978
    OK ch=5 v=0.4056
    OK ch=7 v=1.0631
    OK ch=1 v=0.2971
    OK ch=3 v=0.8737
    OK ch=5 v=0.3635
    OK ch=7 v=1.0338
    OK ch=1 v=0.2710
    OK ch=3 v=0.7864
    OK ch=5 v=0.2750
    OK ch=7 v=0.9779
[  235.9s] DAMPING     ch0:.... g=-0.0350 bp=-0.208V ratio=0.91  ch1:.... g=-0.0350 bp=+0.437V ratio=0.67  ch2:.... g=+0.0120 bp=-1.171V ratio=0.84  ch3:.... g=-0.0350 bp=+0.202V ratio=0.88
    OK ch=1 v=0.2985
    OK ch=3 v=0.7045
    OK ch=5 v=0.1871
    OK ch=7 v=0.9474
    OK ch=1 v=0.3866
    OK ch=3 v=0.6664
    OK ch=5 v=0.1120
    OK ch=7 v=0.9064
    OK ch=1 v=0.4751
    OK ch=3 v=0.6574
    OK ch=5 v=0.0982
    OK ch=7 v=0.8426
    OK ch=1 v=0.5000
    OK ch=3 v=0.6191
    OK ch=5 v=0.1119
    OK ch=7 v=0.8170
    OK ch=3 v=0.5930
    OK ch=5 v=0.1377
    OK ch=7 v=0.8049
    OK ch=3 v=0.6394
    OK ch=5 v=0.1546
    OK ch=7 v=0.8246
    OK ch=1 v=0.4805
    OK ch=3 v=0.6792
    OK ch=5 v=0.1951
    OK ch=7 v=0.8758
    OK ch=1 v=0.3977
    OK ch=3 v=0.7359
    OK ch=5 v=0.2428
    OK ch=7 v=0.9586
    OK ch=1 v=0.3096
    OK ch=3 v=0.7914
    OK ch=5 v=0.2836
    OK ch=7 v=1.0467
    OK ch=1 v=0.2215
    OK ch=3 v=0.8205
    OK ch=5 v=0.2934
    OK ch=7 v=1.1348
    OK ch=1 v=0.1332
    OK ch=3 v=0.8434
    OK ch=5 v=0.2865
    OK ch=7 v=1.1890
    OK ch=1 v=0.0452
    OK ch=3 v=0.8375
    OK ch=5 v=0.2502
    OK ch=7 v=1.1897
    OK ch=1 v=0.0594
    OK ch=3 v=0.7922
    OK ch=5 v=0.2106
    OK ch=7 v=1.1476
    OK ch=1 v=0.0640
    OK ch=3 v=0.7126
    OK ch=5 v=0.1778
    OK ch=7 v=1.0691
    OK ch=1 v=0.1521
    OK ch=3 v=0.6506
    OK ch=5 v=0.1569
    OK ch=7 v=0.9810
    OK ch=1 v=0.2401
    OK ch=3 v=0.6001
    OK ch=5 v=0.1388
    OK ch=7 v=0.9172
    OK ch=1 v=0.3285
    OK ch=3 v=0.5839
    OK ch=5 v=0.1111
    OK ch=7 v=0.8813
    OK ch=1 v=0.4166
    OK ch=3 v=0.5616
    OK ch=5 v=0.0794
    OK ch=7 v=0.8789
    OK ch=1 v=0.4412
    OK ch=3 v=0.5636
    OK ch=5 v=0.0560
    OK ch=7 v=0.8942
    OK ch=1 v=0.3582
    OK ch=3 v=0.5839
    OK ch=5 v=0.0615
    OK ch=7 v=0.9196
    OK ch=1 v=0.2701
    OK ch=3 v=0.6510
    OK ch=5 v=0.1495
    OK ch=7 v=0.9607
    OK ch=1 v=0.1821
    OK ch=3 v=0.7269
    OK ch=5 v=0.2375
    OK ch=7 v=1.0097
    OK ch=1 v=0.1683
    OK ch=3 v=0.7859
    OK ch=5 v=0.3006
    OK ch=7 v=1.0519
    OK ch=1 v=0.2151
    OK ch=3 v=0.8385
    OK ch=5 v=0.3311
    OK ch=7 v=1.0783
    OK ch=1 v=0.2426
    OK ch=3 v=0.8529
    OK ch=5 v=0.3364
    OK ch=1 v=0.2285
    OK ch=3 v=0.8172
    OK ch=5 v=0.3257
    OK ch=7 v=1.0711
    OK ch=1 v=0.3114
    OK ch=3 v=0.8247
    OK ch=5 v=0.3009
    OK ch=7 v=1.0494
    OK ch=1 v=0.3640
    OK ch=3 v=0.8045
    OK ch=5 v=0.2581
    OK ch=7 v=0.9921
    OK ch=1 v=0.3236
    OK ch=3 v=0.7535
    OK ch=5 v=0.2030
    OK ch=7 v=0.9499
    OK ch=1 v=0.2740
    OK ch=3 v=0.6887
    OK ch=5 v=0.1506
    OK ch=7 v=0.9301
    OK ch=3 v=0.6480
    OK ch=5 v=0.1121
    OK ch=7 v=0.9208
    OK ch=1 v=0.3400
    OK ch=3 v=0.6647
    OK ch=5 v=0.1080
    OK ch=7 v=0.8936
    OK ch=1 v=0.3991
    OK ch=3 v=0.6441
    OK ch=5 v=0.1242
    OK ch=7 v=0.8544
    OK ch=1 v=0.4677
    OK ch=3 v=0.6402
    OK ch=5 v=0.1587
    OK ch=7 v=0.8454
    OK ch=1 v=0.5000
    OK ch=3 v=0.6890
    OK ch=5 v=0.2099
    OK ch=7 v=0.8764
    OK ch=3 v=0.7558
    OK ch=5 v=0.2674
    OK ch=7 v=0.9152
    OK ch=1 v=0.4338
    OK ch=3 v=0.7641
    OK ch=5 v=0.3149
    OK ch=7 v=0.9566
    OK ch=1 v=0.3511
    OK ch=3 v=0.8284
    OK ch=5 v=0.3615
    OK ch=7 v=1.0155
    OK ch=1 v=0.2630
    OK ch=3 v=0.8757
    OK ch=5 v=0.3499
    OK ch=7 v=1.0802
    OK ch=1 v=0.1750
    OK ch=3 v=0.8895
    OK ch=5 v=0.3024
    OK ch=7 v=1.0977
    OK ch=1 v=0.0866
    OK ch=3 v=0.8227
    OK ch=5 v=0.2487
    OK ch=7 v=1.0818
    OK ch=1 v=0.0527
    OK ch=3 v=0.7369
    OK ch=5 v=0.1910
    OK ch=7 v=1.0580

Stopped by user.
    ,734
Returning DAC outputs to bias voltages...
    OK ch=1 v=0.2500
    OK ch=3 v=0.2500
    OK ch=5 v=0.2500
    OK ch=7 v=0.2500
Connection closed.
Log saved to data/20260806_155848_fast_lock.csv
